text,label
Thappu chesina vaallaku vanike kaadu inka anni modalithavi  . Enta kaalam students life tho aadukuntu crores earn chedtharu illegal ga.,hate
Dhusta chaathuryam!  Meeru ilantivi enni chesina em pikalerra!,hate
Vetakaram super. Govt ki siggu seram radu. Endukante siggu seram manushulaku mathrme vuntundani na abiprayam.,hate
Only rajakiyam ga vadukovatanike ee dharidrapu arestlu,hate
Katam hogaya narayana pedda bokada college,hate
TELUGU DESAM PARTY ONLY GOOD ADMINISTRATION IN THE WORLD,non-hate
Nenu aite Jabardast show chudadam manesanu TV 5 ABN channels lo debates vchinaka,non-hate
Jagan meeda jaganke visvasam ledu anduke ea loffer panulu,hate
Students tho adukovtam thappu,non-hate
Srinivasa gaaru endukee panikamaalina debate... Aa sambaki paniledu... Meeku jeetam kavaali ..makenti gola... Anni exams happy ga jariginai... problem meeu creat cheyyavaddu,hate
Meru mi media published cheyadam vallane elanti idea lu vastai vallaki,non-hate
"One of the Great Leader, A Big Salute Sir.,,",non-hate
"Mogavalla face luu mathram manchiga chupistharu kanni asallu panni chaseena leady face mathram blur chastharuu..
Edhi ee society andhukaa makky ""HE TEAM"" kavalli",hate
Paniki malina chana,hate
"Rosayya garu is a real, Good and true politician. History lo oka great leader Rosayya garu. No words to praise you sir. Rip Rosayya garu",non-hate
Telangana gujju gulam kadu,hate
Disevulera mundamopi,hate
"Anta manchi job chestu govt ki tala vanchi bratakadaniki siggundali,",hate
Down To Earth Man Rosaiah Garu,non-hate
Jagan is unstoppable,non-hate
"RK eagerly waiting to demoralise Jagan, that is his intention",hate
Vedi nathinakodaka,hate
Vizag News reporter overaction chestunadu,hate
Revanth Reddy garu has very clarity in his thoughts... excellent way of expressing himself,non-hate
Mahesh smile ...pure soul,non-hate
Kanipinche devudu CBN,non-hate
Die hard fan frm Kerala  Nenu choosina pedha actor uh Tollywood lo Pawan Garuu,non-hate
Anna....Nee lanti vaale kavali .... TDPki,non-hate
Babulake Baabu Super star Mahesh Baabu,non-hate
Jai Pawan Kalyan Garu. Pawan Ji in Andhra and Modi Ji in centre. Perfect Combo🇮🇳🇮🇳  I am a big fan of sir from Delhi. I wish we had someone like him in Delhi.,non-hate
Sir ycp ki balle gunapam dimputunavu,hate
"Harish Rao garu adiginatlu, Kaleswaram project pai, CBI inquiry veyali",non-hate
Gounu leduga anduke intlo tongunnadu bayataki vaste ummivestarani,hate
Pavan Kalyan gari nayakatvam vardillali jai power star,non-hate
Sagam kaalchina chutta peekalaku brand amsador,hate
Bjp central lo vachi yemi chesinru chepu,hate
PK navu janmmalo ward member kuda Kaledu,hate
Lancham antunaru anam garu...... inthaku mundu your government ilagey chesinda...,hate
Jagan eppatiki CM avvaledu raasi pettukoo....ha ....,hate
Kirrak movie cinema gurinchi bad ga anakandi jai mahesh anna,non-hate
Ka pal garu miru super,non-hate
Hehe mla kuda gelavaledu kanisam gurtu kuda ledu ento pikuta antunnadu,hate
No 1 loafer. Jai TDP-Lokesh,hate
Asalu ka paul time ivvakudadhu amitashaku andhukante ayana 120 deshala pm lanu ayana kalisaru,non-hate
Vammo mamulodivi kadu swamy Nuvvu,non-hate
Manalli yavadu ra apeddi,non-hate
Poraaa..Red Flower...,hate
He has more talking power Aina daivajanulato anta easy kadu mari,non-hate
Mahesh babu nilabadithe chalu memu chusathsam bayya super dailoge,non-hate
Idira pual power anty ippudina telusukondra,non-hate
Ramu garu correct  ga chepparu sir,non-hate
Nuvvu bjp b party ra houle,hate
Ayanni okasari kodithey meeru laksha sarlu chupisthunnaru emkavali meeku,hate
Employees ki antha salary lu vasthuna chalatledhu ante mari nonemployees ami chey,hate
tc rate penchadam kadu...udyamalu cheyakunda... employees kastapadithe development avutundi...,hate
Ni jobi lo nundi oka rupai evariki ichinatlu a media lo chudaledhu sir. Pawan thana cinema dabbulu pedhavallaki pancharu,non-hate
Aallu eellu andaru okkate,non-hate
Etv news Ani thesesi chandrana news Ani pettandi baguntundhi,non-hate
Miru kada ra janalni mosam chesedhi,hate
NENUKUDA.PEDHAVADENE.UPADHE.LEDHU.VUDHYOGAM.LEDHU.PANULU.EKUVA.DHORUKADAMLEDHU,non-hate
Ee sari Nennu ne boss ni chayputho kodataru plz hold til 2024,hate
Eppudina ardaminda power cuts ap lone kaadu india mottam edhe problem,non-hate
Asalem matladuthunnavo neekanna ardham ayithundha,hate
Ede ap lo aite pachha media pachha party diniki kuda jagan ne karanam ane vallu,hate
America Agent Jelensky....deshanni nashanam chesthunnadu.,hate
Power Lo undi evaru ra vedava,hate
Torch lite Kuda Leni rojula fake news vadu kavalane chesind,hate
Prajalu andaru sachinanka peekedemiledu,hate
amarica andatho madam perigi kotukuntundi urikine,hate
CHETTHAPLAN.  RAAKSHASHATHVAM,hate
Anna nuvu chepthuntevoka emotion vasthundanna,non-hate
"India an Russia are best friendly countries evaru dislike chesaro vallu pak , america nd china ollu",non-hate
Easy vochina success ni scam antarau.. Emi chepparu bhayya.. Love it,non-hate
Niyamtruthva leaders time konni rojule.,non-hate
"samsaram kadu, adi vebhicharam",hate
Nice baaga dhimpav Anchor bro.,hate
Mari aa sangathi thelisi antha madham yendhukura niku.... Vaaru garu antunnaav....gnanodhayamyndhi koddhiga....,hate
""" MAA"" president ga gelipiste yedo peekutanu annadu yemi peekaadu ...yedyna cheyalante manchi manasu vundali megastar chesinavi chudandi ..apdbaandhavudu ..andarivadu..annayya ..jai chiranjeevi..andariki mere """" GOD FATHER """"",hate
One and only Mega star .....Potthi leyru....Raleyru,non-hate
Andaru ide Panlo unnattunnaru veellu vammmo meeru rechagodithe rechiporu meeplans panikirav pondi,hate
"Chiranjeevi gaaru meeru eppudu greate mi manasu, mi saayam, mi kalmasham leni vyakthitwam, mi prema mundu evvaru sariporu annayya ee vishnu lantollu vandala mandochina mi kaali gotiki kuda sariporu annayya valla kullu vallane thagalapettestundi",non-hate
Paul mosapoyadu....RGV ellipoyadu...anchor biskit ayadu gist of this non sense,hate
"Official ga 600 acres ante, unofficial GA enno, okko family member peru meedha enni ekaraalu unnayo.. Raitu bandhu okkati chalu,",hate
Real joker re unnadu kada malli sir,hate
Mallareddy Dookudu cenima lo bramhi character correct set aithadu,non-hate
Madyalo Aa sound effects matram next level..,non-hate
E endaku aa Godugu padutunnadu.....itlaanti vaadini ekkada unchalo akkada unchali...YCP vallu ade chesaru....,hate
Prudhvi sir very good man now.....sir thana thappu thelisikunnaru...,non-hate
Sir ee discussion lu vaddu sir power Star image poddi and mana dabba manam kottukunnattu untundi,hate
"Dear, ETV Variki , Dear, Gnapika Entertainment's Variki , Dear, Ali Gariki , Sir, Adivi Sesh Gariki , Madam, Saiee Manjrekar Gariki",non-hate
Telugu lo sesh chala intelligent screenplay writer .. Chala talent vundhi manodiki,non-hate
"Ma kharma .. rastani palinche mantrulu malla Reddy,gangula,talasani meeku oka dandam ra babu",hate
Gudivada king true leader,non-hate
Elders ki respect lekunda matladina vaadu Oka hero...,hate
"Power loki vachaka prajala paina kallu petti thokkutharuu,",hate
Assembly lo aa party kani sir ma samsyaluni gurinchi matladandi missillineous vanni matlda vaddu si,hate
Miru chala great man. Simham munduku kukkalu ravu sir. Love you soo much.. Bratiki konnirojulaina ilane vundali.. Love you,non-hate
"Super sathi garu,mee action superb..chala enjoy chesthunnamu.",non-hate
Arey budder khan nuvvu asalu,hate
Venki anna yekkada unna haa Joshi veru,non-hate
"Permit room lu enduku pettirru 
Thaginanka oka beer tho aguthara",hate
Kaveri jah kadu ra adi evarro kudo teliduuu jafa,hate
Wines lo thaage system pettakandi sir banjeyandi samaanyula midhane miru ebbandhi pedtharu wines yekkada padithe akkada unnai galliko wines aindhi,hate
Manchu Laxmi lo andam ekada kanipistunde raa babu .dabbu unte stone kuda diamond laga kanipistunde,hate
"Meru devudu anna,life long meru healthy ga undalani devudu ki pratistunna",non-hate
Samba shivudu great humanity person,non-hate
Wow ..real journalist mallanna gariki hattsoff...melaga andaru journalists vuntey asalu corruption cheyadaniki kuda bhayapadtaru anna...,non-hate
konchem odd ga behave cheyadam kadandi.. .pitchandi edi..,hate
Eme thagi matladthundemo,hate
"Andhra lo Roads veyandi babu koncham. Accidents avthunnai, Vehicles anni damage avthunnai.. Krishna and West Godavari Roads aithey mari worst",hate
Youtube vedios konni follow ayyedhanni tharwatha BB house lo koncham negitive feel ayya ippudu chustunte badha anipistundhi very good dancer All the Best for your future Shanmukh 💐,non-hate
Prajala samasyala gurinchi okaru kuda matladaru kadha ..nice ...,hate
Ayithe life politician kavali ra Babu.,non-hate
Jagan paapam pande rojulu dhaggara paduthunnayi ; vasthunnayi vasthunnayi manchi rojulu vasthunnayi.,hate
"Idemi daridramu ra Anna ? Assalu bharincha leka potunnamu. Veellaku emaina buddhi gnanamu vunda? Vella IQ enta. Mott Amur family kalipi chusina, 100 daatadi emo.",hate
Adhikaram vunte thuglak gadu emaina chesasthadu,hate
agu gadi debbaku reddys ni jobslo evaru petukoru kulanike ibandi padutumndi,hate
Chi maarandi e trolls chusaina public feeling telusukoni masalukondi,hate
Nijam ayyina reddlu tdp ki support ga undali,non-hate
Me Vally telagana Eroju Ela vundhi sir MA Andra ki kuda jagan lanty yadhava kakundha melanty ledars kavali sir great kcr and ktr,hate
Mata tadabada kunda clear ga ktr sir matalu super,non-hate
Telangana ki manchi rojulu vasthunai...,non-hate
Big boss lo he felt lonely...a emotion lo siri ne hug cheskunadu..not with bad intention...hope Deepthi understands him..his smile nd eyes both r filled with pain...,non-hate
meru superr andhra gurchince koncham careing im haapy for that keep supporting,non-hate
Partial dharidrsm voddhu sir,hate
Okka party lo unte neevu correct.change aite ilane untundi,hate
Ravi teja.. the man behind those wonderful memes ..#Raviteja anna ki oka Oooooo...,non-hate
Ycp chappina matalu vinte mosapotaru jagrtta,hate
Vidipoyaru ana pain feel una navvuthunadu shannu,non-hate
"Ippudu ee vedio choostey, pichha comedy ga untundhi,,,comedy cheddam anukoni comedy aipoyava narsiredyyy,,,,yadaki poyavayyaa",hate
"Janame kurcho pettaru, mimmalni tharimi kottaru",hate
Ramcharan garu mari intha introvert ha devuda decent ga unnadu Fidha Ntr rajamouli suma garu next level super,non-hate
CBN maryada poorvakanga mic isthe praja samasyalu thelusukokunda mp garu dhurviniyogam chesaru,hate
Jokulu vesukoni navukunnaru... Eppudu andaru navutunnaru ..... Chusi.,non-hate
Vedu evavu overaction chesthunnadu child labour aa,hate
Pilla pu AAthulu,hate
velli allurjun madda guudu,hate
Super sir mee lanti vallu undali si,non-hate
Ah group lo nannu add chaindi mawa,non-hate
Super sir ila andharu alochinchi respectful ga move ithey society bagupadthadhi,non-hate
Great sir me behavior ku na police vallu andharu me laga unte friendly policing,non-hate
Nibba ki phone istey ela untundi,hate
"Super ga vundhi drama commen people ni sir ani kuda antara o my god, this is team work guys.",non-hate
Nagavalli died because of this video,hate
Prank lu chesukuntunaru e police gallu.... Public ni mosam cheyadaniki,hate
Aatla vastai Anna niku enni telivi tetalu oka cinema thi anna,non-hate
Vera level sinking sir comedy super,non-hate
Police drama is this...janaalanu andhulo specially night time sir ani respect iche antha seen ledu...,hate
Okkokkadiki 9 months pregnancy vundhi police'laki,hate
Acting chaalabaagundi mi timing kanivandi performance kanivandi dialogue delivery gaani  nice kipet up all the best you have a great future as an artist,non-hate
Anna nuvvu chavaku యిది చాలా అన్యయం.suspense అదిరిపోయింది.next episode వేగంగా pettanna.,hate
Ee movie kosam. Wait చేసేవాళ్ళు . ..like vesukondiii....,non-hate
ఈ పాట కన్న .. మీ మాటే బాగుంది.....,non-hate
"Character of the episode award goes to- ""1A master"" అంతే కధమ్మా రేయ్",non-hate
Hope that there is no ending in madhu character.. waiting for next episode in telugu with madhu again.. ... మధు పోకూడదమ్మారేయ్,non-hate
దేవి అడిగే ప్రశ్నలకు గట్టిగా దింపావూ గా (సమాధానాలు) విజయ్...,hate
విజయ్ ఇంత లాజికల్ ఆన్సర్స్ ఇస్తాడని అస్సలు expect చేయలే........గ్రేట్,non-hate
ఏర్రిపప్పా అవ్వడం కోసమే పుట్టిందే tv 9,hate
Tv9 ki dula thirchestadu rgv,hate
"మనం విప్పుకు తిరుగుతూ, చుట్టూ ఉన్న వాళ్ళన్ని కప్పుకో మన్నట్టుంది.",hate
వచ్చిందయ్యా మహా పతివ్రత.... అనసూయ అంటేనే నిలువెల్లా బూతు..... ఈమె చెబుతుంది నీతులు... తూ..... సిగ్గుమాలిన జన్మ,hate
"Anasuya, నువ్వు జబర్దస్త్ షో లో చేసేవి ఏమిటి, వేదాలు వల్లిస్తున్నవా! అసలు బూతులు నీ షో నుండే మొదలు పెట్టారు.",hate
boothu ki care of address ayina anasuya garu boothu gurinchi maatlaaduthundhi... wah wah!,hate
Video super ayya editing super anthey,non-hate
Edhi matharam jabardasth lo expose cheychu adult comedy Cheyachu Ari fikudhi,hate
Assalu monna vachina Khiladi cinima lo anusuya matram hot hot ga ichi padesindi..anthe,non-hate
"Bhuthulu gurinchi, double meanings gurinchi nuv matladodhu anusuya plz",hate
RGV గారు ......ఈసారి మూర్తి గారి character పెట్టండి మీ సినిమా లో.....,non-hate
Fan రెక్కలు విరిగే రోజు దగ్గరలోనే ఉంది,hate
Meeku ichindhi mamulu post kadhu....svbc chairman ante manchi post...meeru daani missuse chesukunnaru...jagan gurinchi pk gari gurinchi kadhu.....meeru avakaasamu miss use chesukunnaru....,hate
జఫ్ఫా తిమింగలం 420 గాడికి RiP ఎప్పుడు చెపుతారు,hate
Pilichi pettinchukuntaru ga....TV9 ki eemadhya sarada ayindi...,hate
E tv 9 ki burra poyandhi,hate
"నాగబాబు సెలక్షన్ సూపర్, గల్లీ బాయ్స్ అదుర్స్",non-hate
Ñeela oka 1hr kuda undalem sir jai rgv,non-hate
నీ judgement కరెక్ట్ గా ఉంటాది బ్రో,non-hate
Srikanth reddy కచ్చితంగా తప్పు. ఆ తప్పు చగురించి కళ్యాణి గారు చెప్పడం ఇంకా తప్పు,hate
nag sir said about natraj master is absolutely correct ఆడియన్స్ మాస్టర్ గురించి ఏమనుకుంటున్నారో అదే చెప్పారు... super nag sir,non-hate
"Akhil, Shiva good players.. చాలా బాగా ఆడుతున్నారు..i like Akhil and shiva",non-hate
Vedhavalu Vedhavalu anni chotla vunnaru..inka janalani yedipinchadam tappa,hate
టీవీ ఫైవ్ ఎప్పుడు తప్పుడు ప్రచారమే,hate
Byredyy cheyppadu kada ra nenu party maredu ledu ani Mee moddalo gola yanti raa,hate
Vadu em matladuthunnado eanna artham aithe. Kanisam telugu translator ni pettukovachuga. Telugu bashaki respect ivvaru BJP vallu,hate
Anna nee comedy Expressions baguntai,non-hate
Bro ni slang ee neeku plus point ...... Manchi humour undi neelo.... Elane regular ga videos chestu undu .... 100k pakka...,non-hate
ఇప్పటికైనా ap ప్రజలు బుద్ధి తెచ్చుకోవాలి,hate
సిగ్గు లేకుండా తిరుగుతున్నారు ఎమ్ ఆబివుద్ది చేశారని తిరురుగుతున్నారు,hate
మళ్ళీ వైసీపీ గెలిస్తే ఆంధ్రప్రదేశ్ ప్రజలు అడుక్కు తినాలి నూటికి 200% ఇది నిజం,hate
"MLA ticket కోసం, పదవుల కోసమే ఈ గడప గడపకు ప్రభుత్వ యాత్ర, పాపం CM గారి హామీలకి వీళ్ళు బలి..",non-hate
"మెట్టు theskoni kottandi, okka jobs ledu, devlopmet ledu, asalu డబ్బులు veyydam votes kosam pedda scam idi",hate
మహేష్ బాబు ఈ రేంజ్ లో నవ్వడం ఇప్పటి వరకు ఇదే మొదటి సారి. Big thanks to Sathi anna.,non-hate
కొంచెంకూడ హీరో అనే పొగరు లేదు గ్రేట్ సార్ మీరు,non-hate
"AVATAR ఒక అద్భుత ప్రపంచం. దీని డైరెక్టర్ James Cameron అంతకన్నా అద్భుతం. ఆయన ideas కి, creativity కి",non-hate
ఉమ అన్న అంటే కడుపు మంట కేవలం వెస్ట్ candate వి నువ్వు,hate
Dīnam'ma jīvitaṁ..... Okka postive kāmeṇṭ kanīsaṁ cūdāṁ ani vetikina dorakaṭlēdu kadā anvēṣa.....,hate
"మీరు కూల్ గా వీడియోస్ చెసుకొండి
ఇ టెంక్సన్స్ వదిలేయండి",hate
Ravi అన్న అన్నది నిజమే అని ఈపాటికే నటరాజ్ మాస్టర్ కి అర్థమైపోయింది...నటరాజ్ మాస్టర్ ఇప్పటికైనా మనిషి గ మారండి...,hate
ఇంద్రజ గారి ఫాన్స్ ప్రోమోలో ఇంద్రజ గారు సూపర్బ్ టైమింగ్,non-hate
Ravi prakash vunnappudu. Chaala mandhi House lloki. Veylli. Vaalla bed rooms varaku Veyllaru. Chaala mandhi. Jevitaalato. TV9 lanja channel Ani. Chaala mandhi. Cheypparu,hate
Matter divert chestundii ame ra hamara Prasad ga bura leda kanisam legal ga ela adoption chesukovali ani gutleee,hate
​BJP lo seat kosam baga chesav le stunt,hate
RGV చెప్పేది చాలా కరెక్ట్ గా ఉంది,non-hate
ప్రతి ఒక ఇంటర్వ్యూ లో చాలా కూల్ గా మాట్లాడతారు. నిజాలు నిర్భయంగా చెబుతాడు. ఎవడన్నా ఏమన్నా అనుకొని నేను చెప్పేది చెప్తా అనుకునే వ్యక్తి RGV...,non-hate
"Theatre kellina badhitula ga ma badhalu panchukunnam anthe. Boothulu tittadam, family ni involve cheyadam ee panchayati lu oddu amma. Happy ga undandi",hate
Annnaaaaa...... Ekkadikellav anna innirojulu.. Pandemic time lo ni postmortem videos tho na stress antha pogattav especially with Saleem review...,non-hate
arey tv9 nuv పెట్టిన పోల్ కి ఏమైనా సంబంధం ఉందా రా,hate
సంయుక్త గారి యక్కటింగ్ సూపర్  సినిమా సూపర్,non-hate
Ippudu nuvvu cheppindi yem pikutanani news chesataru,hate
Ni thumbnail jathini thenga,hate
Puri sir me flop movies kuda vere directors teese hit movies kante manchi philosophical ga entertaining ga untai. Meetho bagu paddollu mimmalni marchipoyi undicchu sir. But memu kadu. Love you sir. E movie tho Vijay manchi super ⭐️ avvalani korukuntunna 💝💝💝,non-hate
Puri raasina dialogues mahesh chepthea excellent ga set avthai,non-hate
Endhukura ayya pichi pichi thumbnails pedtharu???,hate
u don't worry bro aa kalyani ki dhula Patti idhantha chesthundhi,hate
"​baga chepparu..maha news is waste news..only bjp ki, tdp ki support vallu",hate
​pora howley,hate
కరెక్ట్ గా మాట్లాడుతున్నావ్ రా శ్రీకాంత్,non-hate
"jai kumar next nee amma nee ,sisters nee andharni petti prank thesthadu vadu wait",hate
inkaa saavaledhu le vaadu baane sacchaadu yedhavakanipisthoone vundhigaa,hate
​vaadikasalu em maatlaaduthunnaado clarity ne ledhu malli maatlaaduthunnaadu yedhava,hate
​gayathri medam super cheppinav good,non-hate
Open Heart with RK కి తెలంగాణ గవర్నర్ తమిళ సై గారు రావడం చాలా ఆనందంగా ఉంది వేటింగ్ ఫర్ ఎపిసోడ్,non-hate
రాధాకృష్ణ గారు చాలా సంవత్సరాల తర్వాత మీరు సంతోషంగా కనిపించారు శుభాభినందనలు మీకు గౌరవ గవర్నర్ మేడంగారు నవ్వుతూనే నిప్పులు చెరిగారు,non-hate
చాలా ఈజీగా మాట్లాడటం బాగుంది her excelency గవర్నర్ madam,non-hate
Meeku governer post ivvadame waste,hate
"Meru enni kathalu padda kcr 100% next cm of telangana, cheap interviews with cheap abn rada krishna",hate
Asal mamulga ledu ...thop... awesome,non-hate
ah lobo ni marchandi ra babu,hate
నా జీవితం లో చూసిన అద్భుతమైన వీడియో ఇదే,non-hate
Ending naku tears vachai  bro. Harsh sai real hero. God bless u brother.,non-hate
Intentionally geliki emina serious ite news chedamani...,hate
social media Parma chetha media valu asalu vishayalu telsikounda matladam Manchi Kadu,hate
news valu pen undani rayatam manchidi Kadu,hate
Evadentha echaru neeku dabbulu bewerse yadavalraa,hate
ఈడు కామెడీ కి తక్కువ ... అడ్డగోలు వాగుడుకి ఎక్కువ... బేవకూఫ్ ఎడవ,hate
public meeting lo ala matladalo teliyani valaki anchor chance ivvakamdi,hate
"Over confidant ithe alage untadi,,,, super ga cheppi silent chesinav Suma akka,,,",hate
Suma akka meeru cooking show kuda anchoring chesthe chala baaguntundi,non-hate
"అలీ siggundali నీకు, sanskaram లేదు నీకు, నవ్వుతూ ఉన్న so called celebrities ki నవ్వు ఎలా వస్తుందో",hate
Dayachesi. Ali ki anchoring ivvakandi,hate
Suma Akka u r super ni pakkana adu enduku chandalam ga,hate
Ore ali inta asahyamga matladutaav adavallatho double meaning dialogues matladutav nuvvu MLA ayyi emi peekutav,hate
Ali double meaning gadu..cheppu debba padali,hate
Ali mi wife Kerala vellara Ani adigithe niku ela untundhi????  Thappura nayana ala matladatam,hate
"Vaadiki baagaa balsindhi.mind dobbinattundhi,kodikki.",hate
Nuv politics loki vellali anukutunnavemo.. Ila matladithe ninnu address lekunda kodatharu prajalu,hate
Nidra pothunna gaadida nu lepi thanninchukovadam ante ide. Dayachesi vadiki public lo mike ivvakandi.,hate
Waste gaadu ali,hate
Suma gurinchi evvaru cheppanakkarledu . Tanante maaku Chala istam.,non-hate
Deneke paneameladau. Vadeke paneameladu.neku.paneameladu. Raa,hate
Climax chala bagundhi lot's of fun enjoyed a lot,non-hate
చాలా బాగుంది బ్రో. చిన్నపుడు ఇవి అన్ని మేము చేసాము బ్రో చాలా హ్యాపీ గా ఉంది ఈ సిరీస్ చూస్తుంటే. Best of luck bro.,non-hate
Ee Series Mana FilmyMoji Channel Lo Best Series avalani Korukuntuna,non-hate
Fun moji కంటే  filmy moji  లో comedy చాలా బాగుంటుంది,non-hate
గ్రేట్ women,non-hate
Yenta spastanga ame voice undo chudandi...,non-hate
Waste fellow in tollywood,hate
రచ్చ లేపే స్పీచ్ చెప్పాలంటే బండ్ల గణేష్ అన్న తర్వాతే ఎవరైనా,non-hate
నిజమే పవన్ కళ్యాణ్ అంటే ఒక వెసనం.. చచ్చినా వదల్లేము,non-hate
Nenu chusina all speech lo ekkuva sarlu chusanu,non-hate
ఎన్ని సార్లు చూసిన చూడాలని అనిపించే speech,non-hate
42సార్లు చూశానూ అయిన బోరు కొట్ట లేదు,non-hate
Na friend valla papa ki operation ite Aravind gari foundation help chesindi. He is really doing a commendable job,non-hate
Tokka kooda oppukonu,hate
"Telangana lo bjp vastene...ee trs aarachakaalu tagguthai, police la ni venta pettukoni motham Telangana ni nashanam chestunnaru",hate
KTR matladedi kanisam ardam chesukune brain leni vallu kuda ktr anadame. Next election ki same place nunchi Poti chesi deposit techukunte chalu.,hate
"Roja garu ituvanti baddu, biraagilanu interview , mee dignity thagguthadi, ituvanti vaaru samaajaniki cheeda purugulu",hate
Rajyanganni marustham ante matram thaggedele,non-hate
Arey howle Nizamabad MP Pasupu bord Edhi be Nv esukunna Angi lagu kudha Cangress icchindhe and TELANGANA icchindhi kuda Cangress A meeru cheppe Digital India lo ni AAdhar card kuda Cangress tecchindhe,hate
"Chi chi neeku anchoring evadu nerponchondo....farmers ni arrest chesinaru ante...safety ki antava,intha dikkumaalina answer emina vuntada asalu,ante anyayam jarigindi Ani chepte arrest lu chestaru,ala arrest cheyyadam correct antava nv",hate
Waste fellow he did nothing for telengana,hate
Gundu Babu esari neku gundu sunna vasthundi no winnings,hate
"మీ ఎనాలిసిస్ ...వెరీ ఇంట్రెస్టింగ్, రియల్. we listen meticulously. we appreciate you",non-hate
"Babu gogineni garu, suereb ga Chepparu",non-hate
RK gaaru pedda kulagajji gaaru,hate
నీ అభిమాని అని చెప్పుకోవడానికి మాకు గర్వంగా ఉంది అన్నయ్య I love you annayya,non-hate
అన్నా ఈ స్పీచ్ రోజుకు మూడు నాలుగుసార్లు చూస్తేగాని నాకు నిద్రరాదు.....సూపర్ బండ్ల,non-hate
"Miru miru okkatey, madyalo fans ey suffer avuthaaru",hate
Dabba rayulu,hate
మీరు మీ ఫ్యామిలీ తగలెయ్య ఎక్కడినుండి  పుట్టాడు రా మీ అందరూ మీరు మాట్లాడే భాష అసలు ఆ చిరంజీవి ఫ్యామిలీ దగ్గర మీ ఫ్యామిలీ ఎందుకు పని చేస్తుంది రా వెర్రి వెంగళప్ప నువ్వు నీ మాట్లాడను,hate
Orey miru chese అభివృద్ధి ఏమైనా ఉన్నాయా ......భూతులు తిట్టడం తప్ప,hate
"Sannasi anagaane Nene ani , mee honesty ki hat's off sir",hate
Idendayya idi Mariiii ila thayarayyaru Dandaalu ra ayya,hate
Nani inkosari pk speech chudu ... Sollu kakunda raise chesina points gurinchi matladu... Sannasivenuv no doubt,hate
Peoples be like: nuvvu nijanga erripukivi,hate
Sanyasi ante yevaro  anukunna e korja gada,hate
Maa Karama elanti ministers undadam,hate
"Pk cheppindi enti , Veedu cheppedi enti , kulala madya chichu pedadam annatu undi veedu matladedi",hate
పవన్ కళ్యాణ్ మూవీస్ లో హీరో... రాజకీయం లో ' 0',hate
"asalu villu prajalaki em Manchi chesthunnaroo cheppandi, boothulu maatlaadi public ki Tv ki entertainment cheyakandi",hate
"karthikeya masth cheppinddu, sudheer miru jabardasth ki belong avvaru,dhee ki belong avvaru, ma audience ki belong avutaru",non-hate
"నూతన సంవత్సర శుభాకాంక్షలు  సూపర్ ఈవెంట్ సుధీర్ అండ్ రష్మీ డాన్స్ సూపర్ 
Iam wathing సంక్రాంతి ఈవెంట్",non-hate
Climax telisikuda chusam ante that's all bcoz of Sudheer and Rashmi,non-hate
Okko punch okko diamond la undi vro..nice edit..!!!,non-hate
Vijay Devarakonda fans ekkada thagedhele,non-hate
సుధీర్ అన్నా మీరు ఎదుటివారితో మాట్లాడే విధానం చాలా బాగుంటది అందుకే మీరంటే అందరికీ ఇష్టం ఎంత పైకి ఏదిగినా ఇలాగే వుండాలి,non-hate
Sudheer gaaru team yekada unna full comedy...perfect time ki set ayyeka comedy chestharu,non-hate
ndian marriages antey narakam.....i ve seen that hell....police case lu.... blackmailing ..chala untayi....vinthalu...viseshalu...vadhu brothers marriage vadhu...happy ga single ga undandi...focus on your goals.....love your parents...friends..god bless you all…,hate
lavada bro hater gallu chiller,hate
gudda lo rod dimuptha,hate
puk chinthapandu chestha na kodaka,hate
denginchukondi ra monna na notlo modda pettaru gah,hate
niamma puku denga siggu vundali ra,hate
na athulu anta leru na endhuku ra,hate
enko sari horn kodite gudda lo pedutha na kodaka,hate
music apara lanja kodaka,hate
Power star.....anedi oka brand....evadu padithe vadu power star kadu...kaledu...king okkade power star okkale...only powerful power star pavan Kalyan okkade,non-hate
Power star ante movies and acting kadu real star only,non-hate
Dil raju mari ekkuva chestunnadu... no one can name like pspk...,hate
కలం పట్టిన ప్రతీ వాడు శ్రీ శ్రీ కాలేడు హీరో అయిన ప్రతీ వాడు Power Star కాలేడు,non-hate
"Don't compare it with powerstar, veedi laga chetha character lu, chillar gadi character lu cheyadu ma Power star, vaadu thaginchukunte manchidhi",hate
Power star antha scene ledu,hate
King of over acting  Anna ki best over actor award always goes to vijay konda babu,hate
Comparing every single bok gadu with Pawan Kalyan,hate
Powar star okkade adhi pawan kalyan inka yavaru leru,non-hate
Yenta mandhi stars vunna PAWAN KALYAN YE  POWER STAR,non-hate
అనిల్ రావపూడి గారు చాలా బాగా చేశారు,non-hate
ఆడియో ఫంక్షన్ సూపర్ కామెడీ సూపర్ సూపర్ సూపర్,non-hate
Venky sir ki assalu ego anedi leneledhu sir ur super man,non-hate
సూపర్ అండీ ఆదిగారు.. చాలా బాగా చెప్పారు.. మీలా ప్రతి సెలబ్రిటీ ఆలోచించాలి..,non-hate
ADHI....మతాల మద్య చిచ్చు పెట్టే ఎదవల ను..వాల్లు నమ్మిన దేవుడు కూడా క్షమించడు...జైహింద్...జై శ్రీరాం,hate
బ్రదర్ మాకు ఇప్పటివరకు శివాజీ మహారాజు  తెలుసు ఆయన ఒక కుమారుని గురించి మాకు ఎలాంటి విషయాలు తెలియవు మీరు తప్పక వీడియో ‍‌‌చేయండి👍,hate
మాస్టర్ గారు ఇది ఇంటర్వ్యూ లా లేదు ఇంటరాగేషన్ లా ఉంది సూపర్,non-hate
కొట్టకుండా ఇంతసేపు మాట్లాడిన యాంకర్ కి నమస్కారాలు... చూసిన మనకి పిచ్చి  పరాకాష్ట,hate
శివ అన్న నువు నవ్వుతూ నరకం చూపించే వాడివి అన్న... నీ ఇంటర్వ్యూ కి వచ్చే వాళ్లకి,hate
నా లైఫ్ మొత్తం లో  ఫార్వర్డ్ చేయకుండా చుసిన వీడియో super interview shiva bhayya,non-hate
baga chepparu nani anna meru correct,non-hate
nani anna meru great,non-hate
andukokune vaalu laga vunnaru meru natho comparision na,hate
kallu pathukoni sanka kannidhi meru,hate
jr ntr chala vinayam ga vuntaru,non-hate
కుత్త పగులుద్ది ఎవడైనా(any party/any other fans) ఎన్టీఆర్ అన్న ని తక్కువ చేసి మాట్లాడితే,non-hate
దేవుడు ఈ మనిషిని ఈ లోకంలో కి పంపేటప్పుడు నిజం మాట్లాడాలి అనే ఆప్షన్ Disable చేసి పంపి వుంటాడు,non-hate
యాంకర్ గారు అసలు మీకు దండం పెట్టాలండి బాబు మీ ఓపిక ఏంటండీ,non-hate
He is genuine person అందుకే లోకల్ చిల్లర నాయకులు అంతా కలిసి వాడిని టార్గెట్ చేశారు,non-hate
కేతిరెడ్డి గారు మీరు తిరగడం తప్ప ప్రభుత్వం నుండి నిధులు ఏమైనా తెస్తున్నారా.,hate
Rai అతను ఉద్యోగం correct గా చేస్తున్నాడు ఎందుకు ర నాయకులు అందురు కలిసి నిందలు వేస్తారు... నిజాయితీ పని చేస్తే ఎవరికీ నచ్చదు..ఛీ,hate
RIP Ap Politicians ....అంత మంది ఒక్కడిని టార్గెట్ చేశారు అంటే వాడు ఖచ్చితంగా వాడి డ్యూటీ చేస్తూ ఉండి ఉంటాడు....,hate
Mādi telaṅgāṇa rāṣṭraṁ sār.... Kānī rājakīya nāyakulalō mīraṇṭē entō gauravaṁ........,non-hate
Andarilo niladhiyadam. Sari ayina paddathi kadhu. Every one has self respect. He is also citizen ok.,non-hate
Sir M L A Garu Prajala Vadaku Meru Vachi ChalaBaga Matladinaru Sir Bat All M L As Nidarsanam. Very good Sir M L A Garu...,non-hate
Seemasimham ante ila undali great MLA gaaru Dharmavaram prajalu adhrushtavanthulu.,non-hate
Nayakudu ela undali God bless you sir,non-hate
"Sarpanchulu, corporator lu kadhu vallu lakshalu kottlu nokkeseki. Volunteers, respect ivvatam nerchukondi MLA",hate
"పాపం అతన్ని చూస్తే చాల జాలి వేస్తుంది అందరు  కలిసి ఇలా ఇరికించేసి వీడియో తీసి సోషల్ మీడియాలో పెట్టడం ఎంతవరకు కరెక్ట్..
ఎమ్మెల్యే కేతిరెడ్డి గారు మీరు హయ్యర్ ఆపీసర్ లని ఇలా ప్రశ్నించి వీడియో పెట్టండి.
ఇలాంటి చిన్న ఉద్యోగుల ని ఇబ్బందులు పెట్టి, మానసికంగ వాళ్లని హింసించకండి.",hate
"Volunteer chesedhi seva.. Praja seva oka rakamga... Adhi emi govt job kadhu, choppinavanni thala upu kunta cheyani ki. Time paduthundi andhariki anni chusukoni, vallaku help cheyali ante. Volunteer anevaru help chese vallu, society ki, andhukani help chepinchukondi anni Musukoni.. Pani kadhu chepinchukovalsindi.",hate
ఈ చిల్లర గుంపులో ఈ ఎంటెక్ బాబు ను అవమానిస్తే అందరికి పెన్షన్ వచ్చినట్టు M L A బిల్డప్ ఇచ్చి షేహాబాష్ అనుకొంటారని భ్రమ ఎంటెక్ చేసినోడు ఈ జాబ్ ఎందుకు ఇంకా కూలి చేసుకోమంటారు ఈ ఎమ్మెల్యే ఇంతేగా వీళ్ళు చేసేది ఖర్మ. హైదరాబాద్ లో జాబ్ చూసుకో గడ్డం బాబు,hate
Ilanti MLA Anni niyojaka vargallo enduku leru!!!,non-hate
అన్నయ్య పేరు వింటే గూస్ బమ్స్ వస్తాయ్,non-hate
Rgv tho vaka interview plan chesthunava nuvu kuda,non-hate
Idi Edo reel kabhatti sari poindhi lekha pothe aadhi anna deenikhi kuda eadoka setair veseavadu Mee midha,non-hate
Mana nāyakulu eppuḍu cinna vāḷḷa mīda pratāpaṁ cūpistāru..... Phasṭ pōyi rōḍlu vēyaṇḍi nīṭ gā....,hate
"మీకు చపడం ఈజీ అక్కడ అనుభవించే వాలకు తెలుస్తాధి....  అక్కడ 14 అంతే మా వూరిలో బస్ లో 198,146,114 ఇలా పోతున్నాం..",hate
Mundhu RTC Buses lo students entha ibbandhi padivelthunnaru chudandii valla hanging conditions you have to notice everything,hate
"Thumbnail marchuko bro ayana CI,SI kaadhu me veiws kosam edhanna pedtharu",hate
"Auto vallu, volunteer meda kadu . 1st roads drainage etc choodu",hate
Nuvvu king mawa,non-hate
ముందు అరెస్ట్ చేయండి.. మీడియా ముద్దు తీసుకురండి రా...,hate
బానిస కట్టప్పలు బయటకి వచ్చారు..ఇక జగన్ కి భజన చెయ్యడానికి..,hate
నువ్వు ఏమి పని మీద వచ్చావు నువ్వు ఏది matlduthunvu ముందు mlc ni arest చెయ్యండి,hate
Inthavaraku Oka ysrcp mla velli Subrahmanyam family ni kalisi matladaledu miru em sc minister ra miru em Cm thu,hate
Rey me self dabba apandi ra babu …. Elane late chesi janali yadavalni chestunnaru… mundu arrest cheyandi,hate
ముందు arrest చెయ్యండి. వాడు షికారు చేస్తున్నాడు. వాడు ఎందుకు మీడియా ముందుకు రాలేదు.,hate
Ore ni veshalu api pani chusko,hate
Me Bathukulu yenduku ra,hate
పేద బిడ్డల కోసం చేస్తున్న మీరు చేస్తున్న కృషి అభనందనీయం.,non-hate
hmtv ki koncham ina siggu unte..Title sakkaga petandhi first ..chepindhi okati ithe mi Title inkolla undhi,hate
Mallanna fighting for every thing which is relevant to trurth,non-hate
Anchor ki questions adagatam reledhu ......,hate
Madam meeru good questions aduguthunnaru,non-hate
Thumbnail Chetha ga undi,hate
తెలంగాణ రాష్ట్రం త్వరలోనే శ్రీలంక   దేశానికి వచ్చిన  ఆర్థికమాంద్యం  కరువు కాటకాలు రాబోతున్నాయి ప్రజలందరూ  అనుభవించడానికి సిద్ధంగా ఉండాలి Rip TRS government   సీఎం కేసిఆర్ కి నివాళిలు  అర్పించాలి😭😭,hate
ANJI MAMA AND SATHI ANNA COMBINATION ADHIRINDI,non-hate
Jyosham kana nenu ni mida penchukuna prema goppadi Super,non-hate
సార్ పాల్ గారు చాలా మంచి వ్యక్తి పదిమందికి మంచి చేసే వ్యక్తి సార్,non-hate
"సర్ అప్పుడప్పుడూ ఇతని ఇంటర్వ్యూ తీసుకోండి సర్,ఫుల్ ఎంటర్త్సైన్మెంట్ సర్,బాగా నవ్వుకోవచ్చు.....",non-hate
"పతనాన్ని కోరి తెచ్చుకోలేదు , ఎవరు ఏమి చేయలేదు  .. అంత ఆ  దేవుని కృప... ప్రభు ఆశీర్వాదం .",non-hate
ఇన్ని రోజులు ఏదో మూలాన సందేహం ఉండే పాల్ గారు పిచ్చోడా అని కానీ ఇప్పుడు కన్ఫర్మ్ అయింది నాకు,hate
botsa oka pichodu,hate
ఎంత నవ్వు వచ్చిందో .  సూపర్ స్పీచ్ అన్న.,non-hate
Its NTR revolution  prapan̄ca sini caritralō  naṭane ūpiri gā  jīvistunna  goppa vyakti  mā anna tārakarāmuḍu,non-hate
"ఈ సాంగ్ ఎంత మందికి మళ్ళీ మళ్ళీ వినాలనిపిస్తుంది..ప్రభాస్, పుాజా హెగ్దే.. Love Scenes really Awesome.. Cuteness Overload",non-hate
మైండ్ లో నుంచి పోవట్లేదు.. గట్టిగా చెప్పాలంటే ఆ అమ్మాయి కి take a  bow .take my respect to the entire radheyshyam team,non-hate
"ఈపాట ఎంత బాగుందో...ట్రైన్ సీన్లో క్లైమాక్స్ లో దీని BGm ఇంకా బాగుంది ప్రభాకరన్ గారు, తమన్ గారు",non-hate
Manchi  pani chesaru,non-hate
Em parva ledu e Narayana college valla entho Mandi pillalu chanipoyhunaru,hate
"Emumdi le Narayana swamy... Court karchulu, lawyers karchulu...etc anni NEXT YEAR FEES PENCHI, VASULU CHESUKOVACHU...  ANTHE GA.. PILLALA USURU TAGILINDI.",hate
Exams lo vundey vallani invigilators antaru adi kuda teleedhu Veeedu minister chesadu.... karmara babu chi.... Thuppas na kodaka,hate
Chepadaniku siggu ledu ra neeku,hate
sajjanar sir meru great . meru cheshindhi chaala manchi pani,non-hate
No one can write meaningful songs like you sir..me you sir ... Om Shanti ....,non-hate
"Rip sir..మీరు మమ్మల్ని విడిచి వెళ్ళినా,,మీ పాటల రూపంలో  మా హృదయంలో ఎప్పుడు జీవిస్తునీ వుంటారు",non-hate
మీలాంటి అర్థవంతమైన పాటలు ఎవరు కూడా రాయలేరు సార్..మీ యు సార్... ఓం శాంతి....,non-hate
"Miss you balu garu,, మీ పాట విన్నప్పుడల్లా మనసు చాలా ప్రశాంతంగా ఉంటది.",non-hate
Malli siggu Lekunda noob account eskoni vachesava,hate
vachanu anuko gudda paligipodhi,hate
"No.1లంజే, శ్రీరెడ్డి చెల్లి",hate
After long tym kadupubba navvanu..tnx paithyamaawa,non-hate
ఈ  20 20 సంవత్సరంలో ఒక్క పి ఎం సీఎం ఎమ్మెల్యే గార్లు ఎవరు ఎన్నడు  చేయని సహాయాలని ఒకే ఒక్క ఆ దేవుడు సోనుసూద్ సార్  గారు ఆపదలో ఉన్న ప్రజల అందరిని కాపాడుకుంటూ వచ్చిన ఒకే ఒక్క రియల్ హీరో దేవుడు సోనుసూద్ సార్,non-hate
నా భరతమాత చాలా గొప్పది ఎందుకంటె సోనూసూద్ లాంటి గొప్పవ్యక్త్తినీ కన్నందుకు,non-hate
"నువ్వు నిజమైన హీరోవి, పవర్ స్టార్ లు , మెగా స్టార్ లు తెరమీద మాత్రమే హీరోలు, నిజజీవితంలో వాళ్ళు జీరోలు",non-hate
Rgv గారు తెలుగు వారిగా జన్మించడం మన తెలుగు వాళ్ళు చేసుకున్న అదృష్టం,non-hate
"Rgv చాలా సంస్కార వంతమైన.....మనిషి ఆయన మాట,చూపు,ప్రవర్తన ...అన్నింటిలో సంస్కారం కొట్టొచ్చినట్లు.......",non-hate
"వీడి బొంద. గౌరవం ఇచ్చింది కాబట్టి పక్కన ఉమ్మేసింది. లేదంటే, వీడు అన్న మాటలకి మొహానే ఉమ్మేస్తారు ఇంకెవరైనా అయితే",hate
Houselo lekapoyatapadike gopalu chepukuntunadu waste  gadu,hate
Bindu ante flower anukunnava fire fire ahee,non-hate
"rip mahesh garu, కనీస పరిజ్ఞానం ఉన్నవాళ్లకు కూడా అర్థమయ్యేలా చెప్పారు. అర్ధం కానివారికి భగవంతుడు జ్ఞానం ఇవ్వాలి అనికోరుకుంటున్నాను. వాస్తవాలను అంగీకరించినప్పుడే తప్పులను సరిచేసుకోగలం.",non-hate
త్రివిక్రమ్ రచన ఎప్పుడు సూపర్..,non-hate
mana deshamlo  babu gogineni gaaru lanti valu chalakavali,non-hate
babu gogineni gaaru chaala manchi reformer mana ilanti vallu kavali,non-hate
Astrologer Pradeep Joshi  pedda book gaadu,hate
Aithey entra koushal mundhu odipoyav kadha enka sigguledhu neku koushal army tho thanninchukuney varaku vurukunnattulevu,hate
Koushal  nijamja peddha manchi manishi,non-hate
Telugu prajalu chaala ardusthavantadhulu manaki  garikipati Garu dorikinanduku,non-hate
"గరికపాటి వారు  హిందూ ధర్మం యొక్క గొప్పతనం చెప్పినందుకు మా ధన్యవాదాలు
 హరే కృష్ణ",non-hate
"ఆ తల్లి మాటల్లో ఎంత అర్ధము వుందో, అంతే ఆవేదన కూడా వుంది. ఆ కుటుంబానికి అంతా మంచి జరగాలి.",non-hate
భైయ ఇలాంటి వాడిని 5 నిమిషాలు తటుకొవడం కష్టం కాని నువ్వు 45నిమిషాలు  video చేసావు  నువ్వు great,non-hate
po ra pichi kukka . siggu ledhu em ledhu asla manishi vey na,hate
warner ni retain cheyakapote srh managament gudda pagilipoddi,non-hate
3d player ha boogu ha asla bat pattukovadam raadu,hate
anayana kapoor overaction tappa em ledhu,hate
"నవ్వించి నవ్వించి చంపేలా ఉన్నారు గా మీరు...
గెటప్ శ్రీను ..Your Awesome...",non-hate
mahesh babu gari die hard fan,non-hate
rashmika cheshedhi anta over acting tappa em ledhu,hate
erri puk moody valla srh playoffs ki pole,hate
lanja puk managment valla ma warner mamali vadi velipoyaru,hate
lofar lanjakodaka delete cheyi first,hate
ne photo pdutha agu ra puka,hate
delete cheii bro lekopothey kcpd,hate
nee account report  chepista agu ra puka,hate
ma anna nee troll chestava ra puka,hate
rey delete cheyi lawde,hate
delete cheii raa koja,hate
moham medha dengutharuu,hate
em lanjakodukulu rs meeru,hate
fans ne like : naaky intrest poyindhi lawda lo ipl,hate
bro delete cheyakapothey ma fans ninnu degenutharu,hate
arey sulli gah ma rc medhey chesthava ra,hate
waste na kodaka athumukka post lu chesthunavu ra,hate
ne notlo na modda delete cheeyi ra gandu,hate
baga edit chesaru bayya,non-hate
gaajulu thodukoni intlo kurcho,hate
munna bhaiya mi abbimanini inkada. ni kosam pranam istha,non-hate
punju vachi pitta ni dengithey nenu commentry chepijry ala vuntadhi # punjuunggamer,hate
okko comment okka diamonad lags vundhi bayya,non-hate
dengethe desam pothadhi ball degradun beyy dehradun,hate
naku telusu ra nuvvu thedha lanja vi anni,hate
kallu kakulu dengiyaa naa lanja kodaka,hate
"pichi puka adhi wiide ra, nuvvu ni erri puku umpiring",hate
Veedu Pani ipoiendhi,hate
Pora kukka,hate
Buthula saka mantri ....,hate
Kojja mundu supply epinchandi.,hate
రోజు ఈ సాంగ్ వింటాను నా రింగ్ టోన్ ఇదే అన్న సూపర్ సాంగ్,non-hate
సూపర్ డుపర్ హిట్ మూవీ థాంక్స్ జీవిత గారూ,non-hate
పిచోళ్ల గురించి వినడమే కాని చూడటం ఇదే ఫస్ట్ టైం,hate
చాల్లే కళ్ళు తుడుచుకో ఎద్దు లా ఉన్నావ్. ఏడిస్తే దరిద్రం గా ఉంది,hate
"నీ ప్రాస, రివ్యూ సూపర్ బయ్యాHatss off to kannada film industry next level movie keep it up",non-hate
సూపర్ బ్రో నీ ఏడుపు నాకు బాగా నచ్చింది,non-hate
సినిమాలు చూసిన చూడకపోయినా నీ రివ్యూ మాత్రం పక్క మిస్ అవ్వకుండా చూస్తాం అన్నany way విశ్వక్ అన్న మూవీ రివ్యూ కోసం waiting,non-hate
సినిమా చాలా బాగుంది... సూపర్బ్...good film,non-hate
Mahidhar bro Meru chala genuine person....,non-hate
"జాతి రత్నాలు మూవీ చూసి ఎంత నవ్వుకున్నానో,, ఈ cash program చూసి అంతకంటే ఎక్కువ నవ్వుకున్నాను",non-hate
ippatiki 10 times chusaanu what a humorous.... innocent dialogues superb,non-hate
"Director di super comedy,childish behaviour,when he said wrong answer,question ardam avaledu, ani",non-hate
ఈ సినిమా చాలా చాలా చాలా బాగుంది అన్నా వాళ్లు ఒక లైక్ వేసుకోండి,non-hate
సూపర్ బ్రో........ రివ్యూ ఇలానే చెప్పాలి ఉన్నదీ ఉన్నట్లు.....,non-hate
ఈయన సోది లేకుండా సినిమా హీట్టో చెప్పేసాడు.. భయ్యా ఇలానే ఇంకా మంచి రివ్వూ చెప్పాలని మనసు పూర్తిగా కోరుకుంటున్న,non-hate
ఆచార్య సినిమా చాలా బాగుంది,non-hate
కొరటాల  శివా కథా  బాగా తీయలేదు..,hate
Flop vachina director's ki hit yevvadam NTR Anna ki sontham,non-hate
Ekkada memu NTR fans evaru bayapadatam ledu enudkante hero director ki freedom ivvali... Adi NTR ki and K siva ki chala good bonding undi,non-hate
Balayya oka vedhava anukune vallu oka like veskondi,hate
Slient pettu bangaram phone,hate
Tension lo silent lo pettadam marchipoyindhi,non-hate
naresh pottigane vundura famous ga vuntav,non-hate
Deenni ycp Lo ki raanivvakandi,hate
Td janrdan cbn binami eddaru dongale avasaraniki vadukon vadilese cbn tdp partty,hate
నిజంగా ఈ పాట ఉందా,non-hate
Aada Paduchula Usuru thagili Yellow party nasanam kavali.,non-hate
E phone Baya inta clarity vachindi video adi theatre lo,non-hate
Neelanti  vallu  valla  nijame ayina devunuki  avamanam jarukutundhi,hate
"RK  comedian ikkada, KA Paul is very confident",non-hate
iDream nagaraju interview with bandla ganesh tarvata anta level comedy interview ide malla. :),non-hate
"nenu cheppinappudu counter ivvandi """,non-hate
Madam miku first ga miku మా హృదయ పూర్వక వందనములు.మీకు లాగా అందరూ I.A.S. and I. P.S. officers ఉంటే ఈ సమాజం కొంచెం అంటే కొంచం ఐనా బాగుపడుతుంది మేడం గారు.,non-hate
andaru MLA lu elagay undali. thanq MLA garu,non-hate
Veellandhari kante RSP sir & Eetala sir best leaders ...,non-hate
I'm enjoyed a lot andi a show chusina intha fun undaka povachu good entertainment keep it up bros,non-hate
"Full Entertainment ayindhi.. Revanth reddy maryadaga matladina thittinatte undhi.. 
Superooo super",non-hate
Songs kosam mv ki vellochu super unnayi 3 songs,non-hate
Venkatesh Gaari Mature Quality Entante. ippatiki New Born star laaga Kamal gari meedha Unna Fanisaani Choopistunnaru. Salute To u Venkatesh Garu,non-hate
Ekkada bro nuv ee movie chusindi,non-hate
Ye mobile lo thesav bro clarity bagundhi,non-hate
"The courage to be disliked"" ee book summary cheyyandi anna.",non-hate
"Thank you, bro. Roju mrng walk ki velletappudu ne video vinta, u r adding lot of value for me and my tym",non-hate
Chalabaundi video correct time lo release chesaru hattsoff to your voice and motivational information,non-hate
Venky mama ekkaduna positive vibes anthe,non-hate
100 % cheppav ....nijame bro,non-hate
true naa jevithamlo jarigindi,non-hate
Enthaina paatha cinemaalu paatha cinemaale,non-hate
Epudu varaku upload chysina videos e video a clarity ga vundi,non-hate
Movie  block buster Mass jathara bomma daddarillipoyindi in theatres super dooper hit,non-hate
Disha nendutalade petrol bunk lo cctv futage tapa vera aemi avedence ladu valani encounter caseru velani cheyandi apudu tapa naku matram tapa police la pina namakamlad,non-hate
𝙰𝚝𝚝𝚎𝚗𝚍𝚎𝚗𝚌𝚎 𝚐𝚞𝚛𝚒𝚗𝚌𝚑𝚒 𝚞𝚗𝚝𝚎 𝚋𝚊𝚐𝚞𝚗𝚍𝚞,non-hate
4 lo second di tisi 1 ki 2 ki madyalo pedite 4 avtundi order saripotadi,non-hate
same nen ade anukunna,non-hate
okkati kuda thiyanavasarm ledhu,non-hate
yela vastai ilaanti idea lu…,non-hate
Table reverse move cheyyali okasari,non-hate
4 unnai kada andulo okati teyali easy,non-hate
Baga chepevu talli ne matallo nayam unnadhi,non-hate
Nenu ithae thinevadini inthsepu chudanu,non-hate
లాస్ట్ నాలుగు బాధము లో మొదటి రెండు బాధము లో ఒకటి తీసుకొని లాస్ట్ లో ఒకటి పెడితే సరిపోతుంది సింపుల్,non-hate
asalu dance undhi chudu bro hats off antey,non-hate
యూట్యూబ్ లో ఏమని సర్చ్ చేయాలి బ్రో ఈ పాట కోసం,non-hate
"Avasaram aite shaving kooda chestaaru, prabuthyodoyogulu adi vaari istam.",non-hate
Chinna vishayanni rajyantham chesthaventi. Manchi news collect  cheyyi nuvvu,non-hate
Dani kanna mundu gym lantivi join aiyi slim avali apudu try cheyochu evanni,non-hate
ఒకసారి మా తెలంగాణ కి ర బ్రదర్... నీకు అదికూడా దొరకదు... ఉన్నది చేసుకొని ...వేరే జాబ్ కి ట్ర్య్ చెయ్,non-hate
"dantha Prashant Kishor plan, TRS valle Malla Reddy meeda attack chesinru sympathy kosam. Kavalane Revanth Reddy ni blame chesthunnaru.                                                                                                                                                                                 Inthaku mundu Srinivas Goud meeda daadi chesaru ani drama chesaru. Ippudu Malla Reddy vanthu",non-hate
కొంతమంది కా ఉద్యోగం కూడా లేదు,non-hate
Kinda paddakuda meeku emkaledu,non-hate
"ప్రాణం పోతే తిరిగి రాదు బ్రదర్స్,,, చూసుకొని డ్రైవ్ చేయండి ప్లీజ్",non-hate
"BJP TRS iddaru dosthlu le , bayatiki ivanni dramalu",non-hate
"Edhena manam echey goiram kcr, non sense",hate
డబ్బు పోతే తిరుగు సంపాదించుకోవచ్చు కానీ ప్రాణం పోతే తిరిగి సంపాదించింది కొంచెం జాగ్రత్తగా డ్రైవ్ చేయండి,non-hate
Cheppedhi em lekapoina ha hm ani anna parledhu vallatho matladali anthee,non-hate
Phone cut chesthey inka yavaritho mataladestham ani Ami leka poina chepu chepu ani rod avtharu edhi fact,non-hate
Dharani badha padthunte naku nachatle e videos vdu,non-hate
ఏం మాట్లాడుతున్నారు రా నరాలు కట్ ఐపోయినాయ్ దయచేసి షో బంద్ చేయడం మేలు,non-hate
Bjp strong fight chestundi good job jai telangana jai bjp.....murkapu palanu tiseyandi,non-hate
ఒరేయ్ ఆ పోడుపు కథ అరటీకాయ,non-hate
"Chala good news,cheppavu anna, KCR ni lopaleyandi.? Kaleswarm project katti chalu . Andaru potaru KCR.KTR.hareesh Rao andru potaru.trs party ne vnda du                                                                                                                                                                       Soniya gandhi,Rahul Gandhi ne vodalle Modi.eka KCR family'yentha",non-hate
రష్మిది అని చెప్పి ఆది లేకపోతే అలుగుతుంది స్త్రీల పరువుతీస్తున్నది,non-hate
Madam sigupaduthundhi emaina guthochintlu undhi,non-hate
Meru battalu vesykovadam avasarama ra,hate
edhe meeru ruling party valani target chesunte  ani media channels vache valu...,non-hate
KTR chaala manchi gah hyderabad it ni devlope chesthunnaru,non-hate
modi valla desam religion anni kottusasthundhi,hate
rahul gandhi and lokesh pappu vallu,hate
Jaganana.sainyam.from.chatla,non-hate
Zin ping gadini corona vachi pothe Anni set auvtai,hate
rey shaik amar mee muslims ki ucha padthadhi bjp ante anduke prathi oka muslims bjp ki against ga untaru mee muslims andaru okate unity untaru same mee laga maa Hindu's alochisthe,hate
chillar party lu Anne okkatyna modi ji ni next pm modi ji yogi baba ni,hate
"deniki paniki radu, Nithish become a chapraci to Lalus kotubham.",hate
Kim mama enter ithe war one side ea ega,non-hate
​yuddham vadhu please for lokham lo shanthi vunchadhi,non-hate
Na bochulo tv news hmtv fake vedio,hate
జై కోమటి రెడ్డి బ్రదర్స్,non-hate
రాజన్న అభివృద్ధి కోసమె అయితే నిన్ను ని ప్రజలు గెలిపిస్తారు,non-hate
vaadu taagi vunnadu..vaadiki entha cheppina kooda ardam kaadu.,hate
రేవంతన్న అనే మనిషి కార్యకర్తలా జీవిస్తాడు అందుకే ప్రజల మనిషి నెక్స్ట్ సీఎం కావాలి...,non-hate
రాధాకృష్ణ గారు మీరు ప్రపంచంలో అందరినీ విమర్శిస్తారు అందరి తప్పులు కనపడతాయి ఒక్క చంద్రాల సారు తప్ప,non-hate
సూపర్ శర్మిలమ్మ గారు.చాలా చక్కగా వివరించారు,non-hate
Best లీడర్ and best పోలీస్.ప్రవీణ్ కుమార్ సర్,non-hate
ప్రవీణ్ కుమార్ సర్ garu నిజంగా dynamic police officer...,non-hate
jagan oka pandi kukka gadu AP ni sankanakinchadhu,hate
చాలా బాగా చెప్పారు గురువుగారు. గొప్ప నాయకుడు పరిటాల రవన్న.   జోహార్ రవన్న.,non-hate
jagan oka erri puku gadu vadu vadi modalo paripalana,hate
"ఇది ఈ వీడియో ఎన్నిసార్లు చూశానో, ఎన్నిసార్లు నవ్వుకున్నానో నాకే తిలియదు",non-hate
రాధాకృష్ణ గారికి దూల తీరింది .నభూతొ నా భవిశ్యత్..,non-hate
సూపర్ rk గారు చాలా మంచి ప్రోగ్రాం,non-hate
ఇటువంటోళ్లు మంత్రులుగా ఉండడం తెలంగాణ చేసిన దురదృష్టం,non-hate
Megastar antey adi. Em expression ra babu...Comedy....action.....dialogues.....Dance ayithey ika cheppoddu...,non-hate
శ్రీహరి లాంటి మంచి హీరో మళ్ళీ రావాలి,non-hate
ma ntr anna medhey memes chesthava ninnu origikichi dengutha ee post delete cheyakunte,hate
Rip sir.... ఆత్మ కి శాంతి కలగాలని కోరుకుంటున్నాను....మన దేశంలో ఉన్నది ఇలాంటి బడా పారిశ్రామికవేత్తలు సార్.,non-hate
A 1 చిల్లర రాజకీయాలు అపు...... ముందు ఇంట్లో వున్న మహీళలకు న్యాయం చేయమను.... అక్కా చెల్లెళ్ళు చేబుతారు A1 Bach ki,hate
Bonda Uma oka porambokuvadu,hate
karan johar oka panikirani vedava manchi roles anni chetha actress ee ichi movie ni nasanamchestharu,hate
NTR గారు రాక్ అబ్బ... యాక్టింగ్ లో కింగ్...,non-hate
bonda uma kukka esaga mafia king,hate
"గౌరణీయమైన ముక్క్యమంత్రి గారు, మీపైన ఎంతో నమ్మకంతో మిమ్మలిని మీ పార్టీ ని గెలిపించినందుకు , మాకు బాగా బుద్ది వచ్చింది.  అభివృద్ధి గురించి మాట్లాడటం వదిలేసి, ఎంత సేపు పక్కన వాళ్ళ గురించి మాట్లాడటం ఏమి బాగోలేదు.",non-hate
"భారత దేశంలో గౌరవించే నటుడు అవుతాడు   జై మనోజ్ అన్న, rrr మూవీ మించి కలెక్షన్లు వసూలు చేస్తుంది",non-hate
ni pellam puku denugutha  ma anna annavu ante,hate
oka ammai vi ayundhi illu clean chesthunavu ani complain chesthava siggu techuko,hate
kajal oka bitch  naku modda dani notlo pettali anni vundhi,hate
ee kalam ammailu ki dabbuli vunte chaalu anukuntaru,non-hate
oka ammai vi vundhi natho argue chesthava puku mosukoni inti panulu cheyi,hate
samantha oka trigubothu lanja chai lanti mogudu vadilesindhi,hate
jai kodali nani meru oka dynamic leader,non-hate
nen pedda payalu vunna ammailinu dengi bore kotudhundhi #iamcomingforskinnygirls,hate
desanaki oka nehru oka vallabahi patel vundali kani manaki oka shah inka modi lanti vallu dorikaru,hate
pichi puku  kukka na meddha nunchi leyi,non-hate
Ee video chusintarvatha mee meeda respect perigindi,non-hate
Ee ammai chala bagundhi.pade pade chudaalinipistundhi,non-hate
Good అండి గీత కృష్ణ గారూ మంచి. ఇంటర్వ్యు,non-hate
ఏ హీరోని ఏ దర్శకున్ని  రెమ్యూనిరేషన్ తగ్గించుకుని అడగకూడదు ప్రజలు గుడిసి పోవాలా అంతేగా,hate
"Tickets rates thagginchaali..appudey janaalu theatre ki vastaaru.. Budget peruguthondhantey dhaanikkaranam producers e... Heroes budget, north Indian heroines, valla staff ni mepaali ivvanni thadisi mopodavuthunnayi",hate
Hero lu remuneration taggisthe dil raju rates penchi collections motham mingesthadanta….funny fellow,hate
Telugu cinema lu content takuva buildup ekuva. Free ga download chesi chustam free ga,hate
First Ganesh anna chesina appulu and bounce iyna check lu clear cheyi,hate
Bandla garu miru cheppindhi correct ithe condom ni 10k petti kontava dhenikaina oka limit untadhi bandla garu,hate
"100% literacy rate unna kerala lo ne janalu gorrelu la unte, migilin rashtrallo unna janalu paristhiti emito...... I feel ashamed being part of this type of public",hate
నంబీ నారాయణన్ గారికి ఇలాంటి అన్యాయం చేసిన వాళ్ళని కటకటాల్లో వెయ్యాలి..,hate
చాలా మంచి మూవీ అన్న ...మీరు రియాక్ట్ అవుతావ్ అనుకున్న అన్న ..నువ్వు సూపర్ లాయర్ అన్న,non-hate
"""నంబి నారాయణ"" గారికి జరిగిన అన్యాయం చూస్తుంటే చాలా బాధ వేస్తుంది, ""నంబి నారాయణ"" గారి త్యాగానికి మా హృదయపూర్వక ""పాదాభి వందనాలు""",non-hate
కల్యాణ్ దిలీప్ సుంకర గారు చాలా చక్కగా వివరించారు. ధన్యవాదాలు.,non-hate
బాగా చదివినవ్ గా రాసుకుని మరీ.. మధ్యలో మన భార్యలు అన్నావ్ చూడు,hate
Allu Arjun cinema ki pranam esatadu,non-hate
అల్లు అర్జున్ కి ఏక్కడో సూడి ఉ౦ది.multitalent వున్నోడు అల్లు అర్జున్ ఒక్కడే ఇన్ ఇ౦డియా,non-hate
పవన్ కళ్యాణ్ పేరు లేకుండా నిద్ర పోరు కొందరు ఆ పేరు అలాంటిది కొందరికి అది అంతే,non-hate
గణేష్ గారు కరెక్టుగా మాట్లాడారు...ఈ విషయంలో హాట్సోప్,non-hate
Sir Arun Kumar garu meeku hrudayapurvaka namaskaramulu.sir nenu kuda Kapil chit lo chit one L.. vesanu .chit purti ayipoyindi.nene kakunda ma brother cheta friends cheta kuda veyinchaanu.but ippariki amont ivvatam ledu.amont adigite danilone fixid deposit cheyyamantunnaru. consumer court ki velte baguntunda.plz salaha istarani aasisunnanu,non-hate
More than 1 crore deposits in margadarsi … not even one depositor complain …. Nekenduku ra … go and talk about babai,hate
Soolu master of AP.... Goda meda pilli...,hate
Dramoji pedda 420 . AP ni nasamchesina vallalo veedu No. 1,hate
Nee knoledge motham okka kulam okka partini meeda padi edavadanikee saripoindi... Vaallu nee intivaalani edinA chesinaara???? Durmargula panini divert chiiyadamkosam screen meedaki osthavu..... Karma.. Nuvve alochinchuko undavalli...,hate
Rajasekhar Reddy garu Kadapa Lo 500 Acres thesukoni assembly Lo gola zarigina tharuvatha assined Lands return echharugada appudu dhonga thanam chesi return evvata correct gadugada dheniki mereemantaru,hate
Vaalla chetilo vunnadi atyunnata vyavasta . Veellu asale brokers . Inka vadakam ela vuntundo chuseru ga,hate
Mari neethulu endhuku ra yadhava.... Collection chasukoni galichanu anavu.... Mari u are not law obedieing person...... Sreeranga neethulu apu..,hate
ఖచ్చితంగా అంతే నువ్వు రాజశేఖర్ రెడ్డి కలసి రామోజీ నీ ఆర్థికంగా దెబ్బతీసే ప్లాన్ వేశారు,hate
ne okkadiki nyayam jarigindi kaabatti ysr neku devudu nuvu o pathi wrathavi,hate
Sollu apara re nee bochu telivi tetalu Andhra Pradesh bagu kosam cheyyara,hate
"Siggu, neethi leni",hate
మీరు మాట్లాడిన మాటల్లో 100 percent నిజం ఉంది..,non-hate
Jagan dobbindi kanapadada neeku atineetimantuda,hate
సామాన్యుడి చేతిలో ఆయుధం దిలీప్ అన్న గారు ఈ వీడియో వీలున్నంత మందికి షేర్ చేయాలి,non-hate
ఈడిని చూసాక....మన సంపు మీద చాలా గౌరవం పెరిగింది...,non-hate
ఒక్క ఎక్ష్ప్రెషన్తొ  మొత్తం నడిపించినవ్ నువ్వు నిజంగా లెజండ్ అన్న,non-hate
వీడు సగమే పెరిగిన గ్రహాంతర వాసి లెక్క ఉన్నాడు,hate
రేయ్ troll గాల్లారా మీ బ్రతుకంత పక్కోడిమీద పడి యాడవాడమేనారా,hate
Comments chadivi masthu enjoy chesthunna nenaithe,non-hate
అన్న ఈ వీడియో మమ్మల్ని చాలా   ఎంటర్టైన్ చేసింది కానీ కొత్త వాళ్ళని సపోర్ట్ చేయండి అన్న ఫస్ట్ మూవీ లో అల్లు అర్జున్ ఎలా ఉన్నాడో మనకి తెలుసు ఇప్పుడు పుష్ప లో ఎలా ఉన్నాడో మనకి తెలుసు  ఎందుకు అలా అన్న అర్ధం చేసుకోండి.,non-hate
Baga kastapaddav bro edit ki . Good keep it up,non-hate
Deenemmaa dabbulu unte darinapoye danaya tho cinema tiyyachu ani telisindi,hate
Bro vaadi height entha bro.... sampu kante comedy ga vunadu ...,hate
Veedevado grahanthara vasi kappa la vunnadu,hate
Edi kanna sampurnesh babu melu kadha ra babu expression baaga esthadu edu mv motham okatey expression,hate
"Asalu aa mukham yendhayyaa, kaneesam manishi laa koodaa ledhu.....Nag, Mahesh, Akhil tharuvaatha antha andhagaadini anukunnaadaa yendhi saamy.",hate
To be frankly host kante chay chaala humble ga react ayyaru ... really love his nature,non-hate
అన్ని తెలుసు పోలీస్ లకు యూనిఫామ్ ఉందన్న అహంకారం  చట్టం తెలిసిన వాడు తప్పు చేస్తే తాట తీయండి అడ్వకేట్  హక్కుల కోసం ప్రజల తరఫున పోరాడండి,hate
"Knowledge is డివైన్, ఆకలి తో పోయిన పర్లేదు బట్ ఆత్మగౌరవం పోకూడదు      వావ్    నైస్  quotes",non-hate
మీ లాంటి లాయరు ఉండటం మా అదృష్టం సార్.....మీకు ధన్యవాదాలు..,non-hate
మీలాంటి  వారు ఉంటే ప్రతి సామాన్య వారికి  న్యాయం జరుగుతుంది. Salute sir,non-hate
ఆకలితో అయినా చనిపోతాను గానీ ఆత్మగౌరవం తో బ్రతుకుతాను i like it,non-hate
తనకు వర్తించే మాటలన్నీ తన నోటిద్వారానే పలికిన గొప్ప వ్యక్తి.,non-hate
Muthy garu వీడు జనాలు అంత వెదవలు అనుకుంటున్నాడా…… ఎంత మొత్తుతున్నా ఎవడు నమ్మరు……..,hate
ఎంపీ గారి ఫోన్ హ్యాండ్ ఓవర్ చేసుకొని ఫోరెన్సిక్ ల్యాబ్ కి పంపాలి,non-hate
హోమ్ మినిస్టర్ 2000% UNFIT... ఆమెకి ఉన్న తెలివి కి Village member కే ఎక్కువ,hate
పోలీసు లు కాదు వీళ్లు బ్రోకర్ లు,hate
ఎవరు అంత సిగ్గులేని యస్.పి....ఐ.పి.యస్ అనే ఉన్నతమైన దానికీ సిగ్గుచేటు,hate
Baabu gaari టైంలో మంచి పేరు తెచ్చుకున్న ఫకిరప్ప ఇలా దిగజారి పోయినాడేమి దేవుడా,hate
AP...lo...Asalu..criminals..ku...Votlu  Vesi..na..AP...Janalaku..100%√>> Sigguledhu..first..AP...lo..Undi.. YCP..Police..station...AP...lo..Asalu.. Police..varu..layru....Next..2024..lo.. Untundi..AP...Police..vari..ki...,hate
Asalu criminals ku votlu vesi na janalaku sigguledhu first,hate
అసలు మాట్లాడకే రాదు నికి ఎంపీ పదవి ఎలా ఇచ్చారో,hate
బుల్లితెర జబర్దస్త్ కమలహాసన్ గెటప్ శీను సుధీర్ లేని లోటు ఎవరి తీర్చలేక పోతున్నారు మాకు Miss u sudheer anna,non-hate
నిజంగా ఈ లవ్ స్టోరీ ఏంది భై  శీనన్న ఏడిచే సీన్ సూపర్,non-hate
శ్రీను అన్నా నువ్వు చెప్పింది నిజం .... ఈ బగ్రౌండ్ music tho చిరాకు తెప్పిస్తుంది ప్రోగ్రామ్,hate
Getup srini anna superb...miru ravadam chala santhosham,non-hate
"గెటప్ శ్రీను అన్న యమధర్మ రాజు పాత్రలో కామెడీ అదరగొట్టారు  ఇమ్ము- వర్ష, ప్రవీణ్- ఫైమా, రాకేష్- సుజాత గార్ల లవ్ ట్రాక్ నిజమని ఎంత మంది అనుకుంటున్నారు",non-hate
"వీడియో ని "" skip "" చేయకుండా చూసిన వాళ్ళు ఒక లైక్ వేసుకోండి మన హర్ష సాయి అన్న కోసం",non-hate
మీరు చరిత్రలో నీలుస్తరు బ్రో Hand's off to Your help full to poor people.,non-hate
Prajalu question cheyanantha varaku politicians mararu. Politics marav. The great AP people,hate
అయ్య ఎంపీ గారు నీ మీద వీడియో ఎవరో కుట్రలుచేసి వైరల్ చేస్తే నువ్వు కేసు పెట్టాలికానీ ఎవడో అభిమాని కేసు పెట్టుడేంది ఖవరింగ్ లొద్దు,hate
"హర్ష సాయి ఫ్యాన్స్ ఎంతమంది ఉన్నారు ఇక్కడ,. A man with golden heart",non-hate
రైతు సంతోషిస్తుంటే కన్నీళ్లు ఆపుకోలేకపోయాను,non-hate
e video chusina tarvata ilanti manchi manushulu untara ani chala santhosham anipinchindi,non-hate
అన్న నీలాంటి వాడు దేశం లో ఉండాలి .....నువ్వు అందరికీ ఒక ఇన్స్పిరేషన్ ........జై హింద్ అన్నయ్య,non-hate
e 75kurma bharataswatantra desaniki nizamaina geept ichchavu. anna nuvvu... desamloni prathivaadu garvapadela vundi....,non-hate
"వాళ్లు ఈ జీవితం లో కూడ ఫలక్నామ ప్యాలస్ లో బోజనం చేసివుండకపోదురు,నువ్వు గ్రేట్ బ్రో",non-hate
ఈ వీడియో చూస్తుంటే నాకు కన్నీళ్ళు ఆగటంలేదు అసలు మాటలే రావటంలేదు...    హర్ష బ్రదర్ నీ దేవుడు ఇంకా ఇంకా దీవించును గాక..,non-hate
ఎవ్వరు చెయ్యలేని గొప్ప పని మీరు చేశారన్న మీరు గ్రేట్ అన్నా,non-hate
"Ettaa teesaru bhayyaa...cinema ni writing,performance,music..direction everything is just classic...the best love story ive watched till no",non-hate
Nag sir la natural ga evaru matlada leru...nag sir super,non-hate
Nuv chesthe cinema appadam aithadi saaar,hate
Nuvvu chesunte flop ayyedemonani naa doubt,hate
"ఎప్పుడు పక్కోళా మీద పడి ఏడవటం తప్ప ఎం ఉపయోగం లేదా మీ వల్ల, తాత మీరు ఈ సినిమా చేసే వారా,అది మీ క్యారెక్టర్ నా ఇంకా నయం డీజే టిల్లు కూడా నేను చేసే వాడ్ని అని చెప్పాలేదు",hate
itlantivi ఎందుకు చేస్తారండి meeru rotta cinemalu matrame chestaru sir meeru... any way .. ayina meerante naakistam sir,hate
Manchi Pani iyendi neku rakapovadam,hate
Nv చేసుంటే utterflop అయ్యేది,hate
Em manishulu ra miru bhimbisara manchi movie petukoni...e movie evaru chustaru ra nag,hate
ఉండవల్లి గారు మీరు ఎంత చెప్పినా తాగే వాళ్ళు తాగమన్నారు వాళ్లు అలా తాగుతూనే కదా ప్రభుత్వాలు నడిచేది నా బాధలు ఏంటంటే 20 సంవత్సరాలు నిండని పిల్లలు కూడా తాగుతున్నారు అదే నా బాధ,non-hate
మీరు నిజంగా సూపర్ సార్ మీరు మాట్లాడేది ఏదయినా Exlnt,non-hate
మీడియా సమావేశం పెట్టి మందు గురించి మాట్లాడే మహానుభావుడు,non-hate
సర్...మీరు చాలా బాగా చెప్పారు ...ప్రజలకు అర్ధమయ్యే విధంగా మాట్లాడే నాయకుడు ఎవడైనా ఉంటే అది   మీరు...హాట్సాఫ్ సర్...,non-hate
గురువు గారు ఆ చీఫ్ నిక్కర్ లో కూడా కల్తీ కాల్పుతున్నరు... ప్రతి కోటర్ లో కూడా..... ది నమ్మ జీవితం,hate
e rashtraniki jarige prathi anyayam gurinchi niswardhanga matlade ekaika vyakti meere saar,non-hate
Ma city lo every 1 km lopala 3 wines vnayi last 2 years nundi... licences Ela padithe alaa evhesaru...Iast elections lo TDP ki vote vesinanduku nenu chala badhapadatananu,hate
Me knowledge ku salute sir me lanti vallu ilantivi appudappudu media mundi cheppandi,non-hate
ఇంత చక్కటి సినిమా తీసినందు మీకు ఎలా కృతజ్ఞతలు చెప్పాలో అర్థం కావటం లెదు.. ఈ  classic movie చరిత్ర lo నిలిచిపోతుంది,non-hate
Hanu గారు is a very descent and dignified person unlike the arrogant petty giramouli. Hanu గారు is very simple and down to earth person. Best wishes to him.,non-hate
Geniune banner and andharu chala hardwork chestharu.,non-hate
Meeru cheppindi nijam chesaru hanu garu...aa nijaanni nen e roju theatre lo chusanu no mobile light was on during the movie time...kudos to u,non-hate
Em confident sir movie eeroju chusa meeru movie gurinchi cheppindhi chala thakkuva sir movie extraordinary ga undh,non-hate
Vishal chandrashekhar aa bgm endhira saami edipinchesaav,hate
Hanu raghavapudi love story ante super immersive ga untadi,non-hate
Super comidy mi cinima hit kavali,non-hate
ery pappa la tho comedy very pappa la uanttadhi dhodhu dhodhey,hate
రాజు ఎప్పుడూ రాజులానే మాట్లాడుతాడు...జై ఆర్ఆర్ఆర్...,non-hate
ఇంతవరకు వచ్చినాక చర్యలుతీసుకోకపోతే మిగితావారందరూకూడ విశ్వరూపాలు చూపించి పాపులర్ అవ్వడానికి సిద్దపడతారు..ఇవన్నీచూసి ప్రజలు సచ్చిపోతారు సామి..,hate
ఏదో మాటవరుసకి యూనిఫాం తీసేసి రా చూద్దాం..... అని జె సి దివాకర్ రెడ్డి అంటే మాత్రం,hate
Ycp vunnatha varaku Andhrapradesh paristhi enka diga jaaripotaadi.... Vaalu leaders kaadu maha vedava lu... Okarini minchina varu okaru,hate
SheM gari manasu doche untadu goratla madhavudu; promotion confirm deputy SheM poste,hate
Goppa goppollu ...AP nundi parliament ki vellaru...maa Telangana chala better...anna Maa Telangana lo dikkumalina video samskruthi Inka rale...,hate
అసలైన జాతిరత్నం మన డైరెక్టర్ గారు అన్న వాళ్ళు ఒక లైక్ కొట్టండి,non-hate
మనకి మంచి డైరెక్టర్ దొరికేసాడు నవ్వు కి మించిన మంచి మందు ఏమి లేదు.,non-hate
వేణు స్వామీ మీ మాటలు అన్నీ అబద్దం.,hate
Elanti valanu encourage cheyadam media valu tappu. Veeri mida government charyali tisukovali. Naku telisi jatakalu emi vundaavu ani medhavlu chala mandi chepparu. Public nu cheating chestunnaru.,non-hate
Miru eppudu chanipotharu swamy,hate
Sketch వేసింది ఎవరో కూడా చెప్పండి (దమ్ము ఉంటే),hate
yogi cinemaa muhurtham pettaduu ...adi flop avuddani teliyadu raa maidapindii,hate
"Babu gogineni sir,veedu inka marala please evarikina choopinchandi please",hate
Mundhey potharu ani telsinapudu muhurtham pettina yogi mve flop ani vaallaki cheppadam nek telidha,hate
Cheating cheyadam kante coolie pani chesukoni bratikite chala happy ga vuntundi. Mi lanti vari matalu mudhanammakalu vundevaru nammutaru,hate
రాష్ట్రానికి నువ్వుండగా వేరే మృగం ఎందుకు బాబు,hate
"మీ మాటలు ""అగ్నిజ్వాలలు"". ధన్యవాదములు.",non-hate
Mouli anna content vere level,non-hate
Tammi... Nuvvu benz car kone stage ki asthav...neelo a kasi n talent rendu unnayi... All d best,non-hate
Best Laddu lags pilla award goes to Mouli mama,hate
"bro part 2 cheyandi bro ,chala rojula taravata baga navukunanu",non-hate
"Nenu ippudu hospitallo vunna nevalle navvi navvi chanipoyanu,doctor treatment chesthunadhu(just kidding)",non-hate
తెలుగు లో ఉన్నా అన్ని వ్లోగ్ ఛానెల్ వాళ్లని ఏసుకున్న NTB ఆన్న కి ధన్యవాదాలు..,non-hate
ఎంతో నమ్మసక్యంగ చెప్పావ్ సామి.      నీ కామెడీ తో జబర్దస్త్ చూడటమే మనేసాను.....మీరు రాసుకున్న స్క్రిప్ట్ ఇంకా ఫన్నీగా ఉంది,non-hate
నేను నమ్మను. ఇదంతా సాధ్యం అయ్యే పని కాదు. నీ స్క్రిప్టు వర్క్ కి జోహార్లు రా నాయన. ఎంతో నమ్మసక్యంగ చెప్పావ్ సామి.,non-hate
Chillara Vedhavalu  ruling and ruined the State. Andhrulu andhuly enjoying for their overenthusiastic attitude. Sani dapurinchina Rashtram,hate
Fake లు ఎందుకు చూడటం..Original చూపిస్తాను అంటునాడు పోయి దర్శనం చేసుకొని పాప విముక్తి పొందండి,hate
రాధాకృష్ణ గారికి దూల తీరింది .నభూతొ నా భవిశ్యత్..,hate
A B N  MD రాధాకృష్ణ గారి కి  చుక్కలు చూపించిన   ''K A పాల్ గారు'' మీరు సూపర్ సార్ నీ మాటల్లో నిజాయితీ కల్పిస్తుంది..,non-hate
ఇండియాలో బెస్ట్ లీడర్ కె ఏ పాల్ ఆయన మాటల్లోనే ఉంది నిజాయితీ జై కె ఏ పాల్,non-hate
అన్యాయమా ఆముదామా అవన్నీ చేతకాని వాళ్లు మాట్లాడే మాటలు ఇక్కడ బుర్ర ఉన్నోడు జుర్రుకుంటాడు,hate
మహేష్ అన్న కామెడీ టైమింగ్ సూపర్.. జై మహేష్ అన్నయ్య..,non-hate
Eppatiki oka 200 times chusa kavacchu ee scene kani prathisari adhe feel adhe goosebumps Raviteja acting ki aa voice lo base ki Rajamouli direction ni dominate chesina one and only hero MASS MAHARAJA,non-hate
Nijamga chala natural comedy idi Venu Madhav gaari acting super,non-hate
Venu Madhav lanti comedy evaru ceyyaru I am very very missing Venu Madha,non-hate
ఎక్కడ దొరికిందయ్య సామి భలే పోచమ్మ బాగా ఆడింది బాగా ఆక్ట్ చేసింది,non-hate
"శుభాకాంక్షలు సర్, మీ సినిమాకు ప్రేక్షకులు అన్నిచోట్లా బ్రహ్మరధం పడుతున్నట్లు తెలుస్తోంది",non-hate
మీరు స్త్రీల ను తల్లి అని  గౌరవించే మీ ప్రవర్తనకు   పాదాభివందనం,non-hate
మీలాంటి వారు వుంటే ఆడపిల్లలకు చాలా ధర్మం జరుగుతుంది సార్,non-hate
భరతమాత ముద్దుబిడ్డ అంటే మీరే సార్ ఇలాంటి వారికి శతకోటి వందనాలు.,non-hate
పోలీస్ వేవస్థలో మీలాంటి SP లు ఉంటే పోలీస్ లపై  గౌరవం పెరుగుతుంది సార్...మీలాంటి SP మా తెలంగాణా లో కూడా రావాలి సార్,non-hate
నాకు పెద్దగా పోలీస్లూ అంటే నచ్చరు... కానీ మీకూ నా హ్యాట్సాఫ్ సార్... మీలాంటి వాళ్లు అన్ని చోట్ల ఉండాలని కోరుకుంటున్నాను,non-hate
మీ లాంటి వారు స్టేట్‌ కు DGP  గా వు0టీ స్టేట్‌ బాగుంటుంది సార్‌ అయినా మీకు  మిమ్మల్ని కన్నతల్లి తండ్రి గారికీ నా శతకోటి   పాదాబి వందనాలు,non-hate
తెలంగాణ ప్రజల ప్రాణాలతో ఓచినా పదవి నీది..నువ్వు ఎదో చేస్తావని నిన్ను గెలిపించం కానీ నువ్వు చేసింది ఏం లేదు.,hate
"ఇప్పుడు వాళ్ల ను విమర్శిండానికి  ఈ ప్రెస్ మీట్. ఇంకా ఏం లేదా. వాళ్ల కు బయ పడి ఈ ప్రెస్ మీట్. మోడీ వచ్చి ఎన్ని రోజులకు 
మోడీ పైన విమర్శలు. నువ్వు ఎన్ని చెప్పిన వినే రోజులు పోయాయి.",hate
saar k bayam chicchukocchindi anduke peg esukoni vachhi loda loda notiki vacchindi vagutunnadu,hate
Arey kcr saab మీరు పెద్దగా santosham లో ఉన్నారు సరేనా ఒక్క సారి సీఎం కావడానికి రాష్ట్రం పేరు చెప్పి మళ్ళీ students ప్రాణ త్యాగాలు చేస్తే నువ్వు సీఎం అయ్యహు తెలుసుకో,hate
ఇలాంటి మాటలతో ఇంకా ఎన్ని రోజులు ప్రజలను మోసం చేస్తారు....?? దళిత ముఖ్యమంత్రి ని చేస్తా అని 8years అవుతుంది...ఇంకా ఎప్పుడు చేస్తారు????,hate
దిక్కుమాలిన ప్రభుత్వం..బీజేపీ కి నంబర్స్ లేక పోతే నువ్వు నీ కూతురో నో పోటీచేయ వచ్చు కదా,hate
"Intaki Rahul evadabba, sir indirect ga Congress Rahul Gandhi ki hint istunda kalsipodamani",non-hate
సినిమా చాలా బాగుంది నేను చూశాను,non-hate
"blockbuster hit aindhi movie, nikhil saab acting excellent, bollywood lo already dhummu leputhondhi",non-hate
Movie lo content chala bagundi evvadu apaledu movie ni dilraju kuda,non-hate
Dil raju Cheedapurugu Tollywood ki. Tollywood Karan Johar ee Dil Raju.Ravi teja Krack movie ni kuda elane Tokkesadu,hate
Nikhil annaki ye saport lekunda mass hit kottaadu movie maathram super,non-hate
నిఖిల్ గారికి 100% ఆయన అభిమానులతో పాటు పవన్ కళ్యాణ్ గారి అభిమానులు కూడా తోడుగా ఉన్నారు  జై పవర్ స్టార్,non-hate
"This should be  a good lesson for youngsters.  Moral is "" జీవితం లో గెలుపుకి బందు మిత్రులు ఎక్క్కువ, కాని ఓటమి ఎప్పుడు అనాదే""",non-hate
Karthikeya 2 movie is block buster and story oriented . Karthikeya 2 movie ki screens ivvakapote next nunchi Dilraju movies Anni boycott cheyyali.,hate
Dhil raju manchi cinemal ki alaane chesthaadu. Last time krack movie ki alaa chesaadu. Appudu Krack yegisi yegisi thannindhi. Eppudu karthikeya2 dhorlinchi dhorlinchi thannuthundhi. So anni musukoni manchi movies ni encourage cheyyi...,hate
చాలా బాగా చెప్పారు అన్న దిల్ రాజు గాడు దొంగ నా కొడుకు ఒక మంచి సినిమాని ఆపేశారు కదరా దిల్ రాజు గాడు అయినా ఏమి పర్వాలేదు కార్తికేయ 2 సినిమాకి మంచి రెస్పాన్స్ వస్తుంది మూవీ సూపర్ బ్లాక్ బస్టర్ సెకండ్ టైం చూస్తా,hate
Nikhil ni support chyyandi manchi manchi scripts meeda work chstnnaru,non-hate
"Dil raju cinema ban chestam from degree college group students and antha tamil rockers, paniki malina rajuga",hate
Dilraj pani aiepoedi enka selav enka anni rojulu bye bye Ankul,hate
మూవీ చాలా భాగుంధీ wow ప్రతి హిందువు తప్పక చూడాల్సిన మూవీ ఇది,non-hate
ఈ వీడియో ద్వారా మంచి సందేశాన్ని చెప్పారు అన్న చిన్న హీరోలు కూడా అవకాశాలు ఇవ్వాలని బడాలే పెద్దపుడింగులు కాదని చిన్న హీరోలు కూడా అవకాశం ఇచ్చేందుకు సపోర్ట్ చేసినందుకు ధన్యవాదాలు,non-hate
Nuvvu nijamgaa nippu ....the voice of truth anipinchaav thammi,non-hate
అంత దిల్ రాజ్ బొచ్చుకుకావాలనే ఇంత వెనుక పడి పోతున్నాము మన తెలుగు సినిమా,hate
స్వభుద్ది దూ రంగా పెట్టీ  పరులమాటలకు లొంగీ విలువిస్తాడు కాన సాధకుడు గ నిలిచి అన్నివిధాల రిచ్ ముమ్మాటికి కానే కాలేడు,non-hate
నిజంగా నా మనసు కలచివేసింది తారక్  అన్న గురించి  మీ మాటలు వింటుంటే,non-hate
చాలా బాగా మంచిగా  మాట్లాడరు హరికృష్ణ  గారూ.. CM గా  వచ్చింటే  బాగా ఉండేది.,non-hate
ఎన్టీఆర్ రియల్ లైఫ్ గా కూడా చాలా తెలివైనవాడు మంచి వాక్  చాతుర్యం ఉంది పొలిటికల్ లో కూడా సత్తా చాటే దమ్ము ఎన్టీఆర్ కి ఉంది,non-hate
ఎవరేమన్నా acting లో NTR tiger ను  మించినవాళ్లు దేశంలో film industry లో ఎవరూలేరేమో అనిపిస్తుంది.,non-hate
Evala takkuva theatres se.. Repu chudu... double avtay... mamuluga ledu movie...next level... Gopichand sahasam movie reference undi,non-hate
నందమూరి వారు ఎప్పుడు నిజాయితీగానే వుంటారు అభిమానులు బాగాచుసుకుంటారు గౌరవిస్తారు,non-hate
తెలంగాణా గురించి మొదటి  గా మంత్రి పదవికి రాజీనామా చేసిన గొప్ప మనిషి.. కోమటిరెడ్డి,non-hate
ఎందుకు sir అయిపోయిన పెళ్లికి మేళాలు!!! వదిలేయండి sir. ఇద్దరూ ఇలా తిట్టుకోవడం జనాలకి వినోదం అయిపోయింది sir,non-hate
నూటికో కోటికో ఎక్కడో ఎప్పుడో పుడతారు అది నువ్వే నువ్వే మాస్టారు మా దేవుడు నీవే మాస్టారు మా రాకేష్ మాస్టారు.. అని అన్న దా. మీ లక్ష్మి అమ్మ గారు. అమ్మ అమ్మ అంటూ గెంతు లు వేశారు. అమ్మ చేతి వంట అమృతం అన్నారు ఇప్పుడు అమ్మ ఏమైంది మాస్టర్ జి.మాయం అయిందా అనాధ శరనా లయం ఆశ్రయం అయ్యింద. సేవ పేరు తో డాన్స్ లు వేయండి సార్ ఏమిటో ఈ మాయ తెలియ కున్నాదయ. ఏడుకొండలు స్వామీ,non-hate
సబితా ఇంద్రా రెడ్డికి నిజం గా అంత విలువ ఇచ్చినా పార్టీ మారడం నిజంగా నన్ను షాక్ కు గురిచేసింది.. కాంగ్రెస్ ని అందరూ మోసం చేశారు.. ఏదోఒక రోజు తగిన గుణపాఠం చెబుతారు ప్రజలే..!!,hate
ప్రజల తరపున ఇంత సుదీర్ఘ పోరాటం చేసి తాను గెలిచి మమ్మల్ని గెలిపించిన దిలీప్ సుంకర గారికి హృదయ పూర్వక శుభాకాంక్షలు...జై భీమ్ ...జై భారత్...,non-hate
ilanti panikamalina vallanu interviews cheyakandi plz,hate
అసలు వీళ్లకు విచ్చలవిడిగా ఖర్చు పెట్టడానికి ఇన్ని డబ్బులు ఎలా వస్తాయో?,hate
Ilaa sollu cheppi kaanichestunnadu..,hate
Mottanaki neeku correct mogudu badaleswari ya,hate
Komatreddy Garu Telangana kosam Padavini rajinama chesi Niraahaara deeksha chesina Leadrs lo okkaru...Every one respects him,non-hate
"రఘునందన్ గారికి మంచి భవిష్యత్ ఉండాలి అని కోరుకుంటున్నా. ఇంటర్వ్యూ చాలా బాగుంది, ఫస్ట్ టైమ్ RK గారు బాగా మాట్లాడారు",non-hate
open heart with RK interview లలో  ఇప్పటివరకు చేసిన వాటిలో the Best ఇది. రఘునందన్ గారు స్పష్టంగా ఉన్నారు.,non-hate
"RK garu... Mee questioning bagundhi. But CM ni or Central Minister ni adagalsina questions aduguthunnaru. Overall it's a very good discussion.  My Vakheel Saab thopu, ayana maata muchata vignaanam chaala superb.  Way to go my MLA",non-hate
నాది శ్రీకాకులం జిల్లా.. కానీ రఘు అన్న వాగ్దాటికి అభిమానిని.. సంపూర్ణ మైన అవగాహన కలిగిన నాయకుడు..,non-hate
మంచి వాగ్ధాటి మంచి  నాయకత్వ లక్షణాలు ఉన్న మనసున్న నాయకుడు మా రఘు అన్న. జై భీమ్ జై భారత్,non-hate
చేసిన తప్పు కీ పశ్చాత్తాపం పడేవాడిని దేవుడు కచ్చితంగా  క్షమిస్తాడు,non-hate
Ycp లో నువ్వు చేసిన ఎదవ పని కి పార్టీ నుండి సస్పెండ్ చేసారు... అక్కడ తంతే ఇక్కడ పడ్డావ్,hate
నిన్ను పిలిచి మరి పవిత్రమైన పదవి ఒకటి ఇస్తే ... వెనుక నుండి పట్టుకుంటా .. నువ్వు ఒంగో నేను పైకి ఎక్కుతా అని నచ్చినట్టు వాగితే ఎవడు ఊరుకుంటాడు రా .. ..,hate
కొంచం  కుడా    సిగ్గు లేకుండా ఇంతా ధర్యం  గా సమాధానం చెప్పే మనిషిని  ఇప్పుడే చూస్తున్నాం ఒక్కో ప్రశ్న రాడ్ దింపినట్లు అడిగారు RK గారు సూపర్,hate
క్షవరం అయితే గానీ వివరం తెలియదు లెండి.... పృధ్వీ గారు,non-hate
చాలా సంతోషం  తప్పుని తెలుసుకొని  స్వచ్ఛమైన మనసు తో మాట్లాడుతున్నారు... మంచి  మార్పు.,non-hate
"ఎవడో గట్టిగా కొట్టాడేమో ""వెనుక"" నుండి.దెబ్బకి పోయిన మతి తిరిగొచ్చింది..ఏదైతేనే మీకు మళ్ళీ మంచి రోజులు రావాలి బాబాయ్..",hate
"ఆపరా.... నువ్వు ఒక అమ్మాయి తో నీచంగా వ్యవహరించి, వెనక నుంచి గట్టిగా పట్టుకుందా మనుకున్నా అని నీ character lose చేసుకున్నావ్... ఎవడెం చేస్తాడు?",hate
అన్న నువ్వు ఇదే fire తో continue అవ్వు. ఈ fake Youtubers and Travellers ని అంతం చెయ్యాలి. వీళ్ళ వల్ల ఎంతో మంది Unique content క్రియేటర్స్ కనుమరుగవుతున్నారు. You just keep going bro,non-hate
"నిజాన్ని నిజాయితీగా నిరూపించడం చాలా కష్టం అది నిజాయితీగా ఉన్నవాడికే సాధ్యం నీలో ఆ సత్తా ఉంది, నిజాయితీ ఉంది",non-hate
ఈ యాం కరు గారు  ఎంత బాగుంటారో చెప్పనలవి కాదు.  నాకు ఎంతో గౌరవము ఇష్టము; ఈమె ఇంకా ఇంకా కనిపించాలని నాకు ఆశ,non-hate
"రాజ శేఖర్ రెడ్డేమీ ప్రజాక్షేమం కోరే గొప్ప మనసున్న మనిషి కాదు. ఆయన “మహా మేత” అయితే, ఆయన కొడుకు జగన్ తండ్రిని మించిన “మహా మహా మేత”.",non-hate
జగన్మోహన్ రెడ్డి వల్ల పిల్లలు బాగా చూసుకున్నాడు అని యాంకర్ వాగు తోంది వాళ్ళ పిల్లల్ని కాక నీ పిల్లలు బాగా చూసుకుంటారు,hate
"మీ ఇద్దరికి దేవుడు సంస్కారం ఇచ్చిన ఉపయోగించడము లేదు ఏమైంది మీకు,  అలాగే జర్నలిజం తో పాటు అబద్దాలు చెప్పడము కూడా బాగా నెర్చారు. అన్ని దగ్గరుండి విన్నట్లు చెపుతున్నారు. చీ చీ చీ",hate
"Thq sir,challa chakagaa chayparuu...",non-hate
"Krishnarao garu 2007 episode marichipoyara, viveka resighnation kcr bypole time enduku e dabba kaburulu",hate
",waste interview vunnappudu oka maata lenappudu okamata",hate
"Kvp ki telusu jagan wtlanti vaado, anduke doiram jarigaadu,  karma emitante ap prajalake teliyatam ledu",hate
"Jagan ni poguthunnava, leka mingutunnava...indirect ga jagan secret lu ani cheptunnav.",hate
"మీరు చాలా అదృష్టం వంతులు మీకు దేవుడు మంచి అన్నను, తమ్ముడు ను ఇచ్చారు.",non-hate
సార్ నాగబాబు గారు మీరు మీ ఆర్థిక పరిస్థితి గురించి ఆలోచిస్తున్నారు అందులోని సాంగ్స్ నా జీవితాన్ని ఒక స్వర్గం లా మార్చాయి సార్ సూపర్ హిట్ సినిమా సర్ ఆరెంజ్ ఇప్పటివరకు నేను ఆ సాంగ్స్ వింటున్నాను మీ వల్ల సూపర్ సూపర్ నాగబాబు సార్ ఈ సినిమా నాకు ఫ్లాప్ కాదు హిట్టు,non-hate
ఆరెంజ్ సూపర్ మూవీ ..ఈ..రోజులో...సూపర్ హిట్ అయ్యేది...నాకు..చాల ఇష్టం..ఆరెంజ్ మూవీ,non-hate
పవన్ కళ్యాన్ గారు చిరంజీవి గారు పెర్సనల్ లైఫ్ కూడా గ్రేట్ నాగబాబు ని సేవ్ చేసారు స్వార్థం కొంత విడనాడి,non-hate
ఓపెన్ హార్ట్ విత్ ఆర్కేఇంటర్వ్యూ అంటే మనసులో ఉన్నది బైటకి తీయాలి అనే ఉదేసం ... నిజాలు నిప్పు లాంటివి .. చాలా థాంక్స్ సార్ మేవల్ల చాలా విషయాలు నేర్చుకుంటున్న ...,non-hate
"RK గారు మీకు, మీ టీం కి దన్యవాదాలు, సుతి మెత్తగా ప్రశ్నలు వర్ణించారు  అహంకారికి ...అహంకారం కాస్త తగ్గినట్లు అనిపిస్తొంది",non-hate
బ్రదర్ ల గురించి మీరు బాగా చెప్పారు ego లేకుండా చెప్పారు,non-hate
సార్ కెసిఆర్ గారు విషయాలను పూసగుచ్చినట్లు చెప్తున్నారు మాధవ రెడ్డి నయీమ్ ల సంబంధించిన వివరంగా మాట్లాడడానికి ఇబ్బంది పడుతున్నారు మీరు కూడా హండ్రెడ్ పర్సెంట్  ఫేక్,hate
దిలీప్ చందర్ సార్ గారు మిరు ప్రతివిషయాన్ని వక్రీకరించి చెప్తున్నారు మీరు చెప్తున్నా మాటల్లో కొన్ని అబద్దాలు కొట్టొచ్చినట్టు కనపడుతున్నాయి,hate
మోహన్ బాబు గారు కొన్ని ప్రశ్నలకు సమాధానం చెప్పలేక బిక్కమొహం వేశాడు. నీళ్లు నములుతున్నాడు,hate
నాయకురాలు సినిమా నుండి నేను నాగబాబు అభిమానిని. మెగా బ్రదర్స్ అంటే చాలా ఇష్టం. గొప్ప అన్నదమ్ములు,non-hate
రజినీకాంత్ గారితో open heart program చూడాలని ఉంది.,non-hate
"Love U Mohan Sir, మన బతేనయ్యకోన సాక్షిగా మీరు కాక ఇంక ఎవరు సినీ కళామ తల్లీ కి నిజమైన నీరాజనం పట్టే కళామ తల్లి ముద్దుబిడ్డ మీరే",non-hate
"Minority ayithe vadhileyaala , vaallemayina Nawab laa , vaallakemayina kommulu molachaaya , vaallemayina swargam lonchi oodipaddaara , minorities ki ee special treatment endhiraa",hate
Note this point.. minorities kabatti vadileyandi... Ranakeeyanakula ilanti appeasements Valle ivaala minorities jaripe dhamana Kanda lo majority people Bali avtunnaru..,hate
absconding ....nayeem and madhav reddy relation gurinchi prathi mata fake cheputhunnadu... telusu kani abadham  cheputhunnadu...,hate
"Paritala nu nuvve sampinavu raa nennu gaali, vaana devudu sampeedu",hate
"Assaminchani suryudu ma paritala ravanna, champi chindhi nuvu nikodukey, andukey ni maranam uhathitham.",hate
Niku sambhamdam leda anduke ni shavam kuda dorakakunda chesadu god,hate
Mahanu baava ela kannavayya ee Basmasurani,hate
"Arey ysr garu Mee కిరాతక కుమారుడు jaggu హస్తం 100 పర్సెంట్ ఉంది. సీన్ అయిపోయింది immediately Bangalore jump అండ్ అక్కడ సెక్యూరిటీ  సిబ్బంది హడావిడి కూడా జరిగింది అంతా afternoon 2-30 pm to 4-45pm Kalla bellary nundi escape ani telusu. Akkada aa హడావిడి situation lo కొందరు  jaggu body guards and securities హఠాత్తుగా , కంగారుగా అక్కడి ట్రాఫిక్ లో struck aie , chala problem tho duty ki reach అయ్యారంట.",hate
Evaru adigaruu raaaaaaaa ninnu,hate
పరిటాల రవి అన్న పేరు వింటేనే ఏదో తెలియని  పులకరింత మన శరీరం లో....జయహో పరిటాల...... మనిషి పుట్టుక 100 సంవత్సరము   లు అవసరం లేదు....అన్న లా ఒక్క రోజు చాలు..,non-hate
విలువలు తెలిసిన మనిషి విలువైన మనిషి ...,non-hate
Rayalaseema simham paritala Ravi telugurashtrala devudu NTR but family members of both have utterly failed to carry the legacy of these both in their respective range and categories,hate
అనంతపురం లో పుట్టినందుకు గర్వంగా వుంది నాది తాడిపత్రి నియోజకవర్గం శ్రీరామ్ అన్నకు ఓటు వేసే అవకాశం లేనందుకు బాధగా వుంది. జై పరిటాల,non-hate
పరుచూరి గోపాల కృష్ణ గారి కి నమస్తే మిమ్ములను మొదటిసారి భార్గవ రాముడి సినిమాలో చూసాను సూపర్ వెరైటీ యాక్షన్ సార్,non-hate
పరిటాల శ్రీరాములు భూస్వాములు భూములు పేదలకు ఇచ్చేయాలి అని బలవంతం చెయ్యటం తప్పు సర్ డబ్బెవరికి చేదు ఇస్తే నీ భూములు ఇచ్చుకో అంతేగాని బలవంతం గా లాక్కోవాలి అనుకోవటం తప్పు అందుకే చచ్చాడు ...ఇక పరిటాల రవి ఒక రౌడీ అలాటివాడి గురించి మీరు చెప్పటం అంటే కులగజ్జి కాకా ఏమిటి ది సర్ బుజం మీద కమ్యూనిస్ట్ కండువా వేసుకుని కాస్ట్ ఫీలింగ్ చూపిస్తున్నారు పరిటాల రవి అనేవాడు కూడా కమ్యూనిస్ట్ రూపం లో ఉన్న ఒక రౌడీ అంటే నయీమ్ కి పరిటాల రవి కి తేడా ఏమి,hate
Johar ravanna Ilanti lavada politics ki meelanti powerful leaders asalu unte ... Okkokadu darilo undevadu,hate
Bro mee ANCHOING chala chal chala decent gaa untundhi,non-hate
నీకు అసమంటి అన్న తమ్ముడు ఉండటం చాలా చాలా అదృష్టవంతుడివి అన్న.,non-hate
Ravi anna oudi ounte nani vamsi anil kumar ambanti lanti vaalu noru lepevaru kaademo,hate
దేనివల్లనష్టపోయడంటే(ఆరెంజ్ )సినిమావల్ల తరువాతపవన్కళ్యాణ్ save చేసాడు,non-hate
mohan babu oppukunna oppukokapoyina chiranjeevi peddankanni vachchina gouravam m taggipodu,hate
చిరంజీవి గారు  ఇష్టం లేనప్పుడు  ఆయనతో  ఎందుకు వాయ్స్  ఓవర్ ఎందుకు చేయుంచుకున్నారు మీ సినిమాలో.,hate
Maa nagababu Garu is great person devudu eppudu meethone vuntaru sir,non-hate
Chala baga cheparu . nagababu sir help chesena chepukoru .meru brothers kosam baga cheparu,non-hate
"Rajakeeyam lo nenu miku full opposite kani, miru mee brothers gurinchi chepthunte na kallu chemarchayi nagababu garu, really love you",non-hate
రాజకీయాలు ఏమో గాన)ఇలాగే ఎప్పుడూ  వు౦డాలని ఆసిస్తున్నా,non-hate
వాళ్ళు వాళ్ళు బానే వుంటారు మధ్యలో ఫాన్స్ చావకండి రా మీ అమ్మ నాన్న కోసం చావండి ok,non-hate
RK Garu neku interview cheyadam rakapoty miskuni veray vallaku chance evvandi niku respect evvadam teledu,hate
Papam suri ki chala badha vundemo anduke ane sarlu attack chesadu,hate
Sethamma vakitlo serimalle chettu  nenu 9th  lo unnappudu vachindhi nen 9times chusna ade the best  movie Nadi,non-hate
Anduke meeku devudu jabardasth show iccharu varun tej ki anni hits iccharu,non-hate
Orange movie Epatiki chusina kothaga untadhi ....ndhuko thelidhu i love to watch dat movie,non-hate
Guruvu garini kalavalekapoyanu ane Chinna baada kakapothe Aayana puttina roje Nenu puttanu naku adoka santhosham Dasari garu vunte ey MAA Elections Kani kotha talent vunnavalani kani Gurthinchi Avakaasham ichevaalu,non-hate
Guruji meeku evvaru saatiraaru Johar Dasari gaaru,non-hate
Dnr sampadinchalani anukunte today ciniema field lo ewaru sariporu mahanubavudu daring man,non-hate
"Manchi manasu, havabhavalu  ela kavalante  ala palikinche, kalamathalli  mudhuu  bidaalu druvatharalu nela  ralaru andhulo  oka mudhuu bidaa  dhasari  garu",non-hate
Cinima vallu mottam e  episode chusi aena buddi techukondi tickets rates vishayam lo,hate
DNR still old school...  Kalam tho Marakapote evaru aina kala gharbham lo kalisipotaru.,hate
Na guruv gariki padabhi vandananalu,non-hate
ఒరేయ్ రాధాకృష్ణ ముందు ఎవరిని అయినా ఏ ఊరు ఎక్కడినుండి వచ్చారు అడిగాలి రా,hate
Ni bondha ra  NTR records badhalu kottava..!?,hate
Marri nevvu am I pekavu,hate
దాసరి నారాయణ అనే టైటిల్ ఏంటి ఆర్కే దాసరి నారాయణ రావు అని టైటిల్ పెట్టు ఇక్కడ కూడా నీ బుద్ధి చూపిస్తున్నావు,hate
Rk గాడు బాధ పడుతున్నాడు.  లోపల ఎందుకంటే దాసరి కమ్మ కాదు గా,hate
"ఇలాంటి వారు మా కన్నడ గొప్ప నటుడు డా రాజకుమార్ జొతులొ ఒక్క సినిమా ఐతె చేసి ఉంటే,,,!!!!",non-hate
అనిల్ కుమార్ గారిది తప్పలేదు కానీ ఇలాంటి సమస్యలు కూడా  రాష్ట్రంలో ఉన్నాయి అని బాగా తెలియజేసారు.,non-hate
Reel Life lo jaruguthay anukunnam రియల్ లైఫ్ కుడా జరుగుతాయని ఎప్పుడు తెలిసిందే సూపర్,non-hate
పక్కవాడు గొప్పవాడు ఐతే ఇలాంటి ఎడ్చుకునేవాల్లు ఎల్లప్పుడూ ఎడ్చుకునే వుంటారు.,hate
ఇటువంటి ఫేక్ కాల్స్ చాలామంది చేస్తూ ఉంటారు ఎవరు నెంబర్ చెప్పి ఇబ్బంది పెడుతుంటారు ఇటువంటి వాళ్ళకు పైన కేసు పెట్టి లోపట పడేవ్వాలి సార్ అనిల్ కుమార్ యాదవ్ గారు ఎమ్మెల్యే దేనికి తగ్గాల్సిన అవసరం లేదు వాళ్ళు ఎవరో చూసి వాళ్ళ పైన కఠిన చర్యలు తీసుకోవాలి అప్పుడే నీ పైన ఉన్న మచ్చ తోలుతుంది సార్,non-hate
ఎంత క్లారిటీగా ఇంత వివరంగా చెప్పేవాడు ఎవరూ లేరు .100% కరెక్ట్ గా చెప్పారు,non-hate
వర్మ గారు చెప్పింది 100 శాతం నిజం. పరిశ్రమలో జరిగేది వేరు... మనదాకా వచ్చే విషయం వేరు. రాంగోపాల్ వర్మ గారు సామాన్యుడికి అర్ధమయ్యేలా అన్ని చాలా బాగా చెప్పారు.,non-hate
mallanna tappudu darlo vellaku. oka melu jarigetappudu konni vishayalu oppukovali. mana paruvu Manam teesukundam entavaraku correct.  Kcr bathroom biryani gurinchi telisi kuda chala mandi peddalu niraharadeeksha ni munduku techaru kada . jarige melu telusuko.adi andariki manchidi,hate
Ambedkar gari gopathanam gurinchi chepaka ne carector nachindhi mallana good,non-hate
Antha vadaina kani awaru aina sare antha dabbu una time osthe anthe only good karma can help you in delaying things anthe,non-hate
అవసరాల కోసం దారులు తొక్కే పాత్రలు అనే దానికి ఉదాహరణ ఈమె జీవితం,hate
నువ్వు మహా పతివ్రత వి. అందుకే అన్న గారి కుటుంబాన్ని ఇంతల వీధి లో పెట్టావు. Same నీ లాగే ఆ ఇంటికి వచ్చిన ఇల్లాలు హరికృష్ణ రెండో భార్య shalini ఈ రోజుకి కూడా NTR ఫ్యామిలీ గురించి ఒక్క ఇంటర్వ్యూ కూడా ఇవ్వ లేదు ఆ మహా ఇల్లాలు Jr.NTR తల్లి గారు. ఆవిడ చేతులు ఎత్తి నమస్కారం చేసే అర్హత గల ఆవిడ,hate
దేవుడు మీద ప్రమాణం చేసి అంతా నిజం చెపుతా.మాయ లేడివి. మహమ్మారివి.,hate
NTR గారి జీవిత చరిత్ర రాస్తా అని చెప్పి ఆయన జీవితాన్నే మార్చేసావ్ కదే తల్లి  Bad చాప్టర్ ఇన్ NTR లైఫ్.,hate
NTR film same Lakshmi garu chepinattu tisaru.. real story. Am extra topics add cheyaled. Jai RGV. NTR story mothm lakshmis ntr lo poorthi ga chupincharu. Jai NTR,non-hate
ఏదీ ఏమైనా  వృధాప్యంలో ntr గారి అవసరం మీ జీవితాన్ని చీకటి బిలం చేసింది,non-hate
నేను ఓపెనహార్ట్ విత్ RK తప్పక చూస్తుంటా.  ఇంత దరిద్రపు ఇంటర్వ్యూ పెట్టకుండా వుండాల్సింది.  తేనె పూసినకత్తి,hate
Devudu lanti manishini cheda dobbataniki anni times kalavataniki try chesava....... Niku dandam thalli God lanti manishi life history lo oka mark laga unnav.....,hate
"హరికథలు, బుర్రకథలు చెబుతాను అని వచ్చి  ఎంత పనిచేసేవు....",hate
"Mahanati nuvvu swardaparuraluvi.anta gowravam unte kuturila,marochu.kaani kattukonna mogudini vadhilesavu.modati mogutu kooda vadelesav.swardam kosam NTR garini mabbipatti manchidanila natinchi mosamchesav",hate
Sir Meru elanti varitho interview cheyaddu,hate
అన్నా నెక్స్ట్ మూవీ ఇంకా గట్టిగా కొట్టాలి... ఆల్ ది బెస్ట్,non-hate
"డెవిల్ మూవీ కూడా Blockbuster నీకింకా తప్పదు దిగ్విజయం... నందమూరి 3 స్టార్స్  జై ఎన్టీఆర్, జై బాలయ్య, జై రామ్...... జై నందమూరి",non-hate
Asalu nuvu kothavallani baga support chestavu anna ni movies baga adali,non-hate
"Interview chesina Murthy gariki naa abhinandanalu, chaala samskaaram ga chesaru",non-hate
నిజంగా మన నందమూరి ఫ్యాన్స్ వాళ్ళ కోసం ప్రాణాలైనా ఇస్తాం కానీ మన హీరోలు అసలు  మనల్ని  పఠియించుకోరు దీనికి  బెస్ట్,non-hate
Ee madya kaalamlo vochina films lo naaku idhi baaga nachindi,non-hate
E movie Gurinchi okkadu negative ga matladina vaadu terrorist ayyi undali..,non-hate
సుమ నీ ఓవర్ యాక్షన్ తగించుకో లేకుంటే కథ వేరే,hate
దొంగలు దొంగలు కొట్టుకు  కుంటారు అంటే ఏందో అనుకున్నా  అది ఏందో ఈరోజు మీ అసెంబ్లీలో మీరు మాట్లాడే మాటలు యావత్ తెలంగాణ ప్రజలు గమనిస్తున్నారు ....,hate
KCR Vi Anni Commission Padhakaale. Kaaleswaram Praject KCR Ku ATM. Kaaleswaram Praject Etthipothala Padhakam Kaadhu Thippipothala Padhakam  Raithu Bandhu Raabandhula Bandhu Vandhala Ekaraalu Unnavaariki Raithu Bandhu Esthunnaadu KCR,non-hate
అదే సీబీఐ అంటే కచరాలకు ఎందుకు బయం,hate
Nv sakkaga matladutunava KTR. TRS lo unnavallu evadu sakkaga matladuthunduuu,hate
Telangana vachinde telangana students chanepovadam vallameto kadu trs,hate
Sollu vagadam ee sollu brothers komatireddy rajagopal garu nd co bro alavatu....! KTR very dynamic nd briliiant leader in India,hate
doralu antene chathagalu west doralu siguledhu kkr and kcr,hate
పద్ధతుల గురించి మీరు మాట్లాడాటం ఏంటి రా హౌలే కేటీర్,hate
Rajgopal reddy sir miru super,non-hate
TRS donga party,hate
Rajagopal neeku ethics levu,hate
Ktr baluputo matladutundu,hate
Aagandi KTR garu mundundi musalla pandaga,hate
Arey ktr motham dochukondira me family nasnam aipotharu ra Sochi andi Homa lu cheyandi… me family nasnam aipotharu,hate
Hloo ktr garu meru rajagopal Reddy garini Peru petti piliche antha thopa nuvv.........,hate
Nuvu Am speaker ra babu,hate
Ktr gudha ninda pogaru,hate
Mukuu neelaku raayi raja,hate
Oreymeepartychattaparty .trs,hate
Ttr dongal trs pata leaders,hate
Jai ktr Anna ....,non-hate
Ktr nuvu ni party lo Valasalu avuthai jagatha mundhu mundhu nuvu ni thandri mathatrame Migultharu Nunu chepindhi jaragakapothe voche election lo nike na votu,hate
100rs revanth batch chi chi Congress ki deposit kuda radhu,hate
విశ్వక్ మంచి పని చేశారు. Tv 9పిచ్చికి మంచి గుణపాఠం.. చెప్పారు,non-hate
"నాగవల్లి గారి మాట తీరు,ప్రవర్తన,సరిగ్గా లేకపోవడం వల్లనే హీరో విశ్వక్ అలా రీయక్ట్ అవ్వాల్సి వచ్చింది..",non-hate
తలసాని గారు మాకు మీ మీద ఉన్న గౌరవం తగ్గించుకోకండి,non-hate
devi nagavalli oka dogga munda media medha cheddha peru testhundhi,hate
"మీడియా వాళ్ళు ప్రజలకోసం పని చేయండి, మీ ప్రయోజనాలకోసం సెలెబ్రిటీల వెంబడి పడితే జరిగే పరిణామాలు ఇలానే ఉంటాయి.",non-hate
Chinna herola mida Chinna cinemala midane mi prathapam...Devi is now playing Lady Victim Card  against Viswak Anna...We All Public should support him...Stay strong Anna...we are there...we will make ur movie to go well...,non-hate
RGV గారు మంచి క్లారిటీ గ ఉన్నారు తేర వెనక  ప్రతిఒక్కరూ చేసేపని ఈయన తేర ముందు చేస్తున్నారు అంతే,non-hate
"TV9: moddalo ethics, nijathyi ni memu pattinchamu",hate
devi Anni adugu bed room lo evaru first,hate
"RK గారు, సగం మీరే మాట్లాడేస్తున్నారు, దయచేసి అవతలివాళ్ళని పూర్తి గా మాట్లాడనీయండి.",non-hate
మంచి నటులు బ్రహ్మాజీ గారు..,hate
lanja rhea thana acting appi nijam opukvaali thanu thana moddalo acting,hate
rhea dabbu kosam mosali mahesh bhatt modda chickindhi,hate
Deepak Kalal Increasing His Haters In To A Fan Day By Day,non-hate
tara bhai joginder oka chinal chutiye manishi paniki malina vadu,hate
joginder:bhoompak ayaega  deepak: tante ni pellam puku padutavu,hate
Deepak bhai is great great comedian,non-hate
tweet:enduku kumail najaini  gudda chaal rangaluo vuntadhi kumail: enduku mi amma lipstick vunthadhi,hate
sofia vegara has a voice like notlo modda erikupoyi vuntadhi,hate
ee manishi nirupinchadhu thanu andari entarin cheyaladhu emi bothulu vadakundha,non-hate
i hate karan because thana mokkam naku shit kurchuvalani korika,hate
karan johar asla modda levadu anta andukey ammaila mataladuthaane vunatru,hate
richard jerkins na gudda ni pellam notlo pettali,hate
taracy morgan modda oka murgi poyindhi vuntadhi endukuey ante karey gah vuntadhi,hate
మోదీ ఒక ప్రళయం ఆయనను టచ్ చేస్తే ఇక అంతే పాకిస్థాన్ కి ఇప్పుడు బుద్ధి వచ్చినట్టుంది..జైమోదీ,non-hate
tom hanks  gudda kompu kodutar manachigah koduko modda,hate
shaq modda ante vunnavu ra kevin neku enduku affair,hate
gangam style moddalo paata naku mic mokam dengali anipistahdi,hate
drake nuvvu daridam gah vuntavu entha ante cude oil chetha inka baguntadhi,hate
simon cowell u my frnd nuvvu oka paniki malina modda vi enduku putavu telidhu,hate
sia vinadaniki notlo motham petta vuntau padutadhi,hate
jennifer aniston nuvvu andari gudda nakutavu,hate
courtney oka  poru lanja andari modda nakudhi,hate
"కరెక్ట్ గా, సూపర్ గా సమాధానం చెప్పారు అయ్యన్న పాత్రుడు గారు.",non-hate
కొన్ని ఆంధ్ర పందులకి బురదలోనే (ycp)ఆనందం...ఏం చేస్తాం పంది జాతి కదా అట్లాగే ఉంటది,hate
chandra babu oka donga na koduku ap ni naisham chesthadhu,hate
roja lanja blue films cheshukonedanvi nuvvu mp enti?,hate
roja ninnu choosthey nak guddalo edo nakuladhi nuuvu ni barrey guntu,hate
jagan policy amma vadi dabbulu veya nanna guda lo nalugdham,hate
jagan valla ma jevuthalu modda kuripoyindhi nuvvu kukka modda laga chasthavy lanjakodaka,hate
kodali nani  koja na koduku mla lankadhnulu okati levu,hate
naku asla courtney cox nachadhu thanu thana moddalo overacting #pussyhoecourtney,hate
ananaya panadey vi nimma dabbalu lanti payalu,hate
"బంగ్లాదేశ్ ప్రజల కు వున్న జ్ఞానం పాలకులకు లేదు! బంగ్లాదేశ్, పాకిస్థాన్ లను నమ్మి మోసపోరాదు! చేసిన తెలివితక్కువ పనికి ఫలితం అనుభవిస్తున్నారు!",non-hate
ee chetha vedava ku copper dam ante emito telusuna 1st adi cheppamanandi,non-hate
veedu jagan sanka Baga nakeshadu,hate
వారు ఎవరితో పెట్టుకుంటే మీకెందుకుసార్.మీరు రోడ్లు ఎందుకు ఇయ్యలేదు? ప్రాజెక్టులు ఎందుకు కట్టడం లేదు? ఎందుకు ఇంత అప్పులు చేస్తున్నారు మద్యపాన నిషేధం ఎందుకు చేయలేదు? కంపెనీలు ఎందుకు తీసుకురావడం లేదు?,non-hate
me janasenaki Anta seen Ledu arunA medam,non-hate
jagan lanjagadu e meeting lo emi matladuthado vadike theliyadu,hate
ycp party Roudy Rajyam tharimikotali,non-hate
నీకు భయం పట్టుకున్నదని స్పష్టంగా తెలుస్తోంది.,hate
"BABU KCR , MEERU CONGRESS THOTHU, MODI SIR GURCHI MARYADAGA MATALDANDI",non-hate
meri nv Appu tiskoku central government nunchi inka cooperation loan tiskoni 5lakhs crores aapu lo undi telangana state.. please stop free free schemes..,non-hate
​raani pramadam raani no problem.. next tym bjp ki vote veyandi telangana prajalara,non-hate
​trs nu odinchedhi only bjp,non-hate
​debate la lo paalgone TRS naayakulaku edhutivaarini maatladaneeyakapovadam samskaaram kaadhu.,non-hate
KCR 420 TRS party 420 party,hate
Louda TRS,hate
Bangaru Telangana yevarikhi vachindhi ? Ache din yevarikhi vachindhi ?,non-hate
sir meeru vastee alochinchadaanikeee chaala best future for our generation.... ee musali dhopidi politics poovali,non-hate
time waste sir jagan cheyalenidi meeru ela chestaru devudu kadu kada ap problem cheyavaddu,non-hate
niku oka cinimalu 100 kotlu nikendukura annikastalu vidu sodi pedalaku yemievvadu maremi sestavu bayya,hate
meru gelvali jai jenasena pavankalyan sir,hate
gorantla madav issues side chyadaniki jenasena ni kelikaru yeppatu lane,non-hate
​pavan anna madagudu ra ani cheppa,non-hate
nuvu pulivendula ke rara pukaa,hate
first move doilogs api 3 wife laki nayam chesi tavata nethulu. cheppu babu partner ok,hate
​pawalagadi gorrelaki avesam thappa alochana ledhu,hate
JAI CM JAGAN MOHAN REDDY GARU JAI YSR JAI YSRCP,non-hate
Jai Jagan verevallaku avakasam iste marala AP reddoche modalette AP develop kavatam kastam,non-hate
"Jagan KD No.1 behavior is like Thuglaq , after some time , Jagan KD No 1 will make 30 Capitals in AP. Jagan will ask Modi to make 4 Capitals for INDIA, East ,West ,North & South Capitals.",non-hate
study chesi kcr em pikindu velumundra ayina pm position lo undu that is modi,non-hate
desha ki pattina daridram modi,hate
elaanti sannasi matalu vinalani maku ledu mundu sari ga matladu mariyada ichi puchukovale anthegani Telangana slag Ani memilage matladtha mante vere partila telanganollu kada,non-hate
​kcr ni cm chesindi ilanti sannasi panulu cheyadanikekad cathakakapothe musuko,non-hate
​veedu jagan sanka Baga nakeshadu,hate
టీవీ9 పనికిమాలిన ఛానల్ గొడవలు పెట్టే చూస్తుంటుంది,non-hate
​trs party lo telangana kosam poradina valle unnara poratam ki vyatirekam ga unnollani ministers ala chesinaru..gurivinda ginja ki kinda unna macha kanapadadu,non-hate
thu bandhu lu andaru rythulaku echinattu andaru dalithulaku dalitha bandhu estara..meeru m ina mee own amount estunnara ma amt make estunnara..,non-hate
​Chandrababupedayana Patra postunara 24cgantalu Jagan titunte matlaadatara,non-hate
​Jai Anitha Akka Jai TDP Jai Telugu Desam Jai Lokesh Jai TDP,non-hate
​venkata reddi yadava ninnu cheap gah vallu kanapade thantharru take care,hate
me koduku ki eva ra poka,hate
Rayalaseema Leders povali jsp ravali pavan kalyaan garu real Indian real god jai bheem,non-hate
420jagangadu povali pawankalyangaru CM khavali rastam bagupaddali jai janasena jai pawankalyan,non-hate
meeku assalu em matladalo kuda telidhu edo vaagaali vaaguthaaru nv pedda leader vi nv cheppindhe nijam enduku paniki maalina debate lu,non-hate
ycp party Roudy Rajyam tharimikotali,hate
kodali nani jagan sanka Baga nakeshadu,hate
"Janasena vallaki subject ledu, ye debate aina okate note",non-hate
​ycp rip jai janasena jai pspk,non-hate
​4 lakh crore apu cheshadu yekada poyayi sigu leni lanja,hate
​wow pawan jee what a idia ur running mak govt with movie style most hilight comedy of pawan garu enjoy jai hind jai jagan,non-hate
niku family undi gah ra jagratamma venkata,hate
ఎక్సలెంట్ స్పీచ్ బ్రో చక్కగా వివరించారు జై జనసేన,non-hate
The great honest true leader Pawan Kalyan sir cm kavali nyayam jaruguthundhi ap prajalaki sir,non-hate
బాగా చెప్పారండి ఇలాంటి వాళ్ళని మళ్లీ గెలిపించుకుంటే ఇంకా బూతులకు హద్దు పొద్దు ఉండదు. ఏమాత్రం సంస్కారం ఉన్నోళ్లు అలాంటి వారికి ఓట్లు వేయరు,non-hate
సూపర్ అన్న జై పవన్ కళ్యాణ్ జై జనసేన నెక్స్ట్ సీఎం పవన్ కళ్యాణ్ గారే,non-hate
Meeru Chaalaa..Baagaa..Cheppaaru Brother..!,non-hate
Miru enta mothukunna prajalu mararu. Elections vaste  tisukoni  vote vestaru......,hate
Jayaho Janasainiks. Oka lakadi gadi gurinchi time waste chesukovaddu. Prajalu chepputho kotte rojulu daggaralo unnayi,hate
Super tammudu,non-hate
వాడికి ఎంత కుల పిచ్చి అంటే jr ntr ni దేశమంతా ప్రచారానికి బీజేపీ ఉపయోగిస్తుంది ఆట.,hate
"శభాష్, కొడాలి నాని కి బాగా గడ్డి పెట్టావు.",hate
దుమ్ము దులిపేసారు చేకొడి గాడికి,hate
సూపర్ సూపర్ సూపర్  భరణీ  గారు  సినిమా ఇండస్ట్రీ కేరెక్టర్ ఆర్టిస్టు  ల  వేదన  మీకు  బాగా  తెలుసు   చాలా సంతోషంగా ఉంది కృతజ్ఞతలు,non-hate
ఇంకొక సినిమా నార్త్ ఆడియెన్స్ మీద దండయాత్ర చేయటానికి సిద్దం. చూపించండి సౌత్ సత్తా ఏంటో. అల్ ది బెస్ట్...,non-hate
ఛార్మి నీకు తెలుగు వచ్చు కదా తెలుగు లో మాట్లాడు,hate
Mike Tyson tho Puri tho cheyadam vijay luck,non-hate
Telufu interview lo hindi comments enduku chupistunaru..... Ma cinema antha fame aindi ani chepukodanika,hate
Mekalu flower thinna tharutha Vijay deverakonda anna Himalaya vellipovali,hate
Ananya baaga kathal padthundu enthaina Bollywood kada,hate
Charmi ki Edo ayindi navvaleka sachipothundi,hate
Boycott దిశగా Liger,hate
Suma athi thelivi vd haadi attitude  promotion Motham dobbesindi,hate
Charme intha over action enduku chestondi,hate
Sodi akkuvuga undi matter ledu doubt hey,hate
Charmie chiraku teppistundi,hate
E roju e liger movie chusa uttar flop movie jeevitham meedha virakthi puttipoyindhi,hate
Suma garu koncham thagichuko,hate
Em kanapadathunnayi bokka,hate
పూరి sir liger movie black baster మీకు all the best sir,non-hate
Anna miru thaggadhu miru thopu Mi tharvathe avaraina,non-hate
సుకుమార్ స్టోరీ బాగానే రాస్తాడు,non-hate
"చాలా కష్టపడ్డారు అన్నయ్య, అందుకే అంత మంచి హోదాలో ఉన్నారు",non-hate
"Mega star ane person , definitely evadu oppukunna oppukokapoyinaa inspiration to many people long live sir",non-hate
Ilanti avamanalu chiru ni megastar ga nilabettai.. He is our inspiration.. Love you chiru..,non-hate
Dear chiranjevi sir meku yavaru blame chasina ne kosam memu unamu ee pranam unanta varaku,non-hate
Ippatiki mee anna vinayangaa chethulukattukoni Nilabaduthunnadu,non-hate
"Aa yedawa, daddamma yewadoo kaadu mohan babu",hate
Director skill mida Prati pakodi gaadu comment cheyadamey comments lo judge laaga,hate
పూరి సుకుమార్ దగ్గర అసిస్టెంట్ గా చేరాలి. బాగా నేర్చుకోవచ్చు. Liger సినిమా అంత దరిద్రంగా తీసాడు.,hate
చిరు అన్నయ్య పేరు ఎత్తకపోతే కొందరికి భవిషత్ లేదు,non-hate
"Megastar tho dutt garu 4movies theesthey 3 industry hits.charan janvi tho thwaraga jvas 2 thiyyandi
Dutt garu",non-hate
Ippudu unna vedavalaku yemi telusu anna chiru.,hate
"Father constable ani cheppukodaniki siggu padutunnadu adava maradu ,inspector ani cheppukuntadu, nelantolla valle mega family entha edigina evadiki respect ledu",hate
Ikkada konni Snow Kukkalu morugutunnay,hate
Aapandi ee dabba maatalu .Chiranjeevi garu good and inspiration for upcoming aspirants of film stars.He never spoke as degrade actor of like u.Every time u & ur pk brother bringing his name into controversial issues.,hate
Nuvvu pedda dramagadivi,hate
Mammalni inspire avvamantunnaav. Mari nuvvenduku inspire avvalekapoyaav. Antha goppa vyakthini intlo pettukuni nuvvem peekaav aayana Peru use chesukuni chillara poguchesukovadm thappaa.,hate
Self dabba yekkuva indhi Nagababu nevu ne bussu lu thoo,hate
Vadu vani over action rod la undi movie the great Tyson garini joker ni chesesaru..,hate
Motham cinema podaniki ne over action matala Valle kondanna,hate
bokkalo maddagudu,hate
Konda gani over action kompamunchindi,hate
indiani shake cheyatam api poori di when cheyyi rasam vostsadi,hate
"industry lo inni movies flop ayinay Vijay Puri ante enti antha lokuva meeku Thaathalu thandrulu frame tho Vasthe ne Movies chusthaara ,",non-hate
"సినిమా సంగతి ఏమో గాని మీ విశ్లేషణ మాత్రం అద్భుతం అండి, సినిమా ఇప్పటికి వరకు నేను చూడలేదు, మీ యెక్క వివరణ చుసిన తరువాత సినిమా చూడాలి అనిపిస్తుంది",non-hate
కృష్ణం వందే జగద్గురుమ్,non-hate
"చాలా బాగా explain చేశారు బ్రదర్. Small correction మూలాధార, ఆజ్ఞ చక్ర, సహస్రార",non-hate
నెక్స్ట్ కార్తికేయ 3 మాత్రం సముద్రం లో ఉన్న ద్వారక నగరం మిస్టరీ ...Vere level  లో ఉంటది...,non-hate
ఓపెన్ హార్ట్ విత్ శ్రీ ఆర్కే గారు చేస్తున్న ఈ ప్రోగ్రామ్ అంటే నాకు చాలా ఇష్టం సార్ మంచి మంచి ప్రశ్నలు వేస్తూ ఉంటారు సార్ ఈ ప్రోగ్రాం ని ఆపకుండా ఇలాగే చేస్తూ ఉండాలని కోరుకుంటున్నాను ప్రతి ఆదివారం ఎదురుచూస్తూ ఉంటాం,non-hate
"హిందుత్వం బతకాలి అంటే మాకు రాజా సింగ్ లాంటి నాయకులే కావాలి. జై శ్రీరామ్, జై మోడీ, జై బీజేపీ, జై రాజా సింగ్.",non-hate
బిజెపికి తెలంగాణలో ప్రాణం పోసింది రాజసింగ్ మాత్రమే ఇది బిజెపి వాళ్ళు గుర్తుంచుకోవాలి జై బిజెపి వచ్చే ఎన్నికల్లో కూడా బీజేపీ కలవాలని కోరుకుంటున్నాను,non-hate
"మనుషులు మాయ చేస్తే,దేవుణ్ణి నమ్మినోల్లకు ఎప్పుడూ విజయమే.... Miracle ను మనం నమ్మాలి, అంతే.",non-hate
ఒక Negative comment చేయడానికి కూడా ఆలోచించాల్సిన సినిమా చేశారు . Youth అంటే మీరు కదరా..,non-hate
ఇంతగా మౌత్ పబ్లిసిటీ ఏ సినిమా కి రాలేదు.,non-hate
దిమ్మ దిరిగింది సినిమా చూసి..! సూపర్ అంటే సూపర్ 2022 లో best మూవీ,non-hate
ఆ దేవ దేవుడు మీకు తోడుగా ఉన్నారు ... మెగాస్టార్ చిరంజీవి పేరు చూసి ఈ వీడియో చూస్తున్న... All the best from మెగాస్టార్ ఫ్యాన్స్,non-hate
"నేను ఈరోజు మూవీ చూడాలని అది కృష్ణ జన్మాష్టమి రోజు, ఆ కృష్ణుడు డిసైడ్ చేసినట్లు ఉన్నాడు. ఈరోజు మూవీ చూడటానికి వెళ్తున్న",non-hate
ఆగష్టు 14th చూసా ఈ మూవీ మౌత్ పబ్లిసిటీ చేస్తున్న అద్భుతం గా ఉంది జై శ్రీ కృష్ణ,non-hate
"బూతులు, మితిమీరిన శృంగారం, విపరీతమైన హింస లేకుండా సినిమా చెయ్యలేని వాళ్ళు ఇది చూసి నేర్చుకోవాలి దయచేసి.",non-hate
మంచి వెక్తి చిరంజీవి అంటే ఎందరకో ఆదర్శం,non-hate
Jai megastar e director good మూవీస్ teesadu,non-hate
సమాజంలో... ఒక మనిషి ఎక్కడికైనా వెళ్లొచ్చు కదా ....ఆ మాత్రం తెలియని వారందరూ... చట్ట సభలలో ఉన్నారు... మన ఖర్మ,hate
నాని అన్న నువ్వు పొరపటున గాని NTR అన్న ని ఏమైన అన్నవో నీ life ఖాతం జాగ్రత,hate
మీరు సూపర్ సార్.... బూతులు మాట్లాడటం కొరకు mla / minister పదవి చేస్తున్నారు..... బూతుల రాయుడు,hate
పొరపాటున jr.ఎన్టీఆర్ గానీ BJPలో చేరారనుకో.బుర్రతక్కువోడా నీబుర్ర రామకీర్తన పాడుతుంది.అదెలాగో నీకు 2024కి ముందే తెలుస్తుంది నీకు.,hate
ముందు సరిగా మాట్లాడటం నేర్చుకో ముందు నువ్వు గెలుపు గెలవక పోతే నీ పరిస్థితి ఏంటో?,hate
I think ycp ki 2024 election last anukunta,hate
నీకు మందు కావాలా బీరు కావాలా నీకు పార్టీ ఎందుకు రాజకీయాలు పనికిరలేరు మాటలు నేర్చుకుంటే బాగుంటుంది,hate
Ee country lo evaru ekkadikaina vellacchu ex minister adhi thelusuko Mundhu. Neeku mind dobbinatluvundhi ministry pongane,hate
కొడాలి నాని నీ పని కథం లారీలు కడుగు సార్,hate
Nani garu meeku ciggu vundha mundu paripalana cheyandi  nanigaru,hate
2024 election lo odipothe orey kodali kodini kosinatla kostaru gurtu pettuko,hate
2024 election lo odipothe orey kodali kodini kosinatla kostaru gurtu pettuko,hate
Neku ministar padavi poiana sigguledu nanigaru,hate
"Veedoka Sankara jaati Santanam, malli Veedu matladdam....",hate
దయచేసి ఎవరైనా ముందు వీడిని మెంటల్ హాస్పిటల్ కి తీసుకువెళ్లండి వీడు ఎవరెవరిని ఏం మాట్లాడుతుందో అర్థం కావట్లేదు ఈ నా కొడుక్కి పిచ్చి పట్టింది,hate
Vache election tarvatha nuvu ekkadiki veltavo chudam go to assam sir,hate
Orey niku siguledu ni kendhukura Chandrababu hero raOrey niku siguledu ni kendhukura Chandrababu hero ra,hate
రామోజీ రావు ని వీడి కనా వేస్ట్ గాడు అన్నావు ఆయన్ని కలవటానికి  నీవు చెప్పిన అమిత్ షానే  అయన ఇంటికి వెళ్లి కలిసాడు సోంబేరి వదవా  నీకు ఎమితెలుసు రా .,hate
Orey appudaina navvutu matladav ra broker na kidaka,hate
Yadavalu andaru mla la,hate
Reay nani nuvvu first respect ecchedi nersukoo nuvakka MLA nikokka minister padavi nikundi next neki MLA padavi untundoo emo chuskoo .nuvvu pawankalyan anna gurunchi matladtava 5 yrs back nuvvu yevoroo ani evvariki teledu .nuvvu weast gadivi ntr gurinchi Chandrababu gurinchi andaru weast ha.  Mee ysrcp mka matramena great chupistaru ley next election lo,hate
ఏ కోడలు నాని నీకు ఉంది వచ్చే ఎలక్షన్లకి నీకు ఉంది బయ్ నువ్వు కనపడటం మ్యాప్ లోనే అర్థం చేసుకో దిగితే ఎలా ఉంటుందో అర్థం చేసుకో అన్ని గుర్తుపెట్టుకున్నావ్? వచ్చే ఎలక్షన్లలో టిడిపి గానే వచ్చుద్ది వచ్చినాక నీకు ఉంటది..........,hate
Veedu eppatiki maradu.,hate
తెలుగుదేశం పార్టీ ఇంకా బ్రతికి ఉందీ అంటే అది కేవలం చంద్రబాబు నాయుడు గారి వలనే.,non-hate
నిజంగా తెలంగాణ లో వేరు వేరు పార్టీ లో ఉన్నా ప్రతి నాయకుని మదిలో మనసులో తెలుగుదేశం పార్టీ స్థిర స్థాయి గా ఉన్నది ఉంటుంది,non-hate
తెలుగు దేశం నాశనానికి ఈయనా ఓ కారణం తెలంగాణ లో,hate
Ntr kadhu bey ntr garu give respect,hate
Power ni misuse cheyani leader Dayakar rao garu,non-hate
దయకర్ కు respect తెలీయదు. సారు సదివింది 3rd class. ఎదో time కలిసి వచ్చి ఇలా politics లో ఉన్నాడు కాని లేదంటే ration dukanam నడిపిస్తు ఉండెవాడు,hate
Ntr ani ఏక  వచనం ఏంటి సార్ రెస్పెక్ట్ ఇవ్వండి ఎన్టీఆర్ గారు అని పిలవండి,non-hate
లక్ష్మీ పార్వతి ఎంత బోకు ముండో అర్థము అవుతోంది,hate
ఆది దాని బ్రతుకు...చంద్రబాబు లేకపోతే పార్టీని భూస్థాపితం చేసేది..,hate
Lakshmi paravathi bsthapitam cheste mi cbn telagana lo bustapitam chesadu tdp ni,hate
Ntr yentra బొడ్డు కోసి పేరు పెట్టార?? మీ వల్లే  టిడిపి సగం పోయింది,hate
కేసీఆర్ కేబినెట్లో మీటింగ్ లేదు బొచ్చు లేదు,hate
Vadanam kavalanta daniki... NTR ne burst patinchindi.. Sexiest..,hate
పవన్ నిజాయితీ గల నాయకుడు.. దయచేసి 2024లో జనసేనకు ఓటు వేయండి,non-hate
"కొన్ని ycp పందులు pk పెంట తిని మెసేజెస్ పెట్టె ఉద్యోగం చేస్తున్నాయి,రాష్ట్రము ఎటు పోయిన పందులకు బాధ ఉండదు కానీ అన్న పెంట దొరక్కపొతే బాధ పడతాయి,అటువంటి పందులు ఇక్కడ మెసేజెస్ పెట్టున్నాయి చూడొచ్చు",hate
Janasena evarithoo kaliste vallu Sanka naki poddi,hate
NTR గారిని అమిత్ షా గారు కలిస్తే RK గారికి ఎక్కడో కాలినట్టుంది...,hate
ఇప్పటి వరకు వచ్చారు తిట్టారు పోయారు ఒకడన్న రాష్ట్రానికి  ఎం  చేస్తామో  చెప్పరా?,hate
"విద్వేషాల ,వైషమ్యాలు గురించి బీజేపీ మాట్లాడటం....",hate
bjp malli ade double game maatladutondi....amaravathi meeda,hate
TDP ki yeppatikaina maa anna NTR Garey paggalu chepadathadu,non-hate
Vijay devarakonda hype tho dhamal.  Jr NTR next turn. Meeru akashaniki ethe antha great actor emi kaadu..,hate
Pawan Kalyan gaari range ki thaga heroes leru,non-hate
100/నిజం సార్ బాగచేప్పరు వెరీ గుడ్,non-hate
రాజు గారు మీరు సూపర్ సార్ బాహుబలి రఘు రామ్ రాజ్ సూపర్ సార్ పులి అంటే మీరు సార్,non-hate
Ni moham ante kada,hate
AP ki manchi rojulu vasthundhi,non-hate
RRR గారు మంచి నాయకుడు,non-hate
రాజు గారి కి చాలా సరదాగా ఉంది,non-hate
CBN sir ap kosam meeru ipudu manchi decision thesukunnaru,non-hate
anni kalisi velthe ne 0.5 votes diffrent . Ippdu cm ga unndu ippduendhi meeru peekedhi wait cheyyndi 2024 varaku,hate
Nda thoo TDP potthu ap bhavishyuth ki manchidy,non-hate
Thank you RRR TDP ki bratkinchadamulo mi krushi marvalenidi CBN gariku,non-hate
రాజు గారు ఆమంచి రోజు కోసం ఎదురు చూస్తున్న సార్,non-hate
Raju Garu me pandula gumpulo pakka state party laki kuda techukuni poti cheyandi adangi vedavallara simham single jagan single ga vostadu meku dabidi dibide,hate
"కళ్యాణ్ రామ్ అన్న, ఈ మూవీ హిందీలో కూడా రీలీజ్ చేసుంటే...బాగుండేది. సాంగ్స్ అన్నీ...కూడా ... అద్భుతః....",non-hate
ఈ సినిమా అఖండమైన భారీ విజయం సాధించినందుకు చాలా ఆనందంగా ఉంది,non-hate
ఈ సాంగ్ బీట్ దియేటర్ లో వేరే లెవెల్ మ్యూజిక్,non-hate
2022 నందమూరి నామ సంవత్సరం జై ఎన్టీఆర్ జై కళ్యాణ్ రామ్ జై బాలయ్య,non-hate
అబ్బా అన్న ఈ వీడియో సాంగ్ కోసం నేను చాలా wait చేశా,non-hate
I'm Full RAM CHARAN fan... & Ee Song keka... Mobile lo audio 50 time's vinna... Movie Blockbuster... CONGRATULATIONS... Kalyan Ram Anna...,non-hate
థాంక్స్ ఇన్ని రోజులు వెయిట్ చేసినందుకు ఫుల్ సాంగ్ అప్లోడ్ చేశారు ధన్యవాదాలు** బింబిసార**,non-hate
Unexpected Song Asalu... Theater lo Chusaka Mind Poindhi Aapatti Nundi waiting Ee Video Song Kosam,non-hate
పొన్నియాన్ సెల్వన్ ని కూడా మనం ముందు ఉండి నడిపించాలి... మన సంస్కృతి ని చాటి చెప్పే ప్రతి సినిమా హిట్ అవ్వాలి......,non-hate
ఇలాంటి సినిమాలను ఆదరించిన ప్రేక్షకులకు. ధన్యవాదాలు చెప్పాలి మంచి మూవీ ని ఇచ్చిన. కళ్యాన్ రామ్ వశిష్ట. చిత్రం బృందానికి ధన్యవాదాలు ఇండస్ట్రీ కి. మంచి. హిట్. మూవీ,non-hate
ఎన్ని సార్లు చూసినా మళ్ళీ మళ్ళీ చూడాలనిపించే సాంగ్ సూప,non-hate
Bimbisara lo unna Anni songs chaala bagunnay,non-hate
ఈ పాట కోసం ఇన్నీ రోజులు వెయిట్ చేశాను ఇప్పుడు వచ్చింది,non-hate
Boss of Mass చిరంజీవి గారికి పుట్టిన రోజు శుభాకాంక్షలు,non-hate
పవన్ కళ్యాణ్ గారు   తమ్ముడు.... మోహన్ బాబు అనే సరికి  అన్నయ్య చిరంజీవి గారు చిన్నపిల్లోడిలా నవ్వుతుంటే ఎంత ఎంత అందగా ఉన్నాడో అన్నయ్య,non-hate
Godfather మరో  Pan India Block buster coming soon జై చిరంజీవ,non-hate
మంచి వెక్తి చిరంజీవి అంటే ఎందరకో ఆదర్శం,non-hate
"Amazon Prime lo Lucifer ani type chesthe story enti, complete movie osthundhi",non-hate
పవన్ కళ్యాణ్ మాటలు చాలా అద్భుతంగా మాట్లాడు ఆ మాటలకి మోహన్ బాబు కి చెమటలు పట్టడం చూసాను,non-hate
చిరంజీవి గారికి  సూపర్ తమ్ముడు  పవన్ కళ్యాణ్ గారు.మోహన్ బాబు గాడికి కరెక్ట్ మొగుడు పవన్ కళ్యాణ్ గారు,non-hate
Vallu andharu godavalu lekunda bagane vuntaru nelanti valle over action cheysthuntaru,hate
నువ్వు మాట్లాడేది తప్పు. అన్న గురించి ఎంతైనా చెప్పుకో వచ్చు కానీ మోహన్ బాబు గారిని తమ్ముడు అని మాట్లాడడం ఏమాత్రం కరెక్ట్ కాదు. వాళ్ళ కొడుకులు కూడా సీరియస్ అయితే ఎంత పరిస్తితి ఏంటీ.,non-hate
"Bocchem kaadu ,, andharu waste galle",hate
kapu ante  Balupu kaaadu..Reddy Chowdary veellaki unnantha Balupu kapu ki undadu,hate
మోహన బాబు గాడు ఒక వేస్ట్ ఫెల్లో.వాడి ఎదుట ఎవడైనా ఎదుగుతుంటే ఒరవలేడు..,hate
ఈ వీడియో చూసి మనిషివా మోహన్ బాబు వా?,hate
చంటి పిల్లోడు మాట్లాడితే ఒక తండ్రి ఎలా మురిసిపోతాడో అలా ఉంది. చిరు పరిస్థితి,non-hate
నమస్కారం గురువు గారు Super mee speech,non-hate
ఆయన పిట్టకథలను బాగా enjoy చేస్తాం... అంతర్లీనంగా ఓక అద్భుతవేదాంతవాక్యం చెబుతారు దానిని వదిలేస్తాం.. అదీమనం. “దేవుడు ఒక్కడే.. నీ మఠం కానంతమాత్రాన వేరేవారిని దూషించనవసరణలేదు.”,non-hate
కార్తికేయన్ 2 Congratulations ఫర్ బిగ్ రెస్పాన్స్ ఫ్రమ్ పవన్ కళ్యాణ్ అన్న,non-hate
"Congress chesina aa thappu, ippudu congress party address lekunda poyindhi",hate
Maadi Andhara Guntur ......naa Aveda telangana KHAMMAM .....I'm Telugu peoples....JAI TELUGU,non-hate
Ma daridram vadili poindi ra babu.,hate
ప్రెసెంట్ మా ఎలక్షన్ లో ఎలా మాట్లాడారో అన్నయ్య చిరంజీవి same to same 15 years బాక్ అలానే మాట్లడిండూ... కల్మషం లేని మనిషి ...,non-hate
"Legendary అంటేనే ntr, anr, తర్వాత చిరు.  ఆయన సినిమాలు నిజజీవితానికి అద్దం పడతాయి. యువతకు దిశానిర్దేశం చేస్తాయి. ఎవడో ఏదో అన్నంత మాత్రాన legend కాకుండా పోతారా",non-hate
మెగాస్టార్ చిరంజీవి గారు అప్పటికి ఇప్పటికి ఎప్పటికీ లెజెండరీ ఆక్టర్ in world,non-hate
Miss u sirr.... నిజాన్ని సినిమా లో చక్కగా చూపించారు.... గ్రేట్ లెజెండ్,non-hate
ఇప్పుడు ఉన్న కాలం లో ఇలాంటి సినిమా లకు సపోర్టు ఉండదు miss you సార్,non-hate
అంబేద్కర్ విలువ మీకు తెలిసినట్టుగా రిజర్వేషన్ తీసుకున్న వ్యక్తులకి తెలియలేదు కనీసం ఇది చూసిన తర్వాత అయినా తెలుస్తుంది,non-hate
Road pakkana vallu andaru bayatiki vachavuga,hate
Mirror mirror ichadu devudu podhune chusuko amma chance ela ichestaru nee moham nuvy ni ae face petukoni vachestaru amma babu industry ki,hate
Chavu Nenu avadu apadu,hate
Swathi Naidu ki srireddy ki cheppu Amma pathivratha,hate
Chi chi ye graham nundi ocharra babu vellu...  Veellani adavallu ani kooda antara,hate
direct Red light area nunchi vaccharu anukunta....thu thu,hate
Vammooo...em anna action aah. E action movie lo chala hits vachevi,non-hate
I love you rakul dhairam ga undu,non-hate
Vippi thiriginaudu lendhi evalla #ED CASE book ithy noppi vasthundha niku siggu undale kadha annam thintunava inka m thintunav??,hate
KTR kuda press meet padthey Baguntadi,non-hate
"Parents ani ippudu antunnav, meru movies lo chese romance parents ni drushti lo pettukoni, children ni drushtilo  pettukoni chesthunnara",hate
"శ్రీదేవిగారు చెప్పిన  సమాధానంలో  ఎంత  హుందాతనం, సౌమ్యం, రాజసం, ఠీవి, మర్యాద  ఉన్నాయో ... హ్యాట్సాఫ్  టూ శ్రీదేవిగారు",non-hate
"మీరు నిజంగా అడిగారో లేదో తెలియదుగాని.. మీ సంస్కారానికి, మీ హుందాతనానికి, మీ ఓర్పుకి వందనాలు",non-hate
శ్రీదేవి గారి మీద గౌరవం మరింత పెరిగింది..,non-hate
ఎదో వొక్క character చేయకపోతే శ్రీదేవి గారి విలువ తగ్గిపోదు.,non-hate
నాగ్ అశ్విన్ సింప్లిసిటీ కీ ఒక లైక్ కొట్టండి,non-hate
చెప్పడం ఒకే అలాగే చేసి చూపిస్తే బాగుంటది  శ్రీ రెడ్డి,non-hate
చాలా చక్కగా చెప్పినందుకు అది కూడా తెలుగులో థాంక్స్ శ్రీ రెడ్డి గారు,non-hate
Super ga chepparu like a teacher good knowledge,non-hate
Chala baga chepparu sri reddy garu  plz continue and all the best,non-hate
మీరు చెప్పే టాపిక్ వల్ల ఉపయోగం చాలా ఉంది!,non-hate
దీన్ని రోడ్డమీదవదిలేసారు దీనికి రాకేష్ మాస్టర్ కరెక్ట్,hate
సంస్కారవంతమైన భాష సంస్కారం లేని భాష ఈ రెండు  ప్రజలు గమనిస్తున్నారు రాజకీయంలో ఉన్న ఎవరైనా వారు మాట్లాడుతూ తీరు పైన ఉంటుంది వారి భవిష్యత్తు ఇలా బూతులు మాట్లాడే వైసిపి తరపున వకాల్తా మీ కైనా సిగ్గు అనిపిస్తే లేదా పార్టీ నుంచి ఒక మంచి సంస్కారవంతులు మేధావులు ఉన్నారు వారి ని పెట్టుకోండి రా వీరిని చూస్తుంటే ఒక మేలుజాతి గేదె మరియు ఒక కంచర గాడిదను చూసినట్లు ఉంది,non-hate
అమ్మ నీకు యామిని పరిస్తితి గురించి తెలుసుకదా నీకూ  అదే పరిస్థితి  వస్తుందని అనుకుంటున్నాము,non-hate
జన్మదిన శుభాకాంక్షలు నాగార్జున గారు మీరు మరిన్ని పుట్టినరోజు జరుపుకోవాలని మనస్ఫూర్తిగా కోరుకుంటున్నాను,non-hate
మీరు ఎందుకు గెలవలేదు ఇంత మంచిగా మాట్లాడుతున్నారు,non-hate
కళ్యాణ్ అన్న మనస్పూర్తిగా నవ్వుతున్నారు.... అది చాలు... మా ఫ్యాన్స్ కి....,non-hate
true mamu monna AP liquor tagamu ongolu lo worest quality india lo akkada vundadu,hate
Vallu ias లు ela ayyaro maku doubt a..,hate
Paramboku ias officers ni vetiki kcr Jagan tesku vachi AP Telangana lo pedtaru,hate
Votes vesi gelipinchukoni...Visham Taaguthunnaru ap people,hate
420 lani tondaraga jail ki pampali  appude prajalu prasaanthanga untaru,hate
Vote vesetappudu jagratthaga alochinchi nijayathi parulaki vote veyyali lekapothe ilaage untundhi,non-hate
Arey Babu neevu Mandu thagava pachi abaddalu chepputhunnaru neevu press munduku vachi matladedi Mandu kotti kada dhairyam kosam,hate
యిప్పుడు తెలుస్తుంది police la బుద్ది ఈ నిండితులను police lu యేమి chestaro మైనర్ ayete యేంటి మేజర్ ayete యేంటి తప్పు తప్పే వాళ్లకు siksha పడాలి.,non-hate
Confirm ga cheptunna one week lo case close chestaru ammai ku Justice garagadu ade poor people inte ippatile encounter chesindevallu,non-hate
సార్ సజ్జనర్ సార్ మీరు ఎక్కడ ఉన్నారు పోలీసులు డబ్బున్న రాజకీయ నాయకుల కొడుకులను ఎన్కౌంటర్ చేస్తే రాష్ట్ర ప్రజలు ఫ్రెండ్లీ పోలీసులను చూడాలనుకుంటున్నారు,non-hate
"major minor ani alochinchi crime chesara? every crime must be punished, minor musugulo mla kodkuni tapinchela unaru A6 ichi",non-hate
Cc lo unnadhi audi car and 2nd car ki  bumper ledhu kani ippudu unnadhi  audi car benz ayindhi,non-hate
Traffic police pikthunara 2019 nundi number plate petkokunda TR number tho untey,hate
Media mundhu enduku pettatledhu...asalu nijamganey arrest chesara,non-hate
"Andarni encounter chesi padeyandi sir ,file close cheseyandi matter over",hate
"Evidence unna mla kodukuni arrest cheyaledhu, police lu ki dammu ledhu",hate
Minor major ani kadhu mind set important.. Major ithe emina chayacha.. First e role thisayali.,non-hate
"first aa ammai family ki security ivvandi.., night night emaina jaragochu...",non-hate
Disha case lo encounter chesaru Mari e case lo encounter chese dammu undaha,hate
మీ ఇద్దరి తెలివి కలుపుతె కూడా ఆయన తెలివిలొ వెయ్యొబాగమ్ కూదలేదు. ఆయనను కామెంట్ చేసి అర్హత  లేదు.,hate
కోహ్లీ కి అనుకులం గా మరియు ఫామ్ లో ఉన్నపుడు 3 icc cups అందించినా ధోని గౌరవంగా కెప్టెన్సీ వదులుకున్నాడు..అందరు రిటైర్మెంట్ తరవాత లెజెండ్స్ అయ్యరు కానీ కోహ్లి క్రికెట్ అడుతునే లెజెండ్ స్థాయీ నీ అందుకున్నాడు..కోహ్లీ స్టేయి వాడు కెప్టెన్సీ కోసం ఇలా గొడవపడటం వల్ల ప్రపంచ స్థాయీ అభిమనులున్నా కోహ్లి తానా స్థాయిని తాగించుకున్నవాడు అవ్వుతాడు..కోహ్లి winning persentage యెక్కువున్నా..IPL.కాని,non-hate
KING అనే వాడు ఒక్కడే ఉంటాడు.  One and only king kohli,non-hate
"రోహీత్ మంచి ఆట గాడే కాని cepation గా పనికి రాడు. ఏందుకంటే fitness గా వుండడు, తరచుగా గాయాలు బారిన పడ్డతాడు.. King of Kohli",hate
రోహిట్ కింగ్..  కింగ్ రోహిట్  సూపర్ హిట్ ఇప్పుడు ఇండియా కి కింగ్  రోహిట్,non-hate
"Fuchur world cup ni drusti lo pettukoni  BCCI Rohit ni ceptain ga select chesindi, kohli lo goppa captain kani okka sari kuda ICC cup gelavalekapovadam valla  Rohit ki chance echindi....",non-hate
"Mundu aa thumbnail thiseyandi , please respect players evadu ani ala thumbnails pettakandi",non-hate
"Arey Ntv, meeku hindi, English rakunte musukoni undu. Kohli manchiga cheppadu rohit manchi friend ani, idhi 2yrs nuchi cheppi cheppi alisipoya ani. mee news kosam godava pettakandi",hate
India ki enno  match lu Gelipinchadu,non-hate
"Anchor talli, please give respect to the elders .may be KA PAL is very bigger than you.",non-hate
Kohili lanti player india ki dorikina great player,non-hate
"Kohli mundu aata kante attitude meeda focus cheyyali, greedy fellow. Vadito manchi ga vunte team lo chance istadu.",hate
Virat vs rohit yendi bey..vaallu baagane unnaru ..meeru penta చెయ్యకండి  trp kosam..,non-hate
గంగోలి అంతా చీలీగా తేచ్చిడు.. సర్వనాశనం చేసాడు. గంగోలి,hate
Karma ra babu ... yesterday kohli interview lo  clarity ga cheppaduga mallem ra babu ilanti sollu cheptharu,hate
Vadapav gaadu icc trophy elaa win aiythadoo neenu chusthaa,hate
"Cheta రాజాకీయలు cheyakandi ra babu, meru me chetha govt, ganguly nvu BJP tho కలసి నటించిన సినిమాలు edi",hate
Ede antha fack news,non-hate
Niku cheppada kohili one day adanu ani,non-hate
ఇలా చేస్తే దేశం పరువు పోతుంది దయ చేసి దేశం పరువు తీయదు,non-hate
inka yeppudu marutharu ra meru news chepadam kuda rakapothe channel musukoni velipondi. meeru me chillar news channels. Have some standard u bloody news channels. school kids can have more basic common sense better than your reports.,hate
Adhi bcci kaadhu business cricket india,hate
Sodhi tappa em ledu indulo. Cheppindi cheppi okate music,hate
Kohl carrier Niii tokkalanii chustunnaru evaroo,non-hate
"Aree babu anchor .... Niku virat vchi chpnda ....nak rohit ki godval unnay ani . Chpnapud nikendhuk ra dhula , muskoni undaka...",hate
"Asalu meeku elaa telustunnay rohit ki and kohli ki godavalu unnay ani, politics ni ilaane chedagottaru, ippudu malli cricket meeda paddara?, eraa meku intha kante manchi jobs dorakava?, thu..",hate
Kohli lekapote gelvaru ra sullli galllaraa...,hate
chetha ra babu  NTV,hate
Chepina sode 10times chepave,hate
Virat Kohli thopu dammunte Appu .....king always kingeeeee,non-hate
"BJP anti hindu...... Kotha party power loki ravali....... congress,bsp,sp,tmc,aap....see..see???? new Start-up is waiting????",non-hate
Prophet Muhammad even married his own bahu . Zainab was wife of prophet adopted son.,hate
Prophet marry 6 year old aisha.,hate
raja singh kalthi maal ammutharu and rowdy gunda,hate
జై కోమటిరెడ్డి రాజగోపాల్ రెడ్డి,non-hate
Vadu oka Pulihora jagan gadu,hate
jagan corporate  ki paniki Radu waste fellow,non-hate
ఇటువంటి కథలు పడ్తానే ధిక్కు లేకుండా పోయింది,non-hate
"రేవంత్ రెడ్డి గారు మీ ఒపికకు మీ సహనానికి చేతులు ఎత్తి మొక్కుతున్నాం
ఇప్పుడు ఉన్న పరిస్థితి లో మీరు చాలా గ్రేట్",non-hate
Anna Nuv goppa yodhudivi . Entha mandhinaina edhuristhaav . Great anna,non-hate
రేవంత్ అన్న మీరు తెలుగుదేశంలో ఉన్నప్పుడు సోనియాగాంధీ నీ ఏమని విమర్శించారు ఆత్మసాక్షిగా గుర్తుకు తెచ్చుకోండి ఎందుకన్నా ఈ మాటలు,non-hate
మల్లారెడ్డి సీరియస్ అయితే బ్రమ్మా నందం సీరియస్ అయితే ఎంత కామెడీ గా ఉంటుందో అలా ఉంది,non-hate
చాలా రోజుల తర్వాత మా మల్లన్న వచ్చాడు చాలా ముఖ్యము జోకర్,non-hate
malla reddy peddha erripuku gadu clg motham scam,hate
600 ఏకరాల భూమ్య ?!?!? ఇక్కడ ఎంతోమందికి ఒక గుంట స్థలం లేదు!! అక్రమాస్తల లో మల్ల రెడ్డి ఏక్ నంబర్ చోర్,hate
మన తెలంగాణలో రాజకీయ నాయకుల జీవితాలు తప్ప ఎవరి జీవితాలు బాగుపడలే.,non-hate
ముందు రాజా సింగ్ ను కాపాడండి అప్పుడే మీ పార్టీపై ప్రజల్లో నమ్మకం ఏర్పడుతుంది,non-hate
modi oka mordern day hitler,hate
Chetta media pade pade kualam peruvtistundi.. Ade mana states lo tiyagalada.. Oka rendu samajika varagam nunde cm avtunnaru... Mari cheyagalara ledu,non-hate
మా అసెంబ్లీలో బెస్ట్ కమెడియన్... మా మంత్రి మల్లన్న,hate
devi nagavalli nuvvu kani regsin cheyakunde mi intiki vachi champi pari dengutha,hate
ఇలాంటి వాడికి మినిస్టర్  పదవి ఎలా ఇచ్చారు,non-hate
"వీడు కాలేజీ  రన్ చేస్తున్నాడు అంటే ఎలా నమ్మాలి,వీడే గిట్లుంటే వీని కాలేజీ,లెక్చరర్స్,పిల్లలు అయ్యో దేవుడా",non-hate
పిచ్చోని చేయికి రాయి ఇచ్చారు ఇవ్వన్నీ కొడతారో జాగ్రత్త ekkada adi mallana,hate
rk ki sugar ekkuva uncha apuko pakanna vadidhi cheppadhi vinnu,hate
ఇద్దరు నిజాయితీపరుల మధ్య గొప్ప సమరం ! దొందూ..,non-hate
ఇదొక్కటే నిజంగా మనస్సులో నుండి వచ్చిన మాట బాబు గారికి..,non-hate
డబ్బా రాయుడు మన పెద రాయుడు మొత్తం మీద మేక పోతు గాంభీర్యం కనపర్చాడు ఫసక్,non-hate
బొక్కేమి కాదు సీఎం అంటే మోహన్ బాబు కి భయం నిజం కాదని అంటే కుదరదు,non-hate
మోహన్ బాబు కి జగన్మోహన్ రెడ్డి పెట్టేస్తాడు ఏమైనా చెప్తే,non-hate
anna creativity ki super. Anna. Ekadavo. Vethiki mari. Pettavu. Nuvu thopu,non-hate
Boycott Bollywood (pakwood) beef Eater pichhwada sungher boycott brahmaastra,hate
liger debbadi konda anna gudda mooskoni vunnaru,hate
Pila nibha star vijgay overkonda guddakonda,hate
లైగర్ మూవీ లో కనీసం మంచు లక్ష్మి పెట్టిన యావరేజ్ ఆయ్యేది,non-hate
ఈ మధ్య మీరేదో ఆస్కార్ అవార్డు  సినిమాలు పడుతున్నట్టు చెప్తున్నారేంటి  ఏదో అతనికి నచ్చి పట్టాడు అది జనాలకు నచ్చట్లేదు మరో సినిమాతో ముందు వస్తాడు   అతని దగ్గరికి వెళ్లి ధైర్యం చెప్పాల్సింది పబ్లిక్ లో తిడతారేంటి సార్,non-hate
", Ass-oya Aunty and Snow Aunty manchi vallu",hate
మా విజయ్ అన్న గురించి తప్పుగా చెప్తే reaction ఇలానే ఉంటుంది అనసూయ aunty......,non-hate
సుకుమార్‌కే ఇన్‌స్పిరేషన్‌ పూరి... పూరికే ఇన్‌స్పిరేషన్‌ వర్మ... ఎలాంటి డైరెక్టర్లు ఉన్నార్రా బాబూ మన టాలీవుడ్‌లో... కానీ ఎవరికీ ఇగో లేదు. ఒకరిని ఒకరు ఎడ్మైర్‌ చేస్తారు. అందుకే బాలీవుడ్‌కి దడ పుట్టిస్తున్నారు. జై తెలుగు తల్లి! జై తెలుగువాడు! ఈనాటికైనా తెలుగువాడి ప్రతిభని గుర్తించిన బాలీవుడ్ ప్రేక్షకులకి ధన్యవాదాలు,non-hate
ఈ సినిమా పెద్ద విజయం సాదించాలి అనీ మనసుపూర్తిగా కోరుకుంటున్నాము,non-hate
రారా మావా మనదంతా ఒకే కాలేజ్ రా మావా నేను నీ సీనియర్ని రా,non-hate
arey meeru poorugullu patti potaru ra ma vd anna support cheyandhi,non-hate
"ntha brainwashed gorrelu chesthunnaru, inko vargam enti ante bjp bots SSR influencers ga mari yuvatha ni thappu thovva pattisthunnaru a",non-hate
antha lnja ananya inka sulli legaleni karan johar valla,hate
"NTR & RC Fans kuda troll cheyali because Vijay devarakonda indirectly targeted NTR & RC on the day of liger trailer release. Konda meeku ma Nanna thata teliyadu ani anadu
Naku vijay devarakonda disaster movies telusu",hate
"Inko rendu padithey, aa migatha dula kuda theerpoddi Uday Kiran 2",non-hate
vd manchi actor kaani konchem decent ga matladite andariki nachutundi and mee vd Inka famous hero avvochu kada. Just my opinion anthe,non-hate
vd overconfidence valla ciniema dengindhi,hate
Porapatuna cinema bagaledu janalu raledu ante paristiti Vijay:Intlo padukovalsinde,non-hate
పూరి చూస్తే చాలా బాధ గా ఉంది ...ఒక్క మంచి డైరెక్టర్ ఇలాంటి మూవీస్ తియ్యడం ఏంటి ...i love you పూరి sir... వేరే హీరో తో మూవీ తియ్యి Anna,non-hate
langota gadu vadu valle desham anta covid vachindhi,hate
moddalo china vallu pampulu kappalanu tinte edhey avuthundhi ni malla 1 million deaths,hate
lokham prathi covid patient ki winne the pooh nichi vasool chesukovali,hate
​bharath matha ki jai,non-hate
తెల్ల తోలు వెదవలు భారతీయ సంతతికి అవకాశం ఇస్తారా?,hate
మోడీ గారి పాలనలో భారత్ శక్తివంతమైన దేశంగా అవతరించింది..,non-hate
"మనం చూపించిన మంచితనం ఇప్పుడు ఫలాన్ని ఇప్పుడు పొందుతోందన్న మాట. ""ధర్మో రక్షతి రక్షితః"".",non-hate
శర్మ గారు చెప్పిన ది నిజమా అబద్దమా అని చెప్పే ధైర్యం వీళ్లకు లేదు,non-hate
నోటి తెగులు అని రాసావ్ కదరా. మీ ఛానల్ కన్నా నోటి తెగులు ఎవరికీ ఉంటాది.,non-hate
"అంతా సోది చెప్పారు కానీ అసలు ఆమె అతని పైన ఏం మాట్లాడిందో చెప్పలేదు.
ఇంతకు అతనిపైన ఆమె చేసిన కామెంట్స్ ఏంటి",non-hate
nupur sharama  rape cheshi dengutha,hate
prophet mohummad oka 9 years ammai dengadu,hate
yogi ni cm cheyadam valla up lo communal fights ekkuva ayyayi #hindubjp,non-hate
lanja nupur sharma valla desham sankanakipoyindhi,hate
"Abboo siggulekundaa vadu matladina matalu okkadu kuda levaledu ikkada..
Just for hate in Modi how much low can go anywhere",non-hate
"ఇతర దేశాల సాంస్కృతులకు, వెష, భాషలకు, మత ఆచారలకు అర్రులు చాచె బానిస బతుకులకు ఆత్మ గౌరవ పరిరక్షణ అంటే కుదవపెట్టే విషయం మాత్రమే…",non-hate
owasi gah nuvvu gudda mosuko nuvvu ha nupur desham malla 1947 loki poyindhi #kill owasi @rapenupur,hate
donga munda bjp party rapists brahamins anni vadilidengaru villaka manam vote vesindhi #oustmodi,hate
"పార్టీ కి ఆపాదించడం కాదు పార్టీ అండ చూసుకుని విచక్షణ లేకుండా మాట్లాడుతున్నారు,నేను కువైట్ లో ఉన్నాను,ఇండియా వస్తువులను ప్లాస్టిక్ తో కప్పేసారు",non-hate
ఇండియన్ ఆర్మీ ని చూసి  ఈ  రాజకీయ  పార్టీలు నేర్చుకోవాలిసిన  ఒక  విషయం ఉంది.... MMG  gun ....మందిర్ మస్జీద్ గురుద్వారా కి  కి జై…,non-hate
మీరు ఇండియా ను గౌరవించడం మంచిది.జై శ్రీరాం,non-hate
niku champi  pindam peteydhi neny ra kcr,hate
​KCR DALITA CM ani mosam chesinattu deshaprajalanu mosam cheyalevu,non-hate
"britain chethulu kaalayi China's drama la thoti, so Jaagratha has Britain vundaali. Britain konni thyagaalu cheyyali.",non-hate
కొలుకొలేని దెబ్బ కొట్టాలి లేకపోతే దేశాన్ని మొత్తం మేమే పారిపాలిస్తాం అంటారు ఎలుక మీద గేలవని వారు ఏనుగు మీద గేలుస్తారాంట,non-hate
central la bjp ye undi gaara ....kcr ni yem peekaleru ani ardamaindhi,non-hate
"Jetla
​INDIA ni developed cheyadam evarivalla kadani thelisipoindi prajalaki.....unnodi inka unnntha lenodiki inka lenantha....life tho brathakali thappadu",non-hate
banda puku jay gadu bat ela patuvukovali kuda telidhu bcci lo em pani,hate
pm modi ni pakisthan ki tarmidengali jai kcr mere next pm,hate
300 mandhi hindus ni champina modi malla vadu oka pm,non-hate
women ki respect ledhu malla vadu oka yogi malla ha modda cm kurchi lo vundhi,hate
Raja Singh nuvvu ni karra tagubthu mokam neeku mokham nuvvu mla ela ayyavu,hate
asla murmu president ela ayindhi india parvu poyindhi ni karra mokham eskoni,hate
Arey Thagu bothoda.... nuvvey cheppinav ga ra 3yekaralu...ani enti oka job Annav ... eppudu nen analey antav endi ra bewakoof cm ga,hate
Oyc రాజాకార్ aithe kcr dora పెద్ద రాజాకార్,hate
media lu bjp thothulu bjp ni chusi avaru vote veyaru candidate chuastharu Anni andhari ke thelusu jai congress,non-hate
owasi bro's nupur raja singh ni pakistan ledha andaman ko tarmidengali #the people who  divide india,hate
Arey Devudi Dabbulu ra avi vati gurinchi nduku ra asha kakapothay….devudu dabbu devudikay…dani kuda too much chestru meru,non-hate
chiru papam lal singh chada valla 13cr loss aiyadu,non-hate
"ర్మ కోసం చూసాను ,మొదటిసారి అతను ఒక హీరో అభిమాని ఎలా ఉల్లాసంగా స్టేజి పై మాట్లాడుతారో అలా అనిపించారు",non-hate
నువ్వు కాదయ్యా హీరో నీ యనకాల ఉంది చూడు పులి సోను సూద్ సార్,non-hate
"ఈ వీడియో RGV కోసమే చాలా మంది చూసి వుంటారు,,",non-hate
ndharu evarni choosthunnaro Kaane Nenu Maatram REAL HERO Sonusood Sir Ni Choosthunna,non-hate
Evadiki vadu acting eraga tistunnaru,non-hate
rgv ki siggu ledhu ammail ni oka sex doll laga choostahru,hate
RGV శిష్యులు like హియర్,non-hate
jai rgv jai puri,non-hate
విమర్శలు నవ్వుతూ స్వీకరించే వ్యక్తి....,non-hate
భయం లేని వాడు RGV కాదు వాడి ముందు పెర్ఫార్మన్స్ చేసిన శంకర్,non-hate
"AnnA malla reddy NV me college lo  fee thakuva cheyu Chalu, NV kaarmikulani billionaires chesthava",non-hate
"Fingerprint mallareddy
Pedda donga na kodku",hate
తెలుగు సినిమా కీ ప్రపంచ వ్యాప్తంగా పేరు రావడానికి KCR KTR కారణమా...ఈ ఒక్కటే చాలు లేచి Pocketలో చేతులు పెట్టుకొని.....,non-hate
Malla reddy garu meru ap ni kindaparicharu talangana lo  vantana andra pradesh prajalu 100 satam vnaru gutupetukondi noru jararu  meku ok vesayamtelusa  cm kcr ktr  vizayanagaram  bedani telusa chutu pakala andra valuvnaru megastar chiranjeevi  anr ntr valadi kuda andra pradesh  jagrata  Malla reddy ki dolaterustru  jai andra  jai  telangana,non-hate
మల్లన్న ప్రోగ్రామ్ ఉందని తాగినవే  చిరంజీవి ఆన్నయ్య సింపులు గా వుంటారు,non-hate
rgv gadu canipovali vadi chettabandi ayina chestha,hate
Orey baffun gaa college fees lu thakkuvva chesthee nee mukaniki adi chaluu,non-hate
Are vidu 90 ML thagi vachindo,non-hate
malla anna ha puk gadu vadu kani danam cheyali pasnari puku vadidhi,hate
Kcr na madda chesindu rs,hate
Donganakodukulu ma mallana vadu chetha butta dabbulu erukoney rakam,hate
malla anna niku Picchi kani lesinndara sulliga,hate
రేవంత్ రెడ్డి ద్వారానే ప్రభుత్వం ఏర్పడుతుంది,non-hate
"మల్లారెడ్డి గారు రేవంత్ రెడ్డి బ్లాక్ మెయిల్ చేసాడు అంటున్నారు ok అంతే కాకుండా మీ డబ్బులతో బిడ్డ పెళ్లి చేసాడు అంటున్నారు ok  మీరు అతనికి అప్పు ఇచ్చారా లేక భయపడి మీ అవినీతిని కప్పిపుచ్చుకోవడానికి ఇచ్చారా
అంత డబ్బు అతనికి ఇచ్చారు అంటే మీరు ఎంత దోచుకొని తిన్నారో మీరు నిజాయితీ పరులైతే ఎందుకు ఇస్తారు",non-hate
"మల్లారెడ్డి అంతడబ్బు రేవంత్ రెడ్డికి ఇచ్చారు అంటే...  మల్లారెడ్డి ఎన్ని వేల కోట్ల డబ్బు అవినీతిగా సంపాదించి ఉంటాడు...
సక్రమంగా సంపదిస్తే ఎవ్వరికి ఇవ్వనవసరం ఉండదుగా....
రేవంత్ ఒక్కడికె కాదు..ప్రజలందరికీ నీ అవినీతి డబ్బు పంచాలి..
అప్పుడు ఎవ్వడు బ్లాక్ మెల్ చేయడు.",non-hate
మినిస్టర్ అధికార పార్టీ నువ్వు రేవంత్ రెడ్డి కి భయపడడం ఏందీ మల్ల రెడ్డి,non-hate
ఇ జోకర్ గానికి ఓటు ఎవడ్రా వేసింది #dont vote for malla reddy,hate
"వదల బొమ్మలి వదల ,(జై రేవంత్ రెడ్డి)",non-hate
నువ్వు ఎమ్ తప్పు చెయ్యకపోతే వాడు ఇవ్వమంటే నువ్వు ఎందుకు ఇచ్చినవ్??,non-hate
"పాల మల్లిగా బిడ్డ పెళ్లి ని పైసలతో చెసినోడు , పిసిసి అధ్యక్ష పదవి కోనె పైసలు ఎక్కడవి రా",non-hate
"ఇందులో ఏ ఒక్కోడికి కూడా జనగణమన, వందేమాతరం ఎవ్వడికి రాదు. పైగా ఎదవ స్పీచ్ లు.",non-hate
ఆయన కేసీఆర్కు పెట్రోల్ అంటుండు. నేను ఆయన బిడ్డ పెళ్లి చేసిన అంటున్నావ్. రాజకీయం అడ్డం పెట్టుకుని దోచుకునే నాయకుల,non-hate
నిజానికి ప్రజల కోసం పోరాడుతున్న ఏకైక నాయకుడు రేవంత్ రెడ్డి గారు,non-hate
ఈ విషయం గురించి మల్లన్న నిజం తేల్చు ఎప్పుడు ఏడవడం కాదు ఒక సారి ఇలాంటివి నిజం తేల్చు,non-hate
Idini gelipinchina voters nizamga medhavulu,non-hate
malla oka donga veda vadu lanja eshalu fees tagincharu gani desham ni uddharistharu,hate
ని అంత డ్రామా ఎవ్వడు చేయలేడు,non-hate
KCR ni chusi Vallabhai patel anukunnademo.,non-hate
​bindu hi tinnava m chestunnav,non-hate
నువ్వు సూపర్ అన్న,non-hate
రేవంత్ గారు ఎపుడూ మీ రు మా మనిషె,non-hate
samantha vachi ni payal chikala,hate
Aunty Anushaya make up esthe aunty laga vunnavu make up esukokapothe grandma laga vuntavu,hate
ఓమ్మో నీ నటనకి ఆస్కార్ అవార్డు కూడా తక్కువే.....మాటల మాంత్రికుడు మల్లయ్య,non-hate
రేవంతన్న ఇచ్చిన షాక్ కి మల్లారెడ్డి కి పిచ్చి పట్టినట్టు ఉంది,non-hate
pichi pattatina malla reddy murki kaluvalo dabbulu eruthu dorikadhu,hate
"మంత్రికి మైండ్ బ్లాంక్ అయ్యింది ... ఆదారాలతో అడ్డంగా దొరికారు ... సానుభూతి కోసం దొంగ ఏడుపులు ఏడుస్తున్నారు ... ఛీ ఎం చేసుకుంటారు అంత అడ్డంగా సంపాదించి...
కొంచెం మంచి పనులు చేయండి సారూ.",non-hate
పాల్ Comedy చేసినట్టు ఉన్నా  పాల్ చెప్పేది 100% నిజం…,non-hate
Orey pichi ka paul ekkada nuchi dengay already AP jagan tho almost nasitam ayindhi malla nuvvu next cm ha po ra pichi yedava,hate
మల్లిగాడు మంచి కమెడియన్ తెలంగాణలో జై రేవంత్,non-hate
malla manchi erri puku vodu,hate
అరేయ్ మల్లారెడ్డి నువ్వు పైసలు తీసుకోకుండా ఫ్రీ గా తయారు చేస్తున్న వరా హైదరాబాద్ మొత్తం భూములు దొబ్బవు,non-hate
తెలుగు రాష్ట్రాలకి మంచి మంచి నాయకులు దొరికారు సినిమాలు వెళ్లనవసరం లేదు వాళ్ళే సినిమా చూపిస్తారు మంచి కాలక్షేపం,non-hate
ananaya panadey ni nuvvu koja la acting neek endhkey cinimalu,hate
orey puk puri mari anta moddalo cinimea endhuku tesavavu cheppu oksari?,hate
"poyi central appulu chudu, hunger index, inflation, poverty, unemployment etc Telangana lo least unemployment and development is peaking up rapidly.",non-hate
కొడుకులకు దిమ్మ తిరిగి బొమ్మ కనపడ్డది. సూపర్ అన్న,non-hate
Amma Telaganama Buthulu nerpina Gaanama.... This is the butulua rajayam na moddala Telangana,hate
అన్ని తెలుగు ప్రాంతాల నాయకులు ఇలానే వున్నారు... లోఫర్స్.... తప్పు మనది... మనకు సిగ్గుండాలి ఇలాంటి నాయకులను ఎన్నుకున్నందుకు...తు…,hate
Bandi breaks goranga tisadu ...... Super,non-hate
ఆ సాంగ్ ఏందిరా నాయన.. అని సమంత కి అయినా. సిగ్గుండాలి,non-hate
"ఆ శ్రీ గాడిమీద ఆంక్షలు విధించారు.శ్రీ మోహన్ బాబు గారు, శ్రీ బాలయ్య బాబు గారు, దిల్రాజు గారు, ఇంకా చాలా మంది నిర్మాతలు నిర్ణయం తీసుకున్నారు",non-hate
"As he is a Hindu, he's fighting against all such stupidism, and it's no where relevant to crossing party line",non-hate
DSP గాని డిప్ప పగలాలి పిచ్చి పిచ్చి ట్యూన్లు కడితే…,hate
దేవి శ్రీ ప్రసాద్ పాట పాడుతుంటే పక్కన వాళ్ళు చాలా అధ్వానంగా  నవ్వుతున్నారు,non-hate
జై జై మా హిందువుల పులిబిడ్డ రాజాసింగ్ అన్నగారు జైశ్రీరామ్,non-hate
మన సనాతన ధర్మంలో తల్లి దండ్రులను కూడా దేవతల్లాగా కొలుస్తాము.. కొన్ని రోజులకు దేవిశ్రీ గాడు వాళ్ళ తల్లి దండ్రులను కూడా అలానే చూపిస్తాడేమో ఆ చదువుకున్న ముర్కాపు వెధవ..,non-hate
raja singh ki em pani pata ledha eppudu langa kathalu dengutharu paata nachaka potey gudda moskoni dengey ekkdada nunchi,hate
బాబు గోగినేని హిందూ మతాన్ని బాగా చులకనగా మాట్లాడుతున్నాడు. ఒక్కసారి బాబుగోగినేని తో రాజా సింగ్ తో లైవ్ పెట్టిస్తే బావుంటుంది,non-hate
జయహో రాజాసింగ్ భారత్ మాత కి జై,non-hate
జై రాజాసింగ్ జై జై రాజాసింగ్ ప్రతి ఒక్క హిందువు రాజాసింగ్ వెనుక ఆయనతో కలిసి మెలిసి ఉండాలి జై రాజాసింగ్,non-hate
"రాజాసింగ్ హిందువుల ఐక్యత కోసం యెదురు చూస్తున్న వాడు. మనందరం ఈయన సత్తా ను గౌరవిస్తూ మన ఔన్నత్యం కోసం కలిసి మెలిసి సాగిపోదాం.
మన బతుకులు గౌరవమర్యాదలకు మన సంఘటిత శక్తే రక్ష..",non-hate
"విదేశాల్లో నయం మన దేశం గురించి మన ధర్మం,జాతీయత గురించి చాలా గొప్పగా చెప్పుకుంటారు ,కానీ మన దేశంలోఎంటో ఇలాంటి నీచుల
ద్వారా దరిద్రంగా తయారవుతుంది....DSP నీకు సంస్కృతి సంప్రదాయాల గురించి తెలియదు,, ముందు వాటి గురించి తెలుసుకొని మాట్లాడు చెత్త నాయాలా....",hate
dsp nuvvu asala manchi manishi ledha bazzar lanja vi ha?,hate
raja singh inka subramianchi swai iddaru mosali modda gallu asla mi badha enti,hate
మీ నాటకాలు ఇంకా 2 ఎండ్లె మళ్ళీ 1000 ఏండ్ల వరకు నో చాన్స్,non-hate
ఇలాంటి నీతి వాక్యాలు మీ ఒవైసీ కి కూడా చెప్పు,non-hate
"Munawar చేసిన తప్పుకు, అతనిని దేశ భహీష్కరణ చెయ్యాల్సిందే.",hate
asla munawar ni endhuku deport cheyali chesthe ni pellam puku deport chestha,hate
మొదటగా హిందువులను అలాగే హిందూ దేవుళ్ళ గురించి తప్పుగా మాట్లాడిన వారిని క్షమాపణ చెప్పించండి,non-hate
"దేవీ దేవతలను కూడా అన్నప్పుడు రియాక్ట్ ఎందుకు కాలేదు ఖాన్?
ఎందుకు దేవుళ్లను ఇలా కించపరుచుకుంటున్నారు!",non-hate
నువ్వు హిందూ దేవుళ్ళ గురించి మాట్లాడినప్పుడు నువ్వూ ఏం పికినవ్ రా ఫిరోజ్ ఖాన్ మికేన సెంటిమెంట్ ఉండేది మాకు కూడా ఉంటది,non-hate
"ఘడ్డగా మరీ మనావర్ గానికి కూడా చెప్పు హిందూ దేవుళ్ళ పైన జోకులు చేయొద్దని, మరి వాని షో కు పర్మిషన్ ఇవ్వకుంటే ఇవన్నీ కాకుండె కదా",non-hate
"అమిర్ ఖాన్, మునవర్ గాడి కి చెప్పండి అన్న....
మాకు మనోభావాలు ఉంటాయి.. నూపూర్ శర్మ, రాజాసింగ్ గారే మాకు దేవుళ్ళు గా కనిపిస్తారు.....",non-hate
ఆహా సూపర్ mr khan హిందూ దేవతలను అన్న వారితో కూడా క్షమాపణ చెప్పించండి అప్పుడే మీ నిజాయితీ ని నమ్ముతా.,non-hate
munawar moosi nadhi ayina nooru valla enni  godavalu #deport munwar to afghan or syria,hate
muslims andarini pakistan ledha afghan ko deport cheyali,hate
"పర్మిషన్ ఏందుకు ఇవ్వాలి ,ఇంతకు ముందు వాడు చేసినవాటికి శిక్ష వేయకుండా ,స్వేచ్ఛ పేరుతో మళ్లీ పర్మిషన్ ఏందుకు ఇస్తారు",non-hate
"Munawwar మాట్లాడినపుడు నువ్వు ఎక్కడ పన్నవ్.మీరు,మీరు ఒక్కటే",non-hate
సార్ మీరు 100% కరెక్ట్ చెప్పారు సార్ కాకపోతే ఇండ్ల 100% తప్పు అంటే గవర్నమెంట్ ది ఎందుకంటే అతనికి పర్మిషన్ ఇయ్యడం తప్పు పని ముందు తెలంగాణలో పర్మిషన్ ఈయకూడదు  పర్మిషన్ ఇచ్చే చాలా తప్పు పని చేశాడు ఇన్ని గొడవలకు గవర్నమెంట్ మూల కారణం,non-hate
sanjay kumari first ma raja singh free cheyandhi ledhu ante mi moddalo party vachina 1 vote luda vundhahiu,hate
"Ee muslims minority lo vuntay: secular &equal rights kavali valaku
Muslims Majority lo vuntay :  above equal rights kavali & apudu valaku secularism gurthuradu exampls:keral",non-hate
Muslims hindu devullanu entha thittina parledhu... Kaani hinduvulu  Mee devudini thidithe thappenti,non-hate
"Asalu Munnavar ki Hyderabad lo show ki ela permission istharu, Government desperately need violence in state to gain political mileage",non-hate
అటు MIM. నేత. ఇటు.Bjp.నేత.ఈద్దరు నోరు అదుపులో పెట్టుకోవాలి. అప్పుడే ఈ దేశం లో అల్లర్లు అదుపులో ఉంటాయి.,non-hate
హేయ్ feroz Bhai...seetha రాముణ్ణి అన్నపుడు నువ్వు వీడియో పెట్టలేదు ..అపుడు maatldaledhu,non-hate
ఫిరోజీ ఖాన్ కొడితే కేజీ కిందకు దిగుద్ది మీరు ఎన్ని సార్లు మా దేవుళ్ళు ని అన్నారు... నువ్వు కొట్టేదేందీ మేము కొట్టలేమామీరు చెప్తున్నారు... మేము చెప్పటం లేదు అంతే దెబ్బకి దెబ్బ పడుద్ది అంతే,hate
ఒరేయ్ టాప్ టీవీ ఓడ bsp పెట్టలేదు  ఉచ్చ పడుతుందా,hate
స్పీచ్ బాగుంది మాటల్లో నిజాయతీ ఉంది బాషా నేర్చుకుంటే తెలంగాణ కి హీరో ఔతారు,non-hate
yogi yogi na moddalo yagi mi up ekkada kerala ekkada mi vallani english kuda radhu rowdy moddalo metho maku comparision enti,hate
నీ లాంటి లీడర్ నీ నా 27 years లో ఎవర్ని చూడలేదు బయ్యా true leader,non-hate
అన్న ఓల్డ్ సిటీ అభివృద్ధి చెందలంటే నీ లాంటి నాయకుడు ఉండాలి.లేదంటే వాల కర్మ,non-hate
సలాం పేరోజుబయ్యా.చాల ధైర్యం మీకు. ఆదేవుడు మిమ్మల్ని కాపాడాలి. 🇮🇳జైహింద్.,non-hate
ఓల్డ్ సిటీ వాళ్ళు మంచి నాయకుడిని గెలిపించుకోలేకపోతున్నారు.అందుకే ఓల్డ్ సిటీ develop అవ్వలేదు,non-hate
old city lo vallani pakistan ki tharimi dengali # india with only hindu,hate
అన్నా నువ్వు షేర్ అన్నా.... నీకూ మంచి రోజులూ అతి త్వరలో వస్తాయి.,non-hate
"నిజమైన లౌకిక వాది మన ఫిరోజ్ అన్న ,, జై హింద్",non-hate
useless TRS vallani champidenagli  vallu hindus ey kadhu,hate
"బండ్ల గణేష్ గారు మీ మాటల్లో,, మీ వాగ్ధాటిలో పరిణితి కనిపిస్తోంది బాగా.. చాలా చక్కగా,స్పష్టముగా ఉన్నది ఉన్నట్టు మాట్లాడారు.... సూపర్ సార్ మీరు.",non-hate
"బండ్ల గణేష్ గారు బాగా దింపారు సార్,,,, అప్పుడప్పుడు వచ్చి దింపండి కొంచెం వారికి వారిలో నోరు పారేసుకోవడం లాంటివి తగ్గుతాయి",non-hate
bandala anna majaka asla maatalu ha comedy salute,non-hate
Rana blood lo vundhi actiong..,non-hate
Pogadali rana ni kuda.. hypo-critic director,hate
Bahubali hero Rana Ani maku thelusu sir,non-hate
Edo sollu chepthadu..,hate
Nvvy nee build up,hate
Eka sodi cheppadam maymu venadam..  aripapalam,hate
Yedichav le copy cat veshalu nuvvu,hate
Peekinav teei,hate
సినిమా bagundhi... ఈ మధ్య మహేష్ ఓవర్ కన్ఫ్యూడెంట్ పెరిగింది... అనిపిస్తుంది,hate
Super star krishnagari movie vundiga ee name tho movie,non-hate
Cinema  ku title ku samndham ledhu average,non-hate
Title leak ayithe entiii leak avakapothe entiii....maku enti yee golaaa....title entooo mee build up entooo,hate
Leak endhi ra secret aaa dhii,hate
Emi thintaru sir miru age 25 daggare agipoindi,non-hate
Mahesh anna… disappointed with this movie..next movie hit avvali…,non-hate
Sollu cheppalante Veedi tarvathe raa. Dabba babu,hate
ఇది నిజం భయ్యా మనం ఏ పని చేసినా ఇలానే ఓడిపోతుంటాం..,non-hate
మాటల మంత్రికుడు అని ఊరికే అన్నలేదు. To the point and believable,non-hate
Beautiful గా చెప్పావ్ రాజా,non-hate
Nenu kuda yedi chesina moodurojula muchatalaagane vuntadi sir continues ga 21 days chesi life long habit ga chesukundamu ante avvatamle,non-hate
Ee principal ni studies lo use cheste upsc clear cheyagalam,non-hate
Antha navvem raaledhu in fact chiraaku vachindi,hate
Naku adhe kavali shudheer anna,non-hate
Vedu maradu,hate
ప్రభాస్ గారికి ఇంతటి చీప్ ఫ్యాన్స్ ఉన్నందుకు బాధపడుతున్నా,hate
అందరి మంచి vaalalo oka  yadava ఉన్నాడు?? కనుక్కోండి చూద్దాం......,hate
Prabhas anna and mahesh anna iddari combination lo Manchi pan Indian movie cheyali peda hit koduthe  dimma terige povali iddari acting addarakottali,non-hate
Prabas gaaru ante ok .Madhya jalaganna endhuku raa .Oh prabas ki dhisti thagalkunda undatanika,hate
Prabhas ki elanti cheep unnanduku  chala badhaga undhi,hate
Mahabharatam lo sakhuni mama famous mana Andhra bharatam lo jagan mama famous..,hate
Arri pappa prbhas aunty barre fece vanidhi,hate
Veedi comedy kosam ..valla nannani kuda vadalaledu,hate
Stage ekkithe chalu sollu,hate
Rey arripuku adhi munda sollu apu ra,hate
Afterall Comedy Kosam Valla Nanna Nee Kuda Vadalatles,hate
Ni family motham oke type anti ra,hate
memu videos chusthe kani meku annam kuda dorakadhu alantappudu mammilini yedavalu ni chesi anukoku ra nayana sollu apu,hate
love de ke bal anukuntaru,hate
Ni comedy kosam mi nanna paruvu thisthunnav kadara,hate
Evrithe e joke ki navvado vadu oh peddh eripuk gaadu,hate
Moddaguduv,hate
Chillara vedu,hate
Naku thelisi rc gari  eyes lo power ni correct ga use chesukunnadi  matram......puri garu mathrame in chirutha lo,non-hate
Once upon a time RC acting ni enthala troll chesevaaro..ippudu vaalle RAC acting ni praise chesthunte ...aa kick a vere level,non-hate
Ram charan eyes lo aa fire choostunte goose bumps,non-hate
చిరుత looks adhurs,non-hate
"Asal  charan anna looks evariki undav, highly sprb looks",non-hate
Super settiandi voice to video,non-hate
Atla vuntadi RC tho,non-hate
Haaa calu chalau ......okaaaa akalitho vunaaa lion eyes ...avi ....jai mega power star.......jai charan jai jai charan,non-hate
RC koncham height unte bagundu,hate
Mamuluga undadu anna ne entry brooooo,non-hate
మీ ఎంట్రీ వచ్చినపుడు నితిన్ అన్న భయపడుతున్నాడు,non-hate
Vorini vidu anthem inhem movies lo ki vellipoyadu,non-hate
great raa baabu movies loki  vellipoyava ra baabu,non-hate
Bro mangalyamlo  mee Acting  osm,non-hate
అప్పుడు ఎవడ్రా వీడు అన్నవాళ్లంతా ఇప్పుడు క్లాప్స్ కొడుతున్నారు నువ్వు సూపర్ బ్రో  అనంతపురం హరీష్,non-hate
Nuv inka successful ga avvalani korukuntunna  Negative comments pattinchukoku brother Nee interview lo nuv padina kastam vinnaanu nenu I'm very happy to your success,non-hate
Kasta padithe eppudu pratipalam untundi.. congratulations,non-hate
పోన్లే పాపం కష్టపడ్డదానికి కొంచెం అయిన ప్రతిఫలం దక్కింది …. కళ్ళు నెత్తికెక్కించుకోకుండా ఒదిగి ఉంటే మంచి Future ఉండొచ్చు,non-hate
Assalu expect cheyaledu Nenu sudden entry and surprise,non-hate
"Super darling..,... Nuvvu vachaka janamlo ooopu vachindhi",non-hate
"Broooooooooooooooo  chala mandiki untai pailsu, neku vachindi movie lo chancesu pola adiri pola , all the best bro",non-hate
Anna nenu evvale e cinema chusa super cinema bro ne entry super,non-hate
"Anna assalu yevvaru nuvvu , different ga try chesav famous iepoyav ,, Nuv Super Bro,,",non-hate
Super Anna నితిన్ anne baya పడేలా entri evharu,non-hate
అప్పట్లో సునీల్ కోసమే డైలాగ్స్ ఉండేవి ఇపుడు ఆలా లెవ్,non-hate
Sunil Anna vunte sandade veru movie antha chala fun ga vuntundi.,non-hate
Kadupuki annam thintunnavaa biryani thintunnavaaa........what a comedy dialogue......really super,non-hate
Sunil unte aa sandadi veru..,non-hate
"అప్పట్లో dirctors కి, కంటెంట్ రైటర్స్ కి ఉన్న హ్యూమర్ సైన్స్ ఇప్పుడు ఎవరికీ లేదు.",non-hate
Yevari daggara Sunil lanti friends unnaru,non-hate
Suni anna comedy na mazaka,non-hate
"Amit Shaw ki slippers vesthu bathukuthunnadu, telugu vaari gowravaanni gujarat gadidhala dhaggara thaakattu pettesthunnadu..",hate
Ee cheppulu mose Banisa Sanjay ki intha avasarama?,hate
Modi ki Telugu raadhu bandi ki Hindi raadhu,hate
Mana Janalaki telivi ledhu,hate
పందులే గుంపులుగా వస్తాయి.సింహం సింగిల్ గా వస్తుంది.జై కేసిఆర్ జై జై కేసిఆర్.,non-hate
Bandi oka vest fellow,hate
"Ipudu atleast KCR ni jobs aduguthu thiduthunnaru , BJP vasthe , memu maa pillalu pranalatho unte chalu ayya , ee matha kalahaalu vaddu ani edustaaru , doubt unte north india , UP ki trip esi raandi  , nirakshyarasya , matha jhaadya paripaalana chusi raandi .",hate
Delhi valane namithe ongi ongi dandalu patala ante banisalu chaskuntaru,hate
"Pilli ki bicham  veyani ma karimnagar bandi Sanjay 
Nuv karimangar lo kanisam oka gunthalo matti Aina posava  e roju nuvvu pedda peddda matalu matladuthunnav thu 
Nammakandi ra babu e naatakalu",hate
evadu gelichina mana brathukulu  maravu,hate
Shabash gundu andariki Baga gundu kodutunnav shabash Chetta bjp,hate
Bochu pikanddii,hate
Banisa bathukulu vaddu,hate
Natti gadu bagane techadu prajalni Desam Peru cheppi,hate
"Boggemi kadhu, vedu vidi dramalu",hate
Seggu leni modi and department,hate
"Nenu deshanni, nuvvu telanganani shanka nakinchu antunnadu",hate
SHOES  Amithsha modi kinda Oodigam chey..,hate
Last ki chepu mostunadu,hate
ఉద్యోగం జాగర్త! నువ్వంటే పడకపోతే మీ ఆఫీసర్ సస్పెండ్ చేస్తడు!,hate
డ్యూటీ లో ఉండి ఒక అబ్బాయి అలా చేస్తే వాడు జాబు తీసేస్తారు అక్కడ అమ్మాయి కాబట్టి ఏమీ అనడం లేదు,hate
Hi akka nen nunnu chusanu,non-hate
Miru famous ayipoyaru akka,non-hate
Same to same డిస్కో శాంతి...లెక్కున్నావ్....keep it up....,non-hate
Superrr vunnav,non-hate
Chala great Andi Ila cheyalanty chala dare vundali,non-hate
Sister...Nelanti vaallu thaluchukuntey condecterley kaadhu collectorlu avthaaru...kalaakarulavtharu....neku suport chestunna ne family ki..A P S R T C ki ne tharupuna Thanks cheptunna,non-hate
Sridevi drama company Jaan se madam super Bellary district sandur taluku,non-hate
Village  పిల్ల  నీవు super,non-hate
Village piilla super,non-hate
Eddaru super,non-hate
ఇద్దరు సూపర్ గా చేసారు,non-hate
సూపర్ వీడియో తీసుకున్న భయ్యా,non-hate
City akka Bala vastaaru akka miru mi out fit super ga akka love you so much akka,non-hate
Green dress sis super ga chesaru,non-hate
Village ammayi super,non-hate
City akka supper,non-hate
"Ya meru cheyagalaru 
Jai janasena",non-hate
Correct ga   chepparu   sir   next   time   Meru   cm   kavali,non-hate
Kulam ane godala meedha ye system nilapadadhu..,non-hate
Pichi hospital lo join avara ayomayam,hate
Malli Kapu Card Pattukunnav Kada,hate
Me kastam palinchali sir,non-hate
Padavi kulaniki kaadhu sir.... Capability and charector unna manishiki..... Stop talking about caste,non-hate
OK mari maa sc cast ki esthava siggu undali,hate
Kulam gurinchi matladakunda eeyana meeting complete avvadu,hate
Bongemi kaadu  muyyara salu puka,hate
"Ayya kulaala gajji vadhulu, nee STRAATAJI baaga ledhu nuvv saadhinchalev",hate
KALYAN RAM GARIDI cinemalo ONE MAN SHO,non-hate
Movie superb ... Malli malli chudalanipstundhiiii super super super,non-hate
Movie aithe chaala ante chaala  bagundi  part 2 kooda twaraga vachi gana vijayam sadinchali thank you Kalyan ram garu and vassishta garu chaala baaga thisaru ituvanti kotha kotha movies Inka yenno cheyyalani manaspurthiga korukuntunnanu,non-hate
Cinema motham super andulo ee scene inka highlight,non-hate
"Wow charan very handsome.chala slim ga vunnav. Bhale muddhu vasthunnav.maa chiru anna koduku
Ante naku chala istam",non-hate
Koncham over action ekkuva undi ra anu deep needi,hate
Over action chayakandi ra pal laga migilipotaru,hate
Mi over action meru,hate
Eddari avataralu bale unnai ra baffun la,hate
Asallu emi undi ra swamy jathi rathnallu ... sollu Comedy.  Malli part two ante anthe Katha...Janelle chachipotharu,hate
"Ggajuwaka pilla memu gajulollam kada...
Super performance.. all the best",non-hate
Aa paata rojula record dance malla start ittayi,non-hate
Super Madam  dance  chala bagavesaru,non-hate
Avnu nenu mimmalni chusanu chaala sarl,non-hate
Nv chala mandhi ki inspirational eppudu,non-hate
నైస్ సిస్టర్ దేవుడు ఆశీస్సులు నీకు ఎప్పుడు ఉండాలని కోరుకుంటూ మీ chell ని,non-hate
సూపర్ అమ్మ మన వూరు పేరు తెచ్చావు,non-hate
నువ్ హీరో అవతావు అన్న అంత స్టయిల్  వుంది నిలో ఇది రియల్ మాట,non-hate
హీరో మెటీరియల్ జానీ అన్న నువ్వు..,non-hate
నిను చూస్తుంటే KGF సినిమాలో RACKY బాయ్ గుర్తుకు వస్తున్నాడు,non-hate
బయటకు గేంటేసారు ఒక్కసారి లైవ్ ప్రోగ్రాం నుండి అంతే పాస్ట్ గా పైకి లేచాడు చూపించావు ఓటమి లో కూడా ఎలా పైకి రావాలో అని,non-hate
Johnny master a movie choreography chesthe aa movie lo signature step pan India avalsindhi,non-hate
Vere level lo undhi performance... looking very handsome,non-hate
"Kgf chapter 1  ఫ్లెక్స్ చూసి జాని మాస్టర్ అనుకున్న ఫస్ట్  యాష్, రామ్ చరణ్ , జాని ఒకలాగే ఉంటారు",non-hate
Bass jaani sir nuvvu e song ki cheyyaka pothe waste e song,hate
చాలా కష్టపడి ఈ స్టేజి కి వచ్చడు.,non-hate
nuvvu thopu raaaaaa bhai,non-hate
jani anna RC annatho kalisi hero ga cheste choodaalani vundhi,non-hate
Style ga unav anna,non-hate
Neelaga andaru Allo chinchali anna,non-hate
"అన్నా నువ్వు పెద్దగా మీ తాతలా ఎదగాలి అంటే నువ్వు పక్కా జెనసేనలో చేరు అవ్వు అన్నా ప్లీజ్ నాకు తెలిసి నువ్వు రాయలసీమ నుండి పెద్ద నాయకుడు అవుతావ్ ,,కానీ జగన్ నిన్ను ఒక చదరంగం లో సిపాయి లా",non-hate
Anna nv janasena lo join antha.... AP lo Next level untad,non-hate
Devudu...devudini chudafaaniki enduku raaraiah,non-hate
Craze aa nijaythi undi anna  adi telusukuni matladu anna,hate
"Ycp lo meeru emi cheyaleru
Jsp lo neeku nachhinattu vundavachhu",non-hate
Nuvvu JENASENA lo cherali bro,non-hate
Sudheer ni timingi timing anna,non-hate
Twaralo telugollanta pichollawutaaru,hate
Sudder jafaa,hate
E lavadalo jokulu . Kampu chesaru kada ra youth ni .,hate
"Comedian ante HYPER ADHI la vundaali. Suddheer gaadu same joke prathi program lo vaaduthaadu , veedu assalu comedian kaadhu.",hate
Verry pappa akhil,hate
నాని మీలో సూర్య పోలికలు కనిపిస్తున్నాయి. So nice of you,non-hate
Nakenti bhayya nazriya matladthunte manchu akka matladthunattundi,non-hate
Chala ibandi pettavu anna Nuvvu maa Chiru garini,hate
Sorry to say but chinna events ki velthe ilaney jarugutundi..,hate
"Arey Babu Memu chinnappati nunchi chiru fans, pls don't hurt us, first chiru next evarina maaku",non-hate
Eee generation ki…Mee value telidhu Sir…,non-hate
Areyy vanni mental hospital loo join cheyyadraaa,hate
Naku boothulu vasthunnay chiranjeevi anthati vyakthine vere vallaa laga imitate cheyyamantunav n,hate
Banisa La unnaru kadara meeru me overacting,hate
Edo audio function ki vacha kadha extralu chaste kaya kosta,hate
Mee  movie hit avvadam chala happy gaa vundhi sir  all the best  kalyan ram garu,non-hate
హీరోయిన్ vere vallani తీసుకుంటే baagundedhi,non-hate
Anna prabhas annani Amina ante assalu baagodu,hate
Dongathananga kaadhu anna paisal bengi ichhindi ala cheppandi,hate
కోడెల శివప్రసాద్ అందుకే రా నువ్వు తొందరగా తెచ్చావ్,hate
Assembly lo thittukodanike miru vachedhi,hate
చిన్న  అవుట్ సోర్సింగ్ ఉద్యోగులం మమ్మల్ని బాధపెడుతున్నావు ..త్వరలో మీ నాన్న దగ్గరికి వెళ్తావు రా,hate
Mi Nanna ni chepinadi nivera,hate
మీ నాన్నగారిని కాంగ్రెస్ పార్టీ కాపాడుతూ వచ్చింది,non-hate
Appudu me nanna kapadindu yanni thappulu chasina... Ur father knows your character andhuke nuvvante ayanaki estam ledhu..,hate
మాకు తెలుసు పవన్ అన్న అంటే ఏంటి యావడో మాటలు పట్టించుకోము జై జనసేన,hate
Sometimes nuvvu vacchinanduku chala feel avutunna ninnu ilanti position lo vunchina naaa lanti die hard fans ni chustunte anna,non-hate
Ilanti comedy Valle movie flop aindhi,hate
Andhuke cinima utterflop aindhi Nithin anna chala careful ga select cheskovali scripts,non-hate
"బొక్కలో bekar movie, దొబ్బింది",hate
I love her voice....Nice girl వాగ్దేవీ మేడం so sweet of you,non-hate
Chi pooja Hegde tho polika anti aame kante meere baaguntaaru,non-hate
ఆ పూజ కన్నా ఈ పూజనే బాగుంది..,non-hate
Ammai heroine la try chesthe bagundu super undi,non-hate
Beautiful ammai ni pattu konae verae name tho enduku pilustaru,non-hate
Anchor nuvvu super ga vunnavu,non-hate
Vagdhevi nuvvu heroinega prabhas gari tho heroinega cheyyandi superga vuntundhi PRABHA VS VAGDHEVI,non-hate
ప్రతి తండ్రి కోరుకునేది ఇదే....జగమెరిగిన సత్యం...మీరు సాధించారు... అదృష్ట వంతులు మీరు,non-hate
Anna e video 100 sarla chusina thandri  kodukulo madhya unna prema super  ma dhisti Thaguluthundhi emo bhaya amithundhi,non-hate
Bahusa father and son antey ilagey vundalemo... Great father and Good Son...,non-hate
"Yes anna.ramcharn great ,meetharvatha RC okkade",non-hate
MA charan annayya baghunnadhu love you dad,non-hate
Antha Ma Ramcharan annaya manchitanam,non-hate
Goppa vaari kadupulo.goppa vaare pudataaru.anna maata mea visayam lo corect,non-hate
Andharki daddy laki kodkulu pudtharu kani mega star gariki manchi vaadu puttadu,non-hate
Prabhas antey oka level and oka range,non-hate
Prabhas ki shoulder leg surgery chesaruu then how can he maintain six pack body he also human being I think now recent prabhas pics r good,non-hate
Bahubali time antha Baganey Unnav Anna . Tharwatha ee sahoo ki radhe shyam nachinatlu frnds tho sitting uu food padypoyav Anna ..Ayina sarey darling ee no one,non-hate
ఇష్టం లేని జాబ్ చేస్తునట్టు ఉంది ప్రభాస్ ఫేస్,hate
పెళ్లి గాని ప్రసాదు హీరోలల్లా పెళ్లి కానీ హీరో ఎవరంటే అది ప్రభాస్కు మాత్రమే సొంతం,hate
Anna  plz pellichesuko sir age 43 plz anna,non-hate
Crying kadhu Ekkuva Thagesi vunnadu,hate
150 కి పైగా సినిమాలు తీసిన mega కూడా ఒరేయ్ అని fans ని ఎప్పుడు అనలేదు,non-hate
సిగ్గు సరం వున్న వాళ్ళు ఎవరు వీడి సినిమాలకు పొకడదు ..... ఏంట్రా ఆ బాషా ...,hate
అరేయ్ తోనే ఆగలేదు భయ్యా అరేయ్ తరువాత నీయమ్మ ఈ వర్డ్ మిస్ అయ్యావ్,hate
"Fans ki rowdies anna tagline pettinodu, prematho arey anadam tho thappu ledu",non-hate
నీ పని అయిపోయినట్టే రాసి పెట్టుకో,hate
Fans ki respect Ivvslira arye ntira,hate
arey memu ticket konte ne ra ne chethilo Mike nuvvu nilabade stage,hate
Vijay devarakonda is my attitude hero.andharu hero lu okalaga unte vijay matram vere laga untadu.lets support him,non-hate
Rendu cinemala ke kallu nettinekkinay.,hate
వీటికి బాగా బలిసి కొట్టుకుంటున్నాడు అందుకే లైగర్ సినిమా దొబ్బింది,hate
ఇలాంటి వాడికి ఫ్యాన్స్ హ బుద్ధి లేని వ్యధవలు ఉంటారు వాళ్ళు,hate
"Andhuke dhula Baga thirindhi  ,annaaaa",hate
Picha Na Kodaka!! Vinipisthunda Ra Vijay Ga !!,hate
ఎవడి స్టైల్ వాడిది... దేవరకొండ స్టైల్ దేవరకొండ ది అంతే ఇంట్లో తప్పేముంది... వినిపిస్తుంది చెప్పనా.,non-hate
friendly ga annadu,non-hate
Nilo nachedhi attitude సూపర్ rowdy star,non-hate
Box office Amma mogugu Charan Anna,non-hate
యాక్టర్ మీద ఉన్న గౌరవం,non-hate
Naku chala istam anasuya,non-hate
Epudu Anna video asalu,non-hate
Inkenni rojulu wait cheyali bro,non-hate
ప్రపంచంలో అతిపెద్ద అవినీతి పార్టీ టిఅర్ యస్ కెసిఆర్,hate
"నీ దిక్కుమాలిన ప్రెస్ మీట్, నీ కున్న ఫ్రస్టేషన్ క్లియర్ గా కనిపిస్తున్నది",hate
Kcr katham inka,hate
"90ml సీఎం, నీకు హిందువులు అంటే ఎందుకు అంత చులకన,",hate
జై జనసేన జై పవన్కళ్యాణ్ జై జనసేన,non-hate
PSPK andarini Encourege chestadu....jai Janasenani,non-hate
ఆ వెర్రి వెంగళప్ప మొహం ఏందిరా నాయనా,hate
వెర్రి వెంగళప్ప మొకం ఇట్లనే ఉంటదేమో ఆ అందానికి ఆ ఫేస్ కట్ కి మనం ఇచ్చే వాల్యూ ఎంతండి,hate
cinema industry ka king kalyan Annaya,non-hate
Bajana party gallu kalyan garini vadu kuntunnaru andharu,hate
Election time lo ni kallu poyaya,hate
Mundhu ne cinema lu chusukora,hate
Ituvantivi matlade cinemalu nashanam chesukuntunnav,hate
Vadu baney unnadu nuvvu chusko nedi,hate
Ede ithey adi RGV nijaallu Baga oppukuntaaru,non-hate
RGV tho antha veasyy kaadu,non-hate
రాంగోపాల్ వర్మ రాంగోపాల్ వర్మ మంచి రసికుడు,non-hate
Frist time chusthunnara rgv okarini ela unnaru ani aduguthe,non-hate
Yadhava ni yadhava laage treat chesthaaaru,hate
"Maa veedhilo prathi roju chettha theesukelle bandi vasthuni, vaallu cheptharu thadi chettha oka vaipu, podi chettha oka vaipu veyandi ani. 
Kaani ee chetthani ye vaipu veyyalo cheppaledu",hate
Nuvuu edhava sir edhi naa,hate
Vedava ki brand ambassador sir miru,hate
Harsha inner felling ...Madhya lo veedu arustunadu,non-hate
ma manasulo feeling mere cheppasaru,non-hate
Enno kullu jokulu chusna bhayya... Kani idi peaks,non-hate
Ee styles and mannerisms present andaru vaduthunnaru mana industry lo,non-hate
భజన భజన బ్యాచ్ ఎక్కువ అయిపోయారు పవర్ స్టార్ కి పాపం,hate
రకుల్ రావు.... మీ అయ్య గాడు మీ ఎమ్మెల్యే లకు కలవడానికి పర్మిషన్ ఇవ్వడు కదరా..బ్రోకర్ గా,hate
మీ అయ్య కూడా అదే గతి పడుతుంది,hate
Mee Ayya Farmhouse Unte Mee ML Lu Appudaina Mee Ayyani Chusindra Lolly ga,hate
ఆపు రా డ్రామా రావు అన్ని సొల్లు కబుర్లు,hate
Naa Sanka Naku mari,hate
పొరపాటున మళ్ళీ గానీ రాజశేఖర్ రెడ్డి గారు వస్తె కుర్చీ పొద్దని తీసుకెళ్ళి కూర్చోబెట్టడు,hate
అన్నకు అర్థమయింది ఈ పాటకు అందరూ పరుగెత్తి పోతారని..,non-hate
"Comparison bagundhi kaani result matuki Bigboss result avvakudadhu 
Blockbuster Hit kottali",non-hate
Alaga pogidikoni seda dengaru andaru,hate
"అప్పుడే అడుక్కునే స్థితి వస్తే
ఇంకా ముందు వుంది ముసలి పండుగ",non-hate
Ee vaakhyam RRR lo Ram Charan jail scene dheggara vaadaru.,non-hate
మీ లాంటి కార్పొరేట్ సినిమా వాళ్ళుకి ఇలాంటి భగవత్గీత లాంటివి అనవసరం,hate
"Paytm kukkalu ekkada, idi kuda cbn gare plan chesaru antaremooo",hate
అమ్మ ఒక రాక్షసుడుని కని మా మీద వదిలేసావు తల్లీ నీకు,hate
అధికారం కోసం తల్లిని చెల్లి ని కూడా వాడుకొని వదిలేసాడు జగ్గన్న ఇంకా మనం ఎంత గొర్రెలం కాదా మనం,hate
మీరందరూ Ap ని సంకనాకించారు,hate
"రాష్ట్రాన్ని నకించేసి తల్లి, కుతురు సైడ్ అయిపోయారు",hate
Andra prajalaku siggu undali sontha amma nu chellini patinchukoleni vadu Meemanli chusukuntadu,hate
"Nice ga side ayaru, mi ru jagon kiladilu",hate
Eppudaina mi putra ratnam gurinchi Nijam cheppandi vijayamma gaaru,non-hate
Amma correct Ga cheppaavu mi koduku antha donga ippudaina nammu talli,hate
"శుక్రవారం శుక్రవారం స్టేషన్ కి వచ్చి సంతకం
పెట్టు",non-hate
జై మెగాస్టార్,non-hate
Aat..... tatha on fire,non-hate
Meeru super sir,non-hate
Jayamu jayamu chandranna jayamu neeku chandranna,non-hate
ఇందుకే 23 వచ్చాయ్… ఇలాగే ఉంటే అవికూడా పోతాయి,hate
నువ్వు రెచ్చిపో బాబు నీ వెనకాల మేము ఉన్నాం,non-hate
Ram entra babu intha andamga undau super,non-hate
Lips thin ga unte baguntundi,non-hate
Krithi please nee pallaku clips veyinchuko teeth chala munadariki vachay,hate
"సుమా గారు మీరు మాములుగా చేసినా చూస్తాం,  ఓవర్ యాక్షన్ బాగా ఎక్కువ అయ్యింది, మీ వల్ల రేటింగ్ రావట్లేదు ,",hate
దీనెమ్మ జీవితం నా చిన్నప్పుడు సంది దీని ఓవర్ యాక్షన్ చూడలేక చీదరి ఐతుండే తూ,hate
Suma em maraledu ade over action,hate
cinema dobbaka  aduku tinnanndi eddaru,hate
Rana garu miru chala simply Star,non-hate
మీలాంటి పెద్దల ఆశీర్వాదం ఎప్పుడు మా అన్నకి ఉండాలి.,non-hate
okka goppa Director chudadam kantay Adrustam Em vuntundi mi Ashishishulu Tarak sir ki vubdali,non-hate
E paata lo Jr NTR nataniki deshame daasoham ayyindi,non-hate
E okka song tho movie vere level ku velipoindhi,non-hate
కళాతపస్వి గారి ని ఈ బంగారు కొండ యన్ టి ఆర్ తో ఓ సినిమా తీయమని ఎవరైనా చెప్పండి  దయచేసి.,non-hate
Mee Lantivaalla matalu inspiring ga vuntai….god blessed us with more knowledge by sent people like you,non-hate
Devudu manishi kanna goppa,non-hate
Charan దొరికిపోయిన ప్రతిసారీ ntr ni చూస్తాడు,non-hate
Pitchi pk neeku neemeede nammakam ledhu you only belive NCB,hate
Yem matladuthunnav ra? Naralu kattai poiniy Neeku lekkalenduku ra ayya? Weekend politician,hate
Samsaram cheyaganey pillalu puttaru sir. Wait for good result,hate
పుట్టినరోజు శుభాకాంక్షలు అన్నయ్య,non-hate
మీ వాడు మా వాడు మన అందరివాడైన పవర్ పవన్ కళ్యాణ్ గార్కి జన్మదిన శుభాకాంక్షలు,non-hate
"Yendira nayana, yitla vundi.Power Star actions chusthunte goosebumps vasthunayi. India lo All records smash ayyela vunnayi.",non-hate
"సూపర్.... కళ్యాణ్ అన్న, చంపేశారు పొండి.... కేక అంతే",non-hate
Wow super sir e cinema chla pedda vijayam avvli me fans ki panga chesukovali sir hbd sir,non-hate
"Adhe better, anthe kaani life long savings one day lo waste cheykudadhu , lifelong entha karchu avthundho, aa oka roje antha karchu pedathaaru chaala mandhi",non-hate
Very గ్రేట్. Very humble,non-hate
Own party ni yem peeekaleka yevadiki ichhhi vaaadi kindha bhanisalaga undatam meee vamsanike,hate
Blood breed veru. Mental certification kuda,hate
Adhoka vamsam...veedi dabbalu veedu...,hate
"E family dabba manuko vayya bul bul 
Chala mandi ki records vunnai edo mi family goppa migitha family Sankara jathi ani anadam  comnsence ledhu ani ni certificate chepthundi 
Mi family lo ntr ela vuntadi kalyan ram nv marav nv manshiva balayavva ani antaru ma side",hate
"Orey  jaffa bul bul,go and buffalo muddilo paduko",hate
Mi vamaham mohanbabu vamaham tarvathe ra sollu ga,hate
Ore sollu apura,hate
నేను ysr జగన్ అభిమానిని.... వినోద్ రెడ్డి గారు మీరు పార్టీ కోసం పడే కష్టం నచ్చింది... కచ్చితంగా మీరు విజయం సాదించాలి అని కోరుకుంటున్నాను...,non-hate
జై జనసేన మన పార్టీ గెలవాలని మనస్పూర్తిగా కోరుకుంటున్న,non-hate
Annayya nuvvu sucess ayyalani manasara korukuntunna iam from VIZIANAGARAM,non-hate
All the best annya aaa..ni Hard work apudu ki waste kadhu sir jai janasena,non-hate
Ravaali pavan...jai janasena,non-hate
అన్నా కాస్త జాగ్రత్త... వాళ్లే అనుకోని లోపల  నుండి దేంతోనన్న విసిరేరు... కాస్త గ్యాప్ ఇచ్చి పోతండే... Love you Anna... నీ కష్టం వృధా కాదు,non-hate
Baga kastapadutunnav brother super,non-hate
Daya chesi okka chance evvadi pawan kalyan gaariki am from banglore,non-hate
తండ్రి కొడుకు గురించి చెప్పకపోతే ఎవరు చెప్తారు? తప్పు లేదు. సహజం. పుత్రోత్సాహం తండ్రికి,non-hate
NTR ni cm ga chudali.tatayya paruvukosam,non-hate
జై ఎన్టీఆర్ అన్న జై రామ్ చరణ్ అన్న,non-hate
Ntr garu miru chala pedda artist. Matldalisochinappudu.thagginchi matladandi. Adigunapudu odiguntame manchidi.,non-hate
Mamauluga undhadhu mari ntr anthe,non-hate
మీ ఫ్యామిలీ లో నాకు నచ్చింది నువ్వు అన్న.. కరెక్ట్ గా మాట్లాడుతావ్..,non-hate
నువ్వొక్కడివే మి ఫ్యామిలీ లో అందరితో కలిసిపోయే గుణం కలిగినవారు brother,non-hate
"ఎందుకో నువ్వంటే నాకు eatam అన్న
వేదం సినిమా చూసినప్పటి నుండీ ..decide ayyanu ... Your my brother...",non-hate
Adhi ento  nuv wrong family  lo unnavu.. bro...nee speech  lo compulsoryga social  responsibility  untundhi..hats off to you..,non-hate
బడా బడా డైరెక్టర్స్ అందరూ మనోజ్ అన్నతో సినిమా ఎందుకు తీయరు ఎప్పుడూ మెగా ఫ్యామిలీ ఏనా ఫాలోయింగ్ ఉన్న హీరో లేనా జై మనోజు అన్నా,non-hate
Manoj okkade odd man out in manchi family,hate
Manchu family ki inka respect undi ante adi only nee valle manoj anna,non-hate
Manchu family ni nvve kapadali anna,non-hate
Manchu Family Paruvu kapade Manishi Nuvvu Okkade anna,non-hate
Nenu oka NTR fan ga chepthuna heart touchesaru sir mee speech tho hats off sir,non-hate
నేను పవన్ కళ్యాణ్ చెప్పిన తర్వాత మీ సినిమా చూశాను చాలా బాగుంది,non-hate
"Manchi cinema ni prathi okkaru aadaristaru,all the best nikhil, have a bright future",non-hate
Ippati varaku peddha heroes ki chinna actors kaka pattaru. Ika nunchi pedda heroes thodalu kottada lu meesaalu meda gokkodalu manesi chinna heroes ki value iche time vachesindhi,non-hate
Samudramlo alalu aagavu Harsha Anna ki anna meeda prema chavadi,non-hate
సముద్రంలో అలలుంటే అందం మా గుండెల్లో హర్ష సాయి అన్న ఉంటే ఆనందం,non-hate
nna nuv chesina help ki vallaku edho oka chinna avasaralaku panikosthundhi harsha sai love you anna,non-hate
ANNA nee voice ante naku chala istam,non-hate
హర్ష..! నీ మనసులగే... నీ రూపం కూడా అందంగా ఉంది......,non-hate
Smile chudanidhe venakki thaggavu bro nuvvu,non-hate
"హర్ష సాయి ఫ్యాన్స్ ఎంతమంది ఉన్నారు
ఇక్కడ,. A man with golden heart",non-hate
Vinayaka chavithi subhakanshalu Harsha sai,non-hate
Harsha anna ni kalavaali okkasaraina,non-hate
మీలాంటి వాళ్ళని దేవుడు చల్లగా చూడాలని సార్ హర్ష సాయి అన్న,non-hate
"Hi harsha....happy vinayaka chavithi,  life long nuv happy ga undalani............aa devunni korukuntunna sai......may god bless u  harsha.",non-hate
Hii Bagunnara Harsha Sai garu  meku. Mee team members ki happy vinayaka chavithi,non-hate
Jai Prabhas Anna ఆరడుగుల ఒక మంచి మనిషి,non-hate
సంతోష్ శోభన్ మంచి యాక్టర్.... కళ అనేది ఒక ప్రాంతానికి పరిమితం కాదు..విశ్వవ్యాప్తమైంది,non-hate
పోలీసోల్లొచ్చి ‍యేటుకు బట్టుకుంటారు,non-hate
Chiranjeevi be like : arey em matladuthunnavra,non-hate
"KCR డైరెక్ట్ గా ప్రణబ్ ముఖర్జీ కాళ్లు మొక్కీ నప్పుడు ఏమైoది,",non-hate
Evari Cheppulu moyataniki prajalu ninnu gelipinchaledu.... Bandi..,hate
అక్కడవరకు వెళ్లినవాడు చెప్పులు వేసుకుంటాడు కదా వీడి ఓవర్ యాక్షన్...,non-hate
ముందు కళ్ళు తరువాత రాళ్లు తెలివి ఉన్న వారు చేసే పని ఇతరులతో మరియాదగా ఉండాలి మరి బానిసల కాదు,non-hate
అన్న మంచి పని చేసావ్ ఓకే కానీ జన్మనిచ్చిన అమ్మ నాన్న లకు కూడా ఇదే సేవా చేయి,non-hate
ఏముంది పదవికోసం గుధ్ధ కూడా నాకేస్తారు ఈ రాజకీయ రాబందులు,non-hate
"Em bathuku ra Nidhi, oka MP vi state president vi , nuv slippers moyadam entra vedhava , telangana ijjath tisinav",hate
వీళ్ళని నెట్టేసే వాడెవడో చూడాలి,non-hate
ఇలాంటి పనికిమాలిన వీడియోలు చాలా చూశాం మిత్రమా పూర్తి వీడియో పెట్టి ఉంటే బాగుండేది మిత్రమా,non-hate
Naku prabhas anna ento rana anna kuda antey,non-hate
Industry లో ఒక్క remark కూడా లేని ఫ్యామిలీ ఏదైనా ఉందా అంటే అది One And Only Victory Venky Anna Gaari Family Superb Raana Anna,non-hate
సౌత్ గురించి తక్కువగా మాట్లాడినోళ్ళే తెలుగులో పాట పాడుతుంటే వినడానికి చాలా బాగుంది,non-hate
E desham lo anni rajakiya nayakula vigrahalu ilagey padipovali,non-hate
ee desham lo politians purugulu paati nasinam kavali,hate
కొపనాతి కృష్ణమ్మ గారు విగ్రహం పడిపోయిందని సంతోషపడుతున్నారా ఏం మనుషులురా చెత్త మనుషులు పక్కన ఎవడు ఆడు పడిపోయింది పడిపోయింది అది అన్నాడు,non-hate
మనం ఎక్కడ నుంచి వచ్చామో దాన్ని మర్చిపోయ్యే వాళ్ళు ఉన్నా ఈరోజుల్లో ఎంత ఎదిగినా వొదిగే ఉండాలి అన్నా మి simply sity కి నా,non-hate
Are యాదవ ల్లా రా megastar తరవాత పవన్ కళ్యాణ్ రా  చిరు సర్ ఆయన Vera leval జై బాలయ్య,non-hate
pavitra baga denguchiko naresh tho,hate
pavitra ni gudda awesome ni age ni figure ki salute,hate
శర్వానంద్ గారు వచ్చిన. కొత్తలో సంక్రాంతి సినిమాలో యాక్టింగ్ రోజుల్లో  కెరీర్లు చిన్ని హీరోగా  మిగిలిపోతారు అనుకున్నాను.  కానీ మంచి లైఫ్ వచ్చింది ఇంకా పెద్ద హీరో కావాలని ఆ దేవుని మంచి భవిష్యత్తు ఉండాలని కోరుకుంటున్నాను,non-hate
"దేనిని కందించి దేశం మొత్తమ్ అత్యవసర విధిచాలి, ఒక గొప్ప వార్త ప్రసారం చేసిన టీవీ10 కి గోల్డెన్ గ్లోబ్ అవార్డు ఇవ్వాలి",non-hate
Nalla Baalu nuvvu evadara  jagan anna ni tidava,hate
సార్ మీరు  చాలా బాగా నిజాలు మాట్లాడుతారు  నిజంగా నమస్కారం  సార్,non-hate
Konda anna mi attitude ki salute,non-hate
మనుషుల్లో నల్లగా ఉన్న వారిని ముద్దుగా నల బంగారం అని పిలుస్తారుఅంతేగాని ఎర్ర బంగారం అని ఎక్కడ పిలిచిన దాఖలాలు లేవ,non-hate
మీరు ఆ స్థాయిలో ఉండి కూడా మీ స్నేహితుని పరిచయం చేయడం ఆనందకరం,non-hate
"రేషన్ కార్డు తీసేసినా మనం ఏమి చేసేది లే...
పెట్రోల్ రేటు పెంచేసినాఏమి చేసేదే లే...
 8లక్షల కోట్లు అప్పు చేసిన మనం ఏమి పేకేదే లే...",non-hate
తాగ్గి వాగుతుంది పాప ఈమె చిలకలూరపేటలో రికార్డింగ్ డాన్స్రు,non-hate
sharmila nuvvu ooriki ki poyi record dancelu cheskho,hate
"movie peru 3 lanjas samantha,manchu vishnu, swara bhaskar,manuch akka,anasuya",hate
anasuya lavada mokahi 40 ellu aunty anukunda babu annala,hate
అన్ని ఉచితంగా అమ్మబడే లౌడాబడి అనుకుంట అన్ని ఉచితంగా చేస్తానని అప్పులపాలు చేశాడు రాష్ట్రాన్ని,non-hate
"ఎనకటి రెడ్డి కూడా టీవీ స్టూడియోలో కూర్చోవడం, తెలుగు వాళ్ళ దుర్భాగ్యం",non-hate
Venkat reddy ki buddi pagilindi anudke noru mosukohni vundali,hate
ఏ రా వంకర రెడ్డి ఎలా పుట్టి ఉంటావో నాకు అర్థం కాలేదు.,non-hate
siggu vundali amma jagan lanti erripuk kanna anduku,hate
Kcr vadu vadi banda karre muku esjoni ma modi tho callenge ha,hate
40 సంవత్సరాలు రాజకీయ అనుభవం,non-hate
కేశినేని నాని లేకపోతే TDP కి ఊడేదేముంది. ఇంత ఓవర్ చేసేవాడు అవసరమా పార్టీకి,non-hate
వీడికి నిజంగా బేసిక్ సెన్స్ లేదు!! చూస్తే తెలియడంలా???,non-hate
చంద్రబాబు శివుడు లాంటి వాడు.. విషాన్ని కూడా తనలోకి తీసుకుంటాడు...ఇక ఇలాంటివి ఒక లెక్కే కాదు..,non-hate
అంత చిరాగ్గా వుంటే.. స్టేజ్ మీద కి ఎందుకెల్లార్ సార్,non-hate
rajakeeyanayakulu kuda lanjala ey vellu party marututaru vallu illu marutaru,hate
kodali nani ki caste pichi valla kulum ayithey pellam kuda gift gah istharu,hate
Mamulu ga evvaledhu ga anchor anna,non-hate
jai cbn jt sr ntr nenu mi tdp supporter na pranam istha,non-hate
సీనియర్ కాబట్టి కేశినేని గారు CBN కి ఇస్తే బాగుంటుంది అని జయదేవ్ అనుకున్నాడు.. ఎవరిస్తే యేముంది లే.. నువ్వే ఇవ్వు అని నాని వెనక్కి జయదేవ్ కే ఇచ్చాడు...ఇందులో ఏం కనిపించింది రా మీకు..? NEGATIVE mind set Burgers,non-hate
మోదీ పెద్ద డ్రామా వే ఆర్టిస్ట్ వెనక డైరెక్ట్ చేసేది కార్పొరేట్ కంపెనీలు,non-hate
హృదయ విదారకంగా వుంది... అద్వానీ గారు...one of the founder of BJP... time వస్తుంది.... అందరికీ,non-hate
sitharaman oka sudda pappun siggu ledhu asla mms valla india ela atani economic policy valle india 3 trillion economy ayindhi,hate
nuvvu poyyi modi modda cheku mms oka great econmist ani prapamcham anukondhi antanu lekunte india ledhu,hate
edhi Carect kadu modhi garu papam kovindh garini ala avamanaparachadam carect kadu,hate
"Dr YNM
1 month ago
ఇందులో మనం పెద్దగా ఆలోచించాల్సిన అవసరం లేదు. అంతా కాలం మహిమ.ఏదో ఒకరోజు కాలం ఆయనకు ఇవ్వవలసిన గిఫ్ట్ తప్పకుండా ఇస్తుంది. చేసిన కర్మలు అనుభవించక తప్పదు.. సోనియా గాంధీ అయినా, మోదీ అయినా, చంద్రబాబు నాయుడు అయినా, జగన్ అయినా.. కాలం అంతే..",non-hate
"బాబు చాలా‌‌ ఎదిగిపోయాడయ్యా......,బాబోయ్ ప౦చులు ఎస్తున్నాడు భయ్యా.",non-hate
నీవు తెలుగు ఇంత చక్కగా మాట్లాడు తుంటే మన చిన్న బాబు అనుకొని ఉండడు అయితే బెంగళూర్ ఇన్స్టిట్యూట్ లో బాగా నేర్పుతున్నారు తెలుగు,non-hate
పాపం అతను ఒక ఉద్యోగి అతను సాక్షి దినపత్రిక ఓనర్ కాదు.. అతన్ని పట్టుకొని ఎందుకురా నీకు,non-hate
bandi sanjay ni bandi  lo vunna engine  degindhi andhukey pichi pichi matladutunnaru,hate
rohit sharma kulubothu na koduku Asia cup kuda tesukorale malla vadini virat lo poluchutaru,hate
indian player aata radhu padhu semi-finals piles anni modalo jabbulu vachi odipotaru,hate
asla semi finals vache saraki prathi vadu moddalo gameolay anni appudey bayathutahai,hate
middle order marchu vinnale world cuo degindhi asia cuo dengindhi poyi gully circket adukondi,hate
bhuvi adhey 19th over lo madien cheasaru enti moddalo srh key adhey ki maiden kuda avasaram ledhu oka 19 runs ichi dengi match odipincharu,hate
ఇటువంటి వాల్లు ఎప్పటికీ నేరుచుకొరు,non-hate
వాడు జీవితంలో ట్రైన్ క్రాసింగ్ అయితే 20 అడుగుల దూరంలో ఉంటాడు సిగ్గు శరం ఉంటే సంవత్సరం వరకు ట్రైన్ కూడా ఎక్కడు,non-hate
జీవితంలో మళ్ళీ ఇలాంటి నిర్లక్ష్యంగా ఉండకుండా జరిగింది... విడిని చూసి ఇంకో 10 మంది మారతారు,non-hate
ఆ బైక్ వాడిని ఉరి శిక్ష వేయాలి,hate
మోడీ అద్వానీ గారు పెట్టిన బిక్ష పెట్టారు కాబట్టే నువ్వు ఇపుడు ఇలా ప్రధాని స్థానంలో ఉన్నవని మరవకు చాయి వాలా మరవకు గతాన్ని,hate
అద్వానీ గారినీ పాటించుకోలేదు అంటే ఇగ ని పతనం మొదలైనట్టే అయన వాళ్ల పార్టి అంతా ఎదిగింది,non-hate
సరిగ్గా చూడండీ అక్కడ విగ్గురాజు ఉన్నాడు అబ్బా…,non-hate
నమస్కారానికి ప్రతినమస్కారం సంస్కారం,non-hate
వాడి అసలు రూపం అదే  ఎవరిని ఎప్పుడు వాడుకుని వదిలేయాలో వాడి కంటే ఏ రాజకీయ నాయకుడికి తెలియదు,non-hate
"ఈనాటి బీజేపీ దేశాన్ని ఎలుతుందంటే దానికి అద్వానీగారి కృషి చాలావుంది
మోడీగారు ఇలా",non-hate
అప్పుడు రాజకీయ ఎదుగుదలకు కారకులయిన అద్వానీ గార్ని అవమానించారు. ఇప్పుడు పదవీవిరమణ చేసిన కోవింద్ గారిని అవమానించారు. న్యాయమా మోదీ గారు.,non-hate
Love story muddulu kadu sannivesam site ranam lo scenes lo love chala baga chupicharu movie,non-hate
Ekkada పట్టుకున్నారు వెళ్ళిపోయాడు గా,non-hate
ఎక్కడ పట్టుకున్నారే తల్లి..ఆమె కూడా వెళ్ళిపోయింది.. దొంగలు పారిపోయారు గా..,non-hate
ee movie theatre lo chudakapote tarwata mere feel avutaru.. Excellent movie,non-hate
Bangaram lanti wife failure kuda supporting ga undi kani veedu vini veshalu,non-hate
arshadeep ni asla enduku tisukonnario telidhu vadiki simple catches kuda vadili dengaru ha moddalo feilding kante pakistan feilding melu,hate
vijay shankar anna 3d anna enti anna na lavadio batting modalo feilding inka no ball eesidenagtuavu nuvvi 3d enti,hate
snow family ela bathukundhi ante burdha pandi bathukundhi nenu bathuthunnanu,hate
kl rahul ipl baga adutavu india ki moda laga adutavu preity tho night out ha enti,hate
preity zinta oka bazzar kukka team tesukovadam kuda radu,hate
kavya papa circket meda avagahana ledhu ma aubction dengi mataldutnadhi,hate
vijay mallya nirav modi kapadindhi bjp malla ha baate shah gadu nak emtelidhu antaru,hate
Rey yendhuku ra ...puri garu cheppindhi okkati ...miru chupinchedhi  inkoti....rava annadu puri garu dhani vere laga cheptharu  andhuku ra ....,hate
tyson: rey puri inko sari ni mokham choopistahe egiri egiri dengutha,hate
"Naarappa theatre lo vachedi unde
Motham kcpd untunde",non-hate
ఇటువంటి చావు రావాలంటే ఎంత పుణ్యం చేసి ఉండాలో     మీ ఆత్మకు శాంతి కలగాలని కోరుకుంటున్నాను,non-hate
"వరిని యాచించని జీవితం,, ఆయాసం లేని మరణం,, మరణం తరువాత నీలో ఐక్యం కావాలి అని అష్ట దిగ్గజాలు లో ఒకరు ఐన ధూర్జటి కవి చెప్పారు..         అదృష్ట వంతుడు.",non-hate
దేశానికి పనికొచ్చే ఇటువంటి వారు నొప్పి లేకుండానే ప్రాణాలను వదులుతారు,non-hate
"అంతే...చావు ఎప్పుడు, ఏం రూపంలో వస్తుందో తెలియదు! ఒక చెట్టు నుంచి ఎండిన ఆకు రాలినట్టు, గాలి వీచినట్లు సహజంగా జరుగుతుంది... ప్రాణం పోతుంది!",non-hate
పుణ్యాత్ముడు......ఆయన ఆత్మకు శాంతి కలగాలి....,non-hate
"నిజంగా సూపర్ , పుణ్యాత్ముడు , ఇలాంటి చావు రావాలని అంటే ఎంతో పుణ్యం , అదృష్టం ఉండాలి అని నా భావన",non-hate
భరత మాత ఒడిలోకి ఒరిగి పోయాడు. ధన్యుడు అమర్ రహే. మళ్ళీ ఒక సైనికుడు లాగ పుడ తాడు.,non-hate
చాలా అదృష్టవంతుడు. మంచి వారికి అలానే చావు వస్తుందేమో,non-hate
"RIP . Sunaayesena Maranam, chaala Goppa vyakthi and even Abdul Kalam Died in the same way.",non-hate
Valla husband koda intha la thalchukodura nayana,non-hate
sooraj oka rapist malla sulli bhai suport okati,hate
jihah khan sucide ki karanam sooraj altanchdi sulli bhai mafia support free vare ammailtho dengithunaru,hate
sooraj inka valla daddy oka rapist rapist family gudda mi dabbulu valla safe malla modi give respect to women anta,hate
liger movi బాగుంది but హీరో కి నత్తి ఎక్కువ గా ఉండడం వల్ల సినిమా పోయింది అంతే,non-hate
Tega feel ayitunnadu  adhe vere hero ayithe notikochinattu vaagutunde,non-hate
Anna ni fan nenu evi Niki anavaram,non-hate
VD gudda mi ekkuva attidude andheukey movie assam ki dengindhi,hate
Ore teenmar mallanna pedda thopula feel kaku,non-hate
Mundhu nuv e cinemala gurinchi apu ayya... Nduku niku respect ivaniki radhu.. m radhu,non-hate
"Flop ante eante  bayya
Neku thilusa
Nuvvu thisava movie
Nuvvu produce  chesava
Nuvvu chusava
Ne abba
Nuvvu chudara movie first",non-hate
భారత దేశంలో పాలన చేతకాని సీఎం పాలన చేత కాక వేరే వాళ్ళని విమర్శించే ఏకైక సీఎం మన బతాల పోషెటి,non-hate
kcr niku baga ekkuva ayidhi anni moukni cm avvu next karre mukku ki cm endhuku ra lanje boss,hate
basavaraj oka daridurudu hindu ante challu vadu rapist ayina parle vadithine kapuran chestharu,hate
modi ki cheppu neku oka yogi ante chaalu nee vuncha kuda tagutaru,hate
ఈ దునియలో సిగ్గులేని ముఖ్యమంత్రి మీరే సర్ కెసిఆర్ గారు,hate
మీ మాటలు వింటే తెలిసింది మీకు కమన్సెన్స్ లేదని,non-hate
"అంటే పేదవాళ్ళు ఉపన్యాసాలు చెప్పకూడదు అంటావా , ఆయన 30 కోట్ల ప్రజలకు ముఖ్యమంత్రి.",non-hate
అంకుల్ అంకుల్ యోగితో పెట్టుకోవద్దు అంకుల్ వ్యాన్ తిరగబడిపోతాయి,non-hate
Sir మీరు ఎవరితో అయిన పెట్టుకోండి కానీ..యోగి గారి తో వద్దు,non-hate
pragya thakur oka dogga baba dani endhuku mp ayindho telidhu pichipuk janalu andhey north india ala vundhi,hate
ఎవ్వరెం అనుకున్నా నిజాన్ని నిర్భయం గా చెప్పడం లో మీరు తగ్గేదేలే గురువు గారు,non-hate
సమాజం మారడం అంటే చాలా కష్టం  మీ ప్రవచనాలు వింటూ కొంతమంది అయినా మారుతారని ఆశిద్దాం గురువుగారు,non-hate
"తగ్గేెదేలే శ్రీ రామ చంద్రుడు,హరిశ్చంద్రుడు లాంటి వారు అనాలి,smuggler's కాదు. మీరు అసలైన హీరో గురువు గారు.",non-hate
"మీ  ప్రవచనాలతో  ధర్మాన్ని ప్రచారం చేస్తూ కాపాడుతున్నారు, మీరు భారత దేశానికి నిజమైన మార్గదర్శి గురువు గారు.
మీకు పాదాబి వందనాలు.",hate
"గురువు గారి అవేదనలో అర్థం ఉంది
మీకు నేను మనస్పూర్తిగా పాదాభివందనం చేస్తున్న",non-hate
కడిగేయండి మీరు సమాజాన్ని!  నాకు బాధగానే ఉంది గురువుగారు.,non-hate
గరికపాటి నరసింహారావు గారికి పద్మశ్రీ అవార్డు రావడం చాలా చాలా ఆనందంగా ఉంది. ఆయన ఉపన్యాసము భారతదేశ యువతకు ఆదర్శం.  ఆయనకు మరెన్నో గౌరవాలు లభించాలని మనసారా కోరుకుంటూ...వందనములు.,non-hate
గరికపాటి వారు నిజమే చెప్పారు,non-hate
గరికపాటి గారు బాగా చెప్పారు ...చెడును హైలెట్ చేయడం ద్వార యువత త్వరగా ఫాలో అయి వారు సమాజం చెడువి గురవుతున్నది,non-hate
చాలా యూట్యూబ్ చానల్లలో మీరు చెప్పిన గరికపాటి వారి అభిప్రాయం ప్రచారమౌతున్నది. వాటి కింద కామెంటులను సినిమా రంగం వారు చదివితే ప్రజాభిప్రాయం తెలుస్తోంది. ఏమైనా అనుకోని అనుకుంటే ఒకనాడు వారి భార్యాపిల్లలపై అదే ప్రభావం పడవచ్చు. చివరగా బుధ్ధి చెబుతుంది…,non-hate
sonam kapoor ni rape nadhi road o vadhileyala,hate
alia bhatt cheshe overaction ki hatsoff,non-hate
first koja johar ni india nunchi tarmidengithe sangam pedha pothadhi,hate
గారిక పాటిగారి తో నేను కూడా ఏకీభవిస్తున్నాను,non-hate
alsa janalu erripuk galu jagan ni cm cheyadam enti,hate
నేను వైస్సార్సీపీ పార్టీ కార్యకర్తను అయినా కూడ తెలుగు రాష్ట్రాల తరపున కేంద్రం తో దీటుగా మాట్లాడిన ఈ నాయకుడికి పార్టీలకు అతీతంగా సెల్యూట్ చేస్తున్నాను,non-hate
కొంచం ఘాటుగా వ్యాఖ్యానించారు...... కానీ నిజం అదే కదా…,non-hate
ఆ డబ్బు కూడా దొబ్బాడు మా ముఖ్యమంత్రి,non-hate
టెక్నికల్ ప్రాబ్లo అని సింపుల్ గా తేల్చాసారు .,non-hate
"బాల యోగి, ఏర్రం నాయుడు, లాల్జాన్ బాషా ముగ్గురు చంద్రబాబు తయారు చేసిన లీడర్స్..",non-hate
చంద్రబాబు నాయుడు గారి పేరు చెప్తే ఏమి చేయలేడు కానీ జగన్ గాని పేరు చెప్తే నిన్ను బొక్కలో వేసి కుమ్ముతాడు,non-hate
నీకు మళ్ళీ ఇంకో చెంప దెబ్బ తగిలితే బుద్ధి రాదు అనుకుంటా,non-hate
వీడు పోటీచేస్తే వార్డు నెంబర్ కూడా గెలవడు వీడు చంద్రబాబు నాయుడు గారిని టార్గెట్ పెట్టుకొని తెలంగాణలో చెంప దెబ్బలు తిన్నాడు,non-hate
pichi lanjakodukuvi Chandra Babu Kali gotiki saripovu,hate
Hero ni Baga encourage chestundi papa....,non-hate
100 cr cheralante 500 cr petti movie thiyyali,non-hate
నువ్వు ఏదో ఒక రోజు 10లక్షల క్లబ్ లో ఖచ్చితంగా చేరుతావు అన్నా....చేరుతావ్…,non-hate
Acting super undhi ga bro just story lo dammu ledh,non-hate
anusya potti potti dress esukoni expose chesthe hot rape sexy fogure comments tappa em vasthaai,hate
Avnu anna ఇన్ని రోజులు వాని వీడియోస్ చూసా but వాళ్లు ఇలాంటి క్యారెక్టర్ worrust చిల్లర... గాళ్లు,non-hate
టికెట్ డబ్బులు తో వీళ్లు దొబ్బి తింటున్నారు,non-hate
"Enti villu ee cinema ni oka bahubali, kgf kante ekkuva uhinchukuntunattu unnaru..papam.. picchi vedava",non-hate
Ila extras cheyadam. Cinema ki karchu pettam so people should pay 450/- antaaru.,non-hate
"Cinema karchulakantey, ee karchule ekkuva papam producers ki",non-hate
Mana paisal tovallu njoy chestunnaru mundu manaki buddiledu,hate
పోనీ ఆంధ్రప్రదేశ్ కు separate కరెన్సీ నోటు పెట్టీ నోట్లు గుద్దు జగన్ అన్న గాంధి గారి ఫొటో బదులు నీ ఫొటో పెట్టు అన్న,non-hate
ఇంత తెలివైన ముఖ్యమంత్రి ని ఎన్నుకున్నారు,non-hate
basavraj oka rapist gadini support chesthunnadu endhuku vadu brahmin kabati,hate
himanata asala siggu ledhu kerjiwal lanti valla pettukovadaniki,hate
అన్నో మనకి కూడా ఒక మిషన్ అడుగు. కొట్టుకుందాం,non-hate
jagan amma vadi dabbulu pettali nanna gudda lo nunchi leppali,hate
అన్నా.....మనం కూడా ఒక మెషినీ కొనుక్కుందాం... మనమే గుద్దుకుందాం....,non-hate
అన్నా...ఒక్కో సచివాయంకి ఒక్కో మిషన్ ఇచ్చి పడేయ్ అన్నా....తర్వాత చూసుకుందాం…,non-hate
nehru amman denga ni valla india pakistan godava inka vundhi,hate
"నెక్స్ట్  అప్పు దొరక్కపోతే , అన్న  చేసే పని అదే  …",non-hate
ఎందరో  మహాను బావులు  వుంటారు వాళ్లు ఊరికెనే ఉండరు,non-hate
"lakshmankumar kavali
Next Step is tdp vallu money print cheyakunda adukuntunaru ane press meet pette mare chepatadu",non-hate
RBI అప్పు ఇవ్వకపోతే కేంద్రం మెడలు వంచి ఫ్రింటింగ్ మిషన్ తీసుకొస్తాను అని మాటిస్తున్న,non-hate
"ఆంద్రాని వెనిజులా,శ్రీ లంకల చెయ్యాలి అని కంకణం కట్టుకున్నాం అన్నమాట",non-hate
andhra ni dengali ante jagan abivudri ante cbn,hate
ఇంత పరిజ్ఞానం ఉన్న సీఎం ఆంధ్రకి సీఎం కావడం ఎన్నో జన్మల పుణ్యం,non-hate
అన్నయ్య ప్రింటింగ్ మిషన్ ద్వారా 6093 కోట్ల రూపాయలు వన్ డే ప్రింటింగ్,non-hate
ఈయన గారు ఏమి మాట్లాడతాడో తెలియదు,non-hate
అన్నా కొన్ని మిషన్ లు  అడుగు అన్న work from home  చేసుకుంటూ నీకు కొంత కమిషన్ ఇస్తాను,non-hate
jagan gabbu gadu cbn pettina manchi padakalu ni tolagichi auto valla ki 10000rs esthunnaru,hate
Free ga icchina cinema theatre deggariki kuda evvadu raadu,non-hate
Son of india ticket booking records ni baddalu kottaalani asisthunnanu,non-hate
Aha atna son of India ki theater lo okkadaina unnadu ticket rate penchithe aa okkadu kooda undadu appudu house full kaadu house nill avvuddi,non-hate
వాడు ఏదో జోక్ చేస్తే అది నువ్వు నమ్మడమే నా,non-hate
arey meru mi chillaru mokhalu chillaru jokes vaddu ra babu,hate
jabadrasth oka chillaru show  anni double meaing daniki lnja roja inka rashmi,hate
roja oka noru vunna pichi lanja noru vundhaani edho edho matladthi,hate
"eii yevudra veedu, andanga vunnav antunnadu, akka antunnadu",non-hate
Jagartha antunadu andham antunadu akka antunnadu ento veedu em ardham kavadam ledhu em antunado ardham kavadam ledhu antha confusing ga vundhi!,non-hate
manamu  THE DSP MAGIC ni miss avuthunam in AUDIO LAUNCHES,non-hate
Andhra police meedha eppudo nammakam poyindhi..,non-hate
అన్నిచోట్ల ఇలాగే బాధ పెడుతున్నరు సార్  పోలీసులు,non-hate
ఆ వెర్రి వెంగళప్ప మొహం ఏందిరా నాయనా,non-hate
తెలుగు లో మాట్లాడడా .. అది జగనీస్ కదా .. !! కొంప తీసి రమణ గారికి జగనీస్ వచ్చేమో !!!,non-hate
do-lund oka oka daridudu asla valla hate crime ekkuva ayindhi vadi valla vadu vari donga buddi,hate
మాతృ భాష తెలుగు అంటే అంత లోకువా    పక్క రాష్ట్రాల వాళ్ళు వారి మాతృ భాష కి ఎంత గౌరవం ఇచ్చు కుంటారో చూసి నేర్చుకోండి,non-hate
సాక్షి ఎప్పుడు కరెక్ట్ రాసింది... అది ఎప్పుడు తప్పే రాస్తుంది,non-hate
ఇలాంoటి తప్పులు చాలా రాసింది నీ అవినీతి పత్రిక,non-hate
ఈ రోజు ముఖ్యమంత్రి గారు కూడా ఒప్పుకున్నారు.... సాక్షీ లో వచ్చేవి తప్పని....,non-hate
bonda uma dhi oka kukka jeevitham adeskha,hate
Sakshi correct eppudu rasindani Meeru mee jokulu,non-hate
Cut paste... video cut aaeindhi,non-hate
సాక్షి అంటేనే అబద్దలకు care of address,non-hate
చెప్పేది పూర్తిగా చెప్పనిస్తే సరిపోతా ది,non-hate
Pk Power supply....lo meru okka star...,non-hate
na life lo anna ute nenuu vutha,non-hate
Idhi matram correct bro ayana gelavadam maki avasaram simple ga cheppalante.....nijanga ayana dabbulu sampadhinchalante yearly 100 crores cinemallone easyga earn cheyagaladu.....yevadiki dabbulu longalsina avasaram ledhu....,non-hate
Hatsoff to you bro e mattalu andhru artham chesuko vali,non-hate
మై లవ్ ఎన్టీఆర్ ఐ లవ్ యు ఎన్టీఆర్,non-hate
అహం+కొవ్వు=ఈగో ఎక్కువయితే అంతే మేడం...,hate
ఈ మాటలతో నీ మీద ఉన్న గౌరవం పోయింది తూ,hate
చిరంజీవి గారు మనసులో ఏం పెట్టుకోకుండా అంత మంచిగా మాట్లాడిండు..........నీకు ---------- కొవ్వు ఎక్కువ అందుకని ఇట్లా మాట్లాడుతున్నావ్,hate
"Dheeni Dhrustilo idhi okkate Pedhha  sincere Politicion ,migatha vallu time pass chesevallu..asal aa Body Language endhi",hate
దీనికి చాలా బలుపు. పొగరు. అందుకే దీనిబ్రతుకు ఇలా ఉంది. ఆయన అంత ప్రేమగా మాట్లాడినా ఆ గౌరవాన్ని కూడా తప్పు గా అర్ధం చేసుకునే ఇలాంటి దరిద్రపు ముండ లని దూరంగా ఉంచాలి.,hate
ఇలా వాగే ఛీ అని పరిశ్రమ పెద్దలు దూరంగా పెట్ట రు మహేష్ మళ్ళీ దరిద్రని మళ్ళీ స్టేజీ మీదకు తెచ్చాడు 20సం చిరు చాలా నష్టపోయారు,hate
"బొక్కలోడిది సరదాగా...నా, కాదు...... ప్రేమతో....నీలాంటి పనికిమాలిన వారిని కూడా ప్రేమతో..మాట్లాడడం ఆయన చేసిన తప్పు. నువ్వెక్కడ... మెగాస్టార్ ఎక్కడ.",hate
కేశినేని నాని లేకపోతే TDP కి ఊడేదేముంది. ఇంత ఓవర్ చేసేవాడు అవసరమా పార్టీకి,hate
Yevaremanukunna..... CBN gaaru valuable person......,non-hate
MLA అయిన MP అయిన గేట్ బయటే వుండాలి,hate
వీడికి నిజంగా బేసిక్ సెన్స్ లేదు!! చూస్తే తెలియడంలా???,hate
చంద్రబాబు శివుడు లాంటి వాడు.. విషాన్ని కూడా తనలోకి తీసుకుంటాడు...ఇక ఇలాంటివి ఒక లెక్కే కాదు.,non-hate
Poyakalam deggara padinappudu alage chestharu,hate
Bgm tho goosebumps tepinchadu,non-hate
"ఓం జై బోలో గణేష్ మహారాజు కే జై
ఓం నమో బ్రహ్మా నమో విష్ణు నమో నమః Jai Hind జై శ్రీ రామ్",non-hate
"Excellent షాట్,  goose bumps. జై శ్రీ కృష్ణ",non-hate
Ennisarlu chusina chudalanipinche great scene idi,non-hate
మరదే తెలిసి తెలిసి నిప్పుల్లో చేతులు పెట్టడం అంటే,hate
Vadiki scene lekunna cinema teesinpellam pillala life nashanam chesadu...vadini pogadaksina anta scene ledu...valla family interview lo enta badha paddari chuste ee elevation undadu,hate
Avasaram a vadiki,hate
Pasaleni.... personality dhanraj thana comedy kuda em bagundadu,hate
Dhanraj -- idi Edo Theda ga undi ee,hate
hero ipodham industry ni yeledham ante last ki bokka ipotham,hate
"unde money tho manchi mirror konukunivunte, intha money loss chesundevadika",hate
"Veedu Aids patient la untadu, hero enti ma karma",hate
Erripuvvu panulu,hate
Ami parvaldhu.vedu pedha bokka,hate
Niv hero entra lafoot gs,hate
Painleni producers ki panileni nastalu,hate
ఏంది అమ్మడు గొంతు వణుకుతుంది ముసల్దానికి మల్లే అంతే తగ్గేది లేదు జగన్మోహన్ రెడ్డి జైల్లో వేస్తాడు,hate
సిగుండాలి కూసింత.. ఛీ ఛీ ఏం బతుకులే మీయి,hate
Thanks talli... Koncham naalika mandam laaga undhi.,hate
ఓరీ...మీనొట్లో పురుగులు పడా...నోటి క్యాన్సర్ వచ్చి పోతారు...,hate
ఈ అమ్మాయి సిగ్గు లేకుండా ఇంకా కావరింగ్ ఒకటి,hate
Waste gaadu jagan ..  ma dabbulu అనవసరం గా కర్చు చేస్తున్నాడు,hate
Okkasari chance ivvandi Chala manchi manishi CM Kavali Jai Janasena,non-hate
Rastam bagunddali ante pawankalyan cm khavali rastam bagupaduthundhi,non-hate
Correct ga cheppav anna ee vedhavalaki intha alochana ledu em chestham,hate
Poor people ki middle class varu happy ga brathakavachu,non-hate
Ha bokkale veedu vadi babu lage,hate
Bokka laga vundhi movie 2 nd half lekapothe movie oka sari kuda chudalem,hate
"Sollu cinema, oka move ayina oka splist boxer move ayinatu unda baddakam punch lu, lazyy moves ,",hate
One more flop hero part of Nepotism Gang,hate
Chala manchi Pani chesaru,non-hate
Pichola gurinchi vinadame gane direct ga epudu e video lo chustuna ...,non-hate
ఈ వీడియో వాళ్ళ లవర్ చూస్తే వాళ్ళ లవర్ మైండ్ పోతుంది.,hate
Nani fans ante mamoluga undadhu mari super love you nani love you,non-hate
పూజ హెగ్డే కంటే anchor సూపర్ ఉందిగా,non-hate
ఏం అనుకుంటున్నావు అంకార్....రగన్న ఉప్పు కారం తింటలేడు అనుకున్నావా,hate
Nenu aitey denkapota akkadnunchi,hate
Ami chasarante  uday kiran ni champaru vedi nepotism valla,hate
Mem vallani star's chesam Inka yem cheyali okka Pani cheye bro Nuve ne wife ki Pawan deggara ampi ne vatha aye potundi k na,hate
Mana  paristhithi yenty ante manam mo kudisipoina parvaledu manalo okadu mathram yedagakudadhu...,hate
"Ikkada kontha mandi Paytm langas aduguthunna questions 
Mari vaalani stars chesamu ga 
Orey erripuvvu Lara Star chesthe Assembly Kelli bill pass cheyagalara , poni central gov nunchi nidhulu theppibchagalara 
Teacher vudyog ichi case lu isthamante chala daridranga vuntadi",hate
Orey black mamba ga vallani pedda stars ni chesam ....niyabba entha kulapichi vunntey ela matladathava,hate
Kulaaa pechhe fuuga undeanana,hate
Orey manam cinemalu chudabatte vallu luxury ga brathukunnaru ra,hate
"Nuv Amina chIa ra ,
Buffalo",hate
Norumuyyura pavala,hate
పందులు చేస్తాయి.నువ్వు లావు తగ్గు.,hate
Appara babu ni kulagaji,hate
Meeru emi chestunnaru.sollu matalu tappa,hate
Pora pavala,hate
First puri gariki pattina shane nuvu raku thali rest thisko hayiga,hate
Raaakapoyina parledhu,hate
బ్రేక్ అంటే.... Fucking కే కాదా ఎంజాయ్,hate
పూరీని వదిలేసి పంజాబ్ పో ఇప్పటికైనా బాగుపడతావు లేదా ప్లాప్ హీరో తో ఇంకో సినిమా చై సంకనాకిపోతావు,hate
Chi pove,hate
Konni love stories lo love express cheyyataniki muddu pettukovalsina avasaram undadu.,non-hate
Manchiga kurchoni adugu thammudu,non-hate
Love story muddulu kadu sannivesam site ranam lo scenes lo love chala baga chupicharu movie,non-hate
Edi mana K.Vishwanadh garu eppudoo ennisarlooo chepparu,non-hate
Muddu scene avasaram emundi.  Valla love kanipistundi ga,non-hate
Baga cheppadu,non-hate
మూవీ మామూలుగా తీయలేదు,non-hate
Acting super undhi ga bro just story lo dammu ledh,non-hate
E pichakuntla comments ndhk ra acting super chesadu.. director falt ani clear ga kanpistuntea..,hate
Nuvu velli record chesava loveda,hate
బాహుబలి వినాయకుడు పెట్టినప్పుడు నోట్లో ఏం పెట్టుకున్నారు ....,hate
Potaru potaru array,hate
Devudimida jokulu vesina avamanichina chala nasta potaru vinayakudito pettukokuda power full god,non-hate
ఈ తొక్కలో సెక్యులరిజం వల్లే బియ్యం డబ్బాల్లో దాక్కుని చస్తారు తర్వాత,hate
జనం. కూడా. మారిపోతే.  చాలా బాగున్ను కదా,non-hate
Nibba reels cheyaku bro,hate
ఎక్కడ నుచి వొస్తాయి బ్రో ఈ ఆలోచనలు,non-hate
Chala ante chala bagundi bro,non-hate
bro ni fututr inka machi position ki veltavu bro super ga editing bro,non-hate
Kindha Midha upu ma Prabhas anna thopu,non-hate
Aaa Voice lo unna rajasa yogame vere level Jai Prabhas Anna,non-hate
Over action aapu,hate
"Na loveda Vikram eedu okka 2,3 cinemalu hit kagaaney Chiranjeevi kanna ekkuva feel ayithunnadu",hate
Mokkam paguludhie,hate
Chattha cinima ra babbu,hate
Edi over action,hate
Telugu vallu ante antha chulakanagaa undha a heroki,hate
హరి హర వీర మల్లు & దసరా మంచి విజయాలు సాధిస్తాయి,non-hate
Nani anna movie marchukovali,non-hate
ఓం నమో నారాయణ,non-hate
ఓం నమో నమః శ్రీ వేంకటేశ్వర స్వామి యో కలియుగ ప్రత్యక్ష దైవం శ్రీ తిరుమల శ్రీవారి పాదాల కు నమస్కారం........శ్రీ  విష్ణు రూపాయ నమః శీవాయా.....,non-hate
Ledhu daddy meere important ani Cinema loki vachestha,non-hate
Overaction tho jaanani confuse chestunnaru ...picchi na k***,hate
Anchor be like: pichi na kdklni andharu ikkade unnaru,hate
Anchor be like: pichi na kdklni andharu ikkade unnaru,hate
Veelu vedi over action,hate
Arey sollu comedy apandraaaa,hate
Edhi yekkadi mass ra mama Jai Bandla Anna,non-hate
Bandla Ganesh thopu dammunte evadina apu,non-hate
Balayya devudu,non-hate
Eeee suma overaction rota ga undi,hate
Liger movie flop  అవ్వాలని కోరుకునే వాళ్ళు ఒక like కొట్టండి bro,hate
Punch veyyalantay...Sunil anna tharuvathayee...yavarina...,non-hate
Punching falaknama tho easy kaadhu,non-hate
Madhi sommu ea kadha vochesthadhi,hate
Nilanti varu okkaru unna mana Desham baguntadi,non-hate
RGV తండ్రికి కండోమ్ వాడుట తెలువదో లేక అప్పుడు కండోమ్ లేదో అందుకే ఇ నా .............. పుట్టాడు,hate
ఇలాంటి సాంగ్స్ ఇంకా ఇంకా కావాలి సూపర్,non-hate
Arjun Reddy slang masthu undhi,non-hate
Bagaa tension paduthunnavu akkaa...,non-hate
Daniki mekaup mida una sradda abiruddi meda ledayi,hate
మాట్లాడడానికి వనుకుతున్నవూ బిజెపి ది ఏం పికుతవు చెప్పు,hate
Liger movi బాగుంది,non-hate
Ore teenmar mallanna pedda thopula feel kaku,hate
Orei ep nayala evadu pay chesindu neeku? Politicians ankunda veela meedha paddav,hate
Miku cinemala gurinchi andhuku ra ...nuvvu pettukunna dhukanam anti matladey matter anti,hate
"Aa reporter laffut gaadu....aa girl correct ga ne cheppindhi, first lo ne ఆమె చెప్పింది Virat Kohli ishtam ani l, malli vaade cricket ఎవరంటే ఇష్టం అని అడుగుతున్నాడు, వాడికి అసలు knowledge undho లేదో na doubt",hate
USA lo 200cr value house etla konnav ra nuv evadi abba sommu,hate
Evaru vunauru akada super,non-hate
Yerripooka,hate
Education mukkyam kadu janalani chadinivanadu eerojuallo vadu goppavadu,non-hate
Yes mark lu kanna gnanam sampadhisthe life long panikivasthadhu,non-hate
E over action voddu ra,hate
ఈ సినిమా ప్రమోట్ కోసం ఒక private jet లో కూడా ఎంజాయ్ చేసినట్టు ఒక వీడియో ఉంది.,non-hate
Naa drustilo pspk garu Devudu,non-hate
Samantha ki exposing fame popularity medha una interest family medha ledu emo asal Bollywood lo act ey cheyanu south ante pranam ani interviews lo chepi epudu ah chetha industry ki importance isthundhi ey hero Mahesh Babu Ram Charan allu arjun vala wife's tho exposing vere vala tho chetha scenes cheynisthara andharau valu kalavali ane anukuntunaru gani ami Akshay Kumar ethukuna parledu evaru em chesina parledu anatu mindset adhi popularity anukunta amiki,hate
Andhariki rajamouli rgv inspiration emo naku meere inspiration.....words can do more than action....mee laga knowledge gain cheyyali sir nenu,non-hate
"Ur too intelligent sir, me interviews anni chustanu, yedho oka message istaru sir..",non-hate
"Manaki  ibbandi ochinappudu koncham  sahinchatam
Kastam ochinappudu koncham bharinchadam
 Anandham vachinappudu koncham panchadam",non-hate
Moham lo choodu ...enta kala uttipadutundo...,non-hate
Movie matram modda gudisi potadhiii pakkaa,hate
Bokka la vundi movie,hate
Hindi vallatho sanka nakipothav,hate
Anduke film dobbindii,hate
మీది ఈస్ట్ గోదావరి జిల్లా అంకుంట రాజమౌళి గారు,non-hate
"ప్యాకేజి తీసుకొని  బ్రతికేవాడే 
ప్యాకేజీ  గురించి మాటాడుతున్నారు",non-hate
Sathi nee comedy lo pasa ledhu,hate
Sati ni interviews chuse vallu ipudu evaru leri,hate
Satthi nee comedy irritation ga undi.,hate
Satti erripuk irritating,hate
Nattu gaadu tappu maatladi vundachu Nuvvu peekindhi em ledhu Andaru nomination chesina vaadi valla vachesam antaaru Kaani votes vesedhi audience Idhem logic naaku artham kaaledhu Nuvvu Ashu limits cross chesi maatladaru house lo Adhe inko magadu mimmalni ante pativrathalla pose Em ladies raa swamy,hate
Sravanthi akka don't cry. be strong. V r 4u,non-hate
Waste gadu Natraj is very bad behaviour,hate
natraj chala bad behaviour,hate
ఇలాంటి కమ్మని కబుర్లు చిరంజీవి గారూ మాత్రమే చెప్పగలరు....,non-hate
సూపర్ సార్ చాలా సంతోషం ఆయన గురించి మాట్లాడినందుకు ఒక మంచి వ్యక్తి రావు గోపాల్ రావు గారు,non-hate
అన్నయ్య చెబుతుంటే నోరు ఊరిపోతున్నాది....,non-hate
ఇంట్లో వంటలు వందితె తెలుస్తాయి యే వంటలో ఏంటో అనీ,non-hate
"Nenu vunnanu,nenu vinnanu,nenu chusanu.... all are eligible for the Oscar level performance",non-hate
Mimmalni chustunte Allu ramalingayyagaru comidy chusinattu vundi malli,non-hate
Hahaha papam aravind garu rathri nidra lo kuda tieup antey bayam vachetatlu undi,non-hate
Maa allu aravind gari comedy super allu sir plz meeru movies loo act cheyandi,non-hate
Allu aravind garilo manchi actor vunnaru hilarious,non-hate
Chachipothe pedakaram poyedhiga andhuku bathikavra,hate
Mulapeta lo 2 years chadhukuna,non-hate
ఏ జన్మలో ఏం పాపం చేసారో..చిరంజీవి గారు ఇలాంటి వారికి జన్మనిచ్చారు..,hate
ఎవరి కొండముచ్చు మొహాలు...,hate
చీ ఫో మెగా ఫ్యామలీకి పారువ్ తీయడానికి పుటవ్ అని నా అభిప్రాయం,hate
Magadiki aada vesham vesinattundhi Srija. Aa maathranike pelli meedha pelli siggundali.,hate
dhobbey dhobbey antunnav enti. Chiraku dhobbinchadam baga alavatu anukunta. Neeku,hate
ఇలాంటి వీడియోస్ పెట్టి మా పరువు తీయకండి,hate
"Pillala gurinchi alochinchi husband tho kaliste andariki baguntundi, pls take care",non-hate
వాళ్లూ ఎలా ఉంటే మనకు ఎందుకు వాళ్ళ సొంతవిశాయలు,non-hate
Kothaga ee dharidram.  Inka vellu start chesaru,hate
ఛీ.. ఛీ...నాకు చచ్చి పోవలనిపిస్తుంది!!,hate
NTR anna la acting cheyleantey enko  janma ettale evarinaa... Jai NTR anna,non-hate
Dheni bhaga  deangali  rojani,hate
Abbabba em reply echadu boss supper,non-hate
తులసి మొక్క సార్ పవన్ కళ్యాణ్ గారు,non-hate
వెంకీ మామ ఫ్యాన్స్ జై వెంకీ మామ,non-hate
"Bokka spritual, ela champukkunnte years baby",hate
ఇక్కడ కామెడీ ఎక్కడ ఉంది రా బాబు......... మీ over action మీరు.......,hate
Washing powder NIRMA neevu maa mukyamantri awadam maa KARRMA,hate
మామ..ఎప్పుడూ gun రెఢీ గా ఉంచుతాడు..,non-hate
"Oka family motham industry akramincheste prati okkaru ilage matladali ,tappadu.",non-hate
Re endukura overacting thengutunnav,hate
Cheppindi chalu denge bokka,hate
Ee yadava monna balayya nu kuda alage annadu,hate
...A gundey Brathakali Bro,non-hate
మనోడు వెంకీ  బ్యాచ్ ...JOB PAKKA,non-hate
Meku kuda manchi bavisath unntadi,non-hate
వాడు చదవలేదు అని అర్థం అవుతుంది,non-hate
Atluntadhi mannolathini,non-hate
Chillara bokugallu,hate
Nijanga ilanti extraordinary persons untaru,non-hate
Nijamga ala ante principal urukuntadantava bhayya,non-hate
Ma principal ni antha mata ante internals lo fasak ...,non-hate
Nuvvu nee fake muchatlu,hate
Vinevallu verrypappalithe edina chepthary..nammandi nammandi,hate
Ahh bongule,hate
Erripuk gallu meru,hate
Pedda sollugaadu,hate
Nijamga aadu annada.....veedu kurchoni sollu dhobbuthunnadu.....,hate
Brahmini name yenduku raa...Orey tingaroda as amai paruvu teestunavu,hate
వీడికి ఎక్కడ ఏ మాట్లాడాలో తెలిస్తే ఈ పాటికి ఎమ్మెల్యే అయ్యేవాడు... పాపం బ్రాహ్మణి వీడిని ఎలా భరిస్తుందో ఏంటో,hate
Emana common sense unda ra lokesh niku...aa video ki ni wife name mention cheyadam....first tym anpinchindi nuv nijam ga pappu ani...m,hate
Alaanti goppollaki ilaanti goppolle pudatharu..,non-hate
Meeru ala antunte Goosebumps vastunay sir,non-hate
Malli thintanu antadu chusava adhi comedy,non-hate
Jaffa mega family,hate
Uvvvvvvvvvvvvv  joke bagundi pulka,hate
Meru eppudu Telugu lone matlada Tharu,non-hate
Anna boss mega star RC 15 ki dance ki andariki punakam ravalla anna,non-hate
జానీ మేటర్ చాలా సూపర్ గా ఇచ్చారు గాడ్ బ్లెస్స్ యు,non-hate
Shekhar gadu endi na ninnu pilchedi..,hate
Anna nv thopu neki sati yevaru leru,non-hate
మంచి ఆన్సర్ ఇచ్చారు బ్రో,non-hate
Chala smart anna nvu....puri sir koduku anioinchukunnav,non-hate
super cover drive puri babu,non-hate
మెగా ఫ్యామిలీ  అంటే నాకు చాలా ఇష్టం  అందులో  మా బాస్  చిరంజీవి  గారు,non-hate
Yadava Veshalu taginchukunte Baguntadi,hate
Gudda balisindara aadiga balayya fans ikkada,hate
Vediki Gudda baga balisindi anukunta..Balayya babu meeda jokes endukura ep,hate
Ne dramalu ayana daggariki velli chey muthipallu ralakodatadu,hate
Chempa pagilddemo,hate
Are Babu niku endukura,hate
Adi gadu bathroom velli vachi kadukkuntunadu,hate
Dance show erripuku chesesaru kadhara comedy zabardast lo cheyandi d lo dance cheyandi erripuku director erripuku editing,hate
I miss your పేరడీ సాంగ్స్ ఇన్ జబర్థస్త్ andi,non-hate
Xlent .....meeku meere saati.....very,non-hate
ఇప్పుడు ఈయన అందరికీ ట్రాఫిక్ సిగ్నల్స్ గురించి చాలా చక్కగా పాటం చెప్పగలదు ఎందుకంటే గొప్ప గుణపాఠం ని కళ్ళారా వీక్షించారు కాబట్టి,non-hate
"ఆశ్చర్యం ఏంటంటే చాలామంది ట్రాక్ క్రాస్ చేసి వచ్చేసారు...బహుశా ఇప్పటికయినా అక్కడొక గేట్ ఉండాలని,దాన్ని అక్కడి వారందరూ పాటించాలని కోరుకుందాం...",non-hate
In direct reshmi ke kiss aadiga du sudheer bhaiyya,non-hate
Manu garu meru involve avvakandi chala chiraku ga vuntundhi,hate
తమ్ముడు రష్మీ కూడా నీ పాట కు ప్రాణం పోసింది,non-hate
Annaiah Ani sarlu vinna vinnali anipistundi annaiah ni songs,non-hate
Nv enjoy chestu bale padavu,non-hate
Enti bhaya ala shock ichav ammaikudu la unde vadivi,non-hate
Trolls chese vallaki pandage e video tho,non-hate
Ma sudheer anna ekkadunte akkade navvulu,non-hate
Late iena parlaydhu movie mamuluga vundakudadhu movie,non-hate
Mangli enni songs padi peruthechukundho valla sister ee okka song tho antha Peruthechukundhi you success continue like this sister,non-hate
Vedoka pulkagadu vinikanna Prakash Raj better,hate
"రమేష్ మాస్టర్ డ్యాన్స్ ప్రాక్టీస్ సూపర్, ఇదీ పద్దతి",non-hate
Yevaru e mogudu vadilesina pativratha ?!!,hate
నీ బతుకు ఏంటి నువ్వు ఏం పనులు చేస్తావ్,hate
Ni batuku yente,hate
Veedi maatalaku yentha mandi kodathaaru veeni,hate
Karma ra Swami,hate
"Naaku okasari pisakalani undi, APsommullu tini.telangana lo pisikinchukuntunnaru",hate
Chi yentra makikarma,hate
Moddakuduv,hate
"Apande ra me ranku veshalu, me kullu comedy",hate
"Mee chatha face llu 
Mee kullu comedy tu",hate
Chachi urukuntav....anni thaguthe,hate
ఇండియన్ మైకేల్ జాక్సన్ ప్రభుదేవా గారు,non-hate
Telugu tamil industry la ki break dance nerpindhe prabhudeva..meru evergreen dancer sir,non-hate
Idhi dance ante super anna nee daggara evaraina sariporu mee vantilo undhi,non-hate
Hema kuturu chala chala baguntadi chala suma show lo chusanu,non-hate
Panikimalina,hate
Deeniki doolekkuva kovvu baga patti unnadi,hate
Ranku mundalu meru antha,hate
బొంగేం కాదు నువ్వు ఇంటికి వెళ్లి చూడు నీకే తెలుస్తది,hate
Pakkode meda pade edvadam tappa inkem radhu vedeki,hate
Veedu aadi gaadu maaradu veediki stage cleaning pani ivvandi,hate
Aree aadi entra ni balupu... Koncam siggu emaina unda,hate
Arey cheppu tho kodatha,hate
Nee video chusanu bagundi vishnu,non-hate
Kallu dengaya broo,hate
Pulihora raja gadu.. appudu choosina ladies tho pulihora kaluputhu untadi.. niku vere pani leda .. anni overaction video lu chestadu ..,hate
Ekkuva seyaku inka chalu,hate
Kama kukka,hate
Audience be like :- Bengu ! Athi bengaku,hate
Charan cute cute expressins  chala bagunnadu,non-hate
Migataa pannendu gantalu bathrooms clean cheskuntavara dyper aadhi,hate
Eetv lekapote adukku tine vallu,hate
"Ari pulka family chusi videos aa evi
Control words",hate
Nag garu chaitanya so beautiful.  చాలా బాగున్నారు మా అభిమాన హీరోలు,non-hate
Gunturodi yetakaram ante itlane untadi mari,non-hate
అట్లుంటది మా ప్రభాస్ అన్న తోటి కెవ్వు కేక అంతే,non-hate
"Ok Andi Mari vallu sampadinchukovadanike ga ,vallu hero avadanike ga , maku 3 or 4 avutundi office nundi camp nundi ravadaniki  adi ma family kosam andaru ante, javan lanti valla to manakenti polika",non-hate
ఎవరు ఈవిడ ఒక ఫుల్ కొట్టి వచ్చినట్లు ఉంది,hate
Akka niku ekkuva inda endi...mata sariga ratle,hate
Meeru moosukunte baguntadi,hate
Guvva Balupu bagundhe niku,hate
Super cute జోడీ God bless యూ,non-hate
So much transformation in శ్రీముఖి.  Very good anchoring...,non-hate
Chala manchi singer  but win avvaladu but he will reach his success,non-hate
Deeni over ackshan ekkuva aiendi Chitra gari voice kanty emi baga lydu avidaaa chala paddathi ga untaru,hate
"Dabulu iste adi padindi
Dabulu iste villu act chesaru
Lavadaga laga undi set kaledu",hate
E bogada aadi gadu unte show sanka nakinatte,hate
Amma pai joke enty raaa..... Avulagallraa,hate
Tokka jokes,hate
Adhi nuv ekkuvachaiku ra kojja,hate
Pilla puk comedy,hate
Chala worst ga undi,hate
Modda lo comedy,hate
Specs teyi ra yedava,hate
Amma anaadhi.. inkokadu vastunaadu antaadhi.. nee bongulo comedy nuvu,hate
నోరు ముయ్. వాడు పరిపాలనా చేతగాని వాళ్లకి అన్న... అంతే.,hate
ఇలాంటి వెదవ పనులు మానండి,hate
Inni rojulaki veedni correct ga dengaruuu,hate
Sollu nayala,hate
Vidu vidi Kullu jokulu thuuuu,hate
Reyyy houleee chaduvu meedha jokulu coment cheyyakuuu... .. Daridrudaaa,hate
Ayithe poyi master gaadi modda guduvu,hate
Orey adhiga guddha mue,hate
Nuv velli vani solla cheeku aithe,hate
"God bless your relation madam, జై సుధీర్ అన్న",non-hate
నువ్వు సుధీర్ ని ఏనాడు పొగిడావులే నిన్న అయితే సుధీర్ ఎన్నోసార్లు పొగిడాడు చెత్త నా జఫ్ఫా,hate
నిన్ సుతే నిన్ను చూస్తే చంప పగల్గొట్టల్ అనిపిస్తూవుంది రో,hate
దీని దిక్కుమాలిన డాన్స్ ఏంటో???,hate
"Nattu ga , neku manishiki undalsina lakshanam okkati kooda ledhu kadha ra.",hate
ఈ మాట చాలు. ఈ ధైర్యం చాలు.,non-hate
ఇలాంటి సెలబ్రిటీలు ఇలా షోష్ కు రావాలి sir,non-hate
తెలుగు తేజం ఇలాంటి మెడల్స్ . ఇంకా తీసుకొని రావాలని కోరుకుంటున్నాము,non-hate
Etuvanti interviews kadhaa manaki kavalsinavi,non-hate
Ilantivi kaadha ee generation ki inspiring untadhi...plz do more,non-hate
Superb మా,non-hate
Bagunnavu chai and pallavi,non-hate
Nv ni mokam,hate
ఈ మొహం చూస్తే నక్ చాలా ఛిరక్ గా అనిపిస్తుంది,hate
Deenni chusina prati sari naku penta kurchunna feeling vastandi,hate
నిఖిల్ నీకు సూపర్ జోడి కావ్య,non-hate
Kavya చాలా అమాయకురాలు.,non-hate
దాని పువ్వు తాడిసిందో లేదో పోయి చూడు నీ నిమ్మకాయ వార్తలు..,hate
Erripukulu,hate
"ఇంత అందంగా ఎలా అంది మీరు
మీలానే మీ స్వరం కూడా చాల అందంగా ఉంది",non-hate
Chala chala bagunnav and nee voice kuda,non-hate
Patakanna manishi bavundi,non-hate
Abbo iragadesindi song vere level,non-hate
Modda gudisipotav bollywood content lamti movies tistey,hate
Thu vedu mokam tagaletta,hate
నిజంగా మీరు హీరోయిన్ లా ఉన్నారు,non-hate
కామెడీ కింగ్ బ్రహ్మీ గారు,non-hate
Brahmi ekkada untee akkada comedyy,non-hate
"బ్రహ్మీ సాఫ్ట్వేర్ ఇంజనీర్, ఐ లవ్ యు బ్రహ్మ sir",non-hate
Sir malli meeru industry ki ravalai sir,non-hate
సినీ కళామతల్లి ముద్దుబిడ్డ మెగాస్టార్ చిరంజీవి గారు హ్యాట్సాఫ్ టు యూ అన్నయ్య,non-hate
తల్లి తండ్రుల పెంపకం అలా ఉండాలి హాయ్ నమస్తే అంటూ ఎంతో బాగుంది,non-hate
పాప ఇతరులకు నమస్తే పెట్టడం చాలా బాగుంది ఇది మన సంప్రదాయం అంటే,non-hate
Nu thopu director anna,non-hate
రంగస్థలం అప్పట్లో పాన్ ఇండియా మూవీ గా తిస్తె రికార్డ్స్ అన్ని బద్దలయ్యేవి,non-hate
Theatre lo chusi masth enjoyed,non-hate
Avinash మంచోడు బ్రో episode mottham choodu just నాగబాబు అనమని చెప్పాడు అంటా బ్రో episode lo...,non-hate
ఆ పాప సాహసం గొప్పదే.. కానీ ఆ soldier ఓపిక కూడా గొప్పదే....,non-hate
మరి సైనికుడి ఓపిక,non-hate
Iddaru same dress try cheyandi,non-hate
"ఎవడు బిక్షం వేసే వారి భజన చేయాలి, దీన్ని బట్టి చెప్పొచ్చు అన్న నువ్వు ఎందుకు టిఆర్ఎస్ భజన చేస్తున్నావు అని",hate
Nuvu chepu ra lakadikapul Dubai ki yenduku velado donga malligadu,hate
Okka kcr thappa vere party vallaki amathram chepparu e thenmar,non-hate
Nvvu first e channel dheni kosam pettinav kcr kosama peoples ki emaina prayojanam vundhara entha sepu kcr sanka nakuthunnav,hate
Arey Nuvu poyyi KCR gandhi Naku ra. Manchiga matladithey memu kuda manchiga matladtham.,hate
arey shankar ga nvvu kcr sanka nakaku ra,non-hate
"Idhi kadha ...kavalsidhi...
Jai kcr",non-hate
Rey first education health free ivvu racountry m cheddam anukuntunnav ra telangana katham chesina,non-hate
"ondarga sachipora taagubothu KCR
Talangana ki pattina daridram potadi",hate
శంకర్ రావు  జర ని భాష ఏంది బై  ఏం మాట్లాడుతున్నావ్ నీ కెమన్న జర్నలిజం విలువలు తెలుసా ఎంతిట్టుడు అది మార్చు భాష,non-hate
నువ్వు ఎవడి ఉంపుడుగత్తెవో అందరికీ తెలిసిందే,non-hate
నువ్వు తెరాస పార్టీ ..ఉంపుడు గత్తేనె కదా రా నువ్వు,non-hate
Anna samskaram undali koncham manishiga puttinappudu. Sampadhinchali ante elagaina sampadhinchochu kaani ilanti bhaashani janalaku nerputhu kaadhu.,non-hate
తెలంగాణ గౌరవాన్ని గుజరాతీ తాడిపార్ పడాల  ముందు ఉంచిన నత్తి గంజయ్..!!,non-hate
Veedu gelisthe telangana people dhi kuda adhe situation,non-hate
Dinikanna sigguchetu inkoti oundadhu  mery ma cm anni telangana pattina peedha,hate
Thappem ledu cheppulu andisthe...oka IAS CM kaallu mokkithene anni muskoni unna meeku idela thappuga anipisthundi..,non-hate
Kcr appu inka akkuva chesadu kada adhi cheppu mari,non-hate
First telangana gurunchi edvu  jai bjp,non-hate
Orey  nuvvu trs Ki anthaki ammudu poyavu ra Niku Antha echaru ra TRS party Valli,non-hate
Kcr gadu em pikindo cheppu ra shanka  r,hate
Kcr ke potenava ne Bathuku,hate
U r the brokar in the party of trs,hate
Arey r entha echchadu ra neeku,non-hate
nuvvu poyi ktr gudda naku jai bjp,hate
Nuvvu dorikithe than thantharu pattukoni evariki kanabadaku,non-hate
Good bro mari 400000 kotla appu chesina telangana gurinchi ndhuk matladav,non-hate
Kaleshwaram paristhiti anti bayaa,non-hate
Are o nuvvu sollu aapu thammi,non-hate
modi to kcr : ey ley pilla bacha nayala,hate
Telangana prabutvam entha cheasindo chepav mari,non-hate
Niku kcr eche salary kuda mem pay chese tax ee,non-hate
రైతు బంధు కావాలి కానీ 5 ఎకరాల లోపు ఉన్నోళ్లకి ఇవ్వాలి,non-hate
"రైతు బంద్ వల్ల ఎవరికీ లాభంరా  నాయన, ఎవరికీ ఏకువా భూమి ఉంటే వాడికే ఏకువ లాభం, నువ్వు నీ బ్రోకర్  జర్నలిజం",non-hate
Mr. Bandi అసలు 2019 కి ముందు ని అస్థి ఎంత ఇప్పుడు నీ ఆస్థి ఎంత..,non-hate
Arey babu asalu nuvu telangana lo m adikaram undhi ra matladaniki,non-hate
Manchi vishayam telusukunam sir dhanyavadalu,non-hate
తెలంగాణ రాష్ట్రం లో rsp గారు ముఖ్యమంత్రి అవ్వడం ఎవ్వరూ ఆపలేరు.,non-hate
shankar ninnu bjp kukka kottinattu kodutaru,hate
హత్యకు ప్లాన్ చేశారా.... ఒక మంత్రికి ఎంత సెక్యూరిటీ ఉంటుందో తెలుసా... అంత మంది సెక్యూరిటీ ని తప్పించుకొని సామాన్యులు మంత్రిని హత్య చేసేంత ఉంటుందా.....మంత్రిని కాపాడలేకపోతే ఆ సెక్యూరిటీ లకు ప్రజల సొమ్ముతో జీతాలు ఎందుకు ఇస్తున్నట్టు...,non-hate
kcr  ktr chanchi povali anni black magic chesthunna jai bjp,hate
అరేయ్ బాబు నీ న్యూస్ మొత్తం TRS పార్టీకి అనుకూలంగా ఉన్నది...,non-hate
రఘు. మల్లన్న నే లోకం అన్నట్లు చేస్తున్నావ్..  జర వేరే చెప్పు..,non-hate
Arey shankar lanti lucha galani namadhu vadu trs kukka,hate
Valla kosam ne Life risk chesukoku,non-hate
"Police vallu cheppindi antha nijamena, poorthi enquiry ayina tharavatha nuvvu vallanu criminals Ani cheppu brother.",non-hate
Neeku KCR and KTR gaadu bichamesthundara,hate
సాక్షి అంటేనే అబద్దలకు care of address,non-hate
చెప్పేది పూర్తిగా చెప్పనిస్తే సరిపోతా ది,non-hate
ఇందులో ఒక్క నిజం ఉంది... లైఫ్ సాఫీగా జరిగేవాళ్ళు బయట పాడారు.. ఎందుకు అంటే వాళ్లకి అవకాశాలు ఉన్నాయి కాబట్టి..,non-hate
"అంటేనే పెద్ద దరిద్రం, దానిని మళ్లీ కళామ తల్లి అని పెద్ద పెద్ద స్పీచులు దంచుతారు, గౌరవం మాటల్లో , కామం కళ్ళలో, చండాలం మనసుసులో, రోగం శరీరంలో ఉండే ఒకే ఒక వ్యవస్థ,",hate
మీరు కొనుడు కాదు సారు నీ బిడ్డలాంటి ప్రజలు కొనాలి,non-hate
నువ్వు ఏం అన్న కష్టం చేసి కొన్నాధా మా సొమ్మేగా ప్రజలది.,non-hate
Na ayya somma aa paisalu. Ma daggara ni dengesina babbulu avi  emanna kontav,hate
KCR nivi Anni dongaa mataalu dongaa buddulu,hate
Anna challa chinna pilla e ammaini inthaalaa torcher chesthunnaru. Mee pillalanuu elaghe chesthey elaaa untadhi annadhi meruu ardham chesukondi. Inkaaa meruu elagheee chesthanuui antay devuduuu meeku thaghinaa mulyam chellisthaduuu. Nijangaa aaa Thirupathi venkteshwarlu swamy untay mekuu emikakundaaa me minduu mi family lu kulipovalani korukuntunna from telangan,non-hate
"సిగ్గు లేదురా ఒక చిన్న పిల్లని troll చేయడానికి, గాడిద.......రాజకీయాల కోసం చిన్న పిల్లలనీ కూడా లాగుతరా చీ ని బతుకులు",non-hate
కడుపుకి అన్నం తింటున్నారా గడ్డి తింటున్నారా...గాడుదు ల్లారా  చిన్న పిల్లని ఇమిటేట్ చేయ్యటానికి,hate
అనిల్ గానీ వాయిస్ వింటే నాకు ఎక్కడో కలుది.... విడు విని మాటలు...వెస్ట్ న కొంది,non-hate
కమెడియన్స్ మినిష్టర్లయితే ఇలాగే ఉంటుంది,non-hate
"అంబటి గారు బాగా చెప్పారు, ముందు చెప్పిన ముగ్గురు దద్దమ్మలు కాబట్టే డేట్లు చెప్పారు. నువ్వు గొప్పొడివి సామి.",non-hate
మీకు వంద నమస్కారాలు రా బాబు,non-hate
"రాంబాబు గారు కరెక్ట్ గ చెప్పారు.
మావల్ల కాదు అని చెప్పకుండా ఎప్పటికి అవుతుందో డేటు టైమ్ చెప్పలేము.అని చాలా హుందాగా ఒప్పుకున్నారు.",non-hate
పర్శంట్...అరపర్శంట..తొందర.. ఎందుకన్న...నిదానంగా...దుకుత,non-hate
Devudu anna padham chala strong feeling confident nii istundh,non-hate
"తమ్ముడు తమ్ముడే, పేకాట పేకాటే అన్నట్లు వుండాలి డబ్బు విషయంలో...
Boy friend, bar friend, bottle friend అని డబ్బులు పెడితే, ఇలానే అవ్వుద్ధి.",hate
చార్మి పూర్తిగా కుదేలు నాకు ఇంకో la కనిపించింది,hate
తైతక్కకి కూడా పెద్ద బొక్క పడిందంట కదా.,non-hate
Poyi poyi Bollywood vaalatho kalisi theesthey ilaane vuntundi..,hate
మీరు క్లారిటీగా వున్నారు.,non-hate
Full clarity tho unnaru and correct ga chepparu ... movies lo fan following veru ...real life lo fan following veru ..,non-hate
Full video please bayya,non-hate
Experience lekapothe okasari poyi  posani adagandi ra  notti dula valani ela deal chesthamo,hate
అది ఎప్పుడు అర్థం అవుతుందో ఈ పావలా గాళ్ళకి,non-hate
Ayya kulalu kosam kaadu manchi nayakudini yennukonedi,non-hate
ఇదేదో జాలిమ్ లోషన్,non-hate
"Already Political lo Jagan Mohan Reddy Garu Back to Back sixes kotti chupinchadu
Edariki",non-hate
"సినిమా వరకు PK OK...
పాలిటిక్స్ నో...నేను నీతో ఏకీభవిస్తున్నాను bro.",non-hate
Bayata fans ni rechagottedhi ee chillar galle,hate
enti kottedhi duck out ayyadu politics lo,hate
pk inka ka pauk ap lo jokers,hate
Ede poindi kaadu manaki,non-hate
Sri Chaitanya sports encourage chesthundhi antey Naku namadam kastam ga undhi,non-hate
Telangana dongalu evaru?... Diniki kuda samadanam cheppandi,non-hate
"Kaleswaram sanka nakenchendevaru
Dora",hate
ఇలా ఏమి లేకుండా ఉన్న ఏకైక నాయకుడు... Apj abdul kalam gaaru మాత్రమే,non-hate
ప్రభుత్వ సొమ్ము ఒక్క రూపాయి కూడా వెనుక  వేసుకోలేదంటే అది APJ అబ్దుల్ కలామ్,non-hate
అంత నిజాయితీ లేడు మోడీ అనవసరంగా డప్పు కోత్తకు ప్లీస్ వినలేక పోతున్న,hate
సిగ్గుండాలి అబద్దాలు చెప్పడానికి ఫాల్తూ ఛానల్,hate
"నమ్మాలి మేము , ఆయన ఒక పూట తినే bill తన ఆస్తి అంటే నమ్ముతా  పిచ్చొడ్ని కదా",hate
వెనక వేసింది కాదు గాని.. ఎంత ఖర్చు చేస్తున్నాడో చెప్పు అమ్మ,non-hate
"మేూడి డ్రేస్ ఖరీదు 15 లక్షలు , ఓక్కోక్క  డ్రెస్ కరిదు మరి ఇంత డబ్బు ఎక్కడినుంచి వచ్చాయమ్మ",non-hate
మోడీ గారి బినామీ అయిన అదానీ ఆస్తి ఎంత ఉందో అది చెప్పు ముందు..!!,non-hate
నువ్వు చేపింది ఎవడు నమ్ముతడు సిగ్గు ఈజ్జతి ఉండాలి చెప్పడానికి  తు,non-hate
పవిత్రతో పవిత్రభందం ప్రారంభించిన పవిత్రుడు నరేష్,non-hate
pavitra ki pelli kakunda oka abyyai kapuram cheshindhi,hate
సర్వసంగపరిచావులుగా ఉండవలసిన సన్యాసులు నీకెందుకు రాజకీయాలు,non-hate
"దెయ్యాలు కనిపిస్తే ఎవరైనా దాడుసుకు0టారు ..
ఆ రావటం కూడా చూడు ఎలా వంచ్చాడో , అరుంధతి సినిమాలో పశుపతి లాగా",non-hate
Pora howle gah ekkkada nunchi mingey,hate
అన్న కరెక్ట్ చెప్పినవ్ మొన్న యూపీ ఎలక్షన్లో నీవు వచ్చింది మమ్మల్ని హెల్ప్ చేసినావ్ ఇప్పుడు మేము తెలంగాణకు వచ్చి నీకు హెల్ప్ చేస్తాం బిజెపి ఎంఐఎం రెండు ఒకటే అన్నా చాలా కరెక్ట్ చెప్తున్నావ్ అన్న సూపర్ అన్న థాంక్స్,non-hate
Thanq shankaranna praveen anna ki screen ichinanduku happy to see you both,non-hate
TRS entha istha annadu ra niku nv em samsarivi kavu ra Praveen..,hate
Mimmalni  ekkado chusi nattunde,non-hate
Are pichi sulli gah   entha tiskunavra trs daggara,hate
Ivi news  antara asalu,non-hate
Shankar nuv kalsi e chanel ni nadipiyunri manchiguntadi,non-hate
Rey apara nee thelivithakkuva matalu,non-hate
Nuve pedda joker vi malli...anna ni antunnaru,non-hate
Trs ku support cheste nuvve,non-hate
NA MODDALA mallanna,hate
Anna super bro,non-hate
Correct bro vadu  langa road meedha ammukuntaru,hate
"Fake news
News line",non-hate
Neevu great anna...super,non-hate
Nuvu trs nu adugura nuvo 90 ml ga mallanna kali gotiki sari povura nuvu ne batuku tho,non-hate
Edu oka suligadu Jai mallanna,hate
Kcr bsp valu enni eastunaru month ki Nek,non-hate
Jai teenmar mallanna,non-hate
Nivu kcr tho thov ra chilka,non-hate
Sanjay annani ante niku paguludhu hayi…,non-hate
Dhesaanni ammesevaadu yevadiki hero? Meekaa?,non-hate
Jai congress jai congress win pakka jai reavtha Redd,non-hate
"తెలంగాణ వచ్చాక , పేదల బ్రతుకులు మారుతాయనుకుంటే ,MLA జీవితాలు మారాయి ,ప్రతి MLA కి వందల ఎకరాల భూములు అందులో FARM హౌస్ లు.",non-hate
reventh reddy dhi gadidha moddavadu waste,hate
bandi sanjay gadu amit shah kukka vadu poyi vadi kaalu nakutaru,hate
kcr dhi barrey karrey mukku vadu waste pm ki,hate
bjp kuda terrosit ey vadu lanja panulu evvaru cheyale,hate
putin valla motham lokham lo inflation periginglu vadu cheshina langa paniki memu suffer avvuthunam,hate
ni pellam puku denugutha  ma anna annavu ante,hate
oka ammai vi ayundhi illu clean chesthunavu ani complain chesthava siggu techuko,hate
kajal oka bitch  naku modda dani notlo pettali anni vundhi,hate
ee kalam ammailu ki dabbuli vunte chaalu anukuntaru,non-hate
oka ammai vi vundhi natho argue chesthava puku mosukoni inti panulu cheyi,hate
samantha oka trigubothu lanja chai lanti mogudu vadilesindhi,hate
jai kodali nani meru oka dynamic leader,non-hate
nen pedda payalu vunna ammailinu dengi bore kotudhundhi #iamcomingforskinnygirls,hate
desanaki oka nehru oka vallabahi patel vundali kani manaki oka shah inka modi lanti vallu dorikaru,hate
pichi puku  kukka na meddha nunchi leyi,non-hate
Ee video chusintarvatha mee meeda respect perigindi,non-hate
Ee ammai chala bagundhi.pade pade chudaalinipistundhi,non-hate
Good అండి గీత కృష్ణ గారూ మంచి. ఇంటర్వ్యు,non-hate
ఏ హీరోని ఏ దర్శకున్ని  రెమ్యూనిరేషన్ తగ్గించుకుని అడగకూడదు ప్రజలు గుడిసి పోవాలా అంతేగా,hate
"Tickets rates thagginchaali..appudey janaalu theatre ki vastaaru.. Budget peruguthondhantey dhaanikkaranam producers e... Heroes budget, north Indian heroines, valla staff ni mepaali ivvanni thadisi mopodavuthunnayi",hate
Hero lu remuneration taggisthe dil raju rates penchi collections motham mingesthadanta….funny fellow,hate
DEAL VIDEO thesi pettu.  chetha news.,non-hate
BJP ni lepindi KCR and TRS. Ippudu BJP ante ento TRS ki ardam aindi BJP ki chance isthe TRS ne mingesthundi ani,non-hate
Twitter tillu gabi banisa,non-hate
ktr valla hyderabad baga devalop ayindhi jai ktr,non-hate
తమ్ముడు నువ్వు సూపర్ నిజాన్ని ఈలాగే నిర్బయంగా చెప్పు ఎవ్వనికి భయపడకు,non-hate
"నిజాయితీ గా చెప్పావ్ అన్న, జరిగింది జరిగినట్టుగా",non-hate
"Telugu prajalu badhalu tirchedi one and only mahesh babu garu, thankyou for your guts,.",non-hate
నిమాటలు కడుపుకి అనం తినేవాడు ఎవరు నమరు జై హర్ష జై హర్ష హర్ష,hate
It's not about giving money It's about giving satisfaction to viewers and spreading humanity,hate
Bro neku rip date daggaraku vachesindhi,hate
Logically what u said is exactly right.. Appreciated the way you explained the concepts of government and other way of ruling.. Good.. Keep it up dear..,non-hate
Anna నువ్వు దానం చెయ్యకపోతే చెయ్యకు దానం చేసే వారిని చడాకొట్టకు,hate
తాను ఇంతకు ముందే చెప్పాడు నేను ఇలా videos చేయడానికి కారణం అందరూ inspire అవ్వాలి అని,non-hate
Arey nee antha chetha nakodukuni chudaledh ra ippativaraku,hate
Babhu నువ్వు movie rilease కాకుండా చెప్పే అబద్ధం కన్నా అతను చేసే సాయం గొప్పది. Nuv పెద్ద prad,hate
your flow and bgm super bro chinchesav,non-hate
prathi chillara gadu harsha-sai gurinchi matladame help chesina tappu ye ra babu meku,hate
"Anna I want to say one thing.u say mind-blowing truths love u brother .keep it up, I really proud of you bro .",non-hate
Nuv annantha mathrana Harsha Sai midha abimanam thaggadu ra,hate
bro moto vlogging lo andhari kanna nuvve ishtam naku,non-hate
ee tata nexon antha lavda car nenu ekkada chudaledh ra,hate
Sir last time kohli newzealand T20 series lo oka runout alany chesadu .. mind-blowing runout sir adhi,non-hate
kl rahul is the biggest fraud in indian cricket,hate
I feel like bhuvaneshwarkumar must be dropped from the upcoming matches because he is going for lot of runs in death overs,hate
prathi chethanakoduku viratkohli ni anetode lavdapuk gallu,hate
మీరు చెప్పింది నిజం తాను అలానే అనుకొని ఉంటాడు బాల్ నాకు ఇస్తే నేను కోటేవడిని అని అనుకున్నాడు.కింగ్ అన్ని రుల్స్ మొత్తం తెలుసు అక్కడ,non-hate
special respect for Indian cricket thanks for ( international board of Australia),non-hate
అన్నా చాలా ఇంప్రూవ్ అయ్యావ్.... సూపర్,non-hate
ఆవిడ మంత్రి అయ్యాక పిచ్చి ముదిరి ఎక్స్ట్రా జబర్దస్త్ అరుపులు అరుస్తుంది. పట్టించుకోవద్దు.,hate
రోజా అనేది మనిషి కాదు అది వేస్ట్,hate
Lokesh anna nuv super anna I am proud of to see you like this way of speech jai lokesh,non-hate
అన్నయ్య మనం రోడ్డుపై వెల్తుంటే కుక్క లు మెరుగు తుంది,hate
Roja Neku dammu unta ys Jagan ki cheers pompu Yanduku anta ys vijayamma ni vishaka mp seat Gelupuichuko Lani dadamma nevu,hate
లోకేష్ అన్న ఇప్పుడు ఇస్మార్ట్ శంకర్ లా తయారు అయ్యాడు పంచ్ ల మీద పంచ్ లు,non-hate
Annaaa telugu communication baanee improve cheshav,non-hate
Roja niku minister ichindhi ha shaka ki nayam cheystav ani. Cheera lu pampala miku antey anam garu cutdrawer lu pampala annadu saripoyindha. Power unnantha varaku baganey untundhi.,hate
rechipothunnaru adhikaram lo unnaru ani ahamkara dhorani,hate
"Don't worry Lokesh garu. if Government could not do it, Madam will hang them with in 21 days. Jabardast challenge. count down starts. They will be hanged under Disa act at any cost.",non-hate
"Prathi daniki Government tappu vundadu prajalu koncham marali, attitude change ayithey ilanti jaragavu",non-hate
పేదవాడు కి  జగన్ గారు  ఎ మంచి  పని చేస్తున్న  దానికి  కోర్టులో  కేసులు పెట్టి  న.  బొల్లి గాడు కీ  ఓటు ఎవరు వెయరు,hate
నీతి నిజాయితీ లకు మారు పేరుగా నిలిచిన వ్యక్తి ఆళ్ళ రామకృష్ణారెడ్డి. అమరావతి రైతులకోసం నిజమైన పోరాటం చేసిన వ్యక్తి. ఆయన పదికాలాలపాటు చల్లగా ఉండాలి.,non-hate
రామకృష్ణ  గారు బాదపడకండి  జగన్ గారు  మీకు మంచి భవిష్యత్తు ఉంటుంది,non-hate
"పార్టీ నుండి జంప్ కావాలంటే, ఎవర్నో ఒకరిని తిట్టాలే స్వార్థం కోసం పార్టీ మారాలి....",hate
Central lo vuntene addukku tintunam eka stete lo vaste anthe enga...,hate
Entha mandhi bjp lo join aina kuda bjp TS govt form cheyyaledhu..,hate
ఒక బీజేపీ కార్యకర్త 100 మంది ఇతర పార్టీ కార్యకర్తలతో సమానం జై జై కోమటిరెడ్డి బ్రదర్స్ జై మోడీ,non-hate
BJP Sanka naku teenmar vartalu,hate
V6 ఛానల్ అంటే ఇంతకుముందు చాలా గౌరవం గా ఉండేది ఇప్పుడు బిజెపి డబ్బా కొడుతున్న ఛానల్ ఈ ఛానల్ వివేక్ ఛానల్ సేమ్,hate
నాగార్జున ఎట్టి పరిస్థితుల్లో వైసీపీ లోకి రాకపోవచ్చు ఎందుకంటే జగన్ 420 అని తెల్సు ఒకవేళ వస్తే ఇంత కన్నా మూర్ఖుడు ఎవరు ఉండరు,hate
వీడు ప్రసారానికి వెళ్ళ డాంటే ఆడవాళ్ళు కూడా చెప్పులు తీసి కొడతారు,hate
Ade matani dukuduga cheppandi. Siva garu kanabadatharu maku. Voice belaga vundi.,non-hate
Desaani dochokotaaniki eeyanaki emi takkuvayindita,hate
Mundu.vacchinollu.peekipoyaru.eeyanocchi.peekuthadu,hate
"Nagarjuna vadi nasanam vadu korukuntada vadu KD no 1, anta eegiga padadu",hate
Vadoka lucha gadu vadiki jagan party ne correct,hate
vadi antha chetha lovda cm ni nenu intha varaku chudaledhu bhayya,hate
From recent 3 months iam addicted to your videos anna. Your way of explaining and slang is very nice,non-hate
Match chudaniki vasthunam ani cheppu bro,non-hate
oka pani cheddham vada pav ane brand ni relaunch cheddham,non-hate
match gadida modda ayindhi .,hate
rohith bondam gadu ballu anni dengesadu vadi valle match poyindhi,hate
musali gudda ashwin ni endhuku endhuku teaukunnaru bro kastha chepppandi,hate
asla kl rahul peddha bogh na koduku adatham radhu em radhu,hate
Rahul dravid vadi moddalo selection  asla chahal hi endhuku tesukole,hate
trs kadhu brs rey paayi cheyi munugode polls lo,hate
మన  తెలంగాణాలో మన నాయకుల బాషా చాలా chiller gah vuntadhi.అయ్యో దేవుడా.,hate
jairam ganesh rahul gandhi sanka nakutadhu howla gadhu,hate
mallikarjun kharge  gandhi family kukka vallu emi chepthe adhi songa karchukoni oppukuntaru,hate
నేను సచ్చిపోత బాబోయ్..ఉరి ఏది..విషం ఏది..నా రైలు ఏది..నా కత్తి ఏది,hate
ఏ మాత్రం సంస్కారం లేని నాయకులు ఎన్నుకున్నందుకు మనము మనము సిగ్గుపడాలి,hate
ఆలోచన చేస్తున్నాం డ్రామా రావ్ ఈసారి మిమ్మల్ని ఓడించాలి అని,non-hate
ఆలోచన చేస్తున్నాం డ్రామా రావ్ ఈసారి మిమ్మల్ని ఓడించాలి అని,non-hate
ఒక ప్రజా ప్రతినిధి హోదాలో ఉండి ఇంత దిగజారి మాట్లాడే సంస్కృతి ఈ మధ్య చాలా ఎక్కువైంది,non-hate
Veellandhari kante RSP sir & Eetala sir best leaders …,non-hate
jp  nadda ki gudda pagili povali bjp vasthe telangana devolop avadhu,hate
AP lo JAGAN center amit shah peddha yedavalu vallu vunte desham sankanaki pothadhi,hate
Full Entertainment ayindhi..Revanth reddy maryadaga matladina thittinatte undhi..,non-hate
KTR : enni years na nijaswarupanni Bayatapadakunda unna.. Ippudu bayata padela chesaru kadara,non-hate
KTR:Nannu erri puk cheshavu gah kadhara revanth,hate
chaalu poyi paduko ekka,hate
​narendra nee matladi etuvanti prayajanam ledhu,non-hate
bjp leaders enta labaor na kodukulu ante rape cheshe vallani brahamin ani cheppi vadilesaru,hate
yogi baba ram rahim sistudu edharu adava vallaki respect eyyaru edharu pedha langa gallu,hate
modi gandhinagar panties dongaledhe vadhu vadu enti pm mari chillar gah,non-hate
పార్లమెంట్ సాక్షిగా తెలంగాణ మీద విషం కక్కి మళ్ళీ ఏ ముఖం పెట్టుకొని తెలంగాణ వస్తున్నవ్ Gujarati??,non-hate
narottam mishra peddha langa ram setu movie ban cheyamantaru deniki movie peru lo ram vundhi ani,hate
​bandi reddy ane porambol edava ga undu modi cheppulu moyadaniki,hate
ఈ పాదయాత్ర అయిపోయిన  తర్వాత ఆ 80 కంటెర్నర్లు అసలు ఉండడానికి ఇళ్లు లేనివారికి ఇవ్వండి,non-hate
పేదవాడి కష్టాలు తీరాలి అంటే పేదవాడిలాగే   జోడయాత్ర సాగాలి,non-hate
BJY chaala manchi concept,non-hate
అమరావతి రాజధాని మ్యూజికల్ చైర్ గేమ్. No Stop no sit. Very good game in AP,non-hate
priyanka arul mohan gudda chaala sexy vuntadhi dani panga chachi dengali,hate
అంటే యాత్ర లో నడిచేది మొత్తం వాళ్ళే అన్నమాట,non-hate
jagan gadu pedda yedava waste gadu ysr parvu dengathaduu,hate
చాలా బాగుంది రాహుల్ గాంధీ,non-hate
బ్రదర్ నువ్వు TRS ఏమన్న అంటే కెసిఆర్ కేటీఆర్ తోపు అంటునవ్ అతనేమో బీజేపీ కి వత్తాసు పలుకుతున్నాడు,non-hate
మీ ఇద్దరి వల్ల తెలంగాణ జనాలకి ఏమన్న ఉపయోగం ఉందా చెప్పు,non-hate
stalin chaala  manchi leader tn people are very luckey,non-hate
samantha oka bazzar lanja dani namakodadhu,hate
samantha anni   lanja kathalu dengutahdhi dani namakodahu,hate
ఈ మధ్య ఇది ఒక ట్రెండ్ అయిపోయింది వేరే వేరే పార్టీ వాళ్ళను తిట్టడం వీళ్ళు పాపులర్ అవ్వడం.,non-hate
arey neeku nenu ela antha pichi puku edava laga kanapadhuthava po ra babu,non-hate
ni news ni over action ki dandam ra babu,non-hate
ఏ పని లేనొడు ఒక ఛానల్ ఓపెన్ చేయండి ఒక్క పార్టీ లేదా ఒక పర్సన్ ని ఎంచుకోండి స్టార్ట్ చేయండి 1or 2 years లో మంచి పాపులర్ అవుతారు .,non-hate
Okka kcr thappa vere party vallaki amathram chepparu e thenmar,non-hate
sara ali khan tana moddalo acting dandham ra babu,hate
sara ali khan barre gontu besukoni ariste barre dengunatu sound vastahdhi,hate
I am bachelor anna ..oil ..petrol..chusthe bayam ga undi,non-hate
bollywood sangam dengapetindhi karan johar,hate
migilina sangam dengapettindhi nepo kids inka sallu bhai,hate
Trs vallu esthalera dabbulu ra sale,non-hate
teenmmar mallana kcr cheppu nakutadhu,hate
anna ni acting peddha namaskaram,non-hate
ekkuva overaction vj laga dengipothavu,hate
Channel name change chesko...news line Telugu..no where related to news of Telangana.....TRS band company... Set ithadhi nee reporting ki,non-hate
donga Malli gani gurinchi oka vedio cheyandi,non-hate
langa malli reporing waste trs daapu tappa em ledu,hate
Comments chese valla istam...poi nee seperate site petkoo... YouTube la video pedthe andaru comments chestharu.. Baga salary isthunattu undi neeku trs headoffice nunch,non-hate
E bjp oil rates increase chesi vanta cheyali ante kastam undi anna,non-hate
E bjp oil rates increase chesi vanta cheyali ante kastam undi anna,non-hate
Trs vallu esthalera dabbulu ra sale,hate
trs cheppy nake vadhu,hate
tdp lokesh valla modda kudisi poyindhi,hate
ysrcp emo jagan drainage lo kalisi poyindhi jagan vadu vadi drainge face,hate
Same to same mallanna lekkane unnadi kada nee katha kuda.yeda dorikillu ra sami,non-hate
"ey pinky hey pinky hey pinky, etla unavu, me KCR etlaundu? Time ki money biryani istunda",non-hate
Fake luchha news ra jaffa,hate
Vaniki nukalu daggara paddai anna,non-hate
TRS poinaka ninnu uthukutharu... Kanipiyav lee inka...chesko reporting e 1 year,non-hate
k t r  kuda poyendu kadaa adigenavu lucha,hate
Nvvu first e channel dheni kosam pettinav kcr kosama peoples ki emaina prayojanam vundhara entha sepu kcr sanka nakuthunna,hate
Trs ku ammdu poyinara Shankar ga Jaffa,hate
Nuvu Chiku raa kcr family dhi,hate
arey shankar ga nvvu kcr sanka nakaku ra,hate
Hi ra T.R.S. kukka…,hate
Bjp పెట్రోల్ 500 LPG 5000 disel 400 pakka,non-hate
ఇ పోస్ట్ పెట్టినోడు  రాజ్యాంగం గురించి సీఎం మాట్లాడిన వీడియోస్ ఇందులో పెట్టు,non-hate
"కెసిఆర్ గారు ఎంతగా అసహనంతో ఉన్నారో తన మాటల వల్ల తెలుస్తుంది. నిజం చెప్పాలంటే, ఉన్న చిన్న జీవితంలో హాయిగా జీవించిన వారిదే అదృష్టపు జన్మ.",non-hate
kcr gaaru meeku vunna dhairyam lo 1% aina AP CM ki vunte bagunde,non-hate
Nirmala sitaraman garini ala anadam tappu,non-hate
nirmala sitaramn mm singh  attu tho samanam,hate
KCR పుచ్చకాయ జ్యూస్ తాగు....,non-hate
Raju sir meeru Indian Army sir meeru.,non-hate
"నైంటీ ఏసుకుని పందం దా,, మనకెందుకు యివ్వన్ని",non-hate
కట్టర్ హిందూ kcr,non-hate
Are Shankar em manishi ra nuvvu,hate
arey shankar nuvu=vu attupoku gadivi,hate
First nee party pokunda chusko next,non-hate
Elections ki mundu enni Hamelin ichindi TRS avvani emayinayi nuvvu cheste chamatkar verevallu cheste balatkarannattu umdi,non-hate
Cm gadiki mental akindi,non-hate
Very Nice.. BJP ni tarimi dengandhi telangan nundi,hate
Yrs పార్టీ కుక్కమూతి పీంది కెసిఆర్ గారు ముందు భాష మార్చుకోండి,non-hate
Ori shankari neku party salary esthundi kani maku jabs esthaledu ra,non-hate
shankar nuvvu news cheppaku ni pellam puku naku poyi nuvvu dankie crt,hate
JD garu mee lanti Genuine persons Pavan gariki support ga unte baguntundi sir,non-hate
​BJP tho kalistey I will vote for pawan anna,non-hate
​Mana Ap lo kula partyle gelustai manaki aiggu ledu kabati bjp ni ranivam manaki kulam important.,hate
ఇంటర్వ్యూ చూసినా తర్వాత చాలా భాదగా ఉంది.... సమంత గారికి మంచి విజయం చేకూరాలని ఆశిస్తూ,non-hate
గాడ్ బ్లెస్స్ యు సమంత సిస్టర్,non-hate
"య ""శోద"" లా ఉండకండీ.. యశోద లా (ట్రైలర్ లో చూపించినట్టు ధైర్యంగా ).. ఉండండి..మీకు మేము అందరూ ఉన్నాము",non-hate
Hope Yashoda will be a very good comeback for Samantha garu to the mainstream,non-hate
Samantha script selection lo acting scope roles choose cheskuntundi,non-hate
ఈ సినిమా సమంత గారికి మంచి విజయం సాధించాలని కోరుకుంటున్నాను ..మీ ఆరోగ్యం కూడా తొందరలో కోలుకోవాలని కోరుకుంటున్నాను.,non-hate
Samantha acting and fights excellent and superb ga undhi second half e superb,non-hate
Movie block boster andaru chudandi sam acting,non-hate
Samantha acting matram ichipadesindhi thrill chestadhi second half fantastic anthe,non-hate
నేను ముస్లిం అయ్ నా కూడ..... నాకు మహా భారతం అంటే చాలా ఇష్టం,non-hate
వావ్ సూపర్ సమాజానికి మంచి సందేశం ఇస్తున్నారు కదా సార్,non-hate
కామం తో ఏమి చేసిన ఈ కాలం లో super,non-hate
అందాలు అన్ని ఈ సాంగ్ లోనే చుపించేస్తే ఇంక సినిమా లో ఏం చూపిస్తావు. బావరకప్పు మొహం దాన,hate
జారిపోతానయి..కొంచెం గట్టిగా ముడి వేయి,hate
అబ్బా సగం నీ సళ్ల కోసమే చూస్తారు ఈ పాటను అబ!!!!!!,hate
అన్నయ్య వదిన. ఎప్పుడు హ్యాపీ గా వుండాలి,non-hate
సినిమాల వల్ల దేశానికి ఎంతోనష్టం కలుగుతోంది.,hate
ఇంక ఆపుర నాయనా... అక్కడ చూయించు...,hate
Pakkana una ammai chala baga chasthudh,non-hate
Gorgeous BEBAMMA,non-hate
కొరియన్ సినిమా హీరోయిన్,non-hate
బాగా టికెట్లు కొని వాళ్ళ ఆస్తులు పెంచండి,hate
అన్నా నువు ముడ్డి కడుక్కోకు,hate
పొలం దున్ని బియ్యం పండించడం...పోర్న్ చూసినంత ఈజీ కాదు సామి,hate
"వర్మ గారు మీ అవసరం పాకిస్తాన్ వాళ్ళ కి ఎంతో అవసరం ఉంది, అక్కడికి వెళ్ళి పోవచ్చు కదా.",hate
తెలివిగలవాళ్లని అనుకుంటాంగానీ కాదు అదృష్టం ఏమూలో ఏడుస్తుంది ఇట్లాంటి వాళ్ళకి. జనాలతో తిట్టించుకుంటే కాని నిద్ర పట్టదు,hate
తెలివైన మూర్ఖుడు... RGV,hate
రైతుల పంటకు డిమాండ్ పెరిగితే... మధ్యతరగతి మనిషి..ఎలా బతుకుతాడు...RGV నువ్వంటే రిచ్ కదా.. ఇందుకే దేశానికి రైతు వెన్నుముక and ఎప్పటికీ పేదొడు,hate
ఈడో పిచ్చి తుగ్లక్ ఏది పడితే అది వాగుతాడు.అన్ని పేలతాయ్ అనుకుంటాడు.కానీ ఇప్పుడు పేల లేదు,hate
అలాంటప్పుడు నువ్వు గడ్డి తిను ఇండియా కు ఏకనమి పెరుగుతుంది,hate
నీ నోరు పడిపోయి ... నువ్వు నోరు మూసుకుంటే ... దేశానికి చాలా ఉపయోగం ... దేశానికి ... ఇంకాలాభం,hate
ఓరీ నీ తెలివి తగలెయ్య నీకు ఇలా అర్దం అయ్యిందా,hate
నీకు మతి మరుపు వచ్చి నువ్వు వర్మ అని మరిచి రోడ్లు వెంట తిరుగు తుంటే ఆకలి కి నువ్వు పడే పాట్లు అనుభవిస్తే ఆహరం విలువ తెలుస్తుంది.,hate
వీడు వితండవాదం చేస్తూ ఏదో తెలివైనవాడినని ఫీల్ అవుతుంటాడు,hate
బొచ్చులోగా.... అది ధనిక దేశాల్లో కుదురుతుంది. మన దేశం లాంటి జనాభా అధికంగాగల దేశం లో నీ తొక్కలో లాజిక్ పనికిరాదు.,hate
పొట్టతో ఉన్న సూడి గేదె ల ఉన్నవే ముక్కు,hate
టాలెంట్ ఉంది.. మంచి actress అనుకున్న... అర్బన్ నక్సల్ అని తెలిసింది,hate
బ్యూటిఫుల్ మేడం,non-hate
పండ్లు తింటే తప్పేముంది..అవి త్వరగా జీర్ణం అవుతాయి కదా,non-hate
ఎవరిష్టం వారిది పనికిమాలిన చిట్కాలు వేస్ట్ మనిషి వెయ్యి సంవత్సరాలు బతకడు ముందు అది తెలుసుకోండి,hate
హర మహాదేవ శంభో శంకర భోళా శంకర నమో నమః ఓం నమః శివాయ,non-hate
ఏడుకొండలవాడా వెంకటరమణా గోవిందా గోవిందా,non-hate
ఓం నమో వేంకటేశాయ,non-hate
Devuda intha hight undi ee ratham,non-hate
OM SRI PAARVATIPATAYEE HARA HARA MAHADEVA SHAMBHO SHANKARA OM NAMAHA SHIVAYA,non-hate
"Prabhas ki super jodi,,,arabian bread vastundi",non-hate
Really ANUSKA mam mee ku naa brother biggest fan,non-hate
అందానికి Adress అనుష్క,non-hate
ఆంధ్రప్రదేశ్ ప్రజలు మారాలని మార్పు రావాలని కోరుకుంటున్నాను,non-hate
"భగవంతుడి దయ, ప్రజల ఆశీస్సులు ఎప్పుడూ ఉండాలి",non-hate
ఈ సారి ప్రతి ఒక్కరూ జనసేన కి మీ విలువైన ఓటు వేయండి,non-hate
మాకు ప్రాబ్లెమ్ వస్తే ఢిల్లీ వెళ్ళాము ఢిల్లీ మా దగ్గరకు వస్తుంది మాట మీద నిలబెట్టుకున్నావు అన్నయ్య,non-hate
దీనమ్మ జీవితం జాబ్ లు వొదిలేసి నీతో వొచ్చి పోరాటాలు చేయాలి అన్పిస్తుంది అన్నా,non-hate
​జై మోది జై పవర్ స్టార్ జై బీజేపీ జై జనసేన,non-hate
మోడీ గా డే ఏమి పీక లేడు నివ్వు ఎంత,hate
"​స్టీల్ ప్లాంట్, మరియు షిపయార్డ్ ప్రైవేట్ వెక్తులుకు, అమ్మటానికి వస్తున్నాడు.",hate
"ద్రోహం చేసింది,నిజంగా ఏపీ ఉసురు బీజేపీకి,మోడీకి తగులుతుంది.",hate
"​అయినా, వైకాపా, భాజపా దోస్తీ నడుస్తూనే ఉంటుంది.",hate
"​అసలు ఆంధ్రప్రదేశ్ బిజెపి అధ్యక్షుడు మన ముఖ్యమంత్రే , వీర్రాజు కేవలం తోకమీద ఈక మాత్రమే",hate
"తల్లి నువ్వు నవ్వొద్దు, ఆ ముఖంలో మూతి తప్ప ఏమి కనిపించదు మాకు",hate
అమ్మో నోరేంటి అమ్మ అంత ఉంది,hate
నిత్యానంద బాబా లెక్క ...జగన్ బాబా ఆశ్రమం ఒకటి పెట్టుకుంటే రోజూ మంచి మంచి ఆశీర్వాదాలు తీసుకోవచ్చు మీరు,hate
లుంగీ బాబా ఆశీర్వాదం,hate
జగన్న స్వామి ఆశీర్వాదాలు దరిద్రం,hate
అబ్బ అబ్బ ఎం యాక్టింగ్ సూపర్ సినిమా లో నటిస్తే ఆస్కార్ గ్యారంటీ,hate
కళ్లుమొక్కి పదములు తెచ్చుకోవాల వీలు మంత్రులు,hate
"Me ఇద్దరు వల్ల ఏపీ లో ఆడవాళ్ళ పరువు పోయింది, పదవి కోసం ఎంతకైనా దిగజారే బ్రతుకులు మీవి",hate
E song correct గా సెట్ చేశావ్ బాయ్యానికు నవ్వలేక చచ్చిపోతున్నాను,non-hate
ముద్దు పెడదాం అనుకోని ముందు కి పోయి మళ్ళీ ఆగిపోయాడు,hate
పెద్ద పీఠాధిపతి లాగా అందరికి ఆశీర్వాదం ఇస్తున్నాడుగా,hate
నిత్యానందస్వామి ఆశీర్వాదం అందుకున్నా జబర్దస్ట్ రాణి,hate
నీ ఫ్యామిలీ లేడీస్ ను ఎవడైనా రోడ్డు మీదా ఇలా చేస్తే ఏంచేస్తాం బ్రో.,hate
దున్న దున్న మామిడి,hate
ఆ పటుకోవడం లోపలికి వెళ్లి పటుకొర బాబూ రూంలో కూర్చుని పనిచేసేయి,hate
100 kgs rice bag Ni pyna chesukoni cheste super Ga vuntaadi,hate
బ్లాక్ సారీ లో బాగుంది,non-hate
మొత్తానికి యూట్యూబ్ నే కాపురం చేయరా మీకు మా బుద్ధిలకు మానాల్లో లేదు,hate
ఎందుకు అల్యసాO చేస్తునవు పేటక,hate
గుద్దు గుద్దు మామిడి,hate
Ee momment ki nizam gaa aricham,non-hate
నితిన్ . కృష్ణ స్టెప్పులు వేస్తున్నాడు కదా,non-hate
ఎక్కడికి పోతోంది మన సంస్కృతి,non-hate
Kriti garu miru na favourite heroine,non-hate
"పులులు, సింహాలకు కూడా భయపడరు.. కానీ రాజకీయ నాయకులకు మాత్రం లాగులు తడుపుకుంటారు... ఎందుకో మరి..",hate
"అవసరం అయినప్పుడు ప్రాణాలు కి తెగించి పోరాడుతారు మన ఆంద్రప్రదేశ్ పోలీసులు, ఫారెస్ట్ ఆఫీసర్స్. గ్రేట్",non-hate
పోలీస్ ఫారెస్ట్ డిపార్ట్మెంట్ 2కలసి పోరాడారు పాపం దాని బారి నుండి ప్రజల్ని,non-hate
గ్రేట్ సార్ రియల్ ఫైట్,non-hate
యెల్లో కాలర్ టీషర్ట్ అతను సూపర్,non-hate
ఒక్క చిరుత పులి కోసం ఎంత మంది చూడండి.,non-hate
హ్యట్సాఫ్ పోలీస్ సర్,non-hate
ఇక్కడ పట్టుకున్నది పోలీస్ వాళ్ళు కాదు.... Forest Deparment వాళ్ళు..,non-hate
పోలీస్ డిపర్ట్మెంట్ కి ధన్యవాదాలు,non-hate
పాప నడుము సన్నగా బాగుంటుంది,non-hate
గుద్ధుర గట్టిగ...,hate
మొటిమలకు మందు పని చేస్తున్నట్టు ఉందిగా,non-hate
ఇలాంటి b grade acting లకు మాత్రమే పనికి వస్తుంది,hate
మేకప్ లోనే ఇలా ఉందంటే మేకప్ లేకుండా ఎలా ఉంటుంది,hate
రోజా నా ముందుకి వచ్చి చూపించు నీ మిడిల్ ఫింగర్,hate
Dhani pandhi moham chusi shock avuthada,hate
"ఈ దిబ్బ మొహం దాన్ని దూరం నుంచి చేస్తేనే షాక్ అవతరు,",hate
సూపర్ ఫాస్ట్ ప్రధాన మంత్రి గారు సూపర్ ఫాస్ట్,non-hate
సంతోషించదగ్గ మరియు గర్వించదగ్గ విషయం.,non-hate
డిజిటల్ రూపీ మొదట హోల్ సేల్ & రిటైలర్స్....ఇంకా ఫ్యాక్టరీ ల్లో విధిగా అమలు చేయాలి,non-hate
Super ఈ నిర్ణయం వలన బ్లాక్ మనీ పూర్తిగా అరికట్టవచ్చు,non-hate
క్యాష్ కౌంటర్ క్యాష్యర్ కు పని బాగ తగ్గ తుంది,non-hate
సులభంగా స్వస్ బ్యాంక్ లో జమ చేసుకోవచ్చు అనుకుంటా....,non-hate
అవినీతి ఇంకా డబల్ అవుతుంది,non-hate
Mana account lo amount unte adi digital rupee kada?,non-hate
టెక్నాలజీ పెరిగిన కొద్ది సెఫ్టి తగ్గుతుంది. హెకర్స్ సులభంగా దోచుకుంటున్నారు,non-hate
త్వరలోనే పవన్ కళ్యాణ్ గారు ముఖ్యమంత్రి కాబోతున్నారు,non-hate
అందరూ ఓట్లు రిజిస్టర్ చేసుకోండి మిత్రులారా ఓటు ఫర్ జనసేన పార్టీ ఒక అవకాశం ఇవండీ పవన్ కళ్యాణ్ అన్న రావాలి పాలనా మారాలి,non-hate
మార్పు కోసం ప్రయత్నిస్తున్న మా అన్నకి ఓటు వేస్తాం,non-hate
avunu 8yers taravatha avakasam vachindhi matladaniki prajala kosam Mila kallu pattukovadaniki kadhu,non-hate
​nanu ok karya karta ga chaputunnu anna e sari matram pakka power Star cm jai janasena  Srikakulam,non-hate
​mana alochana. mana mundhu unna tarala bavisathu mana mida adhara padi undhi,non-hate
​okari mida estam too alochinchakandi okari mida dweasam too kuda alochinchakandi,non-hate
okati yeppudu yevarini takkuva chesi matladakudadhu ... prethi okkaru prjalake Pani cheyyali kabatti vallu yentha varuku. Pani chestunnaru Ani alochinchiste manchidhi,non-hate
​a bayam unte villu paripala tinnaga cheste sari ponu,hate
​political fit kakapothe bayapadatam endukandi,hate
ఈ పాట ఎంత మందికి ఇష్టం...ఎన్ని సార్లు విన్నా మళ్లీ మళ్లీ వినాలనిపిస్తుంది,non-hate
ఈ పాట విన్నపుడల్లా SPB గారే మళ్ళీ తిరిగొచ్చి పాడారు అనిపిస్తుంది,non-hate
ఈ పాటని రోజుకి ఒక్కసారైనా వింటున్న వారు లైక్ చేయండి…,non-hate
ఒక రాణి ఎవరు ఎత్తండి ఆమె రాజ్యం ఒక సైనికుడి కోసం ఒక సైనికుడు ఎవరు త్యాగం చేస్తారు అతని జీవితం మరియు ప్రేమ కోసం అతని దేశం,non-hate
సినిమాని ఎంత అందంగా...ఎంత హృద్యంగా...తీయవచ్చో....తీసి నిరూపించిన హను రాఘవపూడి గారికి శిరస్సు వంచి కృతజ్ఞతా భావంతో నమస్కరిస్తున్నాను.,non-hate
"మొన్నామధ్య ఒక గమ్యం, నిన్న ఒక మళ్ళీ మళ్ళీ ఇది రానిరోజు , నేడు ఈ సీతారామం. నిజంగా హృద్యమైన సినిమాలు. ఇలాంటి సంస్కారవంతమైన సినిమాలు కూడా అప్పుడప్పుడూ రావాలి. జనాలు బాగా ఆదరించాలి",non-hate
సినిమా చూస్తున్నంత సేపు ఏదో మనసుకు తెలియదే ఆనందం,non-hate
సూపర్. పాట.,non-hate
ఇ సినిమా మంచి విజయాన్ని సాధించాలి అని మనస్పూర్తిగా కోరుకుంటున్న,non-hate
ఈ పాట ఎంత మందికి ఇష్టం...,non-hate
దేశం కోసం ప్రాణాలు అర్పించిన ఎంతో మంది సైనికులను తలచుకుంటూ జై హింద్,non-hate
"పుట్టడం అంటూ జరిగితే అది రైతు కుటుంబంలోనే పుట్టాలి,చావడం అంటూ జరిగితే అది భారత సైనికుడిగానే చావాలి...",non-hate
"IPC లో ఉన్న చట్టాలను , రూలింగ్ లో ఉన్న ప్రభుత్వ లకు అనుగుణంగా మరుస్తర...?",hate
Kcr great అందుకేప్రదానిని వద్దన్నాడు,non-hate
ముందు దాన్ని తరువాత వాడిని చెప్పుతో కొట్టాలి,hate
బ్లూ ఫిల్మ్ బ్యాచ్ మొత్తం యూట్యూబ్ లో దిగారు.. ఏంట్రా ఇది,hate
మీ అమ్మగారి వయసు ఉంటుంది ఆవిడకు,hate
ఈ మధ్యకాలంలో బయట చాలా ఘోరాలు జరుగుతున్నాయి,non-hate
ఏందిరా ఇది యూట్యూబ్ అనుకున్నారా ఇంకేమన్నానా,hate
ఇలాంటి వీడియోస్ కి మనం లైక్ వేసి ఇంకా వాళ్ళని ప్రోత్సహిస్తుంది ఫస్ట్ వీడియోకి లైక్ చేయడం మానేయండి,hate
ముందు ఆడదానికి సిగ్గు ఉంటే చెంప పగలగొట్టాలి,hate
బాగున్నారు తల్లి కొడుకులు స్టోరీ,non-hate
వీడియో తీసినాను కొట్టాల వీన్ని కొట్టాల దాని కింద వేసి కొట్టాల,hate
మీరు ఈ లంటి వీడియో పేట్టికంధి బ్రో మీవల్ల ప్రజలు కూడా చేడీ పోతరు,non-hate
ఏం చెప్పాలనుకుంటున్నారో సమాజానికి,hate
"వ్యభిచారి లాగా ఉంది , వేదేవడో హౌలె గాడు",hate
ఇది యూ ట్యూబ్? లేక బ్లూ ఫిల్మ్స్ ట్యూబ్?,hate
నీకు దాన్ని చూసి ఎలాగ చెయ్యాలని అనిపిస్తుంది. చాలా కరువులో ఉన్నటు వున్నావు.,hate
Deeni ki samma ga vundi,hate
సమాజం ఎటు పోతుంది,hate
ఆమె నీ తల్లి అయితే ఇలాగే చేస్తావా,hate
తు.. మీబతుకులు చెడ మీవాళ్లు చూస్తే పరువు మిమల్ని ఎ డారిలో వదిలేయాలి అ పుడూ బుద్ది వస్తుంది,hate
ముందుదనీచేపుతోకటలీతరువతవడీనికోటలీఅసాలుచీగూఉందధనికి,hate
ఎవరి బ్రతుకు వాళ్ళది మరి ఇంత పబ్లిక్ చేయాలా... రిప్ సొసైటీ....,hate
ఆమె ఎజ్ ఎంత బాబు ఏజ్ ఎంత ఆసరమ్మ ముండ్డాకు,hate
సరచాలు చాలు.... నీకేం పోయే కాలమే వాంతో చేపించుకుంటావు,hate
ఏముంది దాని ధగ్గరా ? సల్లూ పచ్చడి అయిపోయాయి.,hate
అసలు ఏం ఉంది రా అక్కడ పొట్ట ఒకటి ఉంది అక్కడ,non-hate
ఎందులో పెడుతున్నావ్ రా వేలు,hate
ఎందుకు ఇద్దరు బెడ్ రూం కి పోండి మొత్తం విప్పేసి చూడు బాగుంటది,hate
ఒరేయ్ ముసిల్డాన్ని కూడా వదల వారా,hate
ఇలాంటి చేత విడేయేలను support చేసినను మరడి,hate
ఇలాంటి విడియెలు చేసి మగాళ్ళను రెచ్చగొట్టే స్తున్నారు,hate
ఇలాంటి వీడియోస్ చేస్తుంటే మీ ఫ్యామిలీ లో ఆడవాళ్లు గుర్తుకు వస్తలేరా రా..బ్లూ బ్యాచ్ గా.. దాన్ని తన్నాలి ఫస్ట్ ఈలాంటి వీడియో కీ ఒప్పుకున్నందుకు,hate
ఏందిరా ఎవరితో అది? దానితో ఏందిరా కథలు,hate
అరేయ్! అది మాకెందుకు చూపిస్తున్నవ్ రా ?,hate
అబ్బా బొడ్డు ఇంత పెద్దగా ఉంటే బొక్క సముద్రం లాగా ఉంటాదేమో?,hate
సిగ్గు లేకుండా పోయింది రా,hate
ఆ ఏజ్ లో ఎమ్ డాన్స్ అన్న అది నీ energy కి సలాం అన్న,non-hate
మిస్ యు అప్పు సర్... నిజమైన రియల్ హీరో మీరు,non-hate
ఇందుకు కాదు మిమ్మల్ని పవర్ స్టార్ అనేది పునీత్ సార్,non-hate
అన్న నీకు కుాడ నేను పెద్ద అభిమానిని డ్యాన్స్ కేకా,non-hate
మీరు మాకు దూరం అవ్వడం మా దురదృష్టం,non-hate
మీరు లేరని నోటు ఎవరు తీర్చలేరు అన్న,non-hate
జప్తలక్ సూరజ్ చాంద్ రహేగా అప్పు బాయ్ అమర్ రహే గా,non-hate
నా జీవితంలో ఇంత మంచి మనిషిని చూడలేదు,non-hate
నిజమైన హీరో నా అప్పు సార్,non-hate
మీరు మాకు దూరం అవ్వడం మా దురదృష్ట మీరు మళ్ళీ పుట్టాలని కోరుకుంటున్నాం ఐ మిస్ యు సర్,non-hate
యెవరు పూనిత రాజు గారు దూరం అయ్యారు అన్న వద్దు  మనం జీవిస్తున్నం అంటే అయిన మన మధ్య జీవిస్తూ ఉన్నారు ప్లీజ్ యెవరు అలా అనవద్దు,non-hate
Intha chinna vayasulo mimmalni kolpovadam chala sad anna,non-hate
ఆంధ్రకు పవన్ సార్ కన్నడకి పునీత్ సార్,non-hate
Vera level sir,non-hate
మీరు మళ్లీ పుట్టాలి సార్ మిస్ యు సార్,non-hate
బాలయ్య బాబు.. Super,non-hate
రాయలసీమ సింహం బాలయ్య బాబు,non-hate
నటనలో నరసింహుడు అవతల వాళ్ళని గౌరవించడం లొ మహాదేవుడు,non-hate
రాజసం అంటే అలా ఉండాలి..,non-hate
పులివెందుల పులి రాయలసీమ సింహం నందమూరి బల కృష్ణ,non-hate
Gattiga plan chesav gopichand mama,non-hate
వీడు ముసలోడు అయిపోయాడు,hate
కరోనా వచ్చి జనాల్ని ఒక రకంగా సంపుతుంటే.,hate
మా అడ్డపిల్లలు కి నీ చూసే అదృష్టం ఉండదు కాబట్టి ఇలా చూసినందుకు ధన్యవాదాలు తెలుపుకుంటున్నాను.....,non-hate
చాలా పద్దతి గా ఉన్నారు,non-hate
ఊహ గారు మీ అమ్మాయి మీ లాగే ఉంటుంది,non-hate
ఊహ గారు.కూతురు చాలా పద్దతిగా ఉన్నారు.సూపర్,non-hate
సంస్కారవంతమైన కుటుంబం,non-hate
Family mottam beautiful GA vunaaru,non-hate
"అచ్చం అమ్మ లాగే వుంది,",non-hate
ఈ అమ్మాయిని సినిమాలోకి అసలు వద్దంటే వద్దు,non-hate
ఈ కాలం లో ఎక్కడా కనిపించని వోణీలు,non-hate
పూర్తిగా విన్నారా...అయన స్పీచ్ లో ఎక్కడైనా 3 రాజధానులు మాట ఉందా... మీ పచ్చ రంగు పోదు,hate
నువ్వు అడుగుపెట్టిన కానించి ఆంధ్ర ప్రదేశ్ అప్పుల ప్రదేశ్ అయిపోయింది,hate
vidiki emina teliste kada em undo chepadaniki pm ki chetulu kattukoni kurcho ra,hate
"​ఇప్పుడు వీడు చేసే గాయాలే ఎక్కువ, దరిద్రపు సీఎం",hate
​చేసింది చెప్పడం మానేసి ఈ సీఎం పద్యాలు పాడి డైలాగులు చేబుతాడేంటి,hate
"రాష్ట్ర విభజన హామీ ప్రకారం రైల్వే జోన్, ప్రత్యేక హోదా, చెన్నై విశాఖపట్నం సీ కారిడార్, స్టీల్ ప్లాంట్ పునరుద్దరణ మొదలగు హామీలు మిగిలే ఉన్నాయి",hate
nduku puttav ra Babu nuv Andhra Pradesh lo.. maa karma,hate
Abhaa yenni rojulu ayyindhi  Ilaa chosi idharini,non-hate
Mali denthonoo Penta petesadu,non-hate
డాన్స్ చాలా చక్కగా చేసింది అమ్మాయి,non-hate
ఇది కూడా పిచ్చి డాన్సులు కి ఒప్పేసుకుంది. తు దీనమ్మ. ఆడది అంటే గౌరవం పోతోంది.,non-hate
Blockbuster song ni entha direct ga copy kotteaav ga thaman ga,hate
Ayyo rama idhenna dance adhuku mela keerthi ya paaka mudiala. Looks weird,hate
Nivedha gurinchi matladam marichipoyi thanni chusi gurthukochi Mike kosam vethukadu.....aa time lo.......dhaniki kullutharendhira,non-hate
Pavan Kalyan antey oka power oka dairyam,non-hate
మన పవన్ కళ్యాణ్ గారి దగ్గర ఉన్న గొప్పతనం ఇదే,non-hate
Abba pk anna ventane photo digudhamu ani ante nivedha akka expression chudali️. Jai pspk,non-hate
"Nivedita eyes lo anandam choodandi great, Everest ekkinantha anandam.",non-hate
మీరంటే నాకు చాలా అభిమానం ఇష్టం పవన్ కళ్యాణ్ బావగారు జీవితంలో ఒక్కసారైనా మీకు దగ్గరగా సెకండ్ ఇవ్వాలని న ఆశ,non-hate
Nivetha konni interviews lo aa time lo Rajinikanth garithi movie chestunna idem peddha movie kanattu matladindhi.she was not greatful to act in PSPK's movie.,non-hate
Pspk vachi photo dhigudham antey aa excitement ey veru adhi clear ga nivetha face lo kanipisthunadhi,non-hate
Veedu dinni kuda vadili vundadu,hate
పొలిటికల్ లో అడుగు పెట్టాకా యెవ్వడు ఏం అన్నా నోరు మూసుకుని ఉండాలి.,hate
Akariki netho cenema thisina valani kuda vadaladam ledu antha pachipoye edusthunadu yedava,hate
చెయ్యి దొరకాలి గాని వదలడు.. అదే గొప్పతనం,non-hate
పవన్ కళ్యాణ్ ప్రజల నాయకుడు,non-hate
Akka jagarthaa aaa pawala gadi tho room Loki lakkoni veltaduuu,hate
Cheyi vadhalara kama pisachi,hate
అదే AP లో CM కూడా అవ్వవచ్చు,non-hate
Ladies over action chesthunnaru,hate
Pattinava papa industry lo ipude lesthudi ra chi marav ra,hate
ఫస్ట్ ఆమె చెయ్యి వదలరా బాబు కామాపిశాచి,hate
చెయ్యి వదులు రా ఫస్ట్,hate
Cheyi vadulu raa babu...4 peli cheskuntava emi,hate
Sir nani koncham feel avvuthunaru sir,non-hate
మా రాష్ట్రానికి మేము అడిగినప్పుడు మీరు వె౦ట వె౦టనే అప్పులు ఇవ్వడం మాత్ర౦ మరచిపోక౦డి !!!,non-hate
​Avado rasindhi sadavadam appudu manathavo appudu bagupadathav,hate
​Ap state nu sarwa nasanam chesaru,hate
ycp paytm batch vachhindi,hate
Zilla ko airport kadaruga. Inka roads ala vunte enti,hate
Sakshilo anni migurinchi rasuko,hate
adige dhammu manà jail reddy ki ledu,hate
జగన్ పరువు మోడీ పరువు కాదు అక్కడ పోయింది విపక్షాల పరువు ఆ మూర్ఖులకు ఇంకా అర్థం అవ్వట్లేదు,hate
​asalu districts okkati capital ayethe godava vundadu,non-hate
Veedu am pikaledu ani telusu,hate
​మా జగన్ రెడ్డికి హిందీ ఇంగ్లీషు రాదు,hate
​okadaniki dhikku ledhu veddi mokana 3 anta aha aha,hate
​తెలుగు కూడా కొంచెం కొంచెమే వస్తది మా జగన్ రెడ్డి,hate
sampu ravali palana marali,hate
"​వైసీపీ, బిజేపి ఒకటే. రెండు పార్టీలు understandig.జగన్ గారు ఇక్కడ గట్టిగా అరిస్తే అపోజిషన్ రేపు డిబేట్ లో సీఎం గారు అడగలేదు అని అంటారు.అంతకు మించి ఏమీ లేదు.",hate
Telangana Andhra Pradesh me B J P ki Sarkar banna na mumkin hai ye yad rakho,hate
అసలు వీళ్ళ బిల్డప్ ఏంటో నాకు అర్ధం kavatle,hate
Cinema vundi bayya…… jivitham lo malli movies choodakoodadu ane feeling vacchindi,hate
Heroine kante ekkuva feel avutundi ga pilli mokham de antha scene a ledu ani teliyadu daaniki,hate
వీడికి ఇంత మంది అవసరమా వోవర్ కూడా,hate
andariki nidrostundi observe clearly,hate
సినిమా తీసి రిలీజ్ అయితే కొన్ని వేలమంది సరుకులు సుడిగాలి సుదీర్ ఒకడుగా చేరిపోతాడు అప్పుడు తెలుస్తది,non-hate
సుదీర్ అన్న సింపుల్ నెస్ సూపర్,non-hate
కొంచం తగిచు కొంటే బావుండు,hate
"Deepika cat feeling::: ammababoi nenu kudaa heroine ayipoyaa, camera manalnee focus chestunayi chudanatee buildup iddam",hate
Cmr central lo movie promote chestey baguntadi weekends Saturday or Sunday movie blockbuster pakka,non-hate
EDI padite adi teeyadam janaalanu cash chesukovadam.,hate
"Sudheer garu na presna pedha pedha star la ke ,e, bild up undadhu nuv chala chestunav Nee kanna get up srinu baga chestaru Srinu annake big screen ki face ki correct bagutundhi",hate
Rashmi tho kalisi oka manchi love story movie theeyi sudheer anna..,non-hate
Deepika kanna rashmi ye baguntundi,hate
Abba meeru em handsome anna abba i love you sudheer bro,non-hate
అబ్బా బ్యూటిఫుల్ కపుల్స్ చూడడానికి ఎంత సంతోషంగా ఉందో అందరూ ఇలా సంతోషంగా ఉండాలని కోరుకుంటున్నాను,non-hate
నిను చూస్తుంటే KGF సినిమాలో RACKY బాయ్ గుర్తుకు వస్తున్నాడు,non-hate
నువ్ హీరో అవతావు అన్న అంత స్టయిల్ వుంది నిలో ఇది రియల్ మాట,non-hate
కు డాన్స్ రాదు అనే స్టేజ్ నుండి డాన్స్ అంటే ఇది రా అనే రేంజ్ కి వచ్చావు జాని అన్నా,non-hate
హీరో మెటీరియల్ జానీ అన్న నువ్వు,non-hate
బయటకు గేంటేసారు ఒక్కసారి లైవ్ ప్రోగ్రాం నుండి అంతే పాస్ట్ గా పైకి లేచాడు చూపించావు ఓటమి లో కూడా ఎలా పైకి రావాలో అని,non-hate
డాన్స్ అంటే ఇది ఇలా ఉండాలి స్టైల్ గా చూడడాడనికి అందం గా ఆ ఢీ షో లో చేస్తారు అది సర్కస్ లా ఉంటుంది,non-hate
"Kgf chapter 1 ఫ్లెక్స్ చూసి జాని మాస్టర్ అనుకున్న ఫస్ట్ యాష్, రామ్ చరణ్ , జాని ఒకలాగే ఉంటారు",non-hate
చాలా కష్టపడి ఈ స్టేజి కి వచ్చడు,non-hate
Hero ️ కంటే ఎక్కువ నువ్వు చాలా బాగున్నావూ,non-hate
సూపర్ డ్యాన్స్ మాస్టర్ జానీ,non-hate
జానీ బాయ్ బాలీవుడ్ కి మన తెలుగోడి పవర్ చూపించావు,non-hate
నీతి నిజాయితీ గా ఉన్న వాళ్ళు కు దైవబలం 100% ఉంటుంది,non-hate
మీరు సూపర్ మేడం పట్టుదల ఉంటే ఏదైనా సాధించవచ్చు అని మీరు నిరూపించారు,non-hate
మేడం మీలాంటివారు ఉండాలి యువర్ గ్రేట్ మేడం కంగ్రాట్యులేషన్స్ మేడం,non-hate
ఆమె ధైర్యానికి సమర్ధతకు సెల్యూట్. కాఫీడే సంస్థ ఛైర్ పర్సన్,non-hate
నువ్వు మా చెల్లివైతే ఇంకా సంతోషించేవాడిని,non-hate
మీ మనో ధైర్యానికి మీ సమర్ధతకు నా జోహార్లు.,non-hate
హాట్సాఫ్ అండి నీ గుండె ధైర్యానికి నీ మనస్సాక్షికి హాట్సాఫ్ మై సెల్యూట్,non-hate
మీ విజయానికి హ్యాట్సాఫ్ మేడం...,non-hate
ఆవిడ కష్టాలకి like kadu ఆమె మనోబలాన్ని కి like,non-hate
"మీ సాహసానికి,మీ సంస్కారానికి కోటి దండాలు",non-hate
హో పోలవరం BAFOON గాఢ అవసరమా వీడికి ఇంత బిల్డ్,hate
పని తక్కువ బిల్డప్ ఎక్కువ,hate
ఎవడ్రా ఎవడ్రా వీడు పేకాట క్లబ్బులు నడిపించేవాడు,hate
"డికి ఈ background ఎందుకు ర, స్వామి",hate
Anna yentanna edhi nenu yeppudu chudalee,hate
కోతులు దిగేదానికి ఇంత bulid up aaa,hate
నాకు పిచ్చిలేదు కానీ పిచ్చి మైండ్ వుంది,hate
ఓరి ఎవరో అనుకున్న ఈడిక ఇంత బిల్డుపు,hate
"BGM కొట్టిన వాడు చూస్తే ఏడుస్తాడు చూడలేక,",hate
అనిల్ యాదవ్ be like ;ఎవడ్రా ఎవడ్రా నువ్వు బోకు ను బోకును నేను,hate
బైరెడ్డి సిద్దార్థరెడ్డి అన్న హీరో,non-hate
ఇనుము ఇనుముని️ కాదు ఎనుము ఎనుముని అనాలి,hate
అన్న casino లీగల్ చేయండి ప్లీజ్ అన్న,non-hate
మా తెలంగాణ కేటీఆర్ దాంట్లో సగం టాలెంట్ లేదురా,hate
420 batch loo vedu okkadu ycp party loo,hate
ఇది నాయకులు అంటే జై జనసేన,non-hate
ఆయన స్ధాయి వేరు ఆ స్ధానం వేరు,non-hate
కష్ట పడి కింద నుంచి వచ్చిన వారు చిరంజీవి అయన ప్రతి ఒక్కరికి రెస్పెక్ట్ ఇస్తారు,non-hate
ఎక్కడ మొదలయ్యారు.. ఎక్కడికి వెళ్లి కూర్చున్నారు..,non-hate
ఎంతైనా మెగా ఫ్యామిలీ గ్రేట్ ఫ్యామిలీ. వాళ్ళని ఎవరైనా గౌరవించాల్సిందే,non-hate
Mari atluntadhi krithi brm  thoni  andham ante minimam atta,non-hate
నిజాయితీని నముకునోడు సక్కగా వుంటాడు దారి తాపిన నాకొడుకు ఒగోని కాళ్లు పట్టుకుంటున్నాడు,hate
దానినే హుందాతనం అంటారు,hate
32 caselu unnapudu kallu pattukovali leka pothey CBI vaalu Jail lo vestharu,hate
Expresion em vundavu... Anntiki same expressions,non-hate
"Ayyo anuksha seeti ki,krthi setti ki shoulder down undhi,,,",hate
ఇది హీరోయిన్ ఏంట్రా కర్మ....చి చి..మూతి హీరోయిన్..ఒక సినిమా హీరోయిన్ అంతే ఇదేనేమో,hate
ఈ లాంటి కష్టమైన పనులకు ప్రభుత్వం గుర్తించి వారికి ఎంతో కొంత పెన్షన్ మంజూరు చేయాలి,non-hate
కలి కాలం లో ఇలాంటి వి జరగడం మాములు పోయేకాలం వీడియో గురించి డ్రెస్ ఖర్చు కి బదులు,hate
సిస్టర్ నువ్వు చాలా బాగా చేసావ్ అమ్మ నీలో టాలెంట్ మామూలుగా లేదు.,non-hate
Antha perfect ga ayithae raledhu but try chesaru kadha that's more important,hate
ఇలాంటి వాల్లే పెళ్లి అయిన నెలకి భర్తను చంపెది,hate
నిజంగా️ సూపర్ గా చేశావ్,non-hate
గ్రేట్ పర్ఫామెన్స్ సిస్ క్రింది టైల్స్ స్లిప్ అవుతున్న బలన్స్ చేసుకొని పెర్ఫెక్ట్ గా డాన్స్ వేసావ్ సూపర్,non-hate
వావ్ మీ డాన్స్ సూపర్ సూపర్,non-hate
ఈ కాలంలో ఈ డాన్స్ లా మీద ఉన్న ఇంట్రస్ట్ జీవితాల మీద లేకుండా పోయింది,hate
సూపర్ బంగారం అమ్మా,non-hate
డాన్స్ ప్లస్ సీజన్ 2 కావాలి,non-hate
ఏం పర్ల ఏం పర్లా....కప్పు ముఖ్యం కాదు....ఎంత కుళ్ళు కుంటూ బ్రతికామా అన్నది ముఖ్యం..,hate
హాగ్ ఇవ్వటానికి రావాలి,non-hate
ఎంత తోక్కితే అంత లేస్తాడు మా అన్నా.,non-hate
మీరు కామన్ మ్యాన్ గా ఉనాపుడే ఇంత జనం అదే సీఎం,non-hate
ఇదే అభిమానం elections వరకు ఉండాలి,non-hate
నిన్ను కోల్పోవడం మా దురదృష్టం. మా పేదల హృదయంలో ఎప్పటికి,non-hate
"తెలంగాణ ఉద్యమ గీతాల నుండి, మాస్ గీతాల మీదికి రూట్ మార్చిన మంగ్లీ",non-hate
మంగ్లీ మేడం గొంతులో ఏ పాటైనా అత్యంత మధురం ఎంత ఎంజాయ్ చేస్తూ పాడుతుందో.,non-hate
Akka neee voice la Edo magic music undiii,non-hate
అక్క నీ పాట ప్రతి ఒక్కటి అదిరిపోతుంది,non-hate
మంగ్లి అంటే ఎనర్జీ,non-hate
Dress bavundi kaani phone poyindi,non-hate
Dress ni chusukunnatuga kasta phone ni kuda chuskovali kada amma,non-hate
మంగ్లీ పాడిన పాటలు అన్నీ ఒకేలాగనే అనిపిస్తున్నాయి పెద్ద డిఫరెంట్ ఏమీ లేదు,hate
దీనికన్నా బాగా పడేవాళ్ళు unnaru వాళ్ళను ఎంకరేజ్ చేయండి,hate
ప్రతి పాట అరపు ఎక్కువగా ఉంటుంది ఎందుకో అన్ని పాటలు ఒకేలా ఉన్నాయి.,non-hate
Helping nature kuda vundaali apude manishiki viluva,non-hate
రియల్ డ్యాన్స్ బ్రో అధరగొట్టారు,non-hate
ఎన్ని సార్లు చూసినా ఇంకా చూడాలనిపిస్తుంది మీ డాన్స్,non-hate
ఆ వైట్ డ్రెస్ లో చూస్తుంటే విజయవాడ పెద్దపులి వంగవీటి మోహన్ రంగా ను చూసినట్టుంది అన్న,non-hate
ఈసారి ఏ పార్టీకి అమ్ముడుపోతారో పవన్ కళ్యాణ్ గారు చూద్దాం,non-hate
వంగవీటి మోహనరంగా స్టైల్ కదా,non-hate
లైక్ లు కొట్టేవాళ్ళు ఎక్కువా కానీ ఓట్లు వేసేవాళ్ళు చాలా తక్కువా,hate
అడక్కలు అందరు కలిసి ఫస్ట్ నైట్ కి రూమ్ లోకి పంప్తున్నారేమిటి,hate
ఇంత స్పీడ్ డాన్సర్ ఎవరు చేయలేరు,non-hate
ఎన్నో కోట్ల మంది గుండెల్లో నిలిచిపోయిన దేవుడు,non-hate
ఇంత ఫిట్ బాడీ ఉండి అప్పు అన్న అల మరణించడం బాధగా ఉంది,non-hate
ఆ మాస్టర్ శ్రీముఖి నందు ఎలక పిల్ల లా ఉన్నాడు,non-hate
శేఖర్ మాస్టర్ గారు అండ్ శ్రీముఖి గారు మీ డ్యాన్స్ బాగా అదిరింది,non-hate
నీవు అంతా లావుగా ఉన్న డ్యాన్స్ సూపర్ శ్రీముఖి,non-hate
తొడలు... అస్సలు ఉన్నాయి,hate
అరటి బొదలు అనంగా విన్నాను. ఇప్పుడు శ్రీముఖివి చూశాను.,hate
అవి తొడల మెట్రో పిల్లర్ల అంతున్నాయి,hate
"ఆడవాళ్ళు మగవాళ్ళు గా , మగవాళ్ళు ఆడవాళ్ళు గా",hate
తొడలు చుపెట్టడానికి aa చిన్న బట్ట వేసుకుంది,hate
మంచి జోడి ఉన్న ఎద్దులు,hate
మంచి జోడి ఉన్న ఎద్దులు,hate
సార్ మీరు మా ఫెవర్ సార్,hate
బెడ్రూమ్ లో ఇద్దరు ఏందోఉంది,hate
తొడలు చాలా ఆకర్షణీయంగా కనబడుతున్నాయి,hate
హమ్మయ్య.. ఇప్పటికి ఒక మంచి వీడియో చేశావు తల్లి,non-hate
నిన్ను ఇలా చూస్తుంటే నా సోమి రంగ,non-hate
ఈ గుర్రము ఎక్కడికి పోతుంది,non-hate
నువ్వు ఇలా కన్ను కొట్టి రెండు వేళ్ళు చూయించినప్పుడు నా సామిరంగా నరాలు జివ్వూ మన్నవి,non-hate
ఆ కారుకు సరే..... నీకు దొరికాడా డ్రైవరు??,hate
ఇలాంటి అన్ని చూపించేస్తే సినిమా చూస్తున్నాం అనే ఫీలింగ్ ఉండదు.,non-hate
పద్దతిగా వుండండి,non-hate
ఏంటి గుర్రం 2'సరే కి వస్తోందా.. పక్కనే చెట్లు ఉన్నాయి వెళ్లి లోడ్ దించేయ్,non-hate
మేడం కు ఉక్క పోస్తునట్టుంది సంకలో బాడీ వేసుకుంది,hate
ఏ మార్నింగ్ వెళ్ళలేదా ఇంకా ఎందుకు వేళ్ళు త్వరగా,hate
లోపల అండర్వేర్ వేసుకున్నావా లేదా,hate
బోరుకొచ్చిన బండి బోరుకొచ్చిన బండిని నడుపుతుంది,hate
భర్త పోయడమే బెంగ లేదు సురేఖకి కూతురికి తల్లి క్లబ్లో తిరుగుతున్నారు,hate
నవ్వు చాలు చూపిస్తున్నారు,hate
"మంచి చేసే వాళ్ళని మన జనం నమ్మక పోతే, ఇంక దేశం ఎలా బాగు పడుతుంది.",non-hate
నా ఊపిరి ఉన్నంతవరకు నా ఓటు మీకే అన్నా,non-hate
ప్రజా సమస్యల పరిష్కారంపై దృష్టి పెట్టండి,non-hate
ఆయన మీద అభిమానం ఉంటే సరిపోదు ఆయనకి ఓటేస్తేనే కదా గెలిచేది,non-hate
జై పవర్ స్టార్ అన్నా పవన్ కళ్యాణ్ అన్న నేను నీ ఫ్యాన్ అన్నా నెక్స్ట్ నువ్వే సీఎం పక్క,non-hate
అన్ని పాటలకి ఇదే స్టెప్స్ హా,non-hate
ఒకసారి చుట్టూ ఉన్న వాళ్ళ కళ్ళల్లో ఆనందాన్ని గమనించండి,non-hate
నిజమైన పవన్ కల్యాన్ అబిమానికే తెలుస్తుంది ఆ ఆనందం,non-hate
ఆ అబ్బాయి సంతోషం చూసి మా కళ్ళల్లో నీళ్ళు వచ్చాయి,non-hate
పవన్కళ్యాణ్ గారి నవ్వు లో నీతి నిజాయితీ ఉంటుంది..,non-hate
ప్రాణం ఇచ్చే fanc ఒక పవణ్ కల్యాణ్ గారికి మాత్రమే ఉన్నారు,non-hate
నా బంగారం... ఆ నవ్వులోనే ఉంది అన్న మా సంతోషం,non-hate
గుండెల పైన కాదు గుండె లోపల వున్నారు సర్ మీరు,non-hate
ఆ నవ్వు లొ కోటి కోట్లా ఆనందం ఉంది,non-hate
ఈ వీడియో అంటే చాలా ఇష్టం నాకు,non-hate
ఇలాంటి అభిమానులు ఒక్క పవన్ కల్యాణ్ గారికి మాత్రమే ఉంటారు,non-hate
Kaasta అమ్మ నన్న పైన ప్రేమ కలిగి vundandi bro,non-hate
కంట్లో దురద పెట్టింది కాబట్టి సరిపోయింది,non-hate
కంట్లో దురద పెట్టింది కాబట్టి సరిపోయింది,hate
Arey edi ammai kadura anti,hate
ఇదేంటీ ఇలా నడుస్తుంది,hate
రాబోయే కాలానికి కాబోయే హీరో,non-hate
వెంకటేష్ గారి అబ్బాయి సో స్వీట్,non-hate
Next generation chala strong ga prepare chesthunnaru,non-hate
మహేష్ బాబు ల వుండ్ సితార పాప చాలా క్యూట్ గా ఉంది,non-hate
Enni saarulu chusina chudalanipistu vundhi,non-hate
ఇద్దరూ చాలా బాగున్నారు sooooo క్యూట్,non-hate
మీరు నిండు నూరేళ్లు చల్లగా ఉండాలని కోరుకుంటూ హ్యాపీ మ్యారేజ్ లైఫ్,non-hate
కనపడడు కానీ ....చాలా కన్నింగ్,hate
Siri kosam vachenappudu srihan ni chala manchodu anukunnam.,hate
శేఖర్ మాస్టర్ తో ఆ... పిల్ల ఏం చేసింది రా..... నాయనా.,non-hate
శేఖర్ మాస్టర్ కంటే కూడా దీపిక డాన్స్ చాలా బాగా చేసింది,non-hate
ప్రభాస్ గారు అనుష్క గారు మీరు తొందరగా పెళ్లి చేసుకోండి,non-hate
ప్రభాస్ గారు అనుష్క గారు పెళ్లి చేసుకోవాలని తెలుగు రాష్ట్రాల్లో కొన్ని కోట్ల మంది కోరుకుంటున్నారు,non-hate
Very గ్రేస్ ఫుల్ డాన్సర్ షన్ను,non-hate
Pinky ki entha kopam vachi vuntundhoo papam,non-hate
Anna pinky akka kada ne jodi were is pinky akka,non-hate
దీపిక నువ్వు మంచి డాన్స్ ర్ వి నీ డాన్స్ అంటే నాకూ చాల ఇష్టం,non-hate
వామ్మో సూపర్ చిట్టి thalli ️ ఆక్షన్ కే ప్రాణం పోసెల అన్నవ్ రా mummy,non-hate
ఎంత ముద్దుగుందో చాలా బాగున్నావ్ బంగారం,non-hate
alente ki age అవసరం లేదు అని మళ్లీ నిరూపించావ్,non-hate
మాటలో చెప్పలేనంత పేమా,non-hate
కోడలు పిల్ల మా కొడుకు నీ పెళ్లి చేసుకుంటావా కట్నం ఏం వొద్దు మేమే ఇష్టము కావాలంటే,non-hate
ఇంత అందమైన పిల్లని నా జీవితంలో చూడనే లేదు,non-hate
ఏ సినిమా లో పాట... చాలా బాగుంది,non-hate
Annayya undi kuda miss avuthunnavaru,non-hate
Shekar master Appatlo Sadha garitho dhee lo dance chesevaru,non-hate
పవిత్ర  పెర్ఫెక్ట్ డాన్స్,non-hate
ఇమ్ము బ్రో ఫాన్స్ ఇక్కడ,non-hate
ఈ కచ్చా బాదం సాంగ్ అమ్మాయి కి సెట్ అవుతుంది,non-hate
Atleast thana age ki thana carrier set ayyindhii.,non-hate
Elanti song vesina ade oke expression papa!! Malli dhaniki karuvu batch,hate
శేఖర్ గారు ఇప్పుడు ఇలా వేరే అమ్మాయిలతో చేస్తున్నావ్ లేదా అలాగే రేపు నీ కూతురు కూడా ఉంది మర్చిపోకు మాస్టర్,hate
సూపర్ అన్న సాంగ్ ఎన్నిసార్లు విన్నాను నాకే అర్థం అవ్వట్లేదు,non-hate
ఎన్నిసార్లు విన్నా వినాలనిపిస్తుంది ఈ పాట,non-hate
నువ్వు పడింది మంచి గాఉంది బ్రో,non-hate
"రమణగారూ మీ పాట ఎన్ని సార్లు విన్నా ఇంకా వినాలని నిజానికి సాంప్రదాయ పద్ధతిలో సంగీతం పాడే,వినే మా లాంటి వారికి కూడా మాంచి ఎనర్జీ ఇస్తుంది.",non-hate
అన్న మీరు ముగ్గురు ఎప్పుడు ఇలాగే కలిసి ఉండాలి అన్నా,non-hate
ఎన్ని కష్టాల తర్వాత happy వస్తుందో తెలియదు బ్రదర్ కష్ట జీవులు,non-hate
అన్న మీరు చాలా కష్టపడి పైకి వచ్చినవారు కష్టం విలువ తెలిసినవారు,non-hate
అంతా మీ కష్టార్జితం అన్న...మీరు ఎప్పుడు సంతోషంగా ఉండాలని కోరుకుంటూ ఇట్లు మీ అభిమాని.,non-hate
వీడియో చూడంగానే కామెంట్స్ కోసం వచినవాలు ఒక లికె వేసుకోండి,non-hate
అవి కెమెరా ముందు అరిచే అరుపులు కాదు .,hate
చీర కట్టుకుంటే చాలు ఎవరికైనా ఒక హుందాతనం వచ్చేస్తుంది.,non-hate
పిచ్చిక్కించే అభిమానం అయన సొంతం జై పవన్ కళ్యాణ్,non-hate
ఫోటో కోసం పక్కకి వెళ్తే లాగి కొట్టె హీరో లు mla లు ఉన్నారు అలాంటి వాళ్ళు మా దేవుడు ని చుడండి ఒకసారి,non-hate
Inthamandi abhmaninchali ante entha adrushtam chesuko undali,non-hate
అదృష్ట వంతులు..... ఎంజాయ్ బ్రదర్స్....,non-hate
ఏం అదృష్టం స్వామి అన్న నే ఫోన్ touch చేసింది.. లక్కీ,non-hate
అన్నయ్య అనే పిలుపు విని వెనక్కి తిరిగాడు,non-hate
అన్నయ్య అనే పిలుపు విని వెనక్కి తిరిగాడు,hate
కాపీ కాకుండా వేరే ట్రై చేసే సూపర్ విజయం నీదే పిల్లి డుడ్,non-hate
"Starting lo full cover aiye vesedi dresses, rating kosam ippudu Air free",hate
మీ నడుము కేక ఆంటీ,hate
కష్ట పడకుండా డబ్బులు వస్తే చాలు ఈ ఆడవాళ్లకు,hate
ముందుగా ప్రజలు మారాలి చట్టాలను కాపాడుకోవాలి స్వతంత్రంగా మన ఓటు మనం నిజాయితీగా వేసుకుంటే చాలు,non-hate
గుడివాడ ప్రజలు ఆలోచన పరులు కానంత వరకు దేవుడు కూడా బాగు చేయలేడు వేడవలకూ పదవులు.,hate
"అభివృద్ధి, సంక్షేమం రెండు చూడగల చంద్రబాబు వల్లే రాష్ట్రనికి మంచి జరుగుతుందనేది ముమ్మాటికి నిజం",non-hate
పథకాలను పేరు పెట్టి జనాల్ని డబ్బుతో కొనేస్తున్నాడు,hate
గుడివాడ అనగా ఠక్కున గుర్తొచ్చే పేరు క్యాసినో,hate
అందరూ రోడ్లపరిస్థితి పైనే మాట్లాడారు ఇది రాష్ట్రం అంతటా ఉంది …,hate
అక్కడ సామాన్య ప్రజలు చెప్పేదే కరెక్ట్ ఒపీనియన్.,non-hate
దీనికీ కారణం ముస్లిముల మత ఉన్మాదం,hate
హిందూమతం కుటుంబ నియంత్రణ పాటించడం కొంతమంది క్రిస్టియానిటీ కన్వర్ట్ అవ్వడం అవ్వడం వలన హిందూ జనాభా,hate
సిగ్గు లేదు ప్రభుత్వానికి స్కూల్ కి ఇలా ప్రవర్తిస్తున్నారు . ఇంకా చదువులు ఎందుకు,hate
జైభీమ్ ముస్లింలకు మద్దతీవ్వడమంటే అంబేద్కర్ గారిని అంబేద్కర్ గారు వ్రాసిన రాజ్యాంగన్ని అవమానిచ్చినట్టే,hate
అందరు కలిసి ఉండండి ప్లీజ్. మనం భారతీయులం,non-hate
జనాలు లేరు బోచ్చు లేరు అంతా అంబక్,hate
ఇండియన్ మైకేల్ జాక్సన్ ప్రభుదేవా గారు,non-hate
ప్రభుదేవా తరువాతే ఏ డాన్సర్ అయినా,non-hate
ఇండియా లెజెండ్రీ డాన్సర్ వన్ అండ్ ఓన్లీ ప్రభుదేవా,non-hate
ఎంతమంది డ్యాన్స్ మాస్టర్ లు వచ్చినా ప్రభుదేవా మాస్టర్ లాగా వేయలేరు,hate
ప్రభుదేవా డాన్స్ మాస్టర్ అంటే డాన్స్ అదిరిపోద్ది,non-hate
అబద్ధానికి పెద్ద నోరు ఉంటుంది,hate
Pastors అందరికీ ఒక మనవి.దయచేసి ఈ విధమైన debates వెళ్ళి Christianity కీ ఉన్న విలువ తగ్గించవదు.,hate
మీరు ఇలాగే ప్రశాంతంగా రాజకీయాలు చెయ్యండి అన్నా,non-hate
"సార్ నాదెండ్ల మనోహర్ గారు, మీరు ఎప్పటికి ప్రాణం ఉన్నంత వరకు పవన్ కళ్యాణ్ గారితో వుండండి",non-hate
అందరూ ఓట్లు రిజిస్టర్ చేసుకోండి మిత్రులా,non-hate
అవినీతి రహిత పరిపాలన గనక ఇస్తే తప్పకుండా రాష్ట్రం అభివృద్ధి చెందుతుంది.,non-hate
అబ్బాయిలకు షాక్ ఇచ్చేవారు వుంటారు.ఇప్పుడు అమ్మాయి కే షాక్ ఇచ్చాడు,non-hate
ఆమ్మో పాపా చాలా స్పీడ్ మీద ఉంది. కుర్రాళ్లకు పోయేకాలం వచ్చింది,non-hate
e rojullo ela chetta dress lu dancelu vesi paruvu theyyakamdi mam,hate
టీడీపీ కార్యకర్తలు అందరూ మన ఈ ఛానెల్ ను Subscribe చెయ్యండి,non-hate
ఇలాంటివి చేస్తేనే మీకు 2019 లో బొక్క పడింది.,hate
చంద్రబాబు నాయుడు సరిపోతుంది,hate
అంటే జగన్ కు భయపడుతూనే ఉంటారు,hate
ఎలాంటి అన్నీ వీడియోలు చేసిన కాగన్ ఇకా కూడా పికలేరు,hate
ఆల్రెడీ మీ మీద మీకే డౌట్ వచ్చేసింది.,hate
"అయ్య ఇది ఎవరు ఎడిట్ చేశారో వాళ్లకు నా నమస్కారాలు , రేపు జరగబోయే ది. కరెక్ట్ గా చూపించారు",non-hate
బిల్డప్ బాబాయ్ వచ్చాడు,hate
నేను మెగా ఫ్యామిలీ అభిమానినీ ఎందుకో గాని అల్లు అర్జున్ అంటే నచ్చదు.,hate
అన్న నువ్వ చాలా బాగా చేసావు,non-hate
మీ ఇద్దరి కామెన్షన్ సూపర్ అన్నా,non-hate
జీవితాంతం గాలికే వదిలేస్తారు,hate
నీటి యువతను పాడు చేసేవి ఇలాంటివే,hate
ఇదంతా ఎందుకని మా ఇంట్లో ఛానెల్స్ లేకుండా చేసాం.,hate
నేనైతే ముందే ఛానల్ మార్చేస్తా,non-hate
మన దేశంలో దున్న పోతును మేపినట్లు మేపి బెయిల్ మీద బయటకు తీసుకు వస్తారు..,hate
యశోద మూవీ చాలా బాగా ఉంది,non-hate
Hit Kodithe kadhu madam valla tho padukunte offers vasthai vallaku,hate
Exposing dose penchhite offer lu vasaty,hate
#అఖిల్ అయ్యగారే కరెక్టు…,non-hate
"Frank ga cheppalante evari personal life valladi...
Meru chesthundi enti mari
Peruki pedda news channels... Avasaramayina news vadilesi sodhi news lu cheppatle....Apudu mimmalni alage anali ga
Enta sepu cinema valla personals lo, leda social media peru cheppi
Netizenlu troll chesthunaru anatam... Controversy lani pani kattukuni crete cheytam...ila sodhi news ee kani paniki vachevi epudyna cheppara ra?
Scrap media channels....",hate
Nee bonda... pelli ayyaka vidipovatam kante munde vidipovatam manchidi.. nuvvu nee dikkumaalina news.,hate
సిద్దార్థ్ రెడ్డి గారి మాట్లాడే విధానం నాకు చాలా ఇష్టం,non-hate
దాదాపు 3 సంవత్సరాల నుండి ఎదురు చూస్తున్న నేను బైరెడ్డి సిద్దార్థ రెడ్డి అన్న ఇంటర్వ్యూ కోసం,non-hate
మొత్తం చూసా నిజాయతీ గా వున్నాయి ప్రశ్నలు జవాబులు..సూపర్ బై రెడ్డి సిద్దార్థ్ రెడ్డి,non-hate
సిద్దార్థ్ రెడ్డి అన్న లాంటి నాయకులు ఈ సమాజానికి చాలా అవసరం ఉంది,non-hate
సిద్దార్థ్ రెడ్డి అన్న మాట్లాడితే పులి పంజా విసిరింట్టు ...ఉంటుంది .....జై సిద్దార్థ్ రెడ్డి అన్న,non-hate
ఓన్లీ  బై రెడ్డి సిద్ధార్థ రెడ్డి అన్నయ్య కోసం చూసినవాళ్లు like me....,non-hate
బైరెడ్డి సిద్ధార్థ రెడ్డి కి మంచి రాజకీయ భవిష్యత్తు ఉంది,non-hate
నా లైఫ్ లో ఒక నిజాయతీగా సాగిన ఇంటర్వ్యూ చూసా. జై బైరెడ్డి సిద్దార్థరెడ్డి గారు.,non-hate
ఒక చిన్న పాపను పెంచుతున్నారు మీకు మనస్సుకు శతకోటి వందనాలు గణేష్ గారు,non-hate
Hero లని చూసి ..herione ల ని చూసి.  మురాసిపోయే కన్నా..  బండ్ల గణేష్ సర్ interview చుస్తే... ఒక మంచి positive vibration వస్తుంది... కష్టం అనే పదానికి అర్థం నీవు సర్.... అందరూ comdieons ఉన్నారు .కానీ మీరు ..life లో king సర్.... Love u Sir.. Love you forever Sir,non-hate
ఒకరికి జీవితం ఇవ్వడం అన్నిటికన్నా ఎంతో గొప్ప విషయం..... Tq bandla ganesh garu,non-hate
నాగరాజు దూల తీర్చిన గణేష్ గారికి నా హృదయపూర్వక ధన్యవాదాలు,non-hate
ఆంధ్రప్రదేశ్ ఇసుక మాఫియా డాన్ జగ్గు భాయ్.,hate
"ఓరిని నెరేషన్ తగలెయ్య రాజీవ్ గాడ్ని మించిపోయావ్క , సూపర్ జి edava",hate
"ఆంధ్రప్రదేశ్ కొండలు, గుట్టలు కబ్జా మాఫియా డాన్ జగ్గు భాయ్",hate
"మూర్తి గారు మీకు ఉన్నబాధ అందరికీ అర్థమయ్యేతే బాగుండును,",non-hate
ఆణిముత్యం అన్న నువ్వు ఎన్ని సార్లు చుసిన బోర్ కొట్టట్లే అస్సలు,non-hate
నాకు ఇంటర్నెట్ మొబైల్ డేటా లేదు అండి ఇందులోనుంచి డబ్బులు వస్తే ఏపించుకుందాం అని చూస్తున్న... మాములుగా లేదు అనుదీప్ గారి పంచెస్,non-hate
Meru super mee matala chala chala navu vastundi sir,non-hate
Director ga kante camedian ga akkuvaga navvistunnaru super,non-hate
ఈ సినిమా మంచి విజయం సాధించాలని కోరుకుంటున్నాను,non-hate
"నచ్చావురా, నిజాన్ని నిర్భయంగా, బాహాటంగా చెప్పగలిగిన నీ వ్యక్తిత్వానికి",non-hate
ఇది ఆ ఏరియాలో చిరు అండ్ జనసేన ఓట్లకోసం ఈ స్టంట్ erri pu gadu,hate
సర్ goodmng ధర్మవరం నేను ప్రతి ఎపిసోడ్ చూస్తా మీలాంటి వాళ్ళు చాలా అరుదు,non-hate
"India లో పుట్టినందుకు చాలా సంతోషంగా, గర్వాంగా ఉంది. Atleast మనకి ఇక్కడ freedom ఉంది ఆడవాళ్ళకి",non-hate
గర్వాంగా ఉంది అన్వేష్ నువ్ మన భారతియుడు అయినందుకు శభాష్ తొడకొట్టి చెపుతున్న ఇండియా లో పుట్టటం ఎన్నో జన్మల పుణ్యం,non-hate
"ప్రజలు తప్పకుండా మంచి చెడు గ్రహించి, చదువుకున్నవారు ఇట్లాంటి విషయాలు తెలియని వాళ్ళకి తెలియచేసి రాబోయే రోజుల్లో విజ్ఞతతో ఓట్ వేసి ప్రజాస్వామ్యం ని కాపాడాలి అని మనవి…",non-hate
మీరు మీ లాంటి వారు రాష్ట్ర నికి చాలా అవసరం,non-hate
Vaadi face enti ala aypothundi chiraku ga,hate
Janaalu navutunaru Nani asalu siggu eggu lekunda elaa support cheskuntunnav,hate
Ree babu Nani GA neku eaduku Ra avasaram  vajaya Sai  chappali ha visayam nevu eaduku neku avasaram eamiti,hate
Veedu bhutulu vedava,hate
"24 hours, TDP adhi chesindhi.... Janasena idhi chesindhi.... YSRCP EM PEEKINDHI RAAAAA... lafoot... all fraud, all kabja, all fake.. YSRCP life lo malli gelavadhu…",hate
"Yerri paapalam manam , samanya prajalu",hate
Meeru Gopi Goda meeda pilli anna maata edava,hate
Party paranga vaduu. Godameeda pilli laga kuda vaddu ra howla,hate
No1 broker raa nuvvu,hate
Ithea meeru yemi chei leru Ani opukunaru santosam ithea meeru cheappe sollu ennalu vinnandhuku memu sannasulam kaani memu 2024 lo maa vote tho cheigalam,hate
Dasamagram Datha Puthrudu Gali Pavan puka ga Namakaranam cheyyadi,hate
Elagaina vastadu mee dhulaa thirustadu.,hate
Induke mimmalni YCHEEPI chavata sannasulu andi,hate
Mere brathukulu inthey eka. Nasanayam aaipotai,hate
Miru Theda ga kanipisthunnaru,hate
YCHEEPI goondalaki Bhayam start ayyindi edavalu ki,hate
"Cinema shuting ku అవసరం అనుకుంటా.అందులో సీన్ కోసం ఇలా చేసినాడు కారు మీద పనుకోవడం, overaction erri p** gadu",hate
"Maku commen sense undaa banda edava  ,anni ardam avthunai miku ardam avudi election ina tharwatha",hate
E Andhra Thanos and Paytm batch picheakki elanti panulu cheastunarru.... Poea kalamm dagera padindi.,hate
Shooting leka mind dobbindi .court should consider this issue .if students take him as inspiration then what will happen. Is it correct .pls consider it,hate
Hello paytm s meeeku okkadi paguluddi,hate
Konderri puk channel la unde,hate
పోయేకాలం దగ్గరికి వస్తే అలాగే మాట్లాడుతారు మాట్లాడండి,hate
ayya ikkadiki vochi 5rs tiskuni moragandi inka,hate
Pora neeeeeee nekanna pedha vunmadhi vuntara ambati,hate
"ఇలాంటి పిచ్చి పట్టిన వాళ్ళ గురించి మాట్లాడటం ఎందుకు, అంబటి గారు.వదిలేయండి",hate
elangana prabhuthvam Andhuna POINT KALYAN vaadi AMMA ni DHENGINA prabhuthvam kadha ..No doubt,hate
Car top medhega kurchuni vachindhi mee araganta auntymedha kurchuni kaadhu ga me fans tega feel aypothu support chestnaaru manchi aatagaadivey,hate
మార్రి తామారు ఎవర్రి తోకను పాట్టుకున్నారు మాహాసేయా అబట్టి,hate
"Meeru ilaage sakshi munde vuntaaru, okasari bayatiki velthe nee bathuku yento prajalu telustaaaru, velli chudu",hate
Pichi pattinattundi peekey ki. A P arachekam jaragabothundhi ani anipistundhi naku,hate
Vaadi puttuka lopam.........,hate
Ee gali gadu Ugipotunnadu.Cinma shooting anukunnademo.,hate
శనివారం నాడు శని గాడు వచ్చాడు మన రాష్ట్రానికి.,hate
"Konchum Theda kadu chala Theda........... After 2024 elections, 25 paise direct flight to Moscow, Russia to become President of Russia..... Package  changed from Rs 250 cr to Rs 1000 cr.......",hate
Pichi kukka tho pillasainiks jai Paytm pillasainiks,hate
Siguu vundali mokaniki la......a,hate
Siggu undali ra,hate
Nuvvu vastavu em matladathavo nekay theledhu tedha ga,hate
Neevi pichi kekalu,hate
Nuv pani cheira babu mundu eppudu vere malla meda padi edustav,hate
Babu aambotu ramubabu garu maru matladevi enti ainaa meekanna unmadulu evarunnaru netho padhi mandi daka untaru malli chupinchu antaru enti,hate
Sir paapam taagivachadu.....thagubhothodu....vadhileyandi sir......sir ma galli lo oka drinker same to same pk laagane vunttadu...vaadu vaadi cutting.....thu,hate
Pawala Pichi Kukka...Biscuits kosam vachindoiiii,hate
Nuv matladina  waste ra,hate
nikanna kukkaha leru,hate
Apara thagubothu abbati,hate
Sulli ra,hate
Nuve tedaga mataladutunav,hate
Babu o rambabu nuve sa...... Naki pothuv babu,hate
అందరికీ అర్థమయ్యే భాషలో చాలా బాగా మాట్లాడారు సర్....,non-hate
Mee maata tiru chala baguntadi si,non-hate
సూపర్ సార్ మీరు చాలా బాగా మాట్లాడారు సార్,non-hate
మధుసూదన్ అన్న అసెంబ్లీలో అయినా బయట అయినా మీ స్పీచ్ కి మేము ఎప్పటికీ అభిమానులమే,non-hate
సింహం నిద్ర లేచింది ఒక్కొక్కడికి ఒక్కొక్కడికి జోలపాడలేవు,non-hate
Atla vuntadi mala manathoni mamula undadhu,non-hate
సూపర్ మేడం బాగా చెప్పారు,non-hate
రోజా చాలా తప్పు చేసింది.. ఇంకా చేస్తుంది..,non-hate
మేడమ్ మీలాంటి వారు ఈ సొసైటీకి కావాలి.,non-hate
నిజం నిర్భయంగా అడిగారు మేడం థాంక్యూ మేడం మహా న్యూస్ మేడం గారికి ధన్యవాదాలు,non-hate
తట్టా బుట్టా సర్దుకొని రెడీ గుండు జగన్ రెడ్డి టైం అయిపోయింది,hate
ఎవరు ఏమి కుంటా పనిని ఏమిచేయాలేరు మన నాయుకుడు ఁపజలమంచికోరి వాడు అందుకు దేవుడు తోడుంటాడు,non-hate
entha cute couple abbaa..!!,non-hate
Akkka this is just  na birthday akka ninna and this video makes me laugh little harder u guys are best,non-hate
Meeru nijamga made for each other  Asalu mi vlogs vammo navvi navvi na kallalo nunchi water ochesindhi  hope you will do more and more videos,non-hate
Geethu first navu over action vadu ok ah pubic ke over action vadu ok navu Koda same,hate
Peetha … idokA Lavada lo buildup,hate
ఇపుడు కూడ తన తప్పులు ఒప్పుకోవటం లేదు.. pichi munda,hate
Geethakka performance matram apadam ledhu ga.....mental di,hate
Geethu ki correct mogudu Shiva dimma thirigindi geethu ki,hate
Next faima ఈ పొజిషన్ లోకి రావాలి... సపోర్ట్ లేకుండా గేమ్ ఆడట్లేదు... Worst గా behave చేస్తుంది.,hate
Next faima ఈ పొజిషన్ లోకి రావాలి... సపోర్ట్ లేకుండా గేమ్ ఆడట్లేదు... Worst గా behave చేస్తుంది aha erri puku di,hate
గిన్నెలు నేను ఎప్పుడు కడగలేదు అన్నప్పుడు viవీడియో ప్లే చేసినప్పుడు గీతూ మొహం చూడాలి kothi la pettindi moham,hate
Geethu ni frist eleminate cheyyandi mari ante Mari chesthundhi edhi pedha over action toy aeindhi ra babu,hate
Satya over action ekuva aindhi arjun paina. Papam vadi affection kuda content laga thisukundhi,hate
"Ammai Maya la padithy Ela madhyala out aavtham, papam bali aaipoyadu pilla puku gadu",hate
"Mustache kosam wait chesi untadu,inni rojulu ee video cheyadaniki,enthaina ne dedication ki hats off bro",non-hate
తమరు చెప్పింది కరెక్ట్ గా పాటిస్తే ఏ సమస్యలు ఉండవు...అన్నగారు.   బాగా చెప్పారు కేతిరెడ్డి అన్నగారు,non-hate
అబ్బా చాలా హుందాగా చెప్పారు సార్. మిత్రులారా మాట్లాడే విధానంలో  మన  కొడాలి కన్నా  బెస్ట్ కదా…,non-hate
బౌలింగ్ వరస్ట్ ఇండియన్ టీమ్ ది.....,hate
ఫైనల్ ఇంగ్లాండ్  గెలవాలి ఆల్ ది బెస్ట్ ఇంగ్లాండ్ టీమ్ 2022 ఇంగ్లాండ్ విన్నర్,non-hate
Cup పాకిస్థాన్ దే.... అదృష్టం కలిసి వచ్చింది.... All the best పాకిస్థాన్,non-hate
"England match gelichindi virat,sky and hardik hrudayalu gelicharu anthe",non-hate
"Ipl ki best mana palyers , international matches enduku waste",hate
Kanisam okka wicket kooda teeyaledu waste galu,hate
మేడం గారు మీరు మాట్లాడింది 100% కరెక్ట్ మేడం గారు. హాట్స్ ఆఫ్ టూ యు మేడం గారు.,non-hate
విజయ్ దేవరకొండ గురించి చెప్పింది చాలా పర్ఫెక్ట్ గా చెప్పారు మేడమ్.,non-hate
ప్రియా గారు మీరు చేసిన కామెంట్ చాలా బాగున్నది ఇలాంటి వారు తెలుసుకోవాలి ధన్య వాదాలు,non-hate
అమ్మ అమ్మ ఏముంది సినిమాలను కన్న ఇదే బాగుంది,non-hate
మంచు కుటుంబం తెలుగు ప్రజకి దేవుడు ఇచ్చిన గొప్ప వరం.,non-hate
కామెడీ సింగర్స్ ఈ విధంగా వాళ్లకు ఒక గుర్తింపు వచ్చింది,non-hate
"మంచు కుటుంబం తెలుగు ప్రజకి దేవుడు ఇచ్చిన గొప్ప వరం.
తప్పదు, భరించాల్సిందే0",non-hate
Nenu డ్రాయర్ ఎస్త చూడు నేను డ్రాయర్ ఎస్తా చూడు నా డ్రాయర్ siad చూడకుంటే ఇప్పెస్త చూడు,hate
అన్నా నిజంగా చాలా రోజుల తర్వాత మనస్ఫూర్తిగా నవ్వుకున్నాను  tq anna keep doing like this,non-hate
Anna mee Spandhana bagundhi,non-hate
rashmika..ante....asalu chiraku naaku.,hate
చాలా బాగా చేస్తారు మీరు ....అభిమాని అయిపోయాను మీకు,non-hate
Saami... Kadha kannaa venakaala nuvv cheppina vivarana baagundi…,non-hate
ఆయన గొప్పవాడని పొగిడినప్పుడు ఆయన లాగానే మీరు కూడా ఉండాలి కదా,non-hate
RGV effect valla Puri cinemalu anni dobbayi.,hate
vadu donga nuuv yadava,hate
Psycho pastor vadulu,hate
RGV tharuvathe evaraina...RGV is greater than  Rajamouli or anyone else....,non-hate
Vine vallani batti cheppochu RGV ki entha respect istharo vallu,non-hate
Swaami nee attitude ardham chesukune maturity ee world ki Inka raledhu...may be after 20 years we may get that maturity ...really you are amazing…,non-hate
Ne failures ni kuda honest ga accept chesthav andhuke nuv Great.normal human being ki adhi kudharadhu,non-hate
"Meeru nijanga great sir,,, RGV is very great,,,",non-hate
Upendra cinema lo hero character RGV Real Character Same to same,non-hate
Pakka salaar release 28 sep key prashant neel ss Rajamouli RRR key bayapadaley viniki bayapadutada na lowda,hate
"జీవా ఓ విలక్షణమైన నటుడు!!
సీరియస్, ఫ్యూరియస్ పాత్రలే కాక కామెడీని కూడా నూటికి నూరుపాళ్లూ పండించగల అద్భుతనటుడు.",non-hate
ఇలాంటి నటుడు మళ్లీ పుట్టాడు తెలుగు ఇండస్ట్రీకి దొరికిన ఆణిముత్యం మా జీవ సార్,non-hate
తెలుగు పరిశ్రమకు ఉన్న మంచి నటుల్లో జీవా గారు ఒకరు....,non-hate
మీ anckaring సూపర్,non-hate
ఇదొక ఇంటర్వ్యూ నా waste interview,hate
హోం వర్క్ చాలా బాగుంది,non-hate
కూటి కోసం కోటి విద్యలు,non-hate
Sound thaginchi chudala Thu dinamma yemundhira dintlo lanja la undi,hate
దిక్కు మాలిన హెడ్డింగ్ లు వెదవ స్టోరీలు,hate
Koja valla number untyy send me,hate
స్త్రీలను వీధిలోకి లగకంది పవన్ గారు చూస్తే ఆయనకి పార్టీ కి చెడ్డ పేరు వస్తుంది,non-hate
అన్నా నువు ముడ్డి కడుక్కోకు.ఆ నీళ్లు వృథా కావు.పొలాలకి నీటి కరువు వుండదు.,hate
తెలివిగలవాళ్లని అనుకుంటాంగానీ కాదు అదృష్టం ఏమూలో ఏడుస్తుంది ఇట్లాంటి  వాళ్ళకి. జనాలతో తిట్టించుకుంటే కాని నిద్ర పట్టదు,hate
Number cheppakunda recharge super ga chesav,non-hate
Nuvu nijangane pichodivi,hate
తొమ్మిది నిమిషాల వీడియో లో 900% కామెడీ... సూపర్ బ్రో నీవు…,non-hate
అంతరించి పోతున్న ఆరోగ్యావంతమైన హాస్యాన్ని తట్టి లేపిన సాత్విక్....,non-hate
కాదన్నా నవ్వి నవ్వి చచ్చిపోతే ఎవరు రెస్పాన్సిబిలిటీ అన్నా సూపర్ అన్న,non-hate
Prathi scene prathi shot u mind pothundhi Amma baboy Awesome script selection,non-hate
ఈ వీడియో తరువాత నేను నుకు పెద్ద అభిమాని అయ్యాను బ్రో సుపుర్,non-hate
సూపర్ బ్రదర్ కామెడీ కేక్క  1000% కామెడీ వీడియో,non-hate
నువ్వు మా పాలిట దేవుడు అన్న,non-hate
Annaaaa navvii navvvii stomach pain vachindhi,non-hate
Chala bagundhi anna,non-hate
సూపర్ అన్న నీ వీడియోస్ నీ మాటలు అంటే నాకు చాలా ఇష్టం అందుకే నీ ఛానల్ సబ్స్క్రైబ్,non-hate
తెలంగాణ జాతి రత్నాలు... మనోళ్లు,non-hate
"veedu em chestunadu ra ante I want to understand his state of mind"".. kantlo neellochinay navvi navvi devudaa...!!",non-hate
"""కెజియఫ్"" మనిషి ఒంటరివాడైనా ధైర్యంగా పరిస్థితులతో పోరాడి బతకగలిగేంత ధైర్యం ఇచ్చే సినిమా.""కాంతారా"" మనిషి ధైర్యవంతుడు, అందరూ ఉన్నవాడైనా మూఢనమ్మకాల పేరుతో మనిషిలో ఉన్న ధైర్యాన్ని  నాశనం చేసే సినిమా.",non-hate
హలో మేడం ఉపేంద్ర ని తక్కువగా చెయ్యకు .... నీ న్యూస్ చెప్పుకో..ledha davada pagalipotundi,hate
పాన్ ఇండియా రెడీగా ఉండు 2023లో టైగర్ ఎన్టీఆర్ Anna వస్తున్నాడు,non-hate
ఎక్కసాక్క పాపకి మాత్రం రెండు ఒకేసారి పెట్టాలి puku lo మంచి కసి మీద వుంది,hate
ప్రతి సీన్... ప్రతీ షాట్....మతి పోతుంది లోపల awesome,non-hate
లాస్ట్ లో సాంగ్ ఎంత మంది మిస్ అయ్యారు బ్రో,non-hate
"Madya madyalo aha sound vere level..Ee aunty ekkada dorikindi bro vadaletlduga..
Gap ekkuvindi bro",non-hate
Vaanchi Padidhengu broo,hate
బ్రో వచ్చావా ఈరోజు కూడా రాకుంటే పేపర్లో వేపిద్దం అనుకుంటా  వుంటి,non-hate
Enni rojulu ayindi anna ne video chusi,non-hate
దాన్ని పేరు ఏంటి ఐడి ఏంటి చపూ బ్రదర్,non-hate
దానంలో కర్ణుడికి కజిన్ లా... నటనలో కమలహాసన్ ను మించిపోయేలా,non-hate
Return lo bocha nuvvu theeskoni unte super laughter vachedhi bro,non-hate
అన్ని ఇచ్చేయాల్సింది బ్రదర్ ఒంటి మీద ఏమి లేకుండా sigu lenu edava laga,hate
ఇదీ ఒక ప్లాన్ ప్రకారం జరిగినట్టు ఉంది భలే సీన్,non-hate
నవ్వలేక చచ్చాను,non-hate
Mind blow.anna.ekum..baga chesaru.. acting iddaru... super anuko annnaaa,non-hate
Media devolop అయ్యాక ప్రతి అమ్మాయి హీరోయిన్ అని అనుకొని చేసే performance trolls కి బాగా ఉపయగపడుతున్నాయి.. ఇన్ని క్లిప్పింగ్స్ కలెక్ట్ చేసి ఒక similar video చేయడం great.,non-hate
Chaala disappointed mood lo intiki vacha bro mind antha free aipoindhi,non-hate
ఏంది bro ఇది నేను భూతులు తిడితే... Serious అవుతున్నారు.... దీంట్లో బూతులు enjoy చేస్తున్నారు.. lawda gala,hate
అసలు ఇంగ్లీషు సినిమాలు లోనే ఇలాంటి పదాలు ఉంటాయి.,non-hate
Atlunttadhi palanadu thitlantte sarrigga deggutam,hate
Na ears lonundi blood leak ayindhi lanjalu kompa lo dialogue vini,hate
శివ..శివ..ఆ..వినలేకపోతున్నాం..,non-hate
ఈ web series మీద case వేద్దాం...ఎంది ఆ మాటలు..,hate
Dengav ga video,hate
Ninnu dengestanu,hate
Telugu industry na modda kudavandi ra,hate
దండాలయ్యా దండలయ్యా మాతోనే నువ్వు ఉండాలయ్య.,non-hate
ఈ వయసులోనే ఇలా ఉన్నారు అంటే ఆరోజుల్లో ఎన్ని పొలాలు దున్నారో,non-hate
పురుష జాతి ఆణిముత్యం సార్ మీరు,non-hate
మీరు దేవుడు అయ్యా.. ఇంకా మా ఆయుష్షు పోసుకొని 1000 సంవత్సరాలు బతకాలి...,non-hate
Kindha Midha Upu Doctor Samaram Sir Thopu,non-hate
మీరు దేవుడు సార్,non-hate
Meeru ee subject lo god sir. Maaku ee subject lo meeru cheppinantha correct clear solution evaru leru,non-hate
"kani, ekkuva cheste alasata, weakness, body peragaka povadam, teenage lo tarvata kuda face paina gaddalu pimples ravadam nijam...better keep it two-three times a week..get busy and focus on your studies and career guys.",non-hate
మీకు తెలియని విషయాలు అంటూ ఉండవా రాజు గారు! చాలా చాలా చక్కగా వివరించారు. యూ టూబ్లో మీరు చెప్పే వీడియోస్ చూసి పాటించితే చాలు ప్రతి మనిషి హాయిగా ఆనందంగా జీవించ వచ్చు. మీరు ఈ సమాజానికి దేవుడు ఇచ్చిన వరం,non-hate
సార్ మిమల్ని చూస్తుంటే కొండంత దైర్యం వస్తుంది,non-hate
Living legend sir miru,non-hate
విశ్వక్ ఓవర్ యాక్షన్ అనిపిస్తుంది.,hate
",విస్వక్ గాడికి బాగా ఎక్కువైంది.ఇది మంచి పద్ధతి కాదు",hate
మీ లాంటి వాడిని మోసం చేస్తే వాడు ఎప్పటికి పైకి రాడు సార్,non-hate
థాంక్స్ మేడం,non-hate
Varicocel gurinchi explain cheyandi madam,non-hate
Man vericocile vunnavallaki kuda count peruguthunda,non-hate
మీరు చెప్పే ప్రతి విషంలోనూ ఒక విలువైన అర్ధం ఉంటుంది బయ్యా . నేను హిందువుని అయినా ఇంతవరకు పవిత్ర భగవత్ గీత చదవలేదు కానీ మీరు చెప్పే ప్రతి విషయం పవిత్ర భగవత్ గీత ఆధారంగా చెపుతుంటే చదవాలనిపస్తుంది.,non-hate
mammalni eppatnundo motivate chesthune untunnav bro..baguntav..maa andhari aasisulu theesukuni chala baguntav,non-hate
జై శ్రీ కృష్ణ చాలా సంతోషం చాలా మందికి ఉపయోగపడే మాటలు…,non-hate
చాలా బాగా చెప్పారు అన్న.. మొదటి ఉదాహరణ వుంది అది మాత్రం.... మామూలుగా లేదు... సూపర్ అసలు,non-hate
Clear ga explain chestaru chala manchiga artham avuthundi,non-hate
ఏంటి మేడం ఇది మీరు అంటే ఎంత గౌరవం ఇష్టం ఇలాంటి వాళ్ళతో మీరు ఇంటర్వ్యూ తలనొప్పి మేడం వాడు,hate
అమ్మా... కృతిక.. ఈసారి వాడి దగ్గరకి వచ్చే టప్పుడు ఏదైనా మారునాయుధం తో వచ్చి చావ దెంగు.. కేసు నా మీద వేసుకుంటా.. భరించలేక పోతున్నాము..,hate
వాడి ముఖం అద్దంలో చూసుకో మను ప్రకాష్ రాజు గారి తో మాట్లాడాడు,hate
మానసిక రోగి అనే పేరు వస్తే లిస్ట్ లో ఫస్ట్ నీ పేరే ఉంటది ధోర,hate
Mundhu veeni interview chesthunna channel vallani thannali,hate
Mentel gadini tesuku vachi kurcho pettukunnaru enti anker garu,hate
Krittika Garu Vadine Chepu tho Kothandi Live Lo....,hate
"Intha pichi ekkada chudaledu,",hate
Yeediki prathi kshnam third degree pettali yee sollu poyenthavaraku,hate
Vacharuu thikdhi thikkoduu,hate
Veedemma veedi lssge waste dhi,hate
Picchodini interview endhuku chesthunnaru may be TRP kosama,hate
ఒరేయ్.......నీకు చేతబడి చెప్పించిన ని అబ్బదలకు ఆ చేతబడి కూడా నిన్ను ఏం చేయలేదురా,hate
శివ గారు మీకున్న ఓపికకి నిజంగా హ్యాట్సాఫ్…,hate
నీ ఇంటర్వ్యూ అన్నిటిలో నాకు నచ్చిన ఇంటర్వ్యూ ఇది ఒక్కటే అన్న,non-hate
ఒక సామాన్య వక్తి ఇలాంటి స్థాయికి రావడం చాలా గర్వకరణంగాగాఉంది .అది ఈరోజు చూడడం  చాలా హ్యాపీగా ఉంది .,non-hate
Very funny.... Tirupathi language Yaasa dimpaadu...  he has very good natural making sense of humour... Hope to see him soon in Jabardast,non-hate
6 అడుగుల లోతు 2 అడుగుల వెడల్పు ఎవరికైనా శాశ్వతం,non-hate
"Shiva gari smile ki fidaa..mee anchoring super sir..nenu macha cheppe Answers kante meru iche smile ne chusthu undipoyanu..your voice,  your style of anchoring awaysome",non-hate
Macha ki boothulu vachu kani ladies mundu vaddu anta,non-hate
Macha songs em paadadu abaa,non-hate
శివగారు మీ anchoring చాలా చాలా బాగుంది..simply superb...u have a bright future…,non-hate
Macha anna lo oka singer unnadu.....bayataku rappinchandi bayya......macha anna oka famous singer avuthaaru,non-hate
siva anna meeru great chala opikatho interview chesaru haatsaup Anna meeru great Anchor,non-hate
Cinemalo comedy kante edi picha comedy  navvi navvi kadupu noppi vachindi really supper video supper interview  elantivi Inka cheyandiiiiii all the best,non-hate
"అన్న, కల్వకుంట్ల ఫామిలీ మొత్తం జైల్ పోతారు అని 15 నెలల నుండి వింటున్నాము..దయచేసి జైల్ పంపండి, లేకపోతే జైల్ అనే మాట ఎత్తకండి రెడ్డి గారు",hate
దమ్ము ఉన్న రాజు  మా రాజన్న,non-hate
సన్యాసం తీసుకో తమ్ముడు,hate
రాధాకృష్ణ గారు ఆకెళ్ళ రాఘవేంద్ర గారి నీ ఇంటర్వ్యూ చేయండి. మేము ఎంతగానో  ఎదురు చూస్తున్నాము.,non-hate
ఓడిపోయిన కూడా రాజగోపాల్ రెడ్డి కోమటిరెడ్డి ఒక వారియర్,non-hate
దమ్మున్న లీడర్ మా రాజన్న,non-hate
లెజెండ్ రాజగోపాల్ రెడ్డి కల్ముషం లేని వ్యక్తి చాలా సింపుల్ మనిషి,non-hate
ఆదర్శమైన పొలిటికల్ లీడర్ అయితే రాజకీయ సన్యాసం తీసుకుంటనని చెప్పారు. ఏమైంది,non-hate
pedavallaku apadha vasthe ventene velli sahayam chese goppa leaders komatireddy brother's  dammunna leader rajanna ma balam ma dhairyam ma pranam komatireddy brothers,non-hate
గెటప్ సీను acting యెంత మందికి nacchindi అద్భుతం super,non-hate
సూపర్ సూపర్ సూపర్ సూపర్ ఎక్స్ట్రా డ్డరి అదిరిపోయింది శ్రీను అన్న హైలెట్ నువ్వు,non-hate
నచ్చేసావ్ శ్రీను అన్న... Love u bro జై మెగాస్టార్,non-hate
శ్రీను గారి గెటప్ & డైలాగ్ సూపర్ అండి... ఆటో రామ్ ప్రసాద్ ఆటో పంచేస్,non-hate
ఈ కంటెంట్ లో చిరంజీవి గారి వాయిస్ చేసుంటే ఇంకా బాగుండేది.. స్కిట్ మాత్రం సూపర్,non-hate
Manava rupamlo vunna Devudu mana megastar,non-hate
శ్రీను నీ యాక్టింగ్ అదిరి పోయింది,non-hate
గెటప్ శీను వావ్ సూపర్ మాన్ మెగాస్టార్ బాడీ లాంగ్వేజ్ యాస్ ఇట్ ఇస్ దించేసావు సూపర్,non-hate
Enti Puri nuvvu entha knowledge gain chestavu.,non-hate
Saami... Kadha kannaa venakaala nuvv cheppina vivarana baagundi..,non-hate
Life lo okasri ina kalavli darling ninnu,non-hate
Jungle Naa kodaka .. aa maatallo entha ardham undhandi,hate
Shiva anna NUVVU entha try chesina ... She didn't loose her confidence and attitude .,non-hate
గీత గారు ఈ ఒక్క ఇంటర్వ్యూ తో మీకు diehard ఫ్యాన్ అయిపోయ,non-hate
Nenu e stage raavadaniki Karanam ....e stage vesinollaa,non-hate
Dhini chusathey chalu nadhi solla legisipothundhi,hate
NUV MIA KHALIFA NA SARAYU pedda figure needhi,hate
Sarayu ni mingalra,hate
"కండలు,ఒంపుసొంపులు beauty and strength వున్నంతసేపు,మనం ఎన్నైన మాట్లాడాతాం, అవి ఒడలిపోయిన fade out తెలుసుకున్న తరువాత అప్పుడేమీ మిగలదు సరయూ",hate
"బిగ్ బాస్ షో నుండి మరీ ఎర్లీగా వెళ్ళటం కొంచెం నిరుత్సాహం కలిగించింది.
ఎలిమినేషన్ కి స్మోకింగ్ ముఖ్య కారణం అనిపించింది.",non-hate
"Deendi length,breadth,depth,boops baaguntundi,sundlu superb.",hate
"Pelli meeda naku chala dreams, respect vundedhi itlanti interviews chusinappudalla pelli chesukokunda vundadame manchidi anipistundhi",non-hate
పాత్రల కథనం స్పష్టంగా వివరించబడింది.. కాబట్టి నేను ps1 సినిమా చూస్తాను,non-hate
సినిమా చూసిన దానికన్నా మీరు చెప్పింది బాగా అర్ధం అయ్యింది మేడం,non-hate
"చాలా చక్కగా ,తికమక లేకుండా నవల మీద, సినిమా మీద ఆసక్తి పెరిగేలా వివరించారు.ధన్యవాదాలు.",non-hate
ఇప్పుడూ ఉన్నా యువతా అందరూ చదువుకున్నా వారు అధికార పార్టీ లను తిట్టటం కన్నా మనం అధికారం లోకి వస్తే ఎం చేస్తాం ఎలా చెస్తామ్ చెబితె యువతా ఆలొచిస్తారు,hate
Very Nice.. BJP ni tarimi dengandhi telangan nundi,hate
sky kohili valle india semis ki vachindhi,non-hate
కృష్ణ గారు బ్రతకాలి.మా చిన్నప్పటి నుండి చూస్తున్నాం.ఎన్నో సినిమాలు ....,non-hate
​navuthunava potti noodles  chalu ra e janmaki,non-hate
గుడ్మార్ణింగ్ to హ్యాపీ సండే,non-hate
"Jai shah
నాశనం చేస్తున్నాడు",hate
మోడి తల వంచుతాము అని మోడి ముందు తల వంచి విన్నపం చేస్తున్నాడు జగన్,non-hate
ఈ అరాచకాలు ఆపగలిగే దృక్పథం ఉన్న నాయకుడు. కేవలం పవన్ కళ్యాణ్ గారు మాత్రమే.,non-hate
కావాలి జగన్ రావాలి జగన్ అని ఓ ఏసారుగా ఓట్లు... దింపుతున్నాడ ప్రతి రోజూ బాగా?,non-hate
"అన్నీ ప్రభుత్వ వ్యతిరేక వార్తలే.. సామాన్యుడి కి ఈ వార్తలు చూస్తే,
ఆత్మ హత్యే శరణ్యం అనిపిస్తుంది",non-hate
"అన్నీ ప్రభుత్వ వ్యతిరేక వార్తలే.. సామాన్యుడి కి ఈ వార్తలు చూస్తే,
ఆత్మ హత్యే శరణ్యం అనిపిస్తుంది",non-hate
దోపిడీకోసమే అన్నా జీవించేది. దోపిడే జీవిత లక్ష్యం,non-hate
Pillala niyamtrana bharatku yento avasaram.mail or fimail yevarayinasare adhar aadharamga okka bidda matrame vundali.,non-hate
0 pellillu chesukoni padimandini kanakoodadu.janabha yimka perigite yimti stalalu chalavu,non-hate
aharapadardhalu chalavu.prakruti kooda sahakarimchutaledu.yidi sentral gavarnament chetilopani,non-hate
Pavan okkasariavakasamevvandi evvandiannadueste enkomoodupellilluchesukontad,non-hate
babar azam gadu gobar gudda langa ha lanja meedha rape case vumdhi,hate
pakistani fans meru erri pukulu ayyaru naku adhi challu,hate
Neevalla eekamukka kuda avvadu Pavan Babu velli shootings chesuko...vellu,non-hate
sri chaitanya jl peddha jaffa galu modda galaku emi radhu malla buildup,hate
"Maa jaganu attu kudda pikalarru miru motamu kalise vachinnaaalion is jaganu
Piges grop is babu pawanu lokesh",non-hate
desanni janabha bharinumdi raximchamdi mahaprebho.yidimodigarike sadhyapadutumdi.,non-hate
yudi naavinnapamu matrame bhavishyatlo biddalu badhalu padakoodadane vudyesamuto navinnapamu.tappayite xaminchamani vinnapam,non-hate
Janabha.peregutunaru.vupadhe.udhyogalu.karuve.vundhe.,non-hate
RAJAKEYALU.HAMELU.NERAVERAKUNTE.VEPAKCHALU.AKADA.PRAJALU.NELADHESHTHAR,non-hate
జగనన్న పేద ప్రజలకి కంచములు అన్ని రకాలు వంటకాలు వడ్డించి తినండి అని పళ్లెంలో పెట్టి పేద ప్రజలు అందిస్తుంటే అది పదివేల కు నచ్చట్లేదు అని ఎక్కడ మరిచిపోతారు అని చెప్పి పనికిమాలిన మాటలు చెప్పి జనములోకి వస్తున్నారు వీళ్ళకి జగన్ అన్నకి జగమంత కుటుంబం అని వీళ్ళకి కనిపించట్లేదు వీళ్లకు తోడు చిన్న పిల్లలు మైండ్ మెచ్యూర్ అవ్వని పిల్లలు ఈ పార్టీలో తిరిగి ఆ భవి ష్యత్తుని భవిష్యత్తు పాడు,non-hate
ప్రతిపక్షాలు సామాన్యుడిని ఎదగనివ్వరు పేద ప్రజలకి ఇల్లులు కడుతుంటే ఇప్పుడు వాళ్లు వచ్చి ఎలా కడుతున్నారు చూస్తారట ంగా ఉంది అతని నుంచి పేద ప్రజలకి ఇళ్ల పట్టాలు పంపిణీ చేయడానికి వీలు లేదంటూ ఆయన స్టేజెస్ కూర్చున్నాడు అంటే ఇతను కంపు చేయడానికి ప్రయత్నించేస్తున్నాడు జగనన్న లబ్ధిదారులు ఇటువంటివి జరిగినప్పుడు బయటకు వచ్చి మీ తాలూకా మనసులో ఉండే మాటను వాళ్లకి తెలియపరచండి,non-hate
jagan anna ni gothu ela vuntahi ante notlo pasipoyi modda stuck ayitadhu vuntadhi,hate
పావలా గాడు కావాలని రావడం తర్వాత గొడవలు సుస్టించడం వెల్లిపోవడం,non-hate
పవన్ కుపరువుపొటమే నితికిఎతిరెకంగపొరడుతునడు అయనకుమచిదికదు  జగన్ నిలంటొడుకదు జగన్ దేవుడులంటివడు,non-hate
ekanth sindhe gadu lanjala koppa leader,hate
bjp ki siggu saram lanja paruvu emi ledhu,hate
దత్తపుత్రుడికి ఇంకా సిగ్గు రాలేదు,non-hate
shami vadu vadi erri puku fielding,hate
vadini asla remove cheshi dengali cm nundhi,hate
ఇదే చైతన్యం అంటే. తిరగబడం అంటే ఇదే. అమ్మపెట్టదు అడుక్కుతిననివ్వడు అంటే ఇదే.,non-hate
ఎందుకు ఈ కలికాలంలో ఇలా తయారయ్యారు ఈ పార్టీలో వాళ్లు మంచి జరుగుతుంటే చూడలేకపోతున్నారా ఏంట్రా ఇది ఒరేయ్ పవన్ నువ్వు సర్వనాశనం నిన్ను ప్రోత్సహిస్తున్న చంద్రబాబు నాయుడు అనే వాడు ఆల్రెడీ బుల్లి తో చేస్తున్నాడు రోజుకు రోజు,non-hate
జనాలు తెలివైన వాళ్ళు కాబట్టే ఇలా తిరగబడ్డారు.,non-hate
మేము ప్రజలకి ఫలానాది చేస్తామని చెప్పుకొని ప్రజల్లోకి రావాలి ఏ బొక్క లేదు వచ్చి ఏం పీకుతారు,non-hate
చాలా చక్కగా బుద్ధి చెప్పారు అక్కలు,non-hate
కనీసం మీడియా ముందుకు వచ్చి ఒక ప్రెస్ మీట్ కూడా పెట్టలేని వాడు ఈ పావలా.,non-hate
jagan ki alane gudda lo rod dimpali public,hate
Clarity lakunda vastha Ela na vuntundhi..,non-hate
modi ki muslim galu eppudo pelechi dengutaru,hate
దత్తపుత్రుడికి ఇంకా సిగ్గు రాలేదు,non-hate
eknath kicheppu  tho dengali,hate
దే చైతన్యం అంటే. తిరగబడం అంటే ఇదే. అమ్మపెట్టదు అడుక్కుతిననివ్వడు అంటే ఇదే.,non-hate
ఎందుకు ఈ కలికాలంలో ఇలా తయారయ్యారు ఈ పార్టీలో వాళ్లు మంచి జరుగుతుంటే చూడలేకపోతున్నారా ఏంట్రా ఇది ఒరేయ్ పవన్ నువ్వు సర్వనాశనం నిన్ను ప్రోత్సహిస్తున్న చంద్రబాబు నాయుడు అనే వాడు ఆల్రెడీ బుల్లి తో చేస్తున్నాడు రోజుకు రోజు,hate
జనాలు తెలివైన వాళ్ళు కాబట్టే ఇలా తిరగబడ్డారు.,non-hate
మేము ప్రజలకి ఫలానాది చేస్తామని చెప్పుకొని ప్రజల్లోకి రావాలి ఏ బొక్క లేదు వచ్చి ఏం పీకుతారు,non-hate
కనీసం మీడియా ముందుకు వచ్చి ఒక ప్రెస్ మీట్ కూడా పెట్టలేని వాడు ఈ పావలా..,non-hate
"Sicogallu  tho jagrthha,,,",hate
Murkulani evaru emi cheyaleru...,non-hate
Aadhoka party vadoka nayakuda villoka karyakarthalu.,non-hate
Eippudu nuvvu yenta chesina janallaki vellina niku minus,hate
sanka naaku ra ..papi ga chn dhi,hate
ఇదే చైతన్యం అంటే. తిరగబడం అంటే ఇదే. అమ్మపెట్టదు అడుక్కుతిననివ్వడు అంటే ఇదే.,non-hate
జనాలు తెలివైన వాళ్ళు కాబట్టే ఇలా తిరగబడ్డారు.,non-hate
అప్పుడు సైకో గాళ్లకు సమ్మగా ఉంది,hate
మేము ప్రజలకి ఫలానాది చేస్తామని చెప్పుకొని ప్రజల్లోకి రావాలి ఏ బొక్క లేదు వచ్చి ఏం పీకుతారు,non-hate
ka paul ki pichi pettindhi modda vadu enti leadder,hate
"Ekkada stop chesado akkade kottesthadu ,virat Bhai ki telusu othidi Ela thattukovalo",non-hate
73 సెంచరీ అవుతుంది,non-hate
ఒకటి మాత్రం నిజం కోహ్లీ ల శ్రద్ధ అంకిత భావం నిరంతర శ్రమ ...ఒత్తిడిని జయించడం ఇవన్నీ నేటి యువతకి ఆదర్శం .... యువ ఆటగాళ్లు కి కోహ్లీ ఒక రోల్ మోడల్,non-hate
King Ane vadu okkade untadu Vadu ekkadunna kingee,non-hate
King ekkada unna king ki eppudu nenu fan,non-hate
కింగ్ ఇస్ బ్యాక్,non-hate
"చాలా బాగా చెప్పారు,భగవద్గీత గురించి చెబుతూ చాలా బాగా ఎక్స్ప్లెయిన్ చేశారు.",non-hate
ఉన్న తమైన జీవితానికి భగవాన్ శ్రీ కృష్ణుడు చూపిన మార్గమును చాలా చక్కగా వివరించినారు. మీకు ధన్యవాదములు.,non-hate
కృష్ణం వందే జగద్గురుమ్,non-hate
చాలా మంచి వీడియో అన్న,non-hate
సౌండ్ రాకుండా కొట్టుకోండి,hate
సంస్థలు అమ్మినవ,hate
రేయ్ నీకు నేర్పించి వాన్ని దెంగల ఫస్ట్ గుద్దా మూసుకొని స్కూల్ వెళ్ళి చదువుకో ఎర్రి పుష్పం గానీ పనులు చేయద్దు,hate
యాంకర్ ఏంటి బయ్యా ఎక్సపోసింగ్,hate
మొన్న చుస్తే కర్రీ పిల్ల లా ఉంది ఇప్పుడు తొడలకి మేకప్ వేసింది అనుకుంట,hate
మహానుభావుడివి సార్ నువ్వు. మేడం గారు మికో నమస్కారం. ఇద్దరు సరిపోయారు. నిజాన్ని నిర్భయంగా,hate
మల్లారెడ్డి అంటే ఫేమస్ అందుకే ఇప్పుడు నువ్వు దాచుకున్న అక్రమ ఆస్తులను ఐటి అధికారులు నుండి ఎలా తప్పించుకుంటారు,hate
"బొంగులే,, గవర్నమెంట్ వెనకాల ఉంటే వంద చెప్పొచ్చు.",hate
"పెటేస్తున్నారు, పెట్టాడు, పెటేశాడు",hate
పుట్టడమే వెస్ట్ అనుకుంటే మళ్ళీ ఇవన్నీ ఏంటి,hate
పాలమ్మిన.. పూలమినా.. ఇంకా నయం పూ *** అమ్మిన అన్లే,hate
పాప హోమ్ లో నీళ్ల ట్యాంక్ లో నీళ్లు లేవనుకుంటా,hate
నేనూ రెండు ట్రై చేసాను సమ్మగా ఉంది,hate
నేను రోజూ అనసూయను ఉహించు కుంటు కొడుతున్న,hate
నీలాంటోళ్లు పాలమ్మిన వాళ్లు చాలామంది ఉన్నారు వాళ్ళకి ఎందుకు రావడం లేదు అదృష్టం .... అన్ని దొంగ పనులు చేసినవ్,hate
నీకు ఎంత నోడు దూల ఉంది కాబట్టే నీ ఇంటి మీద దాడి చేశారు,hate
నీకు అసలు ఉంటే కదా రా సిగ్గు నీతో కూడా చేస్తాడేమో ఇప్పుడు chi,hate
నిజంగానే ఈ పాప తొడ చాలా చాలా బాగుంది,hate
నా వెంట్రుక పీకలేవని ఈ సభ ముఖంగా చెబుతున్నాను.,hate
తెలుగు బాయ్ ఫ్రెండ్ కావాలీ,hate
తాత నీకు 60 పాప కీ 25యెందీరా మాకు ఈ దరిద్రమ్...?️️️,hate
జగన్ & కో కులం మతం ప్రాంతాల మధ్య చిచ్చు పెట్టి చలిమంట కాచుకొనే దండుపాళ్యం బాచ్,hate
కామానికి కళ్ళు లేవు ....,hate
కష్టపడే వాల్లని కష్టపెట్టిండు,hate
ఏదో పెట్టేదని లేక అడిగింది,hate
ఏక్కడకి పోయండి ఈ మహిళా కమిషన్,hate
ఏ హీరో అయినా పాటలో dance చెయ్యొచ్చు kani NTR నటిస్తాడు కాదు..... జీవిస్తాడు అని రుజువు అయింది,hate
ఎవర్తిరా ఇది. దిష్టి బొమ్మకి గుద్దలేసినట్టుండాది.....,hate
ఈ అనిల్ గాడు జగన్ కోసం వాళ్ళ ఫ్యామిలీ కోసమే జనాలకి మాత్రం అన్యాయం జరిగితే పట్టించుకోరు అన్నమాట,hate
ఇది రెడ్ లైట్ ఏరియాలోది అనుకుంటా,hate
ఇది frankness నీ బొంద.... అనాగరికం.... సభ్యత సంస్కారం లేని ఒక సైకో వీడు.... గుహల్లో జీవించాల్సిన వాడు.,hate
ఇటువంటి తీర్పులు ఇలాంటి వాళ్లే చెప్పగలరు నమ్మిన TV యజమానులుకు ధన్యవాదాలు,hate
ఇంత కరువులో ఉన్నరేంటిరా.,hate
ఆడు చూసి చూసి రోజా పక్కన కూర్చుంటాడేమే అనుకున్నా.,hate
అదానీ అంబానీలను అడిగే దమ్ముందిరా మీకు లఫూట్,hate
అడిగే వెదవల్లార అనీల్ అంబానీ తండ్రి బీచ్చిలో వడపావ్ అమ్ముకున్నడు అది తెలుసామీకు,hate
అందరూ కష్టపడతారు.. వాళ్లు తినడానికి ఉండడానికి సరిపోతుంది.. కష్టం పేరు చెప్పు నీలాగా దుర్మార్గాలు చేసే వాళ్లే పైకి వస్తారు,hate
Venuka nundi baga pettinchukuntundi,hate
veli metro station lo padeyandi,hate
Veediki inka pani em ledu anukunta bokkalo choreography,hate
Vadu dhenikey fill avadu rooo vadu em cheputhadoo adinikey nuvvu fill avalku,hate
Teeskelli railway station loo padeyandi,hate
Super... Metro lo job ochesinatte,hate
Sollu puka antha solluu....,hate
Sadhuvu rakapothey kanisam mimic cheskuni edho oka railway station lo work cheyyochu,hate
Romance kuda cheyyandi siggu lekunda,hate
"RGV తో కలిసి wine,vodka,rum ఇంకా చాలానే చేస్తుంది bro",hate
Reyy evvarra meeru antha,hate
Rey ..... addamina vallani judges chesi .....papam shekar master value teesunnaru,hate
Ramu inner peeling : night ki gunta tho dengulata ki set ipoyindi,hate
Ramakrishna garu thappa migilina chillara aedhavalni pettaru judje lu ga,hate
Ra nenu pedutha ekkada kavalante akkada,hate
Ra Ne aka chaputho dangu..tha lan.a na kodaka,hate
Pora pilla puka,hate
Po ra Rey po raa edhava sodhi ekkuvaipothundhi insta loo,hate
Pakkana una athanu car driver anukunta anduke face chupincha ledu dini malli lover Ani cutting gu,hate
NXT Stop Ameerpet. తలుపులు ఎడమ వైపున తెరుచుకుంటాయి,hate
nuv chance isthe vadu ni mokam midane kottesthade,hate
Nu rgv tho denginchukoo,hate
Ne expressions gudda ni dengaa ne patalu gudda ni denga,hate
Naku cheyadam chaala istam ...avarikaina,hate
Naa daggara ki raa chirigipoye dhaka chestha,hate
Mundu metro edavaligaa ap ki inko 20 years inaa raadu,hate
Long drive ledu modda ledu normuskoni intlo saavu,hate
Lanjakodukulu speed ga 150-200cc bikes nadipe valaki extra insurance kattali.,hate
Lanjakodukullara mellaga chusukoni pondi ra. Lanjakodukullara,hate
Lakshalu lakshalu fees lu dengina,hate
Kutha chimpi paara dengutha ani Artem Kcpd ante,hate
Kcpd men's kutha chnpi paddengutha,hate
itlantivi cheppi hostels lo undevallani Inka cheda dobbandi,hate
Ippudu ekkadiki poindi ra Telugu bhasha mida unna mi abhimanam,hate
Ammai ni pattukoni kavalissindhi konuko ani anta vurukuntunda,hate
Inka aapuuuuuu,hate
Idhi language class aa Leda mimicry artist class aa,hate
Good mama tisukeli railway station lo padeyandi,hate
Entha show dengutunnaro telsa nvu vadu chustunna chala over iendi KG skin ledhu body lo endukey neku thonda mokam dhana,hate
entandi pusukunna antha pedha Mata anesav,hate
"English nerpistunatu ledu , English ni mimicry cheyadam nerpistunatu undhi",hate
E vedio chusi nenu chesukovaalsi vastundi inkaa chaalu,hate
Diniki antha bulid up enduku,hate
Bro vere yavaru doraka ledha ee pandi mokamdi dorikindha,hate
bodudu super,hate
Backside వెనకమాల backside scope scope కరో సంక నాకు ఎస్తున్నడులే ఎనకనుంచి,hate
"atleast akkadaina vudyogam vacchindi,chaala mandiki adi sampadinche scene ledu le bro",hate
Ashu కాళ్ళు నాకినావ్.ఈ అమ్మాయ్ నీ ఎక్కడ నాకీనావ్ స్వామి.తొడల మీదే దృష్టి ఎక్కువ ఉంది,hate
Arey evadi ucha tagutav ra eppudu chethila oka modda pattukunoi untav,hate
ap lo road la ki aa dikku ledh malla metro endhi mawa,hate
ap lo jagan anna debbaki metro ledhu le bro,hate
Antha fake ey solu galu baga ekuva ayaru,hate
Ante ithanu ne ex annamata,hate
Ammayila paruvu theesindhi,hate
Adi sigrate taguthundhi observe chesara,hate
adi hukka ra bookaahhh Reddy,hate
Adhi flatform kaadhu platform,hate
Adara Dengings Inka aa roju nyt,hate
Aaku puuku theliyandhi kuda judge aipoindhi,hate
Aaa cheera etthi guddalo pettara be nee mogga ni,hate
Aa teskelli railway station counter lo padeyandi,hate
Aaku puuku theliyandhi kuda judge aipoindhi,hate
Kutha chimpi para dengavu ani ardam,hate
Dhinni evadu ra judge chesindi..asalu..manchi matale Ravu dhiniki,hate
కుత్త చించి పరా దెంగావు,hate
"KuthA chinchi pari dengutham,",hate
Kutha chilchhii Pagaal dhangaav aani ardam,hate
Arupulu ekkuva jadgement thakkuva,hate
Kuthaa chinchi padi dengav raa,hate
Lanja laga show lo vunnadhi ani commen scence kuda ledhu,hate
Eema em peekindhi ra judge la pettaru,hate
శ్రీముఖి బర్రె గొంతు chala irritated ga undi,hate
Keka pettinchi denginav,hate
Dhanikki kutha gilla mammulaga lehdu ra show na adhi,hate
Villu villa mohaniki judge Chillara Vedavalu,hate
Chillar Dani avadra judge chesindi Bosidike,hate
West mokalu motham judge laa,hate
Kutha simpi para debgav,hate
Dance raani dhanni dance judge ga pettaru,hate
Kutta chinchi para dengutaam,hate
Kutha chimpi. Pardengutha ninnu varshini,hate
Nethooo annisarlu chesavu ani aduguuuu,hate
Nee matalu thappa em chesedhi lefhu,hate
Arey drama rao apura Ne sollu,hate
ఛీ దీనమ్మ ఎందుకు రా వీడు,hate
Arey ni bondha ra chetha na kodaka,hate
పడుతున్న సన్నాసులకి మీకు ఇంత ఏజ్ వచ్చింది కదా మీ అమ్మ కూడా అంటే కదా,hate
Mee mother kuda inkokariki aunty a raa chetta dikkumalina Pata,hate
Correct.... Army green ani buildup ichi... Amoled green vesukunnaru...,hate
"Evadu vachina game aadedhi cash kosamey ,erripappalu iyyedhi manamey",hate
Evaru erripapalu avutaru 2024 lo choodam lee,hate
Kallu kakulu ethukoni poayayi...JaganBros,hate
Yarri puvvu aeeyadu ga nani… nani anna yaeee,hate
Sontha Peru meda registration chey leka piyadu,hate
Re charge ayepothe Ela ra Google open avrhundu,hate
Arey ho sullaiga net ldhu kdha etla open ithdhi rah pukaa,hate
Net I pothe google lo ela search chestav ra bevakoof,hate
Recharge aipothey data ela vastadhi ra erri puka,hate
Arey badcaw recharge iypothe data ala osthundhr rah,hate
Orey search cheyalante balance undali kad ara,hate
Rey verri pushpam recharge khaali ayyaka browser yela work avuthundira,hate
Net balance lekunda google ala cheyali ra lukka,hate
Ne bathukula sulli net nenu dengina vadu esthada recharge aipothe,hate
Veelu chesadi gymnastics malla vale dhani dance anukuntaru,hate
Arey sully chikku ra andharridhi interest life untadhi pichi lanja,hate
నా పేరు గుండురావు చదవలేదు చదువురాదు చదివిన రాలేదు,hate
Bidda evaroo erripuka la unnadu,hate
Frist vaani bayattaku dhegemanu,hate
Veedu veeni peekudu matalu vinni intarvu moddagallu,hate
గుద్దా మూసుకొని కాలేజ్ కి వెళ్ళు రా ఎందుకు పనికి రాకుండా పోతవ ఏర్రి పుకూ అయేతవు.,hate
Chaduvukuntunna pillalni cheda dengey la unnadu vedu bsdk,hate
Prathi lucha gaadu na istam ani cheppi opinion cheppatame.,hate
Nuvvo moddaganivi andhuke aapesnav,hate
Valaki kadhu mundhu alantolani interview chestuna villaki pagalali,hate
Evadra erri puukodu vaadu.. Duplicate gild eskuni show dhenguthunnadu,hate
Arey pilla bacha nayala niku chaduvu abbaledhu ani chepu direct ga sodhi enduku dengutav,hate
Are kojja yeshalu api dad mom ni chudukondiraa,hate
Endhuku ante vallu chetha lanchodukulu bro,hate
Are lanjoduka eko saru video theyaki raa lajodka,hate
చెత్త వీడియో .....ఇవాళ రేపు కన్న తండ్రిని మరీ అంత దారుణంగా ఎవరూ చూడరు,hate
ఫస్ట్ నీతులు చెప్పావు కదా డబ్బు వద్దని ఇప్పుడు ఎందుకు తీసుకోమంటున్నావ్..,hate
Em Tesukovali na Bokkala padda innerwear tappa. time Bokkalo show,hate
Ila suitcaselu petti mosam cheyatam kanna afrer results vachaka prize money la petti untey best ga endhuko ee mosalu,hate
Marea srihan pakkana moddagudvala,hate
Siggu undali andhariki chepadanki thisko Ani,hate
Yendhuku navuthunav ra yadhava sachinoda,hate
కుదురుగా కూర్చో అన్నయ్య ఎందుకు దూల పనులు నీ వల్ల ఎలాగో ఏ ఉపయోగం లేదు ఆంధ్రాకి,hate
veeni cm ananaloo leka pothey vp analoo artham kavadam ledhu,hate
ఏకిలి సన్నసిలగా నవ్వు ఎందుకు,hate
చెప్పినవి చెప్పినట్టు జరిగితే అడగడానికి అపాయింట్మెంట్ కూడా దొరకదు వినేవాడు ఉంటే ఏదైనా చెప్తారు,hate
Em paata ra edhi nee mokam lage vundh,hate
Vast gada eda pora ne voice vanta mantal vastanda,hate
Asala eamyna rhyming unda,hate
Nuvvu nee Lanja voice pukulo dance chii...,hate
Chillar chillar mokalani teskochi famous chestunaru,hate
Over acting ఎక్కువైంది తగ్గించుకుంటే మంచిది,hate
Edo bajaru lanja edi di ni action,hate
Venakala bord enti meeru vese boku vesalu enti thuu q,hate
ఎందుకు రికార్డింగ్ డాన్స్ వాళ్ళకి విలువ లేదు అంటే... ఇలాంటి మాటలు... వెకిలి చేష్టలు వల్లే...,hate
Idi RTC Conducter ha leka Inka bustand lo emaina chesinda,hate
Ne mokam susthe leshe modda kuda muska pothundhi.,hate
Thengu kaani athi thengaaku love dalo dancer,hate
Denni enduku asal famous chesaru enta chillar di,hate
Orey idi RTC conductor na Recording dancer na,hate
Baga over chesthunnav elane chesthe thondharaga pothav,hate
Dani matala vintene ardhamavuthundhi idhi road side lights vesedani,hate
నువ్వు వెస్ట్ దానివి దొమ్మరి దాన ఇది ఏంటిదే,hate
Asalu మీకు సిఘు undaa ఒకసారి కామెంట్స్ చూసుకోండి,hate
పోయే కాలం దగ్గర పడింది దేనికి,hate
Gee bajaru chillara dhaniki baga hype icharu kadha ra thu,hate
Dheeni chusinappude artham ayindhi idhi tractor la meedha dance vesedanila undhi,hate
Na modda la expressions,hate
బోకర్ దానిలా మాటలు మాట్లాడకు,hate
Puku Badhalaipodhi Lanja dhana,hate
Edi lanja kabate ela janalanu chedakodutundi,hate
ఎదో కామెంట్స్ పెట్టొద్దు అన్న ఎదవ ముండ ఇప్పుడెలాగా పోయేటి వాడుతున్నావ్,hate
"ఇది లంజలా రాజ్యం..,. కలియుగం లో లంజేలే నీతులు చెబుతారు",hate
Galeez mokalani famous chesaru kadara ....,hate
Ela lan..i veshalu vesedanni tesukochi TV Lo Pettaru,hate
Deeniki k... Kovvu Baga perigindi,hate
Nuv dancer va chiii sigguledhu Neku,hate
Dhini gudha pandhulu kukkalu gulliyya,hate
Ha bokkaley ...... Chivaridaka vuntey appudu cheppu,hate
Arey vaadu paata padtunnada leka padyam oppacheptunada,hate
vadi puku chinthapandu cheyali,hate
Ma campus ee bro lanjoduku,hate
Gudha paguldegale,hate
Ellati guruvu kanni boka lo aiyali,hate
Nene aythe Ada narukutha vadu guruva,hate
guddha pagaladhenali lonjakodikini,hate
Online loo phone book chesthe ipoedhi gaa,non-hate
Nduk bro holidays manam thiskuntam ka elago,non-hate
𝐦𝐚𝐧𝐚𝐦 𝐜𝐨𝐫𝐫𝐞𝐜𝐭𝐠𝐚 𝐯𝐞𝐥𝐭𝐡𝐮𝐧𝐧𝐚 𝐩𝐚𝐤𝐤𝐚𝐧𝐚 𝐯𝐚𝐜𝐡𝐞𝐯𝐚𝐫𝐢 𝐯𝐚𝐥𝐥𝐚 𝐯𝐚𝐜𝐡𝐞 𝐩𝐫𝐛𝐥𝐦𝐬 𝐢𝐯𝐚𝐧𝐧𝐢,non-hate
సోదరులు ఎంత గొడవ ఉన్న ఎవడన్నా తమ్ముడిని ఏమన్నా అంటే రక్తం ఊరుకోదు. అలాగే భారతీయులు కూడా ఉండాలని గొప్పగా చూపించిన రాజమౌళి గారికి ధన్యవాదాలు,non-hate
సూపర్ రా చిన్న,non-hate
సూపర్ గా పాడారు...మీతో ఈ పాట ఐటమ్ సాంగ్ చేస్తే అదిరిపోను,non-hate
"సార్ మీ తండ్రి కొడుకుల పాత్రలు చాలా సూపర్ గా ఉంటాయి సార్, నాకు కూడా ఇద్దరు కొడుకులు వాళ్లతో ఎప్పుడు ఇలాగే కామెడీగానే ఉంటాను",non-hate
సంక్రాంతికి రాబోతున్న చిరంజీవి గారి సినిమా మరియు బాలకృష్ణ గారి సినిమా మంచి విజయం సాధించాలని కోరుకుంటూ,non-hate
శ్రీదేవి డ్రామా కంపెనీ షో వల్ల ఎంతో మంది టాలెంట్ ఉన్నవారు బయటకు వస్తున్నారు.,non-hate
"శేకర్ మాస్టర్, యశ్ మాస్టర్, రమ్యకృష్ణ మామ్ వరకు ok మిగతా చిల్లర బ్యాచ్ జెడ్జెస్ ఏందిరా నయన..",non-hate
వేగంగా వచ్చినవాడిది తప్పు,non-hate
"వామ్మో వాయ్యో,,,,గురువు గారు manchi కాకా పడుతున్నాడు",non-hate
వయస్సు ఎంత ఉన్నది అని ముఖ్యం కాదు ఎనర్జీ ఎంత ఉన్నది అని ముఖ్యం తగ్గలే జై మెగాస్టార్,non-hate
రియల్ హీరో రియల్ లీడర్ మల్ల రెడ్డి గారు,non-hate
రాము ... ఆమెకు అన్ని రకాలుగా నచ్చినవాడు దొరికితే ఓకే అన్నాక అంతకంటే బెటర్ వాడు దొరికితే అంటున్నావు కనుక ఆమెకు ఎంత బెటర్ మెంట్ అనే దానిమీద క్లారటీ లేకపోవాలి లేదా డిగ్రీ ఆఫ్ బెటర్మెంట్ లో క్లారిటీ వచ్చిఉండాలి,non-hate
రాకుడాని టైం లో వచ్చాను ఎక్స్పర్షన్ సూపర్,non-hate
రమణ గారు సూపర్ గా పాడేరు మళ్లి మళ్లి వినాలి అనిపిస్తుంది మీకు అ దేవుడు ఇంక మంచి స్తాయిలో వుంచాలి అని కోరుకుంటాను,non-hate
రమణ గారు మీ వాయిస్ సూపర్ పేస్ ఎక్స్ప్రెషన్ సూపర్ ప్రపోజ్ సూపర్ అల్ వేస్ యూర్స్ పర్ఫెక్ట్,non-hate
రమణ గారు మీ పర్ఫామెన్స్ చాలా బాగుంది,non-hate
మ్యూజిక్ సూపర్,non-hate
మ్యూజిక్ చాలా చాలా బాగుంది..,non-hate
మొదట ఈ సంస్కృతి మొదలైంది మీ దగ్గర నుండే కదా నానీ గారూ!,non-hate
మూతికి ఉన్న మాస్క్ తీసి పెట్టు బ్రో పోస్ట్...లేకుంటే భయపడుతున్నవ్ అనుకుంటారు.,non-hate
మాలా విసర్జన చేస్తున్నారని ఏడుస్తుంది కధా పాప అయ్యప్ప అంటే ఒక వెసనం ఒక సారి మాల వేసుకుంటే ఇక ఆగలేము తీసేటప్పుడు నేను ఏడుస్తాను,non-hate
మాములుగా లేదు ట్విస్ట్ సూపర్ అహ కెవ్వు కేక,non-hate
మా పరిస్థితి కూడా అలానే ఉంది స్వామి,non-hate
మా నాన్నగారి సైట్ నాకు వచ్చింది అందుకని నాకు ఏమి కనిపించదు అన్నయ్య,non-hate
మళ్ళీ మళ్ళీ రిపీట్ చేస్తూ చూస్తున్న వాళ్లు ఎంతమంది ఉన్నారు...️,non-hate
మంచి మనసున్న మన కళ్యాణ్ రామ్ గారికి దక్కిన గొప్ప విజయం ఈ సినిమా,non-hate
భారతదేశం గర్వించదగ్గ నటుడు ఎన్టీఆర్ అన్న కొమరం భీమ్,non-hate
భాను అక్క రమణ అన్న సూపర్ సూపర్ సాంగ్స్ పాడుతున్నారు కదా అక్క,non-hate
బింబిసర కళ్యాణ్ రామ్ గారి క్యారియర్ లో భారీ విజయం సాధించడం చాలా ఆనందంగా ఉంది.,non-hate
బాలయ్య బాబు అభిమానిని ఈ సినిమా పెద్ద ఇటు కొట్టాలని మనస్పూర్తిగా కోరుకుంటున్నాను జై బాలయ్య జై చిరంజీవ,non-hate
"బయ్య,,,Camera man కొంచెం సైడ్ nundi జూమ్ చెయ్ ఒకసారి ,,,,,camere man ki oka ఓ వేసుకొండి",non-hate
ప్రేమకు గ్యారంటీ లెదు కాద టీచర్,non-hate
ప్రసాద్ అన్న... నీ పంచి టైమింగ్ సూపర్ అన్న....,non-hate
ప్రషు వాళ్ళ డాడీకి ఒక లైక్ కొట్టండి,non-hate
ప్రభాష్ అన్నయ్య అంటే ఎంత మందికి ఇష్టం మళ్ళీ మళ్ళీ ఈ షో చూడాలి అని ఎంత మంది కి అనిపిస్తున్నది ఐ లవ్ యు డార్లింగ్ ప్రభాష్ అన్నయ్య ️️️,non-hate
"పాలు, పెరుగు, పువ్వులు కెసిఆర్ ఫామ్ హౌస్ లో అమ్మినవ్ అది అందరికి తెలిసిన విషయమే",non-hate
పాప చేతికి కత్తి ఇచ్చే సీన్ ఎన్నిసార్లు చూసినా కళ్ళలో నీళ్లు తిరుగుతున్నాయి... Great thought by director,non-hate
పరమానందయ శిష్యులు,non-hate
నేను చేస్తాను రా నీకు డిన్నర్,non-hate
"నేను చూసిన వేలాది ఫన్నీ వీడియోలల్లనే టాప్ 1 లేడీ ఆక్షన్ వీడియో ఇది .,,,అమ్మాయి ఆక్షన్ సూపర్",non-hate
నువ్వు చెప్పేది కూడా మాకేం అర్థం కాలే ఫాస్ట్,non-hate
నువ్వు చాలా చాలా బాగున్నావు. పర్ఫెక్ట్ గా ఉన్నావ్.. మీరు నాకు నచ్చారు,non-hate
నీవు దేవుడు సామి,non-hate
నీ అందానికి అంతా మాట అవుసరం మా బ్యూటిఫుల్ లేడీ,non-hate
నీ అంత అందమైన అమ్మాయి బిల్డింగ్ నుండి....దూకితే నాలాంటి వాళ్ళు ఏమవ్వాలి చెప్పండి..... మీ అందానికి పడిపోయా,non-hate
నిన్ను ఎవరన్నా ఆపేది నిన్ను ఆపే మగాడు పుట్టలేదు ఇంకా. మీరు ఓడినా గెలిచినా నా ఓటు మీకే. జై జనసేన,non-hate
నిద్ర పోయాడని train కి ఎలా తెలుస్తోంది,non-hate
నాకు పెళ్లయిన తర్వాత నుంచి నేను ఏమీ కనిపెట్టలేక పోతున్నాను అన్నయ్య,non-hate
నటసింహం నందమూరి బాలయ్య కు తిరుగులేదు. Blockbuster pakka. జై బాలయ్య జైజై బాలయ్య,non-hate
తాతకు తగ్గ మనవడు సినిమాకు న్యాయం చేశాడు న్యాయం చేశాడు,non-hate
"తన స్వయం కృషి తో కష్టపడి, తన నటనతో ప్రేక్షకుల హృదయాల్లో చెరగని ముద్ర వేసుకున్న మన మెగాస్టార్ చిరంజీవి",non-hate
డిజిల్ బదులు మందు కొడితే సరిపోతుంది,non-hate
డాన్స్ లో ఆయన్ని మించలంటే మరో చిరంజీవి రావాల్సిందే .,non-hate
చాలా సాంప్రదాయ బద్ధంగా ఉన్నారు మీదే నిజమైన అందం,non-hate
"చాలా అద్భుతంగా మ్యూజిక్ డాన్స్ స్టెప్ రిసల్ట్ సూపర్,,",non-hate
చాలా అద్భుతంగా పాడారు బ్రదర్ మీరు పాడుతుంటే ఎంత అద్భుతంగా ఉందో మాటల్లో చెప్పలేనంతగా ఉంది,non-hate
కొట్టించుకుంటే తప్ప ఊరుకునే లా లేవే,non-hate
కీరవాణి గారు ఈ పాటకు ప్రాణం పోసారు అధ్బుతం,non-hate
కావాలని తాగిస్తున్నావు కదా రోజా,non-hate
"కళ్యాణ్ రామ్ గారి జీవితంలో మర్చిపోలేని అద్భుతమైన సినిమా ఈ """"బింబిసార""""",non-hate
"ఏమయింది మన బాలయ్యకి.... చీల్చి చెండాడుతున్నడు..అది పాట అయినా,ఫైట్ అయినా...జై బాలయ్య...",non-hate
ఏంటి ఇంట్లో అందరూ బ్రహ్మోత్సవం సినిమాకు వెళ్ళారా,non-hate
ఎవరు పడారో కానీ బాగా పాడారు great hatsapp sir,non-hate
ఎన్టీఆర్ ని చూస్తుంటే తన నటన కోసమే వెండితెర పుట్టిందేమో అనిపిస్తుంది,non-hate
ఎంత మంది కళ్ళల్లో నీళ్ళు తిరిగాయి,non-hate
ఈ సినిమా మంచి విజయం సాధించాలి అని ఎంతమంది కోరుకుంటున్నారు.,non-hate
ఈ సాంగ్ కి సినిమా హాల్ లో చేసిన రచ్చ మాములు కాదు,non-hate
ఈ సాంగ్ 10 సంవత్సరాల తరువాత చూసినా కూడా అదే ఫీల్ ఉంటుంది... Heart touching song,non-hate
ఈ షో కేవలం ఇప్పటివరకు బాలయ్యకోసం చూసాము కానీ మొదటిసారిగా ప్రభాస్ కోసం ఎంత మంది ఎదురు చూస్తున్నారు️.............,non-hate
ఈ ప్రోమో చూసినంత సేపు నా మొహంలో చిరునవ్వు ఆగలేదు.,non-hate
ఈ ప్రోమో కోసం ఎంతమంది ఎదురుచూస్తున్నారు,non-hate
ఈ పాటని నేను విన్నంతగా ఎవరు వినలేదు ఏమో అనే అంతగా విన్నాను ️,non-hate
ఈ పాట చూశాక. ఈ సినిమా రిలీజ్ ఎప్పుడైద్దా అని ఎదురుచూసే ఆసక్తి పెరిగింది.,non-hate
ఈ పాట ఎంత మంది కి నచ్చింది,non-hate
ఈ పాట అంటే ఎంతమందికి ఇష్టం,non-hate
ఈ పాట అంటే ఎంత మందికి ఇష్టం.. Dj tillu అట్లా ఉంటుంది మనోడితో,non-hate
ఈ ఇంటార్వు పేరుతో కెమీరా మెన్ పండుగ చెస్కుంటున్నాడు అన్ని అంగిల్స్ లోను,non-hate
ఇలాంటి జీవిత సత్యాలని అత్త లు చూసి కొడలని స్వేచ్చగా బతకనిస్తే బాగుండు మేము కూడా హ్యాపీ బతుకుతం కదా,non-hate
ఇదోక గొప్ప విషయమా.. బొక్క లో సోది,non-hate
ఇంటర్వ్యూ మొత్తం మోకం మీద చిరునవ్వుతో చూసినవారు ఎంతమంది,non-hate
ఇ లవ్ యు అను అక్క,non-hate
ఆహా ఏవీ ఆరోజులు ఈకామేడీ చూసీ ఎన్నాళ్ళు అయినదో,non-hate
ఆలోచన బాగుంది అమలు చేయండి ....త్వరలో మిమ్మల్ని న్యూస్ లో చూడటం కోసం... ఎదురు చూస్తాను థాంక్యూ,non-hate
అసలు హారన్ కొట్టకపోతే ట్రైన్ ఇప్పట్లో రాదని అర్థం,non-hate
అరేయ్ చాయ్ అమ్మిన మోధి భారత దేశంన్ని అధనికి అంబానీకి ఎలా అమ్ముతున్నడో అలానే ఎదిగాడు,non-hate
అబ్బా..... ఈ tiktok కోసం ఎప్పటినుంచో వెతుకుతున్నా,non-hate
అన్నా మన లాభం ఆడుకుందన్న జై జనసేన జైహింద్,non-hate
అన్నయ్య కి ఒక్క ఛాన్స్ ఇద్దాం,non-hate
అన్న నమస్కారం సూపర్ పెట్టిండ్రు,non-hate
అన్న ఆ తాతకి మంచి నటుడు మన జూనియర్ ఎన్టీఆర్ లోనే కనిపించినాడు మన జేజినానికి తగ్గ మనవడివి నువ్వేనా,non-hate
అడగాలే కానీ ఏదైనా ఇచ్చే అన్నయ్య అవుతా.... లైన్ ఎంతమందికి ఇష్టం,non-hate
అంతా ఒకే బ్రో ఇంతకీ ఇవన్నీ ఎవరు కూర్చొని లెక్కిస్తారు ఎవరు వింటారు.మనం వినక పోతే ట్రైన్ వెళ్ళదా,non-hate
Wowh acting vere level boss adaragottaru bhalega undi,non-hate
West Godavari lo adii jarigindhi,non-hate
Venakala unnonni adugu cheptadu,non-hate
Vadu ninnu KL University lo chusi undadu andhuke ala annadu,non-hate
Vaddu Bangaram nuvvu happy ga vundali,non-hate
Vaadu feel avvadu... Vaadi answer ki nuv avthav,non-hate
turning thisukuna vadihi,non-hate
Thanu hug theesukone style lo kuda friendlyness undi thappa lust ledhu ...,non-hate
Supper akka chaala cute ga vunnaru.,non-hate
Super concept inka music chala bagundhi short film kuda chala bagundhi,non-hate
Super bro Antha ina mana Ongole valu super bro,non-hate
Super bro ne channel 1stime chustunna super video e content meda akkuva videos chey bro channel no1 avutundi,non-hate
Srikakulam busstand lo ee ammai ki posting iyyandi amma,non-hate
sorry bro maku antha adrustam ledu,non-hate
Sir me jantta chala bagunttadhi sir eppudu meru Elage happy ga unddali sir nenu meku chala pedha fn nnni,non-hate
RGV IS న భూతో న భవిష్యత్ గురూజీ for men,non-hate
Rakkamma ఉపెస్తోంది సాంగ్ అదుర్స్,non-hate
Ra nenu pedatanu neku ... .,non-hate
Pulsar bike Ramana em ayyipothaduu sisuu mari,non-hate
Paristhithulu maree intha pagabattesayenti,non-hate
Papam bhayya babi ki potta abbam ga vundhi,non-hate
Ongole pace college (2020) batch madhi,non-hate
oka Vela aa horn vinipinchakapothe,non-hate
Oka station nunchi inko station varaku nonstop horn  kodithe ...appudu m ani Artam cheskovali,non-hate
Oka sari aa abbai yavaru chapadi madam Garu,non-hate
Oh thammudu mastu cheppinav,non-hate
"Nve adiginanduku vadu feel avvadu ,vadu icchina answering nvu feel avuthavv",non-hate
Nuvvu pedathav ani anukuna darling,non-hate
Nu Track medha untey enni sarlu horn kottidhi ???,non-hate
nenu prathi sari anthe 60 days deeksha ayyina mala theeyali anipinchadu enduko,non-hate
Modda gudu aithyy,hate
Anthey dhonga mundalu alane chestharu.... Only money chustharu,hate
Ardham padham Lenivi endhuku thistharu chi mi Brathuku chada,hate
Vadu bochu kuda Ledu pk laga…miru mi lawdalo overaction,hate
vedu avvadu ra child artist aaaaa antha over action minguthunnadu,hate
Edo nijam ga vachunattu enduku over action bengutaru,hate
Monal Enduku niku antha over action ha,hate
Ee over action ke... Sankaa naakadu.. Kada. Ayinaa buddi raa ledu,hate
Nijame lanjalara ammavadipuku degichukoniki thisukunara,hate
Vadi modda guudu,hate
Adi aunty na leka gay na,hate
Chance esti champidengala vunnadu aunty ne,hate
Nee goddha bahundhi nannu estava,hate
𝙋𝙪𝙠𝙪 𝙙𝙖𝙣𝙜𝙞𝙩𝙝𝙝𝙖,hate
మోడ్డ నోట్లో పెట్టి దెంగాలే,hate
Povee pukuu mundaa,hate
Pakkaki dengey annadu,hate
Sorry nuvu daniki panikirav,hate
ఇలా ఎడిటింగ్ లు చేసుకుని బ్రతకటమే కనీసం జగన్ ది ఇక ముక్క కూడా పీకలేరు,hate
Donga naa kodukulu madhyalo students naligipotunnaru,hate
సంకనాకిస్తుంది... ఇది కూడా నిజమే,hate
bokkkaaa la vundi...yedooo anukoni youtube lo velli mari chussaaa,hate
Arey ni bondha ra chetha na kodaka,hate
ఛీ దీనమ్మ ఎందుకు రా వీడు,hate
Ycp Gunda na kodakalara randra chuskundham,hate
Dhini show antara kojja maatalu thapa,hate
ముందు వాలంటీర్ అంటే అర్థం తెలుసుకోరా,hate
Ne చదువు కు అదే ఎక్కువ,hate
వారి పప్పు వాలంటీర్ అంటే ఏంటో తెలుసుకోరా,hate
Niku yevadu ra cheyyamannadu,hate
నువ్వు చెయ్యకుర puka,hate
ఈ మధ్య వీడి ఓవర్ యాక్టింగ్ ఎక్కువైంది బాగా,hate
Bhaanu ki antha scene leadhu ooh navesthundhii,hate
Adhi kothilane untadhi enka action lu,hate
Over action apandi raa Babu,hate
ఏంది రా మాకు ఈ సోది నీ ఎపిసోడ్,hate
bhanu full overaction Nike antha set kadhuu leee,hate
ఒరేయ్ ఇది కామెడీ షో నా లేదా లంజల కొంప నా,hate
ఇంక రాబోయే రోజుల్లో ఎన్నిసార్లు దెంగించుకున్నారు అని అడుగుతారేమో,hate
కామెడీ తక్కువ బూతులు ఎక్కువ,hate
డబుల్ మీనింగ్ లేకుండా దమ్ముంటే కామెడీ చేసి చూపించండి రా,hate
ఇదంతా మల్లెమల పుణ్యం మల్లెమల మొత్తం బోకు మాల అయిపోయేది,hate
Bokkalo show emanna ante family show anta,hate
Adhi ni chellini pakkana pettukoni chusthavara e show family show ga chillra lanjodkalara,hate
నువ్వు విప్పి దూకు వాడు వచ్చాక చూపియ్,hate
ఆలా అడిగింది.. ఛి దానికి కొంచెం అయినా సిగ్గు... బోకు దాన,hate
Naa moddala show chesthunnaru,hate
Erripuku matalu baga matladathavu ra adhi nuvvu,hate
బాగా బలిసి కొట్టుకుంటున్నారు,hate
Areyy sigu undhi ah ra miku thuu worest fellows,hate
ముందు ముందు స్పష్టం గా బూతులు మాట్లాడేస్తారు ఏమో,hate
Ee Rashmi ki roju rojuki dhebbalu gattigaane gudhuthunnaru,hate
Are meru marara dappukottu kovam,hate
Arey evaru ra meru antha thu m manashulu ra meru edhi comedy show na inka em ayna show na,hate
Lanja la kompa Yemo edi na lavda la joka edi,hate
గుద్ధ దెంగిచుకోవడానిక,hate
ఒరేయ్ ఏంటిరా ఏదీ మాకు ఛీ ఛీ...బేవర్స్ ..,hate
Aslu em show lu ra mei west gaa me vala socity Agam patisunaru chatha gaa,hate
లంజాకొడుకులు లంజముండల జోకులా ఇవి నా కొడకల్లారా,hate
Adhi Show na lanjala kompana,hate
Over action apandra,hate
Meeru mi over action apandra babu,hate
Papam erry flower ayipoindu,hate
Karuvulo vunadu,hate
Ammai ni pattukoni kavalissindhi konuko ani anta vurukuntunda,hate
Pichi lanjodkulak phone vadadam raadu.,hate
Valla dhagara bochu vunttundi,hate
Gudha loo kotaka malli interview okatii,hate
పుట్టక ముందు కూడా కమంతోనే ఉన్నాడు,hate
Antha energy guddhalo nundi vastundi,hate
కళ్ళల్లో నుంచి కామం కారిపోతుంది,hate
Daily kottukunte Energy vachidhi,hate
లైక్ చెయ్యాకపోతే నాశనము అవ్వాలని కోకుంటావా ఏం మనిషి వీ ఛీ,hate
పెట్టింది పది వేలు.. లాగేది 10కోట్లు,hate
దాని పుకు గుద్ద రెండు నాకు లంజాకొడకా,hate
అందుకే 400 అమ్మాయిలతో sex చేశాడు,hate
"rey miku em pani paata vundadha mundhu polavaram project,roads,jobs notification, gurinchi alochinchandi ra",hate
మరి నువ్వు కాంగ్రెస్ నుండి వచ్చి ycp అని పెట్టుకున్నావుగా,hate
వీడికి చెప్పు చూపించిన సిగ్గు రాలేదు,hate
​నీ మొఖం.పనికిమాలిన న్యూస్,hate
janalaku asha chupi calls marananiki karànam,hate
motthaniki tdp vari sabhalu yamapuriki dwaralu,hate
Vallu bagane vunnaru Meru nashanam,hate
Padavi kosam penta ina tintadu,hate
ఇప్పుడు ప్రభుత్వం ఉగ్రవాదులు చెతులొ,hate
తెలుగు మీడియా జగన్ కు అమ్ముడు పోయింది,hate
"Kapu udhyaamam lo train tho modalapettav, naasanam chesesav ra",hate
అసలు నేరస్తులు ఈ పోలీసు లే.....,hate
ఎం పోయే కాలం రా ఈ రాజకీయ పార్టీలు యనకల తిరిగి పోయారు,hate
వేస్ట్ ఛానల్,hate
Tdp Ki idem karma ra,hate
పవన్ కల్యాణ్ మీటింగ్ జరగకుండా ఎదగ కుండ ఉండుటకు రెండు పార్టీలు టీడీపీ అండ్ వైసిపి అడుతున్న నాటకాలు.,hate
Sadist gadu ruling,hate
రౌడీ టిడిపి,hate
టీడిపి రౌడీల దౌర్జన్యం,hate
ఫ్యాక్షన్ చరిత్ర ఉన్నవాడిని ఎన్నుకొంటే ఇలాగే ఉంటుంది.,hate
appude amindi mundundi musallapanda chudu ra,hate
దీనెమ్మ రోడ్డు మీద రేకు డబ్బా గీకితే వచ్చే వాయిస్,hate
Enduku raa eapudu godavalu padtharu meru tha show chesina...naa loudaaaa,hate
Ary west lanjakodukularaa.....,hate
"రోజా భాష వల్గర్ భాష,",hate
Oreyy babu inni rojulu prasantham ga unnam nu malli vachava chii neee edhava,hate
సచ్చిపోరా రమణ గా,hate
Love cheste chey  ra andharaki chapala nu,hate
kamam thagginchuko ra,hate
podhune bevars gaallekkuvayyaru.,hate
Ni over action chalu ra babu,hate
Over action Varsha camera visual kosam,hate
నువ్వు ఒక్క రోజు జబర్దస్త్ లో బాలయ్య బాబుతో ఫోన్లో మాట్లాడలేదా వే,hate
ఆయన Unstoppable షో కి వెళ్తేనే ప్యాంట్లు తడిపేసుకుంటున్నరు,hate
గుధ్ధ బలిసి కొట్టుకుంటున్నవే,hate
Meku pedha badha ayipoyindi kadhe,hate
పవన్ కళ్యాణ్ అసెంబ్లీలోకి నువ్వు మాత్రం next జబర్దస్త్ లోకే,hate
దీనెమ్మ దీన్ని ఎవడికన్నా చూపింనుంచండ్ర,hate
దీనెమ్మ దీన్ని ఎవడికన్నా చూపింనుంచండ్ర,hate
దీనమ్మ దీని కి ఇంకా ఏం పనిలేదా..,hate
నువ్వు అపు అమ్మ తు  అంటావు,hate
"అయోమయంలో రోజా బ్రతుకు, ఈసారి ఇంటికే ఇక",hate
"Maatalu jagratha rooja .alaga janam ,kodukulu antunnavv mari antha gb voddu",hate
దీనమ్మ రోజ ని ఎవడికైనా చూపించండి రా,hate
sollaapu saroja,hate
నిన్ను పిలుస్తలేరని బాధన రోజా గారు.,hate
Ap ప్రజలు పెంట తింటున్నారు కాబట్టి ఇలాంటి నాయకులని భరిస్తున్నారు.,hate
వెయడానికి వెళ్ళాడు గట్టిగా ఏస్తాడు,hate
పక్కోడి మీద ఉండే ఇంట్రెస్ట్ లో సగం మనం చేయాల్సిన పని మీద ఉంటే చాలా బాగుంటుంది,hate
దీన్ని ఏమైనా అంటే ఏడిచిద్ది,hate
Ap ప్రజలు పెంట తింటున్నారు కాబట్టి ఇలాంటి నాయకులని భరిస్తున్నారు,hate
danidi  nora laka cheta buta,hate
ఆది రాజకియం ఇది వ్యక్తిగతం,hate
అన్నం కొంచెం తింటాడు........కానీ ప్రజల రక్తం ఏకువ తాగుతాడు,hate
Food తక్కువ తింటారు. అందుకే ప్రజల డబ్బు వేలకోట్లు తినేశారు.,hate
ప్రజల సొమ్ము మొత్తం ఇలానే తింటున్నారు మిరు,hate
కడుపు నిండా తిండి కూడా తినా లేని జీవితానికి ఇన్ని కుట్రలు కుతంత్రా లు అవసరమా మనిషి మనిషిలా బ్రతకడం గొప్ప,hate
"జగన్ చాలా తక్కువ తింటాడు, డబ్బులు మాత్రం చాలా ఎక్కువ తింటాడు",hate
జగన్ శరీరంలో అణువు అణువు రొజక్కకు బాగా తెలిసినట్లుందే,hate
2024 లో జగన్ జైలుకు పోవడం ఖాయం,hate
Roja gaaru వారం పది రోజుల కు జగన్ వి క్లీన్ చేసే పని మీదే అనుకుంటా,hate
"రోజా ఆంటీ కి బాగా తెలుసు జలగ మొన రెడ్డి కి వెంట్రుకలు ఎక్కడ, ఎక్కడ ఉన్నాయో",hate
మరి CBI వాళ్ళు 16 నెలలు పీకింది.,hate
అక్క నువ్వు సూపర్ రోజా కి 90రాడు దిగింది,hate
తాడేపల్లి పిల్లి. ఇంత పిరికి పందలు రాయలసీమలో ఎట్టా పుట్టార్రా.,hate
అబ్బా అబ్బా రోజా కి దిమ్మ తిరిగి కౌంటర్ ఇచ్చారు,hate
నీ ప్రభుత్వం చేత నువ్వు చేత రోజా అక్కా,hate
నిన్ను కూడా ఎవరు నమ్మరు . మీ నాయకుడు గురించి కూడ నమ్మకం లేదు,hate
రోజా కి బాగా సరిపోయినట్టుంది,hate
నువ్వు బాగా బలిసి కొట్టుకుంటున్నవు రోజా,hate
రోజక్క నీకు ఉందిలే ముందు కాలం బ్యాండ్ బాజా,hate
రోజా గారికి దూల తీరింది,hate
Roja chala goranga ayipothundh,hate
రోజ నువ్వూ ఆ ఇకలు పికడనికి తప్పా దేనికి పనికిరావు,hate
Telugu rastrala nayakulu matlade matalaku pichilestundi,hate
రోజాకు మంచి కౌంటర్ ఇచ్చావ్ అక్క ఏమి ఇచ్చావ్ అక్క,hate
Roja lanj...donga mund.,hate
ఇంకా క్లాస్ ఇవ్వు... అక్కా...,hate
ఎక్కడ వెంట్రుకలు ఉంటే అక్కడ పిక్కో,hate
"నీ expression చూస్తుంటే ఏదో మర్డర్, రేప్ జరిగినట్టు.",hate
ఆ ఎక్స్ప్రెషన్స్ చూడు తన ఆస్తి కొట్టేసినట్టు జీవితం ముగిసినట్టు ఈ దరిద్రం రా బాబు,hate
నువ్వు నీ ఓవర్ యాక్షన్ .... మూవీస్ లో ఛాన్స్ కోసం చూస్తున్నట్టున్నావ్ .,hate
ఇక నేను నువ్వు ఇంటర్వ్యూ చేసినా చూడను,hate
ఒక సారి నీ మీద ఎన్ని కామెంట్లు  రాస్తున్నారో చూసుకో,hate
తప్పు చేసిన తరువాత వచ్చి ఖమ్ గా నే కూర్చుంటారు,hate
చెప్పుతో కొట్టినట్టు సమాధానం ఇచ్చవుగా,hate
నిజాయితీపరుడంట....same బాస్ క్వాలిటీస్ చాలా ఉన్నాయంట.,hate
ఓహో ఈ నిజాయితీపరుడైన రవి ప్రకాష్ లో పవన్ లక్షణాలు ఉన్నాయా,hate
వీడీ పేరు రాంగోపాల్ వర్మ! వీడి చేతిలో పడ్డ అమ్మాయిలు అవుతారు ఆలు కుర్మా,hate
నువ్వు మాత్రం డబ్బులేస్తే ముష్టి వాడి పక్కన అయినా పడుకుంటావు,hate
వచ్చిందండి... మా తుగ్లక్ గాడి మిడ్ నైట్ దెవత,hate
