id,original_text,label,original_script,original,romanized,telugu_script,mixed_script,mild_noise,severe_noise
0,స్త్రీలను వీధిలోకి లగకంది పవన్ గారు చూస్తే ఆయనకి పార్టీ కి చెడ్డ పేరు వస్తుంది,non-hate,Telugu,స్త్రీలను వీధిలోకి లగకంది పవన్ గారు చూస్తే ఆయనకి పార్టీ కి చెడ్డ పేరు వస్తుంది,sataraeelanau vaeedhailaookai lagakamdai pavana gaaarau chaoosataae aayanakai paaarataee kai chaedada paaerau vasataumdai,స్త్రీలను వీధిలోకి లగకంది పవన్ గారు చూస్తే ఆయనకి పార్టీ కి చెడ్డ పేరు వస్తుంది,sataraeelanau వీధిలోకి lagakamdai పవన్ gaaarau చూస్తే aayanakai పార్టీ kai చెడ్డ paaerau వస్తుంది,స్త్రరీలను వీధిలలోకి లగకంంది పవన్ గారు చూస్్తే ఆయననకి పార్్టీ కి చెడడ్డ పేరు వస్తుుంది,స్తరీరలను వీధలోలకి లగందంి పవనన్ గారరు చూ్త్ే ఆయనకి పా్ట్ీ కి చెడ్డ పేరరు వస్ుంుది
1,Gudha paguldegale,hate,Latin/Romanized,Gudha paguldegale,Gudha paguldegale,Gudha paguldegale,Gudha paguldegale,Guddha pagulddegale,Gudha pagudedgale
2,Nijanga ilanti extraordinary persons untaru,non-hate,Latin/Romanized,Nijanga ilanti extraordinary persons untaru,Nijanga ilanti extraordinary persons untaru,Nijanga ilanti extraordinary persons untaru,Nijanga ilanti extraordinary persons untaru,Nijaanga ilannti extraorrdinary perssons untaaru,Nianaga ilntni extrordrinary pesosns unarau
3,నాకు ఇంటర్నెట్ మొబైల్ డేటా లేదు అండి ఇందులోనుంచి డబ్బులు వస్తే ఏపించుకుందాం అని చూస్తున్న... మాములుగా లేదు అనుదీప్ గారి పంచెస్,non-hate,Telugu,నాకు ఇంటర్నెట్ మొబైల్ డేటా లేదు అండి ఇందులోనుంచి డబ్బులు వస్తే ఏపించుకుందాం అని చూస్తున్న... మాములుగా లేదు అనుదీప్ గారి పంచెస్,naaakau imtaranaeta maobaaila daaetaaa laaedau amdai imdaulaoonaumchai dababaulau vasataae aepaimchaukaumdaaam anai chaoosataunana... maaamaulaugaaa laaedau anaudaeepa gaaarai pamchaesa,నాకు ఇంటర్నెట్ మొబైల్ డేటా లేదు అండి ఇందులోనుంచి డబ్బులు వస్తే ఏపించుకుందాం అని చూస్తున్న... మాములుగా లేదు అనుదీప్ గారి పంచెస్,naaakau ఇంటర్నెట్ maobaaila డేటా laaedau అండి imdaulaoonaumchai డబ్బులు vasataae ఏపించుకుందాం anai చూస్తున్న... maaamaulaugaaa లేదు anaudaeepa గారి pamchaesa,నాకు ఇంటర్్నెట్ మొబైైల్ డేటా లేదు అండి ఇందులోోనుంచి డబ్బబులు వస్్తే ఏపించుకకుందాం అని చూస్తునన్న... మాములలుగా లేదు అనుదదీప్ గారి పంచెెస్,నాకకు ఇంట్న్ెట్ మొైలై్ డేటటా లేదదు అండడి ఇందుోనోుంచి డబబుబలు వస్తే ఏపింుకుకందాం అని చూస్ున్నన... మామలులగా లేదదు అనదీదప్ గారరి పంెసె్
4,AP ki manchi rojulu vasthundhi,non-hate,Latin/Romanized,AP ki manchi rojulu vasthundhi,AP ki manchi rojulu vasthundhi,AP ki manchi rojulu vasthundhi,AP ki manchi rojulu vasthundhi,AP ki mancchi rojuulu vasthuundhi,AP ki machci rouluu vashunudhi
5,Ayithe life politician kavali ra Babu.,non-hate,Latin/Romanized,Ayithe life politician kavali ra Babu.,Ayithe life politician kavali ra Babu.,Ayithe life politician kavali ra Babu.,Ayithe life politician kavali ra Babu.,Ayitthe life politiician kavaali ra Babbu.,Aythte liffe polticiian kaalai ra Babu.
6,KTR:Nannu erri puk cheshavu gah kadhara revanth,hate,Latin/Romanized,KTR:Nannu erri puk cheshavu gah kadhara revanth,KTR:Nannu erri puk cheshavu gah kadhara revanth,KTR:Nannu erri puk cheshavu gah kadhara revanth,KTR:Nannu erri puk cheshavu gah kadhara revanth,KTR:NNannu erri puk cheshhavu gah kadhhara revaanth,KTRNaNnnu errri puk chehahvu gah kahahra reanath
7,Youtube vedios konni follow ayyedhanni tharwatha BB house lo koncham negitive feel ayya ippudu chustunte badha anipistundhi very good dancer All the Best for your future Shanmukh 💐,non-hate,Latin/Romanized,Youtube vedios konni follow ayyedhanni tharwatha BB house lo koncham negitive feel ayya ippudu chustunte badha anipistundhi very good dancer All the Best for your future Shanmukh 💐,Youtube vedios konni follow ayyedhanni tharwatha BB house lo koncham negitive feel ayya ippudu chustunte badha anipistundhi very good dancer All the Best for your future Shanmukh 💐,Youtube vedios konni follow ayyedhanni tharwatha BB house lo koncham negitive feel ayya ippudu chustunte badha anipistundhi very good dancer All the Best for your future Shanmukh 💐,Youtube vedios konni follow ayyedhanni tharwatha BB house lo koncham negitive feel ayya ippudu chustunte badha anipistundhi very good dancer All the Best for your future Shanmukh 💐,Youttube vediios konnni folllow ayyedhhanni tharwwatha BB houuse lo konccham negittive feel ayya ippuudu chusttunte baddha anipisttundhi very good danccer All the Best for your futuure Shanmmukh 💐,Yotutbe veiois konni fololw ayydhahnni thawawtha BB house lo kochcam negtitve feeel ayyya ipuduu chututnte badha anipstutndhi verry goood dacecr All the Besst for youur fuurue Shamumkh 💐
8,Recharge aipothey data ela vastadhi ra erri puka,hate,Latin/Romanized,Recharge aipothey data ela vastadhi ra erri puka,Recharge aipothey data ela vastadhi ra erri puka,Recharge aipothey data ela vastadhi ra erri puka,Recharge aipothey data ela vastadhi ra erri puka,Rechaarge aipotthey data ela vastaadhi ra erri puka,Recarage aipthtey datta ela vasadahi ra errri pukka
9,vadu donga nuuv yadava,hate,Latin/Romanized,vadu donga nuuv yadava,vadu donga nuuv yadava,vadu donga nuuv yadava,vadu donga nuuv yadava,vadu donnga nuuv yadaava,vaddu donga nuuuv yaavaa
10,సంస్కారవంతమైన కుటుంబం,non-hate,Telugu,సంస్కారవంతమైన కుటుంబం,samsakaaaravamtamaaina kautaumbam,సంస్కారవంతమైన కుటుంబం,samsakaaaravamtamaaina కుటుంబం,సంస్కారరవంతమైన కుటుుంబం,సంస్ారవరంతమైన కుుంుబం
11,ప్రజా సమస్యల పరిష్కారంపై దృష్టి పెట్టండి,non-hate,Telugu,ప్రజా సమస్యల పరిష్కారంపై దృష్టి పెట్టండి,parajaaa samasayala paraishakaaarampaai darushatai paetatamdai,ప్రజా సమస్యల పరిష్కారంపై దృష్టి పెట్టండి,parajaaa సమస్యల paraishakaaarampaai దృష్టి paetatamdai,ప్రరజా సమస్్యల పరిష్కకారంపై దృష్్టి పెట్టటండి,ప్రజా సమ్య్ల పరిషకాకరంపై దృ్ట్ి పెటటంటడి
12,Waste gadu Natraj is very bad behaviour,hate,Latin/Romanized,Waste gadu Natraj is very bad behaviour,Waste gadu Natraj is very bad behaviour,Waste gadu Natraj is very bad behaviour,Waste gadu Natraj is very bad behaviour,Wasste gadu Natrraj is very bad behavviour,Waste gaddu Nararj is verry bad behvivour
13,Kanisam okka wicket kooda teeyaledu waste galu,hate,Latin/Romanized,Kanisam okka wicket kooda teeyaledu waste galu,Kanisam okka wicket kooda teeyaledu waste galu,Kanisam okka wicket kooda teeyaledu waste galu,Kanisam okka wicket kooda teeyaledu waste galu,Kaniisam okka wickket koooda teeyaaledu wasste galu,Kaisiam okkka wikekt kooda teealaedu waste gallu
14,"Amit Shaw ki slippers vesthu bathukuthunnadu, telugu vaari gowravaanni gujarat gadidhala dhaggara thaakattu pettesthunnadu..",hate,Latin/Romanized,"Amit Shaw ki slippers vesthu bathukuthunnadu, telugu vaari gowravaanni gujarat gadidhala dhaggara thaakattu pettesthunnadu..","Amit Shaw ki slippers vesthu bathukuthunnadu, telugu vaari gowravaanni gujarat gadidhala dhaggara thaakattu pettesthunnadu..","Amit Shaw ki slippers vesthu bathukuthunnadu, telugu vaari gowravaanni gujarat gadidhala dhaggara thaakattu pettesthunnadu..","Amit Shaw ki slippers vesthu bathukuthunnadu, telugu vaari gowravaanni gujarat gadidhala dhaggara thaakattu pettesthunnadu..","Amit Shaw ki slipppers vestthu bathukuthhunnadu, teluugu vaaari gowravvaanni gujaarat gadiddhala dhagggara thaakkattu pettesthuunnadu..","Amiit Shaaw ki slipeprs vethtu bathuuthuhnnadu, teuguu vaari gowrvavanni guaraat gaddhdala dhagagra thakakttu pettethununadu.."
15,jihah khan sucide ki karanam sooraj altanchdi sulli bhai mafia support free vare ammailtho dengithunaru,hate,Latin/Romanized,jihah khan sucide ki karanam sooraj altanchdi sulli bhai mafia support free vare ammailtho dengithunaru,jihah khan sucide ki karanam sooraj altanchdi sulli bhai mafia support free vare ammailtho dengithunaru,jihah khan sucide ki karanam sooraj altanchdi sulli bhai mafia support free vare ammailtho dengithunaru,jihah khan sucide ki karanam sooraj altanchdi sulli bhai mafia support free vare ammailtho dengithunaru,jihhah khan suciide ki karaanam soorraj altannchdi sullli bhai maffia suppport free vare ammaiiltho dengithhunaru,jihah khaan suidie ki kaanaam sorarj altncnhdi sulli bhaai mafia supoprt freee varre ammilitho dengthuhnaru
16,"Police vallu cheppindi antha nijamena, poorthi enquiry ayina tharavatha nuvvu vallanu criminals Ani cheppu brother.",non-hate,Latin/Romanized,"Police vallu cheppindi antha nijamena, poorthi enquiry ayina tharavatha nuvvu vallanu criminals Ani cheppu brother.","Police vallu cheppindi antha nijamena, poorthi enquiry ayina tharavatha nuvvu vallanu criminals Ani cheppu brother.","Police vallu cheppindi antha nijamena, poorthi enquiry ayina tharavatha nuvvu vallanu criminals Ani cheppu brother.","Police vallu cheppindi antha nijamena, poorthi enquiry ayina tharavatha nuvvu vallanu criminals Ani cheppu brother.","Poliice valllu chepppindi anttha nijammena, poorrthi enquuiry ayiina tharavvatha nuvvvu valllanu crimiinals Ani chepppu brothher.","Poicie vallu chepipndi antha nijmemna, portrhi enuiury ayina thaavavtha nuvvu valalnu criinials Ani chpppu brohehr."
17,ప్రతి సీన్... ప్రతీ షాట్....మతి పోతుంది లోపల awesome,non-hate,Mixed,ప్రతి సీన్... ప్రతీ షాట్....మతి పోతుంది లోపల awesome,paratai saeena... parataee shaaata....matai paootaumdai laoopala awesome,ప్రతి సీన్... ప్రతీ షాట్....మతి పోతుంది లోపల awesome,paratai సీన్... parataee షాట్....మతి paootaumdai లోపల awesome,ప్రరతి సీన్్... ప్రరతీ షాట్.....మతి పోతుుంది లోపల awessome,ప్రతి సీ్.్.. ప్రతీ షాట్....మతి పోుంుది లోపపల awsosme
18,Janabha.peregutunaru.vupadhe.udhyogalu.karuve.vundhe.,non-hate,Latin/Romanized,Janabha.peregutunaru.vupadhe.udhyogalu.karuve.vundhe.,Janabha.peregutunaru.vupadhe.udhyogalu.karuve.vundhe.,Janabha.peregutunaru.vupadhe.udhyogalu.karuve.vundhe.,Janabha.peregutunaru.vupadhe.udhyogalu.karuve.vundhe.,Janabha.peregutunaru.vupadhhe.udhyogalu.karuve.vundhe.,Janabha.peregutunau.vupadheh.udhyogalu.karuve.vundhe.
19,మళ్ళీ మళ్ళీ రిపీట్ చేస్తూ చూస్తున్న వాళ్లు ఎంతమంది ఉన్నారు...️,non-hate,Telugu,మళ్ళీ మళ్ళీ రిపీట్ చేస్తూ చూస్తున్న వాళ్లు ఎంతమంది ఉన్నారు...️,malalaee malalaee raipaeeta chaaesataoo chaoosataunana vaaalalau emtamamdai unanaaarau...️,మళ్ళీ మళ్ళీ రిపీట్ చేస్తూ చూస్తున్న వాళ్లు ఎంతమంది ఉన్నారు...️,malalaee మళ్ళీ raipaeeta చేస్తూ chaoosataunana వాళ్లు emtamamdai ఉన్నారు...️,మళ్్ళీ మళ్్ళీ రిపీీట్ చేస్్తూ చూస్తతున్న వాళ్్లు ఎంతమమంది ఉన్నారరు...️,మళ్ళీ మళ్ళీ రిీటీ్ చే్త్ూ చూసతుతన్న వా్ల్ు ఎంమంమది ఉన్నరుర...️
20,entha cute couple abbaa..!!,non-hate,Latin/Romanized,entha cute couple abbaa..!!,entha cute couple abbaa..!!,entha cute couple abbaa..!!,entha cute couple abbaa..!!,enttha cute coupple abbaaa..!!,entha cutte coplpe abba.a.!!
21,Allu Arjun cinema ki pranam esatadu,non-hate,Latin/Romanized,Allu Arjun cinema ki pranam esatadu,Allu Arjun cinema ki pranam esatadu,Allu Arjun cinema ki pranam esatadu,Allu Arjun cinema ki pranam esatadu,Allu Arjjun cineema ki prannam esattadu,Alllu Arjun ciemea ki prnanm estatdu
22,తెలివిగలవాళ్లని అనుకుంటాంగానీ కాదు అదృష్టం ఏమూలో ఏడుస్తుంది ఇట్లాంటి  వాళ్ళకి. జనాలతో తిట్టించుకుంటే కాని నిద్ర పట్టదు,hate,Telugu,తెలివిగలవాళ్లని అనుకుంటాంగానీ కాదు అదృష్టం ఏమూలో ఏడుస్తుంది ఇట్లాంటి  వాళ్ళకి. జనాలతో తిట్టించుకుంటే కాని నిద్ర పట్టదు,taelaivaigalavaaalalanai anaukaumtaaamgaaanaee kaaadau adarushatam aemaoolaoo aedausataumdai italaaamtai vaaalalakai. janaaalataoo taitataimchaukaumtaae kaaanai naidara patatadau,తెలివిగలవాళ్లని అనుకుంటాంగానీ కాదు అదృష్టం ఏమూలో ఏడుస్తుంది ఇట్లాంటి  వాళ్ళకి. జనాలతో తిట్టించుకుంటే కాని నిద్ర పట్టదు,taelaivaigalavaaalalanai అనుకుంటాంగానీ kaaadau అదృష్టం aemaoolaoo ఏడుస్తుంది italaaamtai వాళ్ళకి. janaaalataoo తిట్టించుకుంటే kaaanai నిద్ర patatadau,తెలివిగలలవాళ్లని అనుకుంటటాంగానీ కాదు అదృషష్టం ఏమూూలో ఏడుస్తతుంది ఇట్లాాంటి వాళ్ళళకి. జనాలలతో తిట్టించచుకుంటే కాని నిదద్ర పట్టటదు,తెలివగలవలాళ్లని అనుకంటాటంగానీ కాదదు అదష్షటం ఏమూలో ఏడు్తుతంది ఇట్ాంాటి వాళళకళి. జనలతలో తిట్టంచుచకుంటే కానని నిద్ర పటటదటు
23,కడిగేయండి మీరు సమాజాన్ని!  నాకు బాధగానే ఉంది గురువుగారు.,non-hate,Telugu,కడిగేయండి మీరు సమాజాన్ని!  నాకు బాధగానే ఉంది గురువుగారు.,kadaigaaeyamdai maeerau samaaajaaananai! naaakau baaadhagaaanaae umdai gaurauvaugaaarau.,కడిగేయండి మీరు సమాజాన్ని!  నాకు బాధగానే ఉంది గురువుగారు.,kadaigaaeyamdai మీరు samaaajaaananai! నాకు baaadhagaaanaae ఉంది gaurauvaugaaarau.,కడిగేేయండి మీరు సమాజానన్ని! నాకు బాధగగానే ఉంది గురువుుగారు.,కడిేయేండి మీరరు సమాాన్నని! నాకకు బాగాగనే ఉందది గురుుగుారు.
24,"God bless your relation madam, జై సుధీర్ అన్న",non-hate,Mixed,"God bless your relation madam, జై సుధీర్ అన్న","God bless your relation madam, jaai saudhaeera anana","God bless your relation madam, జై సుధీర్ అన్న","God bless your relation madam, జై saudhaeera అన్న","God bleess your relattion madaam, జై సుధీీర్ అన్న","God bless youur reltiton maama, జై సుీరీ్ అన్్న"
25,Ammai ni pattukoni kavalissindhi konuko ani anta vurukuntunda,hate,Latin/Romanized,Ammai ni pattukoni kavalissindhi konuko ani anta vurukuntunda,Ammai ni pattukoni kavalissindhi konuko ani anta vurukuntunda,Ammai ni pattukoni kavalissindhi konuko ani anta vurukuntunda,Ammai ni pattukoni kavalissindhi konuko ani anta vurukuntunda,Ammmai ni pattuukoni kavalisssindhi konuuko ani anta vurukunntunda,Ammai ni patukuoni kavaisssindhi koukuo ani antta vuruuntnunda
26,"శుక్రవారం శుక్రవారం స్టేషన్ కి వచ్చి సంతకం
పెట్టు",non-hate,Telugu,"శుక్రవారం శుక్రవారం స్టేషన్ కి వచ్చి సంతకం
పెట్టు",shaukaravaaaram shaukaravaaaram sataaeshana kai vachachai samtakam paetatau,"శుక్రవారం శుక్రవారం స్టేషన్ కి వచ్చి సంతకం
పెట్టు",shaukaravaaaram శుక్రవారం sataaeshana కి vachachai సంతకం paetatau,శుక్రరవారం శుక్రరవారం స్టేేషన్ కి వచ్్చి సంతతకం పెట్్టు,శుకరవరారం శుకరవరారం స్ేషేన్ కి వచ్చి సంతకం పె్ట్ు
27,ఎందరో  మహాను బావులు  వుంటారు వాళ్లు ఊరికెనే ఉండరు,non-hate,Telugu,ఎందరో  మహాను బావులు  వుంటారు వాళ్లు ఊరికెనే ఉండరు,emdaraoo mahaaanau baaavaulau vaumtaaarau vaaalalau ooraikaenaae umdarau,ఎందరో  మహాను బావులు  వుంటారు వాళ్లు ఊరికెనే ఉండరు,emdaraoo మహాను baaavaulau వుంటారు vaaalalau ఊరికెనే umdarau,ఎందదరో మహాాను బావుులు వుంటటారు వాళ్్లు ఊరికకెనే ఉండడరు,ఎందరో మహాను బాులుు వుటాటరు వా్ల్ు ఊరకెకనే ఉండరు
28,Nuv annantha mathrana Harsha Sai midha abimanam thaggadu ra,hate,Latin/Romanized,Nuv annantha mathrana Harsha Sai midha abimanam thaggadu ra,Nuv annantha mathrana Harsha Sai midha abimanam thaggadu ra,Nuv annantha mathrana Harsha Sai midha abimanam thaggadu ra,Nuv annantha mathrana Harsha Sai midha abimanam thaggadu ra,Nuv annanntha mathrrana Harssha Sai middha abimaanam thagggadu ra,Nuv annntnha matrarna Hashsa Sai midha abianaam thagagdu ra
29,నీతి నిజాయితీ లకు మారు పేరుగా నిలిచిన వ్యక్తి ఆళ్ళ రామకృష్ణారెడ్డి. అమరావతి రైతులకోసం నిజమైన పోరాటం చేసిన వ్యక్తి. ఆయన పదికాలాలపాటు చల్లగా ఉండాలి.,non-hate,Telugu,నీతి నిజాయితీ లకు మారు పేరుగా నిలిచిన వ్యక్తి ఆళ్ళ రామకృష్ణారెడ్డి. అమరావతి రైతులకోసం నిజమైన పోరాటం చేసిన వ్యక్తి. ఆయన పదికాలాలపాటు చల్లగా ఉండాలి.,naeetai naijaaayaitaee lakau maaarau paaeraugaaa nailaichaina vayakatai aalala raaamakarushanaaaraedadai. amaraaavatai raaitaulakaoosam naijamaaina paooraaatam chaaesaina vayakatai. aayana padaikaaalaaalapaaatau chalalagaaa umdaaalai.,నీతి నిజాయితీ లకు మారు పేరుగా నిలిచిన వ్యక్తి ఆళ్ళ రామకృష్ణారెడ్డి. అమరావతి రైతులకోసం నిజమైన పోరాటం చేసిన వ్యక్తి. ఆయన పదికాలాలపాటు చల్లగా ఉండాలి.,naeetai నిజాయితీ lakau మారు paaeraugaaa నిలిచిన vayakatai ఆళ్ళ raaamakarushanaaaraedadai. అమరావతి raaitaulakaoosam నిజమైన paooraaatam చేసిన vayakatai. ఆయన padaikaaalaaalapaaatau చల్లగా umdaaalai.,నీతి నిజాయయితీ లకు మారు పేరుుగా నిలిిచిన వ్యకక్తి ఆళ్ళ రామకృష్ణాారెడ్డి. అమరాావతి రైతులలకోసం నిజమమైన పోరాాటం చేససిన వ్యక్్తి. ఆయన పదికాలాాలపాటు చల్లలగా ఉండాాలి.,నీతతి నిజయియతీ లకు మారరు పేుగుా నిిచిిన వ్క్కతి ఆళ్్ళ రామకృ్ణారాెడ్డి. అమావాతి రైతలకలోసం నిమైమన పోాటాం చేసిన వ్య్త్ి. ఆయన పదికలాలాపాటు చలలగలా ఉంాలాి.
30,వచ్చిందయ్యా మహా పతివ్రత.... అనసూయ అంటేనే నిలువెల్లా బూతు..... ఈమె చెబుతుంది నీతులు... తూ..... సిగ్గుమాలిన జన్మ,hate,Telugu,వచ్చిందయ్యా మహా పతివ్రత.... అనసూయ అంటేనే నిలువెల్లా బూతు..... ఈమె చెబుతుంది నీతులు... తూ..... సిగ్గుమాలిన జన్మ,vachachaimdayayaaa mahaaa pataivarata.... anasaooya amtaaenaae nailauvaelalaaa baootau..... eemae chaebautaumdai naeetaulau... taoo..... saigagaumaaalaina janama,వచ్చిందయ్యా మహా పతివ్రత.... అనసూయ అంటేనే నిలువెల్లా బూతు..... ఈమె చెబుతుంది నీతులు... తూ..... సిగ్గుమాలిన జన్మ,vachachaimdayayaaa మహా pataivarata.... అనసూయ amtaaenaae నిలువెల్లా baootau..... ఈమె chaebautaumdai నీతులు... taoo..... సిగ్గుమాలిన janama,వచ్చింందయ్యా మహా పతివ్రరత.... అనససూయ అంటేేనే నిలువెెల్లా బూతు...... ఈమె చెబుతతుంది నీతులలు... తూ...... సిగ్గుుమాలిన జన్మ,వచ్చందంయ్యా మహా పతివరతర.... అనసూయ అంేనేే నిలవెలె్లా బూత...... ఈమె చెబతుతంది నీతలుల... తూ..... సిగ్ుముాలిన జన్్మ
31,Vedoka pulkagadu vinikanna Prakash Raj better,hate,Latin/Romanized,Vedoka pulkagadu vinikanna Prakash Raj better,Vedoka pulkagadu vinikanna Prakash Raj better,Vedoka pulkagadu vinikanna Prakash Raj better,Vedoka pulkagadu vinikanna Prakash Raj better,Vedooka pulkaagadu vinikkanna Prakkash Raj bettter,Veokoa pulagaadu vinkaknna Prkaksh Raj betetr
32,Na modda la expressions,hate,Latin/Romanized,Na modda la expressions,Na modda la expressions,Na modda la expressions,Na modda la expressions,Na moddda la expresssions,Na modda la exprsssions
33,Arey ni bondha ra chetha na kodaka,hate,Latin/Romanized,Arey ni bondha ra chetha na kodaka,Arey ni bondha ra chetha na kodaka,Arey ni bondha ra chetha na kodaka,Arey ni bondha ra chetha na kodaka,Arey ni bonddha ra chettha na kodaaka,Areey ni bodhda ra chthta na koakaa
34,Vediki Gudda baga balisindi anukunta..Balayya babu meeda jokes endukura ep,hate,Latin/Romanized,Vediki Gudda baga balisindi anukunta..Balayya babu meeda jokes endukura ep,Vediki Gudda baga balisindi anukunta..Balayya babu meeda jokes endukura ep,Vediki Gudda baga balisindi anukunta..Balayya babu meeda jokes endukura ep,Vediki Gudda baga balisindi anukunta..Balayya babu meeda jokes endukura ep,Vediiki Guddda baga balissindi anukunta...Balayya babu meeeda jokkes endukkura ep,Veikii Gudda bagga balsisndi anukuna...Balayya babbu meeda jokes endkukra ep
35,Veelu vedi over action,hate,Latin/Romanized,Veelu vedi over action,Veelu vedi over action,Veelu vedi over action,Veelu vedi over action,Veeelu vedi over actiion,Veelu veddi oveer acioin
36,ఏముంది పదవికోసం గుధ్ధ కూడా నాకేస్తారు ఈ రాజకీయ రాబందులు,non-hate,Telugu,ఏముంది పదవికోసం గుధ్ధ కూడా నాకేస్తారు ఈ రాజకీయ రాబందులు,aemaumdai padavaikaoosam gaudhadha kaoodaaa naaakaaesataaarau ee raaajakaeeya raaabamdaulau,ఏముంది పదవికోసం గుధ్ధ కూడా నాకేస్తారు ఈ రాజకీయ రాబందులు,aemaumdai పదవికోసం gaudhadha కూడా naaakaaesataaarau ఈ raaajakaeeya రాబందులు,ఏముంంది పదవికకోసం గుధధ్ధ కూడా నాకేస్్తారు ఈ రాజకకీయ రాబందదులు,ఏమందంి పదవకోకసం గుధ్ధ కూడడా నాకస్త్ారు ఈ రాకీకయ రాబదుదలు
37,Yadava Veshalu taginchukunte Baguntadi,hate,Latin/Romanized,Yadava Veshalu taginchukunte Baguntadi,Yadava Veshalu taginchukunte Baguntadi,Yadava Veshalu taginchukunte Baguntadi,Yadava Veshalu taginchukunte Baguntadi,Yadaava Veshhalu taginchhukunte Bagunntadi,Yaavaa Vehahlu tagichuhkunte Bagntnadi
38,ప్రతిపక్షాలు సామాన్యుడిని ఎదగనివ్వరు పేద ప్రజలకి ఇల్లులు కడుతుంటే ఇప్పుడు వాళ్లు వచ్చి ఎలా కడుతున్నారు చూస్తారట ంగా ఉంది అతని నుంచి పేద ప్రజలకి ఇళ్ల పట్టాలు పంపిణీ చేయడానికి వీలు లేదంటూ ఆయన స్టేజెస్ కూర్చున్నాడు అంటే ఇతను కంపు చేయడానికి ప్రయత్నించేస్తున్నాడు జగనన్న లబ్ధిదారులు ఇటువంటివి జరిగినప్పుడు బయటకు వచ్చి మీ తాలూకా మనసులో ఉండే మాటను వాళ్లకి తెలియపరచండి,non-hate,Telugu,ప్రతిపక్షాలు సామాన్యుడిని ఎదగనివ్వరు పేద ప్రజలకి ఇల్లులు కడుతుంటే ఇప్పుడు వాళ్లు వచ్చి ఎలా కడుతున్నారు చూస్తారట ంగా ఉంది అతని నుంచి పేద ప్రజలకి ఇళ్ల పట్టాలు పంపిణీ చేయడానికి వీలు లేదంటూ ఆయన స్టేజెస్ కూర్చున్నాడు అంటే ఇతను కంపు చేయడానికి ప్రయత్నించేస్తున్నాడు జగనన్న లబ్ధిదారులు ఇటువంటివి జరిగినప్పుడు బయటకు వచ్చి మీ తాలూకా మనసులో ఉండే మాటను వాళ్లకి తెలియపరచండి,parataipakashaaalau saaamaaanayaudainai edaganaivavarau paaeda parajalakai ilalaulau kadautaumtaae ipapaudau vaaalalau vachachai elaaa kadautaunanaaarau chaoosataaarata mgaaa umdai atanai naumchai paaeda parajalakai ilala patataaalau pampainaee chaaeyadaaanaikai vaeelau laaedamtaoo aayana sataaejaesa kaoorachaunanaaadau amtaae itanau kampau chaaeyadaaanaikai parayatanaimchaaesataunanaaadau jagananana labadhaidaaaraulau itauvamtaivai jaraigainapapaudau bayatakau vachachai maee taaalaookaaa manasaulaoo umdaae maaatanau vaaalalakai taelaiyaparachamdai,ప్రతిపక్షాలు సామాన్యుడిని ఎదగనివ్వరు పేద ప్రజలకి ఇల్లులు కడుతుంటే ఇప్పుడు వాళ్లు వచ్చి ఎలా కడుతున్నారు చూస్తారట ంగా ఉంది అతని నుంచి పేద ప్రజలకి ఇళ్ల పట్టాలు పంపిణీ చేయడానికి వీలు లేదంటూ ఆయన స్టేజెస్ కూర్చున్నాడు అంటే ఇతను కంపు చేయడానికి ప్రయత్నించేస్తున్నాడు జగనన్న లబ్ధిదారులు ఇటువంటివి జరిగినప్పుడు బయటకు వచ్చి మీ తాలూకా మనసులో ఉండే మాటను వాళ్లకి తెలియపరచండి,parataipakashaaalau సామాన్యుడిని edaganaivavarau పేద parajalakai ఇల్లులు kadautaumtaae ఇప్పుడు vaaalalau వచ్చి elaaa కడుతున్నారు chaoosataaarata ంగా umdai అతని naumchai పేద parajalakai ఇళ్ల patataaalau పంపిణీ chaaeyadaaanaikai వీలు laaedamtaoo ఆయన sataaejaesa కూర్చున్నాడు amtaae ఇతను kampau చేయడానికి parayatanaimchaaesataunanaaadau జగనన్న labadhaidaaaraulau ఇటువంటివి jaraigainapapaudau బయటకు vachachai మీ taaalaookaaa మనసులో umdaae మాటను vaaalalakai తెలియపరచండి,ప్రతిపకక్షాలు సామాన్యయుడిని ఎదగనివవ్వరు పేద ప్రజజలకి ఇల్లలులు కడుతుుంటే ఇప్పపుడు వాళ్్లు వచ్్చి ఎలా కడుతునన్నారు చూస్తతారట ంగా ఉంది అతని నుంంచి పేద ప్రజజలకి ఇళ్ల పట్టటాలు పంపిిణీ చేయడాానికి వీలు లేదంంటూ ఆయన స్టేజజెస్ కూర్చునన్నాడు అంటే ఇతను కంపు చేయడాానికి ప్రయత్నించేేస్తున్నాడు జగననన్న లబ్ధిదదారులు ఇటువంంటివి జరిగినపప్పుడు బయటటకు వచ్్చి మీ తాలూూకా మనసుులో ఉండే మాటటను వాళ్్లకి తెలియపపరచండి,ప్రతపక్కషాలు సామా్యుయడిని ఎదగివ్వవరు పేద ప్జలజకి ఇలలులలు కడుుంుటే ఇపపుపడు వా్ల్ు వచ్చి ఎలా కడుతన్ననారు చూసతాతరట ంగా ఉందది అతనని నుంచి పేద ప్జలజకి ఇళ్్ల పటటాటలు పంిణిీ చేయానాికి వీలలు లేంటంూ ఆయన స్టజెజస్ కూర్ున్ననాడు అంటటే ఇతనను కంపపు చేయానాికి ప్రయత్నంచేసే్తున్నాడు జగన్నన లబ్ధదాదరులు ఇటుంటంివి జరిగనప్పపుడు బయటకు వచ్చి మీ తాూకూా మనులుో ఉండడే మాటను వా్ల్కి తెలిపరపచండి
39,Ore ni veshalu api pani chusko,hate,Latin/Romanized,Ore ni veshalu api pani chusko,Ore ni veshalu api pani chusko,Ore ni veshalu api pani chusko,Ore ni veshalu api pani chusko,Ore ni veshhalu api pani chussko,Ore ni vehahlu api panni chskso
40,priyanka arul mohan gudda chaala sexy vuntadhi dani panga chachi dengali,hate,Latin/Romanized,priyanka arul mohan gudda chaala sexy vuntadhi dani panga chachi dengali,priyanka arul mohan gudda chaala sexy vuntadhi dani panga chachi dengali,priyanka arul mohan gudda chaala sexy vuntadhi dani panga chachi dengali,priyanka arul mohan gudda chaala sexy vuntadhi dani panga chachi dengali,priyaanka arul mohhan guddda chaaala sexy vuntaadhi dani pannga chacchi denggali,prianaka aruul mohan gudda chalaa sexxy vunadahi danni panga chchci degagli
41,Devudimida jokulu vesina avamanichina chala nasta potaru vinayakudito pettukokuda power full god,non-hate,Latin/Romanized,Devudimida jokulu vesina avamanichina chala nasta potaru vinayakudito pettukokuda power full god,Devudimida jokulu vesina avamanichina chala nasta potaru vinayakudito pettukokuda power full god,Devudimida jokulu vesina avamanichina chala nasta potaru vinayakudito pettukokuda power full god,Devudimida jokulu vesina avamanichina chala nasta potaru vinayakudito pettukokuda power full god,Devudiimida jokuulu vesiina avamaniichina chaala nassta potaaru vinayakkudito pettukkokuda powwer full god,Devdimiida jouluu veinia avamnicihina chala nasta poarau vinaakukdito pettkokkuda power fulll god
42,Nuvvo moddaganivi andhuke aapesnav,hate,Latin/Romanized,Nuvvo moddaganivi andhuke aapesnav,Nuvvo moddaganivi andhuke aapesnav,Nuvvo moddaganivi andhuke aapesnav,Nuvvo moddaganivi andhuke aapesnav,Nuvvvo moddagganivi andhhuke aapessnav,Nuvvo moddgagnivi anhuhke aapsnsav
43,amarica andatho madam perigi kotukuntundi urikine,hate,Latin/Romanized,amarica andatho madam perigi kotukuntundi urikine,amarica andatho madam perigi kotukuntundi urikine,amarica andatho madam perigi kotukuntundi urikine,amarica andatho madam perigi kotukuntundi urikine,amarrica andaatho maddam periigi kotukunntundi urikkine,amrirca anataho madam peigii kotuuntnundi urkikne
44,చాలా మంచి మూవీ అన్న ...మీరు రియాక్ట్ అవుతావ్ అనుకున్న అన్న ..నువ్వు సూపర్ లాయర్ అన్న,non-hate,Telugu,చాలా మంచి మూవీ అన్న ...మీరు రియాక్ట్ అవుతావ్ అనుకున్న అన్న ..నువ్వు సూపర్ లాయర్ అన్న,chaaalaaa mamchai maoovaee anana ...maeerau raiyaaakata avautaaava anaukaunana anana ..nauvavau saoopara laaayara anana,చాలా మంచి మూవీ అన్న ...మీరు రియాక్ట్ అవుతావ్ అనుకున్న అన్న ..నువ్వు సూపర్ లాయర్ అన్న,chaaalaaa మంచి maoovaee అన్న ...maeerau రియాక్ట్ avautaaava అనుకున్న anana ..నువ్వు saoopara లాయర్ anana,చాలా మంచి మూవీ అన్న ...మమీరు రియాకక్ట్ అవుతతావ్ అనుకుున్న అన్న ..నువవ్వు సూపపర్ లాయయర్ అన్న,చాలలా మంచచి మూవవీ అన్్న ..మీమరు రియక్కట్ అవతాతవ్ అనుును్న అన్్న ..నవ్వవు సూపర్ లాయర్ అన్్న
45,Idi RTC Conducter ha leka Inka bustand lo emaina chesinda,hate,Latin/Romanized,Idi RTC Conducter ha leka Inka bustand lo emaina chesinda,Idi RTC Conducter ha leka Inka bustand lo emaina chesinda,Idi RTC Conducter ha leka Inka bustand lo emaina chesinda,Idi RTC Conducter ha leka Inka bustand lo emaina chesinda,Idi RTC Conduucter ha leka Inka busttand lo emaiina chesiinda,Idi RTC Conucuter ha lekka Inkka butatnd lo eminia cheinida
46,Krittika Garu Vadine Chepu tho Kothandi Live Lo....,hate,Latin/Romanized,Krittika Garu Vadine Chepu tho Kothandi Live Lo....,Krittika Garu Vadine Chepu tho Kothandi Live Lo....,Krittika Garu Vadine Chepu tho Kothandi Live Lo....,Krittika Garu Vadine Chepu tho Kothandi Live Lo....,Kritttika Garu Vadiine Cheepu tho Kothaandi Live Lo.....,Krititka Garru Vainie Chepu tho Kotanadi Livve Lo....
47,ఇంక ఆపుర నాయనా... అక్కడ చూయించు...,hate,Telugu,ఇంక ఆపుర నాయనా... అక్కడ చూయించు...,imka aapaura naaayanaaa... akakada chaooyaimchau...,ఇంక ఆపుర నాయనా... అక్కడ చూయించు...,imka ఆపుర naaayanaaa... అక్కడ chaooyaimchau...,ఇంక ఆపుర నాయనాా... అక్్కడ చూయించచు...,ఇంక ఆపుుర నాయా.ా.. అక్కడ చూయంచుచ...
48,మీ ఫ్యామిలీ లో నాకు నచ్చింది నువ్వు అన్న.. కరెక్ట్ గా మాట్లాడుతావ్..,non-hate,Telugu,మీ ఫ్యామిలీ లో నాకు నచ్చింది నువ్వు అన్న.. కరెక్ట్ గా మాట్లాడుతావ్..,maee phayaaamailaee laoo naaakau nachachaimdai nauvavau anana.. karaekata gaaa maaatalaaadautaaava..,మీ ఫ్యామిలీ లో నాకు నచ్చింది నువ్వు అన్న.. కరెక్ట్ గా మాట్లాడుతావ్..,maee ఫ్యామిలీ laoo నాకు nachachaimdai నువ్వు anana.. కరెక్ట్ gaaa మాట్లాడుతావ్..,మీ ఫ్యామమిలీ లో నాకు నచ్చిింది నువ్్వు అన్నన.. కరెకక్ట్ గా మాట్లాడుుతావ్..,మీ ఫ్యమిమలీ లో నాకకు నచ్ింిది ను్వ్ు అనన.న. కరక్కట్ గా మాట్లడుతుావ్..
49,Suma garu koncham thagichuko,hate,Latin/Romanized,Suma garu koncham thagichuko,Suma garu koncham thagichuko,Suma garu koncham thagichuko,Suma garu koncham thagichuko,Suma garu konccham thagicchuko,Summa garru kochcam thaichcuko
50,Orey adhiga guddha mue,hate,Latin/Romanized,Orey adhiga guddha mue,Orey adhiga guddha mue,Orey adhiga guddha mue,Orey adhiga guddha mue,Orey adhiiga gudddha mue,Oreey adigia gudhda mue
51,"Orey  jaffa bul bul,go and buffalo muddilo paduko",hate,Latin/Romanized,"Orey  jaffa bul bul,go and buffalo muddilo paduko","Orey jaffa bul bul,go and buffalo muddilo paduko","Orey  jaffa bul bul,go and buffalo muddilo paduko","Orey jaffa bul bul,go and buffalo muddilo paduko","Orey jafffa bul bul,,go and bufffalo mudddilo paduuko","Oreey jaffa bul bu,g,o and bufaflo mudidlo paukuo"
52,Hanu raghavapudi love story ante super immersive ga untadi,non-hate,Latin/Romanized,Hanu raghavapudi love story ante super immersive ga untadi,Hanu raghavapudi love story ante super immersive ga untadi,Hanu raghavapudi love story ante super immersive ga untadi,Hanu raghavapudi love story ante super immersive ga untadi,Hanu raghavvapudi love stoory ante supper immerrsive ga untaadi,Hannu raghvavpudi lovve story antte super immrsrive ga unadai
53,chillar party lu Anne okkatyna modi ji ni next pm modi ji yogi baba ni,hate,Latin/Romanized,chillar party lu Anne okkatyna modi ji ni next pm modi ji yogi baba ni,chillar party lu Anne okkatyna modi ji ni next pm modi ji yogi baba ni,chillar party lu Anne okkatyna modi ji ni next pm modi ji yogi baba ni,chillar party lu Anne okkatyna modi ji ni next pm modi ji yogi baba ni,chilllar parrty lu Anne okkattyna modi ji ni next pm modi ji yogi baba ni,chlllar party lu Annne okktytna moddi ji ni nexxt pm moddi ji yoggi babba ni
54,Jayamu jayamu chandranna jayamu neeku chandranna,non-hate,Latin/Romanized,Jayamu jayamu chandranna jayamu neeku chandranna,Jayamu jayamu chandranna jayamu neeku chandranna,Jayamu jayamu chandranna jayamu neeku chandranna,Jayamu jayamu chandranna jayamu neeku chandranna,Jayaamu jayaamu chandrranna jayaamu neeeku chandrranna,Jaamau jaamau chadrarnna jaamau neeku chadrarnna
55,Aaku puuku theliyandhi kuda judge aipoindhi,hate,Latin/Romanized,Aaku puuku theliyandhi kuda judge aipoindhi,Aaku puuku theliyandhi kuda judge aipoindhi,Aaku puuku theliyandhi kuda judge aipoindhi,Aaku puuku theliyandhi kuda judge aipoindhi,Aaku puuuku theliyyandhi kuda juddge aipoiindhi,Aakku puuku thelyayndhi kudda judge aipinidhi
56,SHOES  Amithsha modi kinda Oodigam chey..,hate,Latin/Romanized,SHOES  Amithsha modi kinda Oodigam chey..,SHOES Amithsha modi kinda Oodigam chey..,SHOES  Amithsha modi kinda Oodigam chey..,SHOES Amithsha modi kinda Oodigam chey..,SHOOES Amithhsha modi kinnda Oodiigam cheyy..,SHOES Amihshha moddi kinda Ooigiam chy.y.
57,​raani pramadam raani no problem.. next tym bjp ki vote veyandi telangana prajalara,non-hate,Latin/Romanized,​raani pramadam raani no problem.. next tym bjp ki vote veyandi telangana prajalara,​raani pramadam raani no problem.. next tym bjp ki vote veyandi telangana prajalara,​raani pramadam raani no problem.. next tym bjp ki vote veyandi telangana prajalara,​raani pramadam raani no problem.. next tym bjp ki vote veyandi telangana prajalara,​raaani pramaadam raaani no probllem.. next tym bjp ki vote veyaandi telanngana prajaalara,​ranai praadaam raani no prolelm.. nexxt tym bjp ki votte veanadi telngnana praalaara
58,Ee madya kaalamlo vochina films lo naaku idhi baaga nachindi,non-hate,Latin/Romanized,Ee madya kaalamlo vochina films lo naaku idhi baaga nachindi,Ee madya kaalamlo vochina films lo naaku idhi baaga nachindi,Ee madya kaalamlo vochina films lo naaku idhi baaga nachindi,Ee madya kaalamlo vochina films lo naaku idhi baaga nachindi,Ee maddya kaalaamlo vochhina fillms lo naaaku idhi baaaga nachiindi,Ee madya kaaamalo vohihna films lo naaku idhhi baaga nacinidi
59,"Evidence unna mla kodukuni arrest cheyaledhu, police lu ki dammu ledhu",hate,Latin/Romanized,"Evidence unna mla kodukuni arrest cheyaledhu, police lu ki dammu ledhu","Evidence unna mla kodukuni arrest cheyaledhu, police lu ki dammu ledhu","Evidence unna mla kodukuni arrest cheyaledhu, police lu ki dammu ledhu","Evidence unna mla kodukuni arrest cheyaledhu, police lu ki dammu ledhu","Evideence unna mla kodukkuni arreest cheyalledhu, poliice lu ki dammmu leddhu","Evienece unnna mla kodkukni areset cheyleldhu, poicie lu ki dammu ledhu"
60,Veedu aadi gaadu maaradu veediki stage cleaning pani ivvandi,hate,Latin/Romanized,Veedu aadi gaadu maaradu veediki stage cleaning pani ivvandi,Veedu aadi gaadu maaradu veediki stage cleaning pani ivvandi,Veedu aadi gaadu maaradu veediki stage cleaning pani ivvandi,Veedu aadi gaadu maaradu veediki stage cleaning pani ivvandi,Veeedu aadi gaaadu maarradu veeddiki staage cleanning pani ivvaandi,Veedu aaddi gaadu marardu vedidki stage cleninng panni ivanadi
61,E movie Gurinchi okkadu negative ga matladina vaadu terrorist ayyi undali..,non-hate,Latin/Romanized,E movie Gurinchi okkadu negative ga matladina vaadu terrorist ayyi undali..,E movie Gurinchi okkadu negative ga matladina vaadu terrorist ayyi undali..,E movie Gurinchi okkadu negative ga matladina vaadu terrorist ayyi undali..,E movie Gurinchi okkadu negative ga matladina vaadu terrorist ayyi undali..,E movvie Gurinnchi okkaadu negattive ga matlaadina vaaadu terroorist ayyi undalli..,E movie Gurncnhi okadau negtitve ga matadaina vaadu teroroist ayyyi undlil..
62,Kaasta అమ్మ నన్న పైన ప్రేమ కలిగి vundandi bro,non-hate,Mixed,Kaasta అమ్మ నన్న పైన ప్రేమ కలిగి vundandi bro,Kaasta amama nanana paaina paraaema kalaigai vundandi bro,Kaasta అమ్మ నన్న పైన ప్రేమ కలిగి vundandi bro,Kaasta అమ్మ nanana పైన paraaema కలిగి vundandi bro,Kaassta అమ్మ నన్న పైన ప్రరేమ కలిిగి vundaandi bro,Kastsa అమ్్మ నన్్న పైన ప్రేమ కలిగి vunanadi bro
63,Kulaaa pechhe fuuga undeanana,hate,Latin/Romanized,Kulaaa pechhe fuuga undeanana,Kulaaa pechhe fuuga undeanana,Kulaaa pechhe fuuga undeanana,Kulaaa pechhe fuuga undeanana,Kulaaaa pechhhe fuuuga undeaanana,Kuaaaa pehhhe fuuga undanaana
64,Are Babu niku endukura,hate,Latin/Romanized,Are Babu niku endukura,Are Babu niku endukura,Are Babu niku endukura,Are Babu niku endukura,Are Babu niku endukkura,Are Babbu nikku endkukra
65,"Intaki Rahul evadabba, sir indirect ga Congress Rahul Gandhi ki hint istunda kalsipodamani",non-hate,Latin/Romanized,"Intaki Rahul evadabba, sir indirect ga Congress Rahul Gandhi ki hint istunda kalsipodamani","Intaki Rahul evadabba, sir indirect ga Congress Rahul Gandhi ki hint istunda kalsipodamani","Intaki Rahul evadabba, sir indirect ga Congress Rahul Gandhi ki hint istunda kalsipodamani","Intaki Rahul evadabba, sir indirect ga Congress Rahul Gandhi ki hint istunda kalsipodamani","Intaaki Rahhul evadaabba, sir indirrect ga Congrress Rahhul Ganddhi ki hint istuunda kalsipoodamani","Inakai Rahul evaababa, sir indrerct ga Conrerss Rahul Gadhdi ki hinnt isunuda kalspodoamani"
66,"This should be  a good lesson for youngsters.  Moral is "" జీవితం లో గెలుపుకి బందు మిత్రులు ఎక్క్కువ, కాని ఓటమి ఎప్పుడు అనాదే""",non-hate,Mixed,"This should be  a good lesson for youngsters.  Moral is "" జీవితం లో గెలుపుకి బందు మిత్రులు ఎక్క్కువ, కాని ఓటమి ఎప్పుడు అనాదే""","This should be a good lesson for youngsters. Moral is "" jaeevaitam laoo gaelaupaukai bamdau maitaraulau ekakakauva, kaaanai ootamai epapaudau anaaadaae""","This should be  a good lesson for youngsters.  Moral is "" జీవితం లో గెలుపుకి బందు మిత్రులు ఎక్క్కువ, కాని ఓటమి ఎప్పుడు అనాదే""","This should be a good lesson for youngsters. Moral is "" జీవితం laoo గెలుపుకి bamdau మిత్రులు ekakakauva, కాని ootamai ఎప్పుడు anaaadaae""","This shouuld be a good lessson for youngssters. Morral is "" జీవిితం లో గెలుపపుకి బందు మిత్రరులు ఎక్క్్కువ, కాని ఓటమి ఎప్పపుడు అనాదదే""","Thiis shulud be a goood lesosn for younstsers. Moral is "" జీితిం లో గెలపుపకి బందదు మితరురలు ఎక్్క్ువ, కానని ఓటమమి ఎపపుపడు అనదేద"""
67,Vaddu Bangaram nuvvu happy ga vundali,non-hate,Latin/Romanized,Vaddu Bangaram nuvvu happy ga vundali,Vaddu Bangaram nuvvu happy ga vundali,Vaddu Bangaram nuvvu happy ga vundali,Vaddu Bangaram nuvvu happy ga vundali,Vadddu Bangaaram nuvvvu happpy ga vunddali,Vaddu Banaraam nuvvu happy ga vudadli
68,"kani, ekkuva cheste alasata, weakness, body peragaka povadam, teenage lo tarvata kuda face paina gaddalu pimples ravadam nijam...better keep it two-three times a week..get busy and focus on your studies and career guys.",non-hate,Latin/Romanized,"kani, ekkuva cheste alasata, weakness, body peragaka povadam, teenage lo tarvata kuda face paina gaddalu pimples ravadam nijam...better keep it two-three times a week..get busy and focus on your studies and career guys.","kani, ekkuva cheste alasata, weakness, body peragaka povadam, teenage lo tarvata kuda face paina gaddalu pimples ravadam nijam...better keep it two-three times a week..get busy and focus on your studies and career guys.","kani, ekkuva cheste alasata, weakness, body peragaka povadam, teenage lo tarvata kuda face paina gaddalu pimples ravadam nijam...better keep it two-three times a week..get busy and focus on your studies and career guys.","kani, ekkuva cheste alasata, weakness, body peragaka povadam, teenage lo tarvata kuda face paina gaddalu pimples ravadam nijam...better keep it two-three times a week..get busy and focus on your studies and career guys.","kanni, ekkuuva chesste alasaata, weaknness, body peraggaka povaddam, teennage lo tarvvata kuda face paiina gadddalu pimpples ravaadam nijam....better keep it two-tthree timmes a week...get busy and foccus on your studdies and careeer guyys.","kani, ekuvua chstse alaataa, weanenss, boddy pergagka povdadm, tenange lo tavavta kudda facce paina gadadlu piplpes raadaam nijam..b.etter keeep it twothtree times a wee...get bussy and focus on youur stdides and caeeer guys."
69,Chempa pagilddemo,hate,Latin/Romanized,Chempa pagilddemo,Chempa pagilddemo,Chempa pagilddemo,Chempa pagilddemo,Chemmpa pagildddemo,Chmpma pagldddemo
70,వాడి అసలు రూపం అదే  ఎవరిని ఎప్పుడు వాడుకుని వదిలేయాలో వాడి కంటే ఏ రాజకీయ నాయకుడికి తెలియదు,non-hate,Telugu,వాడి అసలు రూపం అదే  ఎవరిని ఎప్పుడు వాడుకుని వదిలేయాలో వాడి కంటే ఏ రాజకీయ నాయకుడికి తెలియదు,vaaadai asalau raoopam adaae evarainai epapaudau vaaadaukaunai vadailaaeyaaalaoo vaaadai kamtaae ae raaajakaeeya naaayakaudaikai taelaiyadau,వాడి అసలు రూపం అదే  ఎవరిని ఎప్పుడు వాడుకుని వదిలేయాలో వాడి కంటే ఏ రాజకీయ నాయకుడికి తెలియదు,vaaadai అసలు raoopam అదే evarainai ఎప్పుడు vaaadaukaunai వదిలేయాలో vaaadai కంటే ae రాజకీయ naaayakaudaikai తెలియదు,వాడి అసలు రూపం అదే ఎవరిిని ఎప్పపుడు వాడుకకుని వదిలేేయాలో వాడి కంటే ఏ రాజకకీయ నాయకుుడికి తెలిియదు,వాడడి అసలలు రూపపం అదే ఎవినిి ఎపపుపడు వాడకుకని వదిేయేాలో వాడడి కంటటే ఏ రాకీకయ నాయుడుికి తెియిదు
71,మీ ఇద్దరి వల్ల తెలంగాణ జనాలకి ఏమన్న ఉపయోగం ఉందా చెప్పు,non-hate,Telugu,మీ ఇద్దరి వల్ల తెలంగాణ జనాలకి ఏమన్న ఉపయోగం ఉందా చెప్పు,maee idadarai valala taelamgaaana janaaalakai aemanana upayaoogam umdaaa chaepapau,మీ ఇద్దరి వల్ల తెలంగాణ జనాలకి ఏమన్న ఉపయోగం ఉందా చెప్పు,maee ఇద్దరి valala తెలంగాణ janaaalakai ఏమన్న upayaoogam ఉందా chaepapau,మీ ఇద్దదరి వల్ల తెలంంగాణ జనాలలకి ఏమనన్న ఉపయోోగం ఉందా చెప్్పు,మీ ఇదదరది వల్్ల తెంగంాణ జనలకలి ఏమన్న ఉపోగోం ఉందదా చె్ప్ు
72,asla murmu president ela ayindhi india parvu poyindhi ni karra mokham eskoni,hate,Latin/Romanized,asla murmu president ela ayindhi india parvu poyindhi ni karra mokham eskoni,asla murmu president ela ayindhi india parvu poyindhi ni karra mokham eskoni,asla murmu president ela ayindhi india parvu poyindhi ni karra mokham eskoni,asla murmu president ela ayindhi india parvu poyindhi ni karra mokham eskoni,asla murrmu presiident ela ayinndhi inddia parrvu poyinndhi ni karrra mokhham eskooni,aslla murmu preidient ela ayndnhi india parvu poyndnhi ni karra mohahm esonoi
73,Etuvanti interviews kadhaa manaki kavalsinavi,non-hate,Latin/Romanized,Etuvanti interviews kadhaa manaki kavalsinavi,Etuvanti interviews kadhaa manaki kavalsinavi,Etuvanti interviews kadhaa manaki kavalsinavi,Etuvanti interviews kadhaa manaki kavalsinavi,Etuvaanti intervviews kadhhaa manaaki kavalssinavi,Etuanati intrvivews kahaha maakai kavasisnavi
74,శర్మ గారు చెప్పిన ది నిజమా అబద్దమా అని చెప్పే ధైర్యం వీళ్లకు లేదు,non-hate,Telugu,శర్మ గారు చెప్పిన ది నిజమా అబద్దమా అని చెప్పే ధైర్యం వీళ్లకు లేదు,sharama gaaarau chaepapaina dai naijamaaa abadadamaaa anai chaepapaae dhaairayam vaeelalakau laaedau,శర్మ గారు చెప్పిన ది నిజమా అబద్దమా అని చెప్పే ధైర్యం వీళ్లకు లేదు,sharama గారు chaepapaina ది naijamaaa అబద్దమా anai చెప్పే dhaairayam వీళ్లకు laaedau,శర్మ గారు చెప్్పిన ది నిజజమా అబద్్దమా అని చెప్్పే ధైర్్యం వీళ్్లకు లేదు,శర్్మ గారరు చె్ప్ిన ది నిజమా అబ్ద్మా అని చె్ప్ే ధై్య్ం వీ్ల్కు లేదదు
75,nani anna meru great,non-hate,Latin/Romanized,nani anna meru great,nani anna meru great,nani anna meru great,nani anna meru great,nani anna meru greeat,nanni annna merru great
76,నువ్వు తెరాస పార్టీ ..ఉంపుడు గత్తేనె కదా రా నువ్వు,non-hate,Telugu,నువ్వు తెరాస పార్టీ ..ఉంపుడు గత్తేనె కదా రా నువ్వు,nauvavau taeraaasa paaarataee ..umpaudau gatataaenae kadaaa raaa nauvavau,నువ్వు తెరాస పార్టీ ..ఉంపుడు గత్తేనె కదా రా నువ్వు,nauvavau తెరాస paaarataee ..ఉంపుడు gatataaenae కదా raaa నువ్వు,నువ్్వు తెరరాస పార్్టీ ..ఉంపపుడు గత్తతేనె కదా రా నువ్్వు,ను్వ్ు తెరాస పా్ట్ీ ..ఉపుపడు గతతేతనె కదా రా ను్వ్ు
77,మేడం కు ఉక్క పోస్తునట్టుంది సంకలో బాడీ వేసుకుంది,hate,Telugu,మేడం కు ఉక్క పోస్తునట్టుంది సంకలో బాడీ వేసుకుంది,maaedam kau ukaka paoosataunatataumdai samkalaoo baaadaee vaaesaukaumdai,మేడం కు ఉక్క పోస్తునట్టుంది సంకలో బాడీ వేసుకుంది,maaedam కు ukaka పోస్తునట్టుంది samkalaoo బాడీ vaaesaukaumdai,మేడం కు ఉక్క పోస్తునటట్టుంది సంకకలో బాడీ వేసుకకుంది,మేడడం కు ఉక్్క పోస్తనట్టటుంది సంకలో బాడడీ వేసకుకంది
78,ప్రపంచంలో అతిపెద్ద అవినీతి పార్టీ టిఅర్ యస్ కెసిఆర్,hate,Telugu,ప్రపంచంలో అతిపెద్ద అవినీతి పార్టీ టిఅర్ యస్ కెసిఆర్,parapamchamlaoo ataipaedada avainaeetai paaarataee taiara yasa kaesaiaara,ప్రపంచంలో అతిపెద్ద అవినీతి పార్టీ టిఅర్ యస్ కెసిఆర్,parapamchamlaoo అతిపెద్ద avainaeetai పార్టీ taiara యస్ kaesaiaara,ప్రపంంచంలో అతిపెెద్ద అవిననీతి పార్్టీ టిఅఅర్ యస్ కెసిిఆర్,ప్రంచంంలో అతిెదె్ద అవనీనతి పా్ట్ీ టిఅర్ యస్ కెిఆిర్
79,ఇలాంటి సెలబ్రిటీలు ఇలా షోష్ కు రావాలి sir,non-hate,Mixed,ఇలాంటి సెలబ్రిటీలు ఇలా షోష్ కు రావాలి sir,ilaaamtai saelabaraitaeelau ilaaa shaoosha kau raaavaaalai sir,ఇలాంటి సెలబ్రిటీలు ఇలా షోష్ కు రావాలి sir,ilaaamtai సెలబ్రిటీలు ilaaa షోష్ kau రావాలి sir,ఇలాంంటి సెలబ్రరిటీలు ఇలా షోష్ కు రావాాలి sir,ఇలంటంి సెలబరిరటీలు ఇలా షోషష్ కు రాాలాి sir
80,"Arey Babu Memu chinnappati nunchi chiru fans, pls don't hurt us, first chiru next evarina maaku",non-hate,Latin/Romanized,"Arey Babu Memu chinnappati nunchi chiru fans, pls don't hurt us, first chiru next evarina maaku","Arey Babu Memu chinnappati nunchi chiru fans, pls don't hurt us, first chiru next evarina maaku","Arey Babu Memu chinnappati nunchi chiru fans, pls don't hurt us, first chiru next evarina maaku","Arey Babu Memu chinnappati nunchi chiru fans, pls don't hurt us, first chiru next evarina maaku","Arey Babu Memu chinnaappati nuncchi chiiru fanns, pls donn't hurt us, firrst chiiru next evarrina maaaku","Areey Babbu Memmu chinapapati nuchci chiru fans, pls don't hurrt us, first chiru nexxt evrirna maaku"
81,"eii yevudra veedu, andanga vunnav antunnadu, akka antunnadu",non-hate,Latin/Romanized,"eii yevudra veedu, andanga vunnav antunnadu, akka antunnadu","eii yevudra veedu, andanga vunnav antunnadu, akka antunnadu","eii yevudra veedu, andanga vunnav antunnadu, akka antunnadu","eii yevudra veedu, andanga vunnav antunnadu, akka antunnadu","eii yevuudra veeddu, andaanga vunnnav antunnnadu, akka antunnnadu","eii yeudura vedud, ananaga vunanv antnnandu, akkka antnnnadu"
82,arey shankar ga nvvu kcr sanka nakaku ra,non-hate,Latin/Romanized,arey shankar ga nvvu kcr sanka nakaku ra,arey shankar ga nvvu kcr sanka nakaku ra,arey shankar ga nvvu kcr sanka nakaku ra,arey shankar ga nvvu kcr sanka nakaku ra,arey shannkar ga nvvu kcr sannka nakaaku ra,areey shnknar ga nvvvu kcr sanka naakau ra
83,ఎవడి స్టైల్ వాడిది... దేవరకొండ స్టైల్ దేవరకొండ ది అంతే ఇంట్లో తప్పేముంది... వినిపిస్తుంది చెప్పనా.,non-hate,Telugu,ఎవడి స్టైల్ వాడిది... దేవరకొండ స్టైల్ దేవరకొండ ది అంతే ఇంట్లో తప్పేముంది... వినిపిస్తుంది చెప్పనా.,evadai sataaila vaaadaidai... daaevarakaomda sataaila daaevarakaomda dai amtaae imtalaoo tapapaaemaumdai... vainaipaisataumdai chaepapanaaa.,ఎవడి స్టైల్ వాడిది... దేవరకొండ స్టైల్ దేవరకొండ ది అంతే ఇంట్లో తప్పేముంది... వినిపిస్తుంది చెప్పనా.,evadai స్టైల్ vaaadaidai... దేవరకొండ sataaila దేవరకొండ dai అంతే imtalaoo తప్పేముంది... vainaipaisataumdai చెప్పనా.,ఎవడి స్టైైల్ వాడిదది... దేవరకకొండ స్టైైల్ దేవరకకొండ ది అంతే ఇంట్్లో తప్పేముుంది... వినిపిసస్తుంది చెప్పపనా.,ఎవడడి స్ైలై్ వాడదిద... దేవకొకండ స్ైలై్ దేవకొకండ ది అంతతే ఇం్ల్ో తప్పముంుది... వినిిస్సతుంది చెపపనపా.
84,పవన్ కళ్యాణ్ గారు   తమ్ముడు.... మోహన్ బాబు అనే సరికి  అన్నయ్య చిరంజీవి గారు చిన్నపిల్లోడిలా నవ్వుతుంటే ఎంత ఎంత అందగా ఉన్నాడో అన్నయ్య,non-hate,Telugu,పవన్ కళ్యాణ్ గారు   తమ్ముడు.... మోహన్ బాబు అనే సరికి  అన్నయ్య చిరంజీవి గారు చిన్నపిల్లోడిలా నవ్వుతుంటే ఎంత ఎంత అందగా ఉన్నాడో అన్నయ్య,pavana kalayaaana gaaarau tamamaudau.... maoohana baaabau anaae saraikai ananayaya chairamjaeevai gaaarau chainanapailalaoodailaaa navavautaumtaae emta emta amdagaaa unanaaadaoo ananayaya,పవన్ కళ్యాణ్ గారు   తమ్ముడు.... మోహన్ బాబు అనే సరికి  అన్నయ్య చిరంజీవి గారు చిన్నపిల్లోడిలా నవ్వుతుంటే ఎంత ఎంత అందగా ఉన్నాడో అన్నయ్య,pavana కళ్యాణ్ gaaarau తమ్ముడు.... maoohana బాబు anaae సరికి ananayaya చిరంజీవి gaaarau చిన్నపిల్లోడిలా navavautaumtaae ఎంత emta అందగా unanaaadaoo అన్నయ్య,పవన్ కళ్యయాణ్ గారు తమ్ముడడు.... మోహహన్ బాబు అనే సరిికి అన్ననయ్య చిరంజజీవి గారు చిన్నపిలల్లోడిలా నవ్వుతతుంటే ఎంత ఎంత అందదగా ఉన్ననాడో అన్ననయ్య,పవనన్ కళయాయణ్ గారరు తమ్మడుడ.... మోహన్ బాబబు అనే సరికి అననయన్య చిరజీజవి గారరు చిన్నిల్లలోడిలా నవ్ుతుతంటే ఎంత ఎంత అందగా ఉననానడో అననయన్య
85,Veedu am pikaledu ani telusu,hate,Latin/Romanized,Veedu am pikaledu ani telusu,Veedu am pikaledu ani telusu,Veedu am pikaledu ani telusu,Veedu am pikaledu ani telusu,Veeedu am pikalledu ani teluusu,Veedu am pikleldu ani teusuu
86,"Nenu vunnanu,nenu vinnanu,nenu chusanu.... all are eligible for the Oscar level performance",non-hate,Latin/Romanized,"Nenu vunnanu,nenu vinnanu,nenu chusanu.... all are eligible for the Oscar level performance","Nenu vunnanu,nenu vinnanu,nenu chusanu.... all are eligible for the Oscar level performance","Nenu vunnanu,nenu vinnanu,nenu chusanu.... all are eligible for the Oscar level performance","Nenu vunnanu,nenu vinnanu,nenu chusanu.... all are eligible for the Oscar level performance","Nenu vunnanuu,nenu vinnanuu,nenu chusannu.... all are eligiible for the Osccar levvel perforrmance","Nennu vunnnu,unenu vinnnu,unenu chusnun.... all are eliibile for the Oscar level perfrmrance"
87,పోన్లే పాపం కష్టపడ్డదానికి కొంచెం అయిన ప్రతిఫలం దక్కింది …. కళ్ళు నెత్తికెక్కించుకోకుండా ఒదిగి ఉంటే మంచి Future ఉండొచ్చు,non-hate,Mixed,పోన్లే పాపం కష్టపడ్డదానికి కొంచెం అయిన ప్రతిఫలం దక్కింది …. కళ్ళు నెత్తికెక్కించుకోకుండా ఒదిగి ఉంటే మంచి Future ఉండొచ్చు,paoonalaae paaapam kashatapadadadaaanaikai kaomchaem ayaina parataiphalam dakakaimdai …. kalalau naetataikaekakaimchaukaookaumdaaa odaigai umtaae mamchai Future umdaochachau,పోన్లే పాపం కష్టపడ్డదానికి కొంచెం అయిన ప్రతిఫలం దక్కింది …. కళ్ళు నెత్తికెక్కించుకోకుండా ఒదిగి ఉంటే మంచి Future ఉండొచ్చు,paoonalaae పాపం kashatapadadadaaanaikai కొంచెం ayaina ప్రతిఫలం dakakaimdai …. kalalau నెత్తికెక్కించుకోకుండా odaigai ఉంటే mamchai Future umdaochachau,పోన్్లే పాపం కష్టపడ్డడదానికి కొంచచెం అయిన ప్రతిిఫలం దక్కిింది …. కళ్్ళు నెత్తికెక్కిించుకోకుండా ఒదిిగి ఉంటే మంచి Futuure ఉండొచచ్చు,పో్ల్ే పాపపం కష్టప్డదడానికి కొచెచం అయిిన ప్రిఫిలం దక్ింిది …. కళ్ళు నెత్తికక్కింిచుకోకుండా ఒదిగి ఉంటటే మంచచి Fuurue ఉండచ్చచు
88,rgv gadu canipovali vadi chettabandi ayina chestha,hate,Latin/Romanized,rgv gadu canipovali vadi chettabandi ayina chestha,rgv gadu canipovali vadi chettabandi ayina chestha,rgv gadu canipovali vadi chettabandi ayina chestha,rgv gadu canipovali vadi chettabandi ayina chestha,rgv gadu canipoovali vadi chettaabandi ayiina chesstha,rgv gaddu canpovoali vaddi chetabaandi ayina chstsha
89,Papam bhayya babi ki potta abbam ga vundhi,non-hate,Latin/Romanized,Papam bhayya babi ki potta abbam ga vundhi,Papam bhayya babi ki potta abbam ga vundhi,Papam bhayya babi ki potta abbam ga vundhi,Papam bhayya babi ki potta abbam ga vundhi,Pappam bhayyya babi ki pottta abbbam ga vunddhi,Papam bhyyya babbi ki potta abbam ga vudhdi
90,Chala ibandi pettavu anna Nuvvu maa Chiru garini,hate,Latin/Romanized,Chala ibandi pettavu anna Nuvvu maa Chiru garini,Chala ibandi pettavu anna Nuvvu maa Chiru garini,Chala ibandi pettavu anna Nuvvu maa Chiru garini,Chala ibandi pettavu anna Nuvvu maa Chiru garini,Chaala ibanndi petttavu anna Nuvvvu maa Chiiru gariini,Chala ibndni petatvu annna Nuvvu maa Chiru gainii
91,సూపర్ rk గారు చాలా మంచి ప్రోగ్రాం,non-hate,Mixed,సూపర్ rk గారు చాలా మంచి ప్రోగ్రాం,saoopara rk gaaarau chaaalaaa mamchai paraoogaraaam,సూపర్ rk గారు చాలా మంచి ప్రోగ్రాం,saoopara rk gaaarau చాలా mamchai ప్రోగ్రాం,సూపపర్ rk గారు చాలా మంచి ప్రోగగ్రాం,సూపర్ rk గారరు చాలలా మంచచి ప్రగ్గరాం
92,భారత దేశంలో పాలన చేతకాని సీఎం పాలన చేత కాక వేరే వాళ్ళని విమర్శించే ఏకైక సీఎం మన బతాల పోషెటి,non-hate,Telugu,భారత దేశంలో పాలన చేతకాని సీఎం పాలన చేత కాక వేరే వాళ్ళని విమర్శించే ఏకైక సీఎం మన బతాల పోషెటి,bhaaarata daaeshamlaoo paaalana chaaetakaaanai saeeem paaalana chaaeta kaaaka vaaeraae vaaalalanai vaimarashaimchaae aekaaika saeeem mana bataaala paooshaetai,భారత దేశంలో పాలన చేతకాని సీఎం పాలన చేత కాక వేరే వాళ్ళని విమర్శించే ఏకైక సీఎం మన బతాల పోషెటి,bhaaarata దేశంలో paaalana చేతకాని saeeem పాలన chaaeta కాక vaaeraae వాళ్ళని vaimarashaimchaae ఏకైక saeeem మన bataaala పోషెటి,భారత దేశంంలో పాలన చేతకకాని సీఎం పాలన చేత కాక వేరే వాళ్్ళని విమర్శశించే ఏకైక సీఎం మన బతాల పోషెెటి,భారరత దేంలంో పాలలన చేకాకని సీఎఎం పాలలన చేత కాక వేరరే వా్ళ్ని విమ్శిశంచే ఏకైైక సీఎఎం మన బతాాల పోెటెి
93,e rashtraniki jarige prathi anyayam gurinchi niswardhanga matlade ekaika vyakti meere saar,non-hate,Latin/Romanized,e rashtraniki jarige prathi anyayam gurinchi niswardhanga matlade ekaika vyakti meere saar,e rashtraniki jarige prathi anyayam gurinchi niswardhanga matlade ekaika vyakti meere saar,e rashtraniki jarige prathi anyayam gurinchi niswardhanga matlade ekaika vyakti meere saar,e rashtraniki jarige prathi anyayam gurinchi niswardhanga matlade ekaika vyakti meere saar,e rashtrraniki jariige pratthi anyaayam gurinnchi niswarddhanga matllade ekaiika vyakkti meeere saar,e rashrarniki jaigie prthti anayaam gurncnhi niswrdhdanga malalde ekikia vyktki meere saaar
94,ananaya panadey vi nimma dabbalu lanti payalu,hate,Latin/Romanized,ananaya panadey vi nimma dabbalu lanti payalu,ananaya panadey vi nimma dabbalu lanti payalu,ananaya panadey vi nimma dabbalu lanti payalu,ananaya panadey vi nimma dabbalu lanti payalu,anannaya panaadey vi nimmma dabbbalu lannti payaalu,annanya paadaey vi nimma dabablu lanti paalau
95,chetha ra babu  NTV,hate,Latin/Romanized,chetha ra babu  NTV,chetha ra babu NTV,chetha ra babu  NTV,chetha ra babu NTV,chettha ra babu NTV,chthta ra babbu NTV
96,Hi ra T.R.S. kukka…,hate,Latin/Romanized,Hi ra T.R.S. kukka…,Hi ra T.R.S. kukka…,Hi ra T.R.S. kukka…,Hi ra T.R.S. kukka…,Hi ra T.R..S. kukkka…,Hi ra T..S.. kukak…
97,Fans ki respect Ivvslira arye ntira,hate,Latin/Romanized,Fans ki respect Ivvslira arye ntira,Fans ki respect Ivvslira arye ntira,Fans ki respect Ivvslira arye ntira,Fans ki respect Ivvslira arye ntira,Fans ki resppect Ivvsllira arye ntiira,Fanns ki repepct Ivvlilra aryye ntira
98,"first aa ammai family ki security ivvandi.., night night emaina jaragochu...",non-hate,Latin/Romanized,"first aa ammai family ki security ivvandi.., night night emaina jaragochu...","first aa ammai family ki security ivvandi.., night night emaina jaragochu...","first aa ammai family ki security ivvandi.., night night emaina jaragochu...","first aa ammai family ki security ivvandi.., night night emaina jaragochu...","firrst aa ammmai famiily ki securrity ivvanddi.., nigght nigght emaiina jaragocchu...","first aa ammai failiy ki secrirty ivvndid.., night night eminia jaraochcu..."
99,మీలాంటి వారు వుంటే ఆడపిల్లలకు చాలా ధర్మం జరుగుతుంది సార్,non-hate,Telugu,మీలాంటి వారు వుంటే ఆడపిల్లలకు చాలా ధర్మం జరుగుతుంది సార్,maeelaaamtai vaaarau vaumtaae aadapailalalakau chaaalaaa dharamam jaraugautaumdai saaara,మీలాంటి వారు వుంటే ఆడపిల్లలకు చాలా ధర్మం జరుగుతుంది సార్,maeelaaamtai వారు vaumtaae ఆడపిల్లలకు chaaalaaa ధర్మం jaraugautaumdai సార్,మీలాాంటి వారు వుంంటే ఆడపిల్్లలకు చాలా ధర్్మం జరుగుతతుంది సార్,మీాంాటి వారరు వుంటే ఆడపల్ల్లకు చాలలా ధర్మం జరుుతుతంది సారర్
100,Ayanni okasari kodithey meeru laksha sarlu chupisthunnaru emkavali meeku,hate,Latin/Romanized,Ayanni okasari kodithey meeru laksha sarlu chupisthunnaru emkavali meeku,Ayanni okasari kodithey meeru laksha sarlu chupisthunnaru emkavali meeku,Ayanni okasari kodithey meeru laksha sarlu chupisthunnaru emkavali meeku,Ayanni okasari kodithey meeru laksha sarlu chupisthunnaru emkavali meeku,Ayannni okassari koditthey meeeru lakssha sarrlu chupisthhunnaru emkavvali meeeku,Aynnni oksasri kodthtey meeru lashsa sarlu chupithuhnnaru emkvavli meeku
101,Thank you RRR TDP ki bratkinchadamulo mi krushi marvalenidi CBN gariku,non-hate,Latin/Romanized,Thank you RRR TDP ki bratkinchadamulo mi krushi marvalenidi CBN gariku,Thank you RRR TDP ki bratkinchadamulo mi krushi marvalenidi CBN gariku,Thank you RRR TDP ki bratkinchadamulo mi krushi marvalenidi CBN gariku,Thank you RRR TDP ki bratkinchadamulo mi krushi marvalenidi CBN gariku,Thaank you RRR TDP ki bratkinchhadamulo mi krusshi marvallenidi CBN gariiku,Thank you RRR TDP ki bratknchahdamulo mi krshsi marvlelnidi CBN gaikiu
102,గుధ్ధ బలిసి కొట్టుకుంటున్నవే,hate,Telugu,గుధ్ధ బలిసి కొట్టుకుంటున్నవే,gaudhadha balaisai kaotataukaumtaunanavaae,గుధ్ధ బలిసి కొట్టుకుంటున్నవే,gaudhadha బలిసి kaotataukaumtaunanavaae,గుధధ్ధ బలిిసి కొట్టుకుంంటున్నవే,గుధ్ధ బలిసి కొట్టకుంటంున్నవే
103,inkaa saavaledhu le vaadu baane sacchaadu yedhavakanipisthoone vundhigaa,hate,Latin/Romanized,inkaa saavaledhu le vaadu baane sacchaadu yedhavakanipisthoone vundhigaa,inkaa saavaledhu le vaadu baane sacchaadu yedhavakanipisthoone vundhigaa,inkaa saavaledhu le vaadu baane sacchaadu yedhavakanipisthoone vundhigaa,inkaa saavaledhu le vaadu baane sacchaadu yedhavakanipisthoone vundhigaa,inkkaa saavalledhu le vaaadu baaane sacchhaadu yedhavakaniipisthoone vundhhigaa,inkaa saaaleldhu le vaadu baane sachahadu yedhavaanipiisthoone vunhihgaa
104,"Manaki  ibbandi ochinappudu koncham  sahinchatam
Kastam ochinappudu koncham bharinchadam
 Anandham vachinappudu koncham panchadam",non-hate,Latin/Romanized,"Manaki  ibbandi ochinappudu koncham  sahinchatam
Kastam ochinappudu koncham bharinchadam
 Anandham vachinappudu koncham panchadam",Manaki ibbandi ochinappudu koncham sahinchatam Kastam ochinappudu koncham bharinchadam Anandham vachinappudu koncham panchadam,"Manaki  ibbandi ochinappudu koncham  sahinchatam
Kastam ochinappudu koncham bharinchadam
 Anandham vachinappudu koncham panchadam",Manaki ibbandi ochinappudu koncham sahinchatam Kastam ochinappudu koncham bharinchadam Anandham vachinappudu koncham panchadam,Manaaki ibbaandi ochinaappudu konccham sahincchatam Kasttam ochinaappudu konccham bharincchadam Ananddham vachinaappudu konccham panchhadam,Maakai ibanadi ochiapapudu kochcam sahichcatam Katatm ochiapapudu kochcam bharnchcadam Anadhdam vachnapapudu kochcam panhahdam
105,​trs party lo telangana kosam poradina valle unnara poratam ki vyatirekam ga unnollani ministers ala chesinaru..gurivinda ginja ki kinda unna macha kanapadadu,non-hate,Latin/Romanized,​trs party lo telangana kosam poradina valle unnara poratam ki vyatirekam ga unnollani ministers ala chesinaru..gurivinda ginja ki kinda unna macha kanapadadu,​trs party lo telangana kosam poradina valle unnara poratam ki vyatirekam ga unnollani ministers ala chesinaru..gurivinda ginja ki kinda unna macha kanapadadu,​trs party lo telangana kosam poradina valle unnara poratam ki vyatirekam ga unnollani ministers ala chesinaru..gurivinda ginja ki kinda unna macha kanapadadu,​trs party lo telangana kosam poradina valle unnara poratam ki vyatirekam ga unnollani ministers ala chesinaru..gurivinda ginja ki kinda unna macha kanapadadu,​trs parrty lo telanngana kossam poraddina vallle unnaara poraatam ki vyatirrekam ga unnolllani minissters ala chesinaru...gurivinda ginnja ki kinnda unna maccha kanapaadadu,​trrs party lo telngnana kosam pordidna valle unaraa poataam ki vyairerkam ga unnlllani minstsers ala chesinau..g.urivinda ginja ki kinda unnna macha kanpadaadu
106,Mahesh anna… disappointed with this movie..next movie hit avvali…,non-hate,Latin/Romanized,Mahesh anna… disappointed with this movie..next movie hit avvali…,Mahesh anna… disappointed with this movie..next movie hit avvali…,Mahesh anna… disappointed with this movie..next movie hit avvali…,Mahesh anna… disappointed with this movie..next movie hit avvali…,Maheesh annna… disappoointed with this movie...next movvie hit avvaali…,Maeseh anna… disapoionted witth thiis movi...next movie hit avalai…
107,"Jagan ni poguthunnava, leka mingutunnava...indirect ga jagan secret lu ani cheptunnav.",hate,Latin/Romanized,"Jagan ni poguthunnava, leka mingutunnava...indirect ga jagan secret lu ani cheptunnav.","Jagan ni poguthunnava, leka mingutunnava...indirect ga jagan secret lu ani cheptunnav.","Jagan ni poguthunnava, leka mingutunnava...indirect ga jagan secret lu ani cheptunnav.","Jagan ni poguthunnava, leka mingutunnava...indirect ga jagan secret lu ani cheptunnav.","Jaggan ni poguthuunnava, leka mingutunnavaa...indirect ga jaggan secrret lu ani cheptuunnav.","Jagan ni poguhununava, lekka mingutunava.a..indirect ga jagan serert lu ani chepununav."
108,Samudramlo alalu aagavu Harsha Anna ki anna meeda prema chavadi,non-hate,Latin/Romanized,Samudramlo alalu aagavu Harsha Anna ki anna meeda prema chavadi,Samudramlo alalu aagavu Harsha Anna ki anna meeda prema chavadi,Samudramlo alalu aagavu Harsha Anna ki anna meeda prema chavadi,Samudramlo alalu aagavu Harsha Anna ki anna meeda prema chavadi,Samudrramlo alaalu aagaavu Harssha Anna ki anna meeeda preema chavvadi,Samdrarmlo alalu aaavau Hashsa Annna ki annna meeda prema chvavdi
109,lanja puk managment valla ma warner mamali vadi velipoyaru,hate,Latin/Romanized,lanja puk managment valla ma warner mamali vadi velipoyaru,lanja puk managment valla ma warner mamali vadi velipoyaru,lanja puk managment valla ma warner mamali vadi velipoyaru,lanja puk managment valla ma warner mamali vadi velipoyaru,lannja puk managgment vallla ma warnner mamaali vadi velipooyaru,lanja puk mangmgent valla ma wanenr maalai vaddi velpoyoaru
110,ఫస్ట్ నీతులు చెప్పావు కదా డబ్బు వద్దని ఇప్పుడు ఎందుకు తీసుకోమంటున్నావ్..,hate,Telugu,ఫస్ట్ నీతులు చెప్పావు కదా డబ్బు వద్దని ఇప్పుడు ఎందుకు తీసుకోమంటున్నావ్..,phasata naeetaulau chaepapaaavau kadaaa dababau vadadanai ipapaudau emdaukau taeesaukaoomamtaunanaaava..,ఫస్ట్ నీతులు చెప్పావు కదా డబ్బు వద్దని ఇప్పుడు ఎందుకు తీసుకోమంటున్నావ్..,phasata నీతులు chaepapaaavau కదా dababau వద్దని ipapaudau ఎందుకు taeesaukaoomamtaunanaaava..,ఫస్్ట్ నీతుులు చెప్పపావు కదా డబ్్బు వద్దదని ఇప్పపుడు ఎందుుకు తీసుకోమంటుున్నావ్..,ఫస్ట్ నీులుు చెపపాపవు కదా డబ్బు వదదనది ఇపపుపడు ఎంుకుు తీసుకోంటును్నావ్..
111,సూపర్ అన్న నీ వీడియోస్ నీ మాటలు అంటే నాకు చాలా ఇష్టం అందుకే నీ ఛానల్ సబ్స్క్రైబ్,non-hate,Telugu,సూపర్ అన్న నీ వీడియోస్ నీ మాటలు అంటే నాకు చాలా ఇష్టం అందుకే నీ ఛానల్ సబ్స్క్రైబ్,saoopara anana naee vaeedaiyaoosa naee maaatalau amtaae naaakau chaaalaaa ishatam amdaukaae naee chhaaanala sabasakaraaiba,సూపర్ అన్న నీ వీడియోస్ నీ మాటలు అంటే నాకు చాలా ఇష్టం అందుకే నీ ఛానల్ సబ్స్క్రైబ్,saoopara అన్న naee వీడియోస్ naee మాటలు amtaae నాకు chaaalaaa ఇష్టం amdaukaae నీ chhaaanala సబ్స్క్రైబ్,సూపపర్ అన్న నీ వీడియయోస్ నీ మాటటలు అంటే నాకు చాలా ఇష్్టం అందుుకే నీ ఛాననల్ సబ్స్కక్రైబ్,సూపర్ అన్్న నీ వీడయోయస్ నీ మాటలు అంటటే నాకకు చాలలా ఇష్టం అంుకుే నీ ఛానల్ సబ్సక్కరైబ్
112,"BJP TRS iddaru dosthlu le , bayatiki ivanni dramalu",non-hate,Latin/Romanized,"BJP TRS iddaru dosthlu le , bayatiki ivanni dramalu","BJP TRS iddaru dosthlu le , bayatiki ivanni dramalu","BJP TRS iddaru dosthlu le , bayatiki ivanni dramalu","BJP TRS iddaru dosthlu le , bayatiki ivanni dramalu","BJP TRS iddaaru dostthlu le , bayattiki ivannni drammalu","BJP TRS idarau dothtlu le , baytitki ivnnni drmamlu"
113,మంగ్లీ పాడిన పాటలు అన్నీ ఒకేలాగనే అనిపిస్తున్నాయి పెద్ద డిఫరెంట్ ఏమీ లేదు,hate,Telugu,మంగ్లీ పాడిన పాటలు అన్నీ ఒకేలాగనే అనిపిస్తున్నాయి పెద్ద డిఫరెంట్ ఏమీ లేదు,mamgalaee paaadaina paaatalau ananaee okaaelaaaganaae anaipaisataunanaaayai paedada daipharaemta aemaee laaedau,మంగ్లీ పాడిన పాటలు అన్నీ ఒకేలాగనే అనిపిస్తున్నాయి పెద్ద డిఫరెంట్ ఏమీ లేదు,mamgalaee పాడిన paaatalau అన్నీ okaaelaaaganaae అనిపిస్తున్నాయి paedada డిఫరెంట్ aemaee లేదు,మంగ్్లీ పాడడిన పాటటలు అన్్నీ ఒకేలాాగనే అనిపిస్తతున్నాయి పెదద్ద డిఫరెెంట్ ఏమీ లేదు,మం్ల్ీ పాడిన పాటలు అన్నీ ఒకేాగానే అనిపి్తుతన్నాయి పెద్ద డిఫెంెట్ ఏమీ లేదదు
114,Yem matladuthunnav ra? Naralu kattai poiniy Neeku lekkalenduku ra ayya? Weekend politician,hate,Latin/Romanized,Yem matladuthunnav ra? Naralu kattai poiniy Neeku lekkalenduku ra ayya? Weekend politician,Yem matladuthunnav ra? Naralu kattai poiniy Neeku lekkalenduku ra ayya? Weekend politician,Yem matladuthunnav ra? Naralu kattai poiniy Neeku lekkalenduku ra ayya? Weekend politician,Yem matladuthunnav ra? Naralu kattai poiniy Neeku lekkalenduku ra ayya? Weekend politician,Yem matladutthunnav ra? Naraalu katttai poinniy Neeeku lekkaleenduku ra ayyya? Weekkend politiician,Yem matlauthtunnav ra? Naalau katati poniny Neeku lekkleneduku ra ayya? Wekeknd polticiian
115,మీరు చరిత్రలో నీలుస్తరు బ్రో Hand's off to Your help full to poor people.,non-hate,Mixed,మీరు చరిత్రలో నీలుస్తరు బ్రో Hand's off to Your help full to poor people.,maeerau charaitaralaoo naeelausatarau baraoo Hand's off to Your help full to poor people.,మీరు చరిత్రలో నీలుస్తరు బ్రో Hand's off to Your help full to poor people.,maeerau చరిత్రలో naeelausatarau బ్రో Hand's off to Your help full to poor people.,మీరు చరిత్్రలో నీలుసస్తరు బ్రో Handd's off to Your help full to poor peopple.,మీరరు చరి్ర్లో నీలస్సతరు బ్రరో Had'ds off to Youur hellp fulll to pooor peplpe.
116,Smile chudanidhe venakki thaggavu bro nuvvu,non-hate,Latin/Romanized,Smile chudanidhe venakki thaggavu bro nuvvu,Smile chudanidhe venakki thaggavu bro nuvvu,Smile chudanidhe venakki thaggavu bro nuvvu,Smile chudanidhe venakki thaggavu bro nuvvu,Smiile chudannidhe venaakki thagggavu bro nuvvvu,Smile chuanindhe veakaki thagagvu bro nuvvu
117,Pichola gurinchi vinadame gane direct ga epudu e video lo chustuna ...,non-hate,Latin/Romanized,Pichola gurinchi vinadame gane direct ga epudu e video lo chustuna ...,Pichola gurinchi vinadame gane direct ga epudu e video lo chustuna ...,Pichola gurinchi vinadame gane direct ga epudu e video lo chustuna ...,Pichola gurinchi vinadame gane direct ga epudu e video lo chustuna ...,Pichhola gurinnchi vinaddame gane direect ga epuudu e viddeo lo chusttuna ...,Pihohla gurncnhi vindadme ganne diecet ga epudu e video lo chututna ...
118,rechipothunnaru adhikaram lo unnaru ani ahamkara dhorani,hate,Latin/Romanized,rechipothunnaru adhikaram lo unnaru ani ahamkara dhorani,rechipothunnaru adhikaram lo unnaru ani ahamkara dhorani,rechipothunnaru adhikaram lo unnaru ani ahamkara dhorani,rechipothunnaru adhikaram lo unnaru ani ahamkara dhorani,rechipotthunnaru adhikkaram lo unnaaru ani ahamkkara dhorrani,rechiothtunnaru adhkakram lo unarau ani ahakakra dhrarni
119,Title leak ayithe entiii leak avakapothe entiii....maku enti yee golaaa....title entooo mee build up entooo,hate,Latin/Romanized,Title leak ayithe entiii leak avakapothe entiii....maku enti yee golaaa....title entooo mee build up entooo,Title leak ayithe entiii leak avakapothe entiii....maku enti yee golaaa....title entooo mee build up entooo,Title leak ayithe entiii leak avakapothe entiii....maku enti yee golaaa....title entooo mee build up entooo,Title leak ayithe entiii leak avakapothe entiii....maku enti yee golaaa....title entooo mee build up entooo,Tittle leak ayitthe entiiii leak avakappothe entiii.....maku enti yee golaaa.....title entoooo mee buiild up entoooo,Title leaak aythte eniiii leaak avaapopthe entii.....maku entti yee golaa.....title enoooo mee build up enoooo
120,Die hard fan frm Kerala  Nenu choosina pedha actor uh Tollywood lo Pawan Garuu,non-hate,Latin/Romanized,Die hard fan frm Kerala  Nenu choosina pedha actor uh Tollywood lo Pawan Garuu,Die hard fan frm Kerala Nenu choosina pedha actor uh Tollywood lo Pawan Garuu,Die hard fan frm Kerala  Nenu choosina pedha actor uh Tollywood lo Pawan Garuu,Die hard fan frm Kerala Nenu choosina pedha actor uh Tollywood lo Pawan Garuu,Die hard fan frm Keraala Nenu choossina peddha acttor uh Tollyywood lo Pawwan Garruu,Die harrd fan frm Kealaa Nennu chosisna pedha actor uh Tolywyood lo Pawan Garuu
121,Naa drustilo pspk garu Devudu,non-hate,Latin/Romanized,Naa drustilo pspk garu Devudu,Naa drustilo pspk garu Devudu,Naa drustilo pspk garu Devudu,Naa drustilo pspk garu Devudu,Naa drusttilo pspk garu Devuudu,Naa drutitlo psppk garru Deuduu
122,ముందు రాజా సింగ్ ను కాపాడండి అప్పుడే మీ పార్టీపై ప్రజల్లో నమ్మకం ఏర్పడుతుంది,non-hate,Telugu,ముందు రాజా సింగ్ ను కాపాడండి అప్పుడే మీ పార్టీపై ప్రజల్లో నమ్మకం ఏర్పడుతుంది,maumdau raaajaaa saimga nau kaaapaaadamdai apapaudaae maee paaarataeepaai parajalalaoo namamakam aerapadautaumdai,ముందు రాజా సింగ్ ను కాపాడండి అప్పుడే మీ పార్టీపై ప్రజల్లో నమ్మకం ఏర్పడుతుంది,maumdau రాజా saimga ను kaaapaaadamdai అప్పుడే maee పార్టీపై parajalalaoo నమ్మకం aerapadautaumdai,ముంందు రాజా సింంగ్ ను కాపాడడండి అప్పపుడే మీ పార్టటీపై ప్రజలల్లో నమ్మమకం ఏర్పడుుతుంది,ముందు రాజజా సింగ్ ను కాపడండడి అపపుపడే మీ పారటీటపై ప్రల్లలో నమమకమం ఏర్పుతుుంది
123,పోయే కాలం దగ్గర పడింది దేనికి,hate,Telugu,పోయే కాలం దగ్గర పడింది దేనికి,paooyaae kaaalam dagagara padaimdai daaenaikai,పోయే కాలం దగ్గర పడింది దేనికి,paooyaae కాలం dagagara పడింది daaenaikai,పోయే కాలం దగ్్గర పడింంది దేనిికి,పోయయే కాలలం దగ్గర పడందంి దేికిి
124,"Yerri paapalam manam , samanya prajalu",hate,Latin/Romanized,"Yerri paapalam manam , samanya prajalu","Yerri paapalam manam , samanya prajalu","Yerri paapalam manam , samanya prajalu","Yerri paapalam manam , samanya prajalu","Yerrri paapaalam mannam , samaanya prajjalu","Yerri paaalaam manam , saanaya prjajlu"
125,"Dr YNM
1 month ago
ఇందులో మనం పెద్దగా ఆలోచించాల్సిన అవసరం లేదు. అంతా కాలం మహిమ.ఏదో ఒకరోజు కాలం ఆయనకు ఇవ్వవలసిన గిఫ్ట్ తప్పకుండా ఇస్తుంది. చేసిన కర్మలు అనుభవించక తప్పదు.. సోనియా గాంధీ అయినా, మోదీ అయినా, చంద్రబాబు నాయుడు అయినా, జగన్ అయినా.. కాలం అంతే..",non-hate,Mixed,"Dr YNM
1 month ago
ఇందులో మనం పెద్దగా ఆలోచించాల్సిన అవసరం లేదు. అంతా కాలం మహిమ.ఏదో ఒకరోజు కాలం ఆయనకు ఇవ్వవలసిన గిఫ్ట్ తప్పకుండా ఇస్తుంది. చేసిన కర్మలు అనుభవించక తప్పదు.. సోనియా గాంధీ అయినా, మోదీ అయినా, చంద్రబాబు నాయుడు అయినా, జగన్ అయినా.. కాలం అంతే..","Dr YNM 1 month ago imdaulaoo manam paedadagaaa aalaoochaimchaaalasaina avasaram laaedau. amtaaa kaaalam mahaima.aedaoo okaraoojau kaaalam aayanakau ivavavalasaina gaiphata tapapakaumdaaa isataumdai. chaaesaina karamalau anaubhavaimchaka tapapadau.. saoonaiyaaa gaaamdhaee ayainaaa, maoodaee ayainaaa, chamdarabaaabau naaayaudau ayainaaa, jagana ayainaaa.. kaaalam amtaae..","Dr YNM
1 month ago
ఇందులో మనం పెద్దగా ఆలోచించాల్సిన అవసరం లేదు. అంతా కాలం మహిమ.ఏదో ఒకరోజు కాలం ఆయనకు ఇవ్వవలసిన గిఫ్ట్ తప్పకుండా ఇస్తుంది. చేసిన కర్మలు అనుభవించక తప్పదు.. సోనియా గాంధీ అయినా, మోదీ అయినా, చంద్రబాబు నాయుడు అయినా, జగన్ అయినా.. కాలం అంతే..","Dr YNM 1 month ago ఇందులో manam పెద్దగా aalaoochaimchaaalasaina అవసరం laaedau. అంతా kaaalam మహిమ.ఏదో okaraoojau కాలం aayanakau ఇవ్వవలసిన gaiphata తప్పకుండా isataumdai. చేసిన karamalau అనుభవించక tapapadau.. సోనియా gaaamdhaee అయినా, maoodaee అయినా, chamdarabaaabau నాయుడు ayainaaa, జగన్ ayainaaa.. కాలం amtaae..","Dr YNM 1 monnth ago ఇందుులో మనం పెద్్దగా ఆలోచించచాల్సిన అవససరం లేదదు. అంతా కాలం మహిమ..ఏదో ఒకరోోజు కాలం ఆయననకు ఇవ్వవవలసిన గిఫ్్ట్ తప్పకకుండా ఇస్తుుంది. చేససిన కర్మమలు అనుభవవించక తప్పదదు.. సోనిియా గాంంధీ అయిననా, మోదీ అయిననా, చంద్రరబాబు నాయుుడు అయిననా, జగన్ అయిననా.. కాలం అంతేే..","Dr YNM 1 month ago ఇంులుో మనం పె్ద్గా ఆలోచంచాచల్సిన అవసరం లేదు. అంతతా కాలలం మహి.ఏ.దో ఒకోజోు కాలలం ఆయనకు ఇవ్వలవసిన గి్ట్్ తప్కుకండా ఇస్ుంుది. చేసిన కరమలము అనువివంచక తప్దుద.. సోియిా గాంధీ అయనాన, మోదదీ అయనాన, చందరబరాబు నాుడుు అయనాన, జగనన్ అయనాన.. కాలలం అంే.ే."
126,తట్టా బుట్టా సర్దుకొని రెడీ గుండు జగన్ రెడ్డి టైం అయిపోయింది,hate,Telugu,తట్టా బుట్టా సర్దుకొని రెడీ గుండు జగన్ రెడ్డి టైం అయిపోయింది,tatataaa bautataaa saradaukaonai raedaee gaumdau jagana raedadai taaim ayaipaooyaimdai,తట్టా బుట్టా సర్దుకొని రెడీ గుండు జగన్ రెడ్డి టైం అయిపోయింది,tatataaa బుట్టా saradaukaonai రెడీ gaumdau జగన్ raedadai టైం ayaipaooyaimdai,తట్్టా బుట్్టా సర్దుుకొని రెడీ గుంండు జగన్ రెడ్్డి టైం అయిపోయయింది,తట్టా బు్ట్ా సర్ుకుొని రెడడీ గుండు జగనన్ రె్డ్ి టైం అయిోయియంది
127,Jagan eppatiki CM avvaledu raasi pettukoo....ha ....,hate,Latin/Romanized,Jagan eppatiki CM avvaledu raasi pettukoo....ha ....,Jagan eppatiki CM avvaledu raasi pettukoo....ha ....,Jagan eppatiki CM avvaledu raasi pettukoo....ha ....,Jagan eppatiki CM avvaledu raasi pettukoo....ha ....,Jaggan eppattiki CM avvalledu raaasi pettukooo....ha ....,Jagan epptitki CM avvleldu raasi pettuoo.o...ha .....
128,"Mega star ane person , definitely evadu oppukunna oppukokapoyinaa inspiration to many people long live sir",non-hate,Latin/Romanized,"Mega star ane person , definitely evadu oppukunna oppukokapoyinaa inspiration to many people long live sir","Mega star ane person , definitely evadu oppukunna oppukokapoyinaa inspiration to many people long live sir","Mega star ane person , definitely evadu oppukunna oppukokapoyinaa inspiration to many people long live sir","Mega star ane person , definitely evadu oppukunna oppukokapoyinaa inspiration to many people long live sir","Mega star ane persson , definiitely evaadu oppukkunna oppukokaapoyinaa inspirration to many peopple long live sir","Megga staar ane pesosn , defnitiely evadu oppkuknna oppukkapaoyinaa insprartion to manny peplpe lonng livve sir"
129,జారిపోతానయి..కొంచెం గట్టిగా ముడి వేయి,hate,Telugu,జారిపోతానయి..కొంచెం గట్టిగా ముడి వేయి,jaaaraipaootaaanayai..kaomchaem gatataigaaa maudai vaaeyai,జారిపోతానయి..కొంచెం గట్టిగా ముడి వేయి,jaaaraipaootaaanayai..kaomchaem గట్టిగా maudai వేయి,జారిపోతానయయి..కొంచెం గట్టటిగా ముడి వేయి,జారిపోానయియ..కొంచెం గటటిటగా ముడడి వేయయి
130,తాగ్గి వాగుతుంది పాప ఈమె చిలకలూరపేటలో రికార్డింగ్ డాన్స్రు,non-hate,Telugu,తాగ్గి వాగుతుంది పాప ఈమె చిలకలూరపేటలో రికార్డింగ్ డాన్స్రు,taaagagai vaaagautaumdai paaapa eemae chailakalaoorapaaetalaoo raikaaaradaimga daaanasarau,తాగ్గి వాగుతుంది పాప ఈమె చిలకలూరపేటలో రికార్డింగ్ డాన్స్రు,taaagagai వాగుతుంది paaapa ఈమె chailakalaoorapaaetalaoo రికార్డింగ్ daaanasarau,తాగ్్గి వాగుతతుంది పాప ఈమె చిలకలూరరపేటలో రికార్్డింగ్ డాన్సస్రు,తా్గ్ి వాగతుతంది పాప ఈమె చిలకూరపరేటలో రికా్డ్ింగ్ డానస్సరు
131,"Nattu ga , neku manishiki undalsina lakshanam okkati kooda ledhu kadha ra.",hate,Latin/Romanized,"Nattu ga , neku manishiki undalsina lakshanam okkati kooda ledhu kadha ra.","Nattu ga , neku manishiki undalsina lakshanam okkati kooda ledhu kadha ra.","Nattu ga , neku manishiki undalsina lakshanam okkati kooda ledhu kadha ra.","Nattu ga , neku manishiki undalsina lakshanam okkati kooda ledhu kadha ra.","Natttu ga , neku manisshiki undallsina lakshhanam okkaati koooda leddhu kaddha ra.","Nattu ga , nekku manshsiki undlslina lakhahnam okatai kooda ledhu kadha ra."
132,ap lo road la ki aa dikku ledh malla metro endhi mawa,hate,Latin/Romanized,ap lo road la ki aa dikku ledh malla metro endhi mawa,ap lo road la ki aa dikku ledh malla metro endhi mawa,ap lo road la ki aa dikku ledh malla metro endhi mawa,ap lo road la ki aa dikku ledh malla metro endhi mawa,ap lo road la ki aa dikkku ledh mallla mettro enddhi mawa,ap lo roaad la ki aa dikku leddh malla metro endhi mawwa
133,Yedichav le copy cat veshalu nuvvu,hate,Latin/Romanized,Yedichav le copy cat veshalu nuvvu,Yedichav le copy cat veshalu nuvvu,Yedichav le copy cat veshalu nuvvu,Yedichav le copy cat veshalu nuvvu,Yedicchav le copy cat veshhalu nuvvvu,Yedchcav le coppy cat vehahlu nuvvu
134,"వాళ్లు ఈ జీవితం లో కూడ ఫలక్నామ ప్యాలస్ లో బోజనం చేసివుండకపోదురు,నువ్వు గ్రేట్ బ్రో",non-hate,Telugu,"వాళ్లు ఈ జీవితం లో కూడ ఫలక్నామ ప్యాలస్ లో బోజనం చేసివుండకపోదురు,నువ్వు గ్రేట్ బ్రో","vaaalalau ee jaeevaitam laoo kaooda phalakanaaama payaaalasa laoo baoojanam chaaesaivaumdakapaoodaurau,nauvavau garaaeta baraoo","వాళ్లు ఈ జీవితం లో కూడ ఫలక్నామ ప్యాలస్ లో బోజనం చేసివుండకపోదురు,నువ్వు గ్రేట్ బ్రో","vaaalalau ఈ jaeevaitam లో kaooda ఫలక్నామ payaaalasa లో baoojanam చేసివుండకపోదురు,నువ్వు garaaeta బ్రో","వాళ్్లు ఈ జీవిితం లో కూడ ఫలక్్నామ ప్యాాలస్ లో బోజజనం చేసివుండకపోదదురు,నువ్వు గ్రేేట్ బ్రో","వా్ల్ు ఈ జీితిం లో కూడ ఫల్న్ామ ప్ాలాస్ లో బోజనం చేసివుంకపోదుదరు,నువ్వు గ్ేటే్ బ్రరో"
135,Ede antha fack news,non-hate,Latin/Romanized,Ede antha fack news,Ede antha fack news,Ede antha fack news,Ede antha fack news,Ede anttha fack news,Ede antha facck newws
136,"చాలా బాగా explain చేశారు బ్రదర్. Small correction మూలాధార, ఆజ్ఞ చక్ర, సహస్రార",non-hate,Mixed,"చాలా బాగా explain చేశారు బ్రదర్. Small correction మూలాధార, ఆజ్ఞ చక్ర, సహస్రార","chaaalaaa baaagaaa explain chaaeshaaarau baradara. Small correction maoolaaadhaaara, aajanya chakara, sahasaraaara","చాలా బాగా explain చేశారు బ్రదర్. Small correction మూలాధార, ఆజ్ఞ చక్ర, సహస్రార","chaaalaaa బాగా explain చేశారు baradara. Small correction మూలాధార, aajanya చక్ర, sahasaraaara","చాలా బాగా expllain చేశాారు బ్రదదర్. Smaall correcction మూలాధధార, ఆజ్ఞ చక్్ర, సహస్్రార","చాలలా బాగగా exlalin చేారాు బ్దరద్. Small corectcion మూలధాధర, ఆజ్్ఞ చక్ర, సహ్ర్ార"
137,Allu aravind garilo manchi actor vunnaru hilarious,non-hate,Latin/Romanized,Allu aravind garilo manchi actor vunnaru hilarious,Allu aravind garilo manchi actor vunnaru hilarious,Allu aravind garilo manchi actor vunnaru hilarious,Allu aravind garilo manchi actor vunnaru hilarious,Allu aravvind gariilo mancchi acttor vunnnaru hilarrious,Alllu arvivnd gailio machci actor vunanru hilrirous
138,ee kalam ammailu ki dabbuli vunte chaalu anukuntaru,non-hate,Latin/Romanized,ee kalam ammailu ki dabbuli vunte chaalu anukuntaru,ee kalam ammailu ki dabbuli vunte chaalu anukuntaru,ee kalam ammailu ki dabbuli vunte chaalu anukuntaru,ee kalam ammailu ki dabbuli vunte chaalu anukuntaru,ee kallam ammaailu ki dabbbuli vunnte chaaalu anukunntaru,ee kalam amaialu ki dabubli vunte chalau anuuntnaru
139,Rahul dravid vadi moddalo selection  asla chahal hi endhuku tesukole,hate,Latin/Romanized,Rahul dravid vadi moddalo selection  asla chahal hi endhuku tesukole,Rahul dravid vadi moddalo selection asla chahal hi endhuku tesukole,Rahul dravid vadi moddalo selection  asla chahal hi endhuku tesukole,Rahul dravid vadi moddalo selection asla chahal hi endhuku tesukole,Rahhul dravvid vadi modddalo selecction asla chahhal hi endhhuku tesukkole,Rahul drvivd vaddi modadlo selctcion aslla chhahl hi enhuhku teskokle
140,జనం. కూడా. మారిపోతే.  చాలా బాగున్ను కదా,non-hate,Telugu,జనం. కూడా. మారిపోతే.  చాలా బాగున్ను కదా,janam. kaoodaaa. maaaraipaootaae. chaaalaaa baaagaunanau kadaaa,జనం. కూడా. మారిపోతే.  చాలా బాగున్ను కదా,janam. కూడా. maaaraipaootaae. చాలా baaagaunanau కదా,జనం. కూడడా. మారిపపోతే. చాలా బాగునన్ను కదా,జనంం. కూడా. మారపోపతే. చాలలా బాగన్నను కదా
141,పూరి చూస్తే చాలా బాధ గా ఉంది ...ఒక్క మంచి డైరెక్టర్ ఇలాంటి మూవీస్ తియ్యడం ఏంటి ...i love you పూరి sir... వేరే హీరో తో మూవీ తియ్యి Anna,non-hate,Mixed,పూరి చూస్తే చాలా బాధ గా ఉంది ...ఒక్క మంచి డైరెక్టర్ ఇలాంటి మూవీస్ తియ్యడం ఏంటి ...i love you పూరి sir... వేరే హీరో తో మూవీ తియ్యి Anna,paoorai chaoosataae chaaalaaa baaadha gaaa umdai ...okaka mamchai daairaekatara ilaaamtai maoovaeesa taiyayadam aemtai ...i love you paoorai sir... vaaeraae haeeraoo taoo maoovaee taiyayai Anna,పూరి చూస్తే చాలా బాధ గా ఉంది ...ఒక్క మంచి డైరెక్టర్ ఇలాంటి మూవీస్ తియ్యడం ఏంటి ...i love you పూరి sir... వేరే హీరో తో మూవీ తియ్యి Anna,paoorai చూస్తే chaaalaaa బాధ gaaa ఉంది ...okaka మంచి daairaekatara ఇలాంటి maoovaeesa తియ్యడం aemtai ...i love you paoorai sir... vaaeraae హీరో taoo మూవీ taiyayai Anna,పూరి చూస్్తే చాలా బాధ గా ఉంది ...ఒఒక్క మంచి డైరెకక్టర్ ఇలాంంటి మూవీీస్ తియ్్యడం ఏంటి ...i love you పూరి sir.... వేరే హీరో తో మూవీ తియ్్యి Anna,పూరరి చూ్త్ే చాలలా బాధ గా ఉందది ..ఒకఒ్క మంచచి డైరక్కటర్ ఇలంటంి మూీసీ్ తి్య్డం ఏంటటి ....i lovve you పూరరి si.... వేరరే హీరరో తో మూవవీ తి్య్ి Annna
142,pedavallaku apadha vasthe ventene velli sahayam chese goppa leaders komatireddy brother's  dammunna leader rajanna ma balam ma dhairyam ma pranam komatireddy brothers,non-hate,Latin/Romanized,pedavallaku apadha vasthe ventene velli sahayam chese goppa leaders komatireddy brother's  dammunna leader rajanna ma balam ma dhairyam ma pranam komatireddy brothers,pedavallaku apadha vasthe ventene velli sahayam chese goppa leaders komatireddy brother's dammunna leader rajanna ma balam ma dhairyam ma pranam komatireddy brothers,pedavallaku apadha vasthe ventene velli sahayam chese goppa leaders komatireddy brother's  dammunna leader rajanna ma balam ma dhairyam ma pranam komatireddy brothers,pedavallaku apadha vasthe ventene velli sahayam chese goppa leaders komatireddy brother's dammunna leader rajanna ma balam ma dhairyam ma pranam komatireddy brothers,pedavaallaku apaddha vastthe venttene vellli sahaayam cheese gopppa leadders komatiireddy brothher's dammuunna leadder rajaanna ma ballam ma dhairryam ma prannam komatiireddy brothhers,pedaalalaku apdhda vathte vetetne velli saayaam chese goppa lededrs komairieddy brohehr's damununa lededr raanana ma balam ma dharyram ma prnanm komairieddy brohehrs
143,Aada Paduchula Usuru thagili Yellow party nasanam kavali.,non-hate,Latin/Romanized,Aada Paduchula Usuru thagili Yellow party nasanam kavali.,Aada Paduchula Usuru thagili Yellow party nasanam kavali.,Aada Paduchula Usuru thagili Yellow party nasanam kavali.,Aada Paduchula Usuru thagili Yellow party nasanam kavali.,Aada Paducchula Usuuru thaggili Yelllow parrty nasaanam kavaali.,Aadda Padchcula Usuru thgigli Yelolw party naanaam kaalai.
144,jagan amma vadi dabbulu pettali nanna gudda lo nunchi leppali,hate,Latin/Romanized,jagan amma vadi dabbulu pettali nanna gudda lo nunchi leppali,jagan amma vadi dabbulu pettali nanna gudda lo nunchi leppali,jagan amma vadi dabbulu pettali nanna gudda lo nunchi leppali,jagan amma vadi dabbulu pettali nanna gudda lo nunchi leppali,jaggan amma vadi dabbbulu petttali nannna guddda lo nuncchi lepppali,jagan ammma vaddi dabublu petatli nanna gudda lo nuchci lepapli
145,ప్రతి పాట అరపు ఎక్కువగా ఉంటుంది ఎందుకో అన్ని పాటలు ఒకేలా ఉన్నాయి.,non-hate,Telugu,ప్రతి పాట అరపు ఎక్కువగా ఉంటుంది ఎందుకో అన్ని పాటలు ఒకేలా ఉన్నాయి.,paratai paaata arapau ekakauvagaaa umtaumdai emdaukaoo ananai paaatalau okaaelaaa unanaaayai.,ప్రతి పాట అరపు ఎక్కువగా ఉంటుంది ఎందుకో అన్ని పాటలు ఒకేలా ఉన్నాయి.,paratai పాట arapau ఎక్కువగా umtaumdai ఎందుకో ananai పాటలు okaaelaaa ఉన్నాయి.,ప్రరతి పాట అరపు ఎక్కుువగా ఉంటుుంది ఎందుుకో అన్్ని పాటటలు ఒకేేలా ఉన్నాాయి.,ప్రతి పాట అరపపు ఎక్ువుగా ఉంుంుది ఎంుకుో అన్ని పాటలు ఒకేలా ఉన్ాయాి.
146,పూరి sir liger movie black baster మీకు all the best sir,non-hate,Mixed,పూరి sir liger movie black baster మీకు all the best sir,paoorai sir liger movie black baster maeekau all the best sir,పూరి sir liger movie black baster మీకు all the best sir,paoorai sir liger movie black baster maeekau all the best sir,పూరి sir ligger movvie blaack bastter మీకు all the best sir,పూరరి sir liger movie black batetr మీకకు all the besst sir
147,Mamulu ga evvaledhu ga anchor anna,non-hate,Latin/Romanized,Mamulu ga evvaledhu ga anchor anna,Mamulu ga evvaledhu ga anchor anna,Mamulu ga evvaledhu ga anchor anna,Mamulu ga evvaledhu ga anchor anna,Mamuulu ga evvalledhu ga anchhor anna,Mauluu ga evvleldhu ga anhohr annna
148,అరటి బొదలు అనంగా విన్నాను. ఇప్పుడు శ్రీముఖివి చూశాను.,hate,Telugu,అరటి బొదలు అనంగా విన్నాను. ఇప్పుడు శ్రీముఖివి చూశాను.,aratai baodalau anamgaaa vainanaaanau. ipapaudau sharaeemaukhaivai chaooshaaanau.,అరటి బొదలు అనంగా విన్నాను. ఇప్పుడు శ్రీముఖివి చూశాను.,aratai బొదలు anamgaaa విన్నాను. ipapaudau శ్రీముఖివి chaooshaaanau.,అరటి బొదదలు అనంంగా విన్ననాను. ఇప్పపుడు శ్రీముుఖివి చూశాాను.,అరటటి బొదలు అనంగా విననానను. ఇపపుపడు శ్రముఖుివి చూానాు.
149,ఇదీ ఒక ప్లాన్ ప్రకారం జరిగినట్టు ఉంది భలే సీన్,non-hate,Telugu,ఇదీ ఒక ప్లాన్ ప్రకారం జరిగినట్టు ఉంది భలే సీన్,idaee oka palaaana parakaaaram jaraigainatatau umdai bhalaae saeena,ఇదీ ఒక ప్లాన్ ప్రకారం జరిగినట్టు ఉంది భలే సీన్,idaee ఒక palaaana ప్రకారం jaraigainatatau ఉంది bhalaae సీన్,ఇదీ ఒక ప్లాాన్ ప్రకకారం జరిగిననట్టు ఉంది భలే సీన్,ఇదీ ఒక ప్ానా్ ప్కాకరం జరిినటన్టు ఉందది భలే సీనన్
150,Kcr bsp valu enni eastunaru month ki Nek,non-hate,Latin/Romanized,Kcr bsp valu enni eastunaru month ki Nek,Kcr bsp valu enni eastunaru month ki Nek,Kcr bsp valu enni eastunaru month ki Nek,Kcr bsp valu enni eastunaru month ki Nek,Kcr bsp valu enni eastuunaru monnth ki Nek,Kcr bsp vallu ennni easunuaru month ki Nek
151,Abbo iragadesindi song vere level,non-hate,Latin/Romanized,Abbo iragadesindi song vere level,Abbo iragadesindi song vere level,Abbo iragadesindi song vere level,Abbo iragadesindi song vere level,Abbo iragadeesindi song vere levvel,Abbbo iragdeseindi sonng verre level
152,bro delete cheyakapothey ma fans ninnu degenutharu,hate,Latin/Romanized,bro delete cheyakapothey ma fans ninnu degenutharu,bro delete cheyakapothey ma fans ninnu degenutharu,bro delete cheyakapothey ma fans ninnu degenutharu,bro delete cheyakapothey ma fans ninnu degenutharu,bro deleete cheyakaapothey ma fans ninnnu degenuutharu,bro deetee cheykapaothey ma fanns ninnu degeutuharu
153,ఇంత కరువులో ఉన్నరేంటిరా.,hate,Telugu,ఇంత కరువులో ఉన్నరేంటిరా.,imta karauvaulaoo unanaraaemtairaaa.,ఇంత కరువులో ఉన్నరేంటిరా.,imta కరువులో unanaraaemtairaaa.,ఇంత కరువవులో ఉన్నరేంంటిరా.,ఇంత కరవువలో ఉన్నేంటంిరా.
154,Vinayaka chavithi subhakanshalu Harsha sai,non-hate,Latin/Romanized,Vinayaka chavithi subhakanshalu Harsha sai,Vinayaka chavithi subhakanshalu Harsha sai,Vinayaka chavithi subhakanshalu Harsha sai,Vinayaka chavithi subhakanshalu Harsha sai,Vinayyaka chaviithi subhakaanshalu Harssha sai,Vinyayka chaitihi subhkanashalu Hashsa sai
155,A B N  MD రాధాకృష్ణ గారి కి  చుక్కలు చూపించిన   ''K A పాల్ గారు'' మీరు సూపర్ సార్ నీ మాటల్లో నిజాయితీ కల్పిస్తుంది..,non-hate,Mixed,A B N  MD రాధాకృష్ణ గారి కి  చుక్కలు చూపించిన   ''K A పాల్ గారు'' మీరు సూపర్ సార్ నీ మాటల్లో నిజాయితీ కల్పిస్తుంది..,A B N MD raaadhaaakarushana gaaarai kai chaukakalau chaoopaimchaina ''K A paaala gaaarau'' maeerau saoopara saaara naee maaatalalaoo naijaaayaitaee kalapaisataumdai..,A B N  MD రాధాకృష్ణ గారి కి  చుక్కలు చూపించిన   ''K A పాల్ గారు'' మీరు సూపర్ సార్ నీ మాటల్లో నిజాయితీ కల్పిస్తుంది..,A B N MD raaadhaaakarushana గారి kai చుక్కలు chaoopaimchaina ''K A పాల్ gaaarau'' మీరు saoopara సార్ naee మాటల్లో naijaaayaitaee కల్పిస్తుంది..,A B N MD రాధాకకృష్ణ గారి కి చుక్్కలు చూపింంచిన ''K A పాల్ గారుు'' మీరు సూపపర్ సార్ నీ మాటలల్లో నిజాయయితీ కల్పిస్తతుంది..,A B N MD రాధకృకష్ణ గారరి కి చు్క్లు చూపంచంిన ''K A పాలల్ గాు'ు' మీరరు సూపర్ సారర్ నీ మాల్లలో నిజయియతీ కల్పి్తుతంది..
156,Avinash మంచోడు బ్రో episode mottham choodu just నాగబాబు అనమని చెప్పాడు అంటా బ్రో episode lo...,non-hate,Mixed,Avinash మంచోడు బ్రో episode mottham choodu just నాగబాబు అనమని చెప్పాడు అంటా బ్రో episode lo...,Avinash mamchaoodau baraoo episode mottham choodu just naaagabaaabau anamanai chaepapaaadau amtaaa baraoo episode lo...,Avinash మంచోడు బ్రో episode mottham choodu just నాగబాబు అనమని చెప్పాడు అంటా బ్రో episode lo...,Avinash మంచోడు baraoo episode mottham choodu just నాగబాబు anamanai చెప్పాడు amtaaa బ్రో episode lo...,Avinnash మంచోోడు బ్రో epissode motttham chooodu just నాగబబాబు అనమమని చెప్పపాడు అంటా బ్రో epissode lo....,Avnansh మంోడోు బ్రరో epsosde mothtam chodou jusst నాబాబబు అనమని చెపపాపడు అంటటా బ్రరో epsosde lo...
157,Pastors అందరికీ ఒక మనవి.దయచేసి ఈ విధమైన debates వెళ్ళి Christianity కీ ఉన్న విలువ తగ్గించవదు.,hate,Mixed,Pastors అందరికీ ఒక మనవి.దయచేసి ఈ విధమైన debates వెళ్ళి Christianity కీ ఉన్న విలువ తగ్గించవదు.,Pastors amdaraikaee oka manavai.dayachaaesai ee vaidhamaaina debates vaelalai Christianity kaee unana vailauva tagagaimchavadau.,Pastors అందరికీ ఒక మనవి.దయచేసి ఈ విధమైన debates వెళ్ళి Christianity కీ ఉన్న విలువ తగ్గించవదు.,Pastors అందరికీ oka మనవి.దయచేసి ee విధమైన debates వెళ్ళి Christianity కీ unana విలువ tagagaimchavadau.,Pasttors అందరరికీ ఒక మనవి.దదయచేసి ఈ విధమమైన debaates వెళ్్ళి Christiianity కీ ఉన్న విలలువ తగ్గింంచవదు.,Patotrs అంరిరకీ ఒక మనవిదయదచేసి ఈ విమైమన deataes వె్ళ్ి Chritiainity కీ ఉన్్న విలువ తగ్గంచంవదు.
158,Pichi pattinattundi peekey ki. A P arachekam jaragabothundhi ani anipistundhi naku,hate,Latin/Romanized,Pichi pattinattundi peekey ki. A P arachekam jaragabothundhi ani anipistundhi naku,Pichi pattinattundi peekey ki. A P arachekam jaragabothundhi ani anipistundhi naku,Pichi pattinattundi peekey ki. A P arachekam jaragabothundhi ani anipistundhi naku,Pichi pattinattundi peekey ki. A P arachekam jaragabothundhi ani anipistundhi naku,Picchi pattinaattundi peekkey ki. A P arachhekam jaragaboothundhi ani anipisttundhi naku,Pichi pattnatatundi pekeky ki. A P arahehkam jaragbotohundhi ani anipstutndhi nakku
159,ఇలా చేస్తే దేశం పరువు పోతుంది దయ చేసి దేశం పరువు తీయదు,non-hate,Telugu,ఇలా చేస్తే దేశం పరువు పోతుంది దయ చేసి దేశం పరువు తీయదు,ilaaa chaaesataae daaesham parauvau paootaumdai daya chaaesai daaesham parauvau taeeyadau,ఇలా చేస్తే దేశం పరువు పోతుంది దయ చేసి దేశం పరువు తీయదు,ilaaa చేస్తే daaesham పరువు paootaumdai దయ chaaesai దేశం parauvau తీయదు,ఇలా చేస్్తే దేశం పరుువు పోతుుంది దయ చేసి దేశం పరుువు తీయయదు,ఇలా చే్త్ే దేశశం పరువు పోుంుది దయ చేససి దేశశం పరువు తీయదు
160,మంచి ఆన్సర్ ఇచ్చారు బ్రో,non-hate,Telugu,మంచి ఆన్సర్ ఇచ్చారు బ్రో,mamchai aanasara ichachaaarau baraoo,మంచి ఆన్సర్ ఇచ్చారు బ్రో,mamchai ఆన్సర్ ichachaaarau బ్రో,మంచి ఆన్ససర్ ఇచ్చచారు బ్రో,మంచచి ఆనసరస్ ఇచచాచరు బ్రరో
161,JD garu mee lanti Genuine persons Pavan gariki support ga unte baguntundi sir,non-hate,Latin/Romanized,JD garu mee lanti Genuine persons Pavan gariki support ga unte baguntundi sir,JD garu mee lanti Genuine persons Pavan gariki support ga unte baguntundi sir,JD garu mee lanti Genuine persons Pavan gariki support ga unte baguntundi sir,JD garu mee lanti Genuine persons Pavan gariki support ga unte baguntundi sir,JD garu mee lannti Genuuine perssons Pavvan gariiki suppport ga unte bagunttundi sir,JD garru mee lanti Geuiune pesosns Pavan gaikii supoprt ga untte bagntutndi sir
162,ఎంత ముద్దుగుందో చాలా బాగున్నావ్ బంగారం,non-hate,Telugu,ఎంత ముద్దుగుందో చాలా బాగున్నావ్ బంగారం,emta maudadaugaumdaoo chaaalaaa baaagaunanaaava bamgaaaram,ఎంత ముద్దుగుందో చాలా బాగున్నావ్ బంగారం,emta ముద్దుగుందో chaaalaaa బాగున్నావ్ bamgaaaram,ఎంత ముద్దుుగుందో చాలా బాగున్్నావ్ బంగాారం,ఎంత ముద్ుగుుందో చాలలా బాగన్న్ావ్ బంారాం
163,Nuvu Am speaker ra babu,hate,Latin/Romanized,Nuvu Am speaker ra babu,Nuvu Am speaker ra babu,Nuvu Am speaker ra babu,Nuvu Am speaker ra babu,Nuvu Am speaaker ra babu,Nuvvu Am spakaer ra babbu
164,ఎంతమంది డ్యాన్స్ మాస్టర్ లు వచ్చినా ప్రభుదేవా మాస్టర్ లాగా వేయలేరు,hate,Telugu,ఎంతమంది డ్యాన్స్ మాస్టర్ లు వచ్చినా ప్రభుదేవా మాస్టర్ లాగా వేయలేరు,emtamamdai dayaaanasa maaasatara lau vachachainaaa parabhaudaaevaaa maaasatara laaagaaa vaaeyalaaerau,ఎంతమంది డ్యాన్స్ మాస్టర్ లు వచ్చినా ప్రభుదేవా మాస్టర్ లాగా వేయలేరు,emtamamdai డ్యాన్స్ maaasatara లు vachachainaaa ప్రభుదేవా maaasatara లాగా vaaeyalaaerau,ఎంతమమంది డ్యానన్స్ మాస్్టర్ లు వచ్చచినా ప్రభుుదేవా మాస్్టర్ లాగా వేయలలేరు,ఎంమంమది డ్యన్నస్ మా్ట్ర్ లు వచచిచనా ప్రుదుేవా మా్ట్ర్ లాగగా వేలేలరు
165,DNR still old school...  Kalam tho Marakapote evaru aina kala gharbham lo kalisipotaru.,hate,Latin/Romanized,DNR still old school...  Kalam tho Marakapote evaru aina kala gharbham lo kalisipotaru.,DNR still old school... Kalam tho Marakapote evaru aina kala gharbham lo kalisipotaru.,DNR still old school...  Kalam tho Marakapote evaru aina kala gharbham lo kalisipotaru.,DNR still old school... Kalam tho Marakapote evaru aina kala gharbham lo kalisipotaru.,DNR stiill old schoool... Kallam tho Marakaapote evaaru aina kala gharbbham lo kalisippotaru.,DNR still old scholo... Kalam tho Markapaote evaru ainna kalla ghabhbam lo kaliipoptaru.
166,ప్రభాస్ గారు అనుష్క గారు మీరు తొందరగా పెళ్లి చేసుకోండి,non-hate,Telugu,ప్రభాస్ గారు అనుష్క గారు మీరు తొందరగా పెళ్లి చేసుకోండి,parabhaaasa gaaarau anaushaka gaaarau maeerau taomdaragaaa paelalai chaaesaukaoomdai,ప్రభాస్ గారు అనుష్క గారు మీరు తొందరగా పెళ్లి చేసుకోండి,parabhaaasa గారు anaushaka గారు maeerau తొందరగా paelalai చేసుకోండి,ప్రభభాస్ గారు అనుషష్క గారు మీరు తొందదరగా పెళ్్లి చేసుకకోండి,ప్భాభస్ గారరు అనష్షక గారరు మీరరు తొదరదగా పె్ల్ి చేసకోకండి
167,కొంచెంకూడ హీరో అనే పొగరు లేదు గ్రేట్ సార్ మీరు,non-hate,Telugu,కొంచెంకూడ హీరో అనే పొగరు లేదు గ్రేట్ సార్ మీరు,kaomchaemkaooda haeeraoo anaae paogarau laaedau garaaeta saaara maeerau,కొంచెంకూడ హీరో అనే పొగరు లేదు గ్రేట్ సార్ మీరు,kaomchaemkaooda హీరో anaae పొగరు laaedau గ్రేట్ saaara మీరు,కొంచెెంకూడ హీరో అనే పొగగరు లేదు గ్రేేట్ సార్ మీరు,కొంెంెకూడ హీరరో అనే పొగరు లేదదు గ్ేటే్ సారర్ మీరరు
168,Nani inkosari pk speech chudu ... Sollu kakunda raise chesina points gurinchi matladu... Sannasivenuv no doubt,hate,Latin/Romanized,Nani inkosari pk speech chudu ... Sollu kakunda raise chesina points gurinchi matladu... Sannasivenuv no doubt,Nani inkosari pk speech chudu ... Sollu kakunda raise chesina points gurinchi matladu... Sannasivenuv no doubt,Nani inkosari pk speech chudu ... Sollu kakunda raise chesina points gurinchi matladu... Sannasivenuv no doubt,Nani inkosari pk speech chudu ... Sollu kakunda raise chesina points gurinchi matladu... Sannasivenuv no doubt,Nani inkossari pk speeech chuudu ... Solllu kakuunda raiise chessina poinnts gurinnchi matladdu... Sannasiivenuv no douubt,Nanni inksasri pk speceh chudu ... Sollu kaunuda raise chsisna pontns gurncnhi matadud... Sannsivienuv no doubt
169,mohan babu oppukunna oppukokapoyina chiranjeevi peddankanni vachchina gouravam m taggipodu,hate,Latin/Romanized,mohan babu oppukunna oppukokapoyina chiranjeevi peddankanni vachchina gouravam m taggipodu,mohan babu oppukunna oppukokapoyina chiranjeevi peddankanni vachchina gouravam m taggipodu,mohan babu oppukunna oppukokapoyina chiranjeevi peddankanni vachchina gouravam m taggipodu,mohan babu oppukunna oppukokapoyina chiranjeevi peddankanni vachchina gouravam m taggipodu,mohhan babu oppukkunna oppukokaapoyina chirannjeevi peddannkanni vachcchina gouraavam m taggiipodu,mohan babbu oppkuknna oppukkapaoyina chirnjneevi peddnknanni vacchcina gouavaam m tagipiodu
170,Atlunttadhi palanadu thitlantte sarrigga deggutam,hate,Latin/Romanized,Atlunttadhi palanadu thitlantte sarrigga deggutam,Atlunttadhi palanadu thitlantte sarrigga deggutam,Atlunttadhi palanadu thitlantte sarrigga deggutam,Atlunttadhi palanadu thitlantte sarrigga deggutam,Atluntttadhi palannadu thitlaantte sarriigga degguutam,Atlutttadhi palnandu thilanatte sarigiga degutuam
171,Sontha Peru meda registration chey leka piyadu,hate,Latin/Romanized,Sontha Peru meda registration chey leka piyadu,Sontha Peru meda registration chey leka piyadu,Sontha Peru meda registration chey leka piyadu,Sontha Peru meda registration chey leka piyadu,Sonttha Peru meda registrration chey leka piyaadu,Sothta Perru medda regitrartion cheey lekka piadau
172,"Hi harsha....happy vinayaka chavithi,  life long nuv happy ga undalani............aa devunni korukuntunna sai......may god bless u  harsha.",non-hate,Latin/Romanized,"Hi harsha....happy vinayaka chavithi,  life long nuv happy ga undalani............aa devunni korukuntunna sai......may god bless u  harsha.","Hi harsha....happy vinayaka chavithi, life long nuv happy ga undalani............aa devunni korukuntunna sai......may god bless u harsha.","Hi harsha....happy vinayaka chavithi,  life long nuv happy ga undalani............aa devunni korukuntunna sai......may god bless u  harsha.","Hi harsha....happy vinayaka chavithi, life long nuv happy ga undalani............aa devunni korukuntunna sai......may god bless u harsha.","Hi harsha.....happy vinayyaka chaviithi, life long nuv happpy ga undalani.............aa devuunni korukunntunna sai.......may god bleess u harssha.","Hi harsh.....happy vinyayka chaitihi, liffe lonng nuv happy ga undalan.............aa deununi koruuntnunna sai......may god bless u hashsa."
173,సార్ కెసిఆర్ గారు విషయాలను పూసగుచ్చినట్లు చెప్తున్నారు మాధవ రెడ్డి నయీమ్ ల సంబంధించిన వివరంగా మాట్లాడడానికి ఇబ్బంది పడుతున్నారు మీరు కూడా హండ్రెడ్ పర్సెంట్  ఫేక్,hate,Telugu,సార్ కెసిఆర్ గారు విషయాలను పూసగుచ్చినట్లు చెప్తున్నారు మాధవ రెడ్డి నయీమ్ ల సంబంధించిన వివరంగా మాట్లాడడానికి ఇబ్బంది పడుతున్నారు మీరు కూడా హండ్రెడ్ పర్సెంట్  ఫేక్,saaara kaesaiaara gaaarau vaishayaaalanau paoosagauchachainatalau chaepataunanaaarau maaadhava raedadai nayaeema la sambamdhaimchaina vaivaramgaaa maaatalaaadadaaanaikai ibabamdai padautaunanaaarau maeerau kaoodaaa hamdaraeda parasaemta phaaeka,సార్ కెసిఆర్ గారు విషయాలను పూసగుచ్చినట్లు చెప్తున్నారు మాధవ రెడ్డి నయీమ్ ల సంబంధించిన వివరంగా మాట్లాడడానికి ఇబ్బంది పడుతున్నారు మీరు కూడా హండ్రెడ్ పర్సెంట్  ఫేక్,saaara కెసిఆర్ gaaarau విషయాలను paoosagauchachainatalau చెప్తున్నారు maaadhava రెడ్డి nayaeema ల sambamdhaimchaina వివరంగా maaatalaaadadaaanaikai ఇబ్బంది padautaunanaaarau మీరు kaoodaaa హండ్రెడ్ parasaemta ఫేక్,సార్ కెసిిఆర్ గారు విషయాాలను పూసగుచ్చచినట్లు చెప్తునన్నారు మాధవ రెడ్్డి నయీీమ్ ల సంబంధిించిన వివరరంగా మాట్లాడడడానికి ఇబ్బబంది పడుతునన్నారు మీరు కూడా హండ్రరెడ్ పర్సెెంట్ ఫేక్,సారర్ కెిఆిర్ గారరు విషాలాను పూసగు్చిచనట్లు చెప్ున్ననారు మాధధవ రె్డ్ి నయీమ్ ల సంబధింిచిన విరంరగా మాట్ాడడడానికి ఇబబంబది పడుతన్ననారు మీరరు కూడడా హండరెరడ్ పర్ెంెట్ ఫేకక్
174,"Maatalu jagratha rooja .alaga janam ,kodukulu antunnavv mari antha gb voddu",hate,Latin/Romanized,"Maatalu jagratha rooja .alaga janam ,kodukulu antunnavv mari antha gb voddu","Maatalu jagratha rooja .alaga janam ,kodukulu antunnavv mari antha gb voddu","Maatalu jagratha rooja .alaga janam ,kodukulu antunnavv mari antha gb voddu","Maatalu jagratha rooja .alaga janam ,kodukulu antunnavv mari antha gb voddu","Maattalu jagraatha roooja .alaaga jannam ,koduukulu antunnnavv mari anttha gb vodddu","Matatlu jagataha rooja .aagaa janam ,koukuulu antnnnavv marri antha gb voddu"
175,jani anna RC annatho kalisi hero ga cheste choodaalani vundhi,non-hate,Latin/Romanized,jani anna RC annatho kalisi hero ga cheste choodaalani vundhi,jani anna RC annatho kalisi hero ga cheste choodaalani vundhi,jani anna RC annatho kalisi hero ga cheste choodaalani vundhi,jani anna RC annatho kalisi hero ga cheste choodaalani vundhi,jani anna RC annaatho kaliisi hero ga chesste choodaaalani vunddhi,janni annna RC anataho kaisii herro ga chstse chooaaalani vudhdi
176,జగన్మోహన్ రెడ్డి వల్ల పిల్లలు బాగా చూసుకున్నాడు అని యాంకర్ వాగు తోంది వాళ్ళ పిల్లల్ని కాక నీ పిల్లలు బాగా చూసుకుంటారు,hate,Telugu,జగన్మోహన్ రెడ్డి వల్ల పిల్లలు బాగా చూసుకున్నాడు అని యాంకర్ వాగు తోంది వాళ్ళ పిల్లల్ని కాక నీ పిల్లలు బాగా చూసుకుంటారు,jaganamaoohana raedadai valala pailalalau baaagaaa chaoosaukaunanaaadau anai yaaamkara vaaagau taoomdai vaaalala pailalalanai kaaaka naee pailalalau baaagaaa chaoosaukaumtaaarau,జగన్మోహన్ రెడ్డి వల్ల పిల్లలు బాగా చూసుకున్నాడు అని యాంకర్ వాగు తోంది వాళ్ళ పిల్లల్ని కాక నీ పిల్లలు బాగా చూసుకుంటారు,jaganamaoohana రెడ్డి valala పిల్లలు baaagaaa చూసుకున్నాడు anai యాంకర్ vaaagau తోంది vaaalala పిల్లల్ని kaaaka నీ pailalalau బాగా chaoosaukaumtaaarau,జగన్మమోహన్ రెడ్్డి వల్ల పిల్్లలు బాగా చూసుకునన్నాడు అని యాంకకర్ వాగు తోంంది వాళళ్ళ పిల్లలల్ని కాక నీ పిల్్లలు బాగా చూసుకుుంటారు,జగనమోమహన్ రె్డ్ి వల్్ల పి్ల్లు బాగగా చూసుున్ననాడు అని యాకరక్ వాగగు తోంది వాళ్ళ పిలలలల్ని కాక నీ పి్ల్లు బాగగా చూసుుంుటారు
177,"ఆపరా.... నువ్వు ఒక అమ్మాయి తో నీచంగా వ్యవహరించి, వెనక నుంచి గట్టిగా పట్టుకుందా మనుకున్నా అని నీ character lose చేసుకున్నావ్... ఎవడెం చేస్తాడు?",hate,Mixed,"ఆపరా.... నువ్వు ఒక అమ్మాయి తో నీచంగా వ్యవహరించి, వెనక నుంచి గట్టిగా పట్టుకుందా మనుకున్నా అని నీ character lose చేసుకున్నావ్... ఎవడెం చేస్తాడు?","aaparaaa.... nauvavau oka amamaaayai taoo naeechamgaaa vayavaharaimchai, vaenaka naumchai gatataigaaa patataukaumdaaa manaukaunanaaa anai naee character lose chaaesaukaunanaaava... evadaem chaaesataaadau?","ఆపరా.... నువ్వు ఒక అమ్మాయి తో నీచంగా వ్యవహరించి, వెనక నుంచి గట్టిగా పట్టుకుందా మనుకున్నా అని నీ character lose చేసుకున్నావ్... ఎవడెం చేస్తాడు?","aaparaaa.... నువ్వు oka అమ్మాయి taoo నీచంగా vayavaharaimchai, వెనక naumchai గట్టిగా patataukaumdaaa మనుకున్నా anai నీ character lose chaaesaukaunanaaava... ఎవడెం chaaesataaadau?","ఆపరా..... నువ్్వు ఒక అమ్మమాయి తో నీచంంగా వ్యవహరరించి, వెనక నుంంచి గట్టటిగా పట్టుకకుందా మనుకుున్నా అని నీ charaacter lose చేసుకున్్నావ్... ఎవడడెం చేస్తతాడు?","ఆపర..... ను్వ్ు ఒక అమమామయి తో నీంగంా వ్యవరిరంచి, వెననక నుంచి గటటిటగా పట్ుకుకందా మనుును్నా అని నీ chaacater losse చేసుకన్న్ావ్... ఎవడెం చేసతాతడు?"
178,Ni moham ante kada,hate,Latin/Romanized,Ni moham ante kada,Ni moham ante kada,Ni moham ante kada,Ni moham ante kada,Ni mohham ante kada,Ni moham antte kadda
179,ni news ni over action ki dandam ra babu,non-hate,Latin/Romanized,ni news ni over action ki dandam ra babu,ni news ni over action ki dandam ra babu,ni news ni over action ki dandam ra babu,ni news ni over action ki dandam ra babu,ni news ni over actiion ki danddam ra babu,ni newws ni oveer acioin ki dadadm ra babbu
180,అన్నా కాస్త జాగ్రత్త... వాళ్లే అనుకోని లోపల  నుండి దేంతోనన్న విసిరేరు... కాస్త గ్యాప్ ఇచ్చి పోతండే... Love you Anna... నీ కష్టం వృధా కాదు,non-hate,Mixed,అన్నా కాస్త జాగ్రత్త... వాళ్లే అనుకోని లోపల  నుండి దేంతోనన్న విసిరేరు... కాస్త గ్యాప్ ఇచ్చి పోతండే... Love you Anna... నీ కష్టం వృధా కాదు,ananaaa kaaasata jaaagaratata... vaaalalaae anaukaoonai laoopala naumdai daaemtaoonanana vaisairaaerau... kaaasata gayaaapa ichachai paootamdaae... Love you Anna... naee kashatam varudhaaa kaaadau,అన్నా కాస్త జాగ్రత్త... వాళ్లే అనుకోని లోపల  నుండి దేంతోనన్న విసిరేరు... కాస్త గ్యాప్ ఇచ్చి పోతండే... Love you Anna... నీ కష్టం వృధా కాదు,ananaaa కాస్త jaaagaratata... వాళ్లే anaukaoonai లోపల naumdai దేంతోనన్న vaisairaaerau... కాస్త gayaaapa ఇచ్చి paootamdaae... Love you Anna... naee కష్టం varudhaaa కాదు,అన్్నా కాసస్త జాగ్రతత్త... వాళ్్లే అనుకకోని లోపల నుంండి దేంతోోనన్న విసిరేేరు... కాసస్త గ్యాాప్ ఇచ్్చి పోతండడే... Love you Annaa... నీ కష్్టం వృధా కాదు,అన్నా కాస్త జాగ్త్తత... వా్ల్ే అనకోకని లోపపల నుండి దేంోనోన్న విసిేరేు... కాస్త గ్ాపా్ ఇచ్చి పోతడేడ... Lovve you Ana.a.. నీ కష్టం వృధధా కాదదు
181,ఈ ప్రోమో చూసినంత సేపు నా మొహంలో చిరునవ్వు ఆగలేదు.,non-hate,Telugu,ఈ ప్రోమో చూసినంత సేపు నా మొహంలో చిరునవ్వు ఆగలేదు.,ee paraoomaoo chaoosainamta saaepau naaa maohamlaoo chairaunavavau aagalaaedau.,ఈ ప్రోమో చూసినంత సేపు నా మొహంలో చిరునవ్వు ఆగలేదు.,ee ప్రోమో chaoosainamta సేపు naaa మొహంలో chairaunavavau ఆగలేదు.,ఈ ప్రోోమో చూసిినంత సేపు నా మొహంంలో చిరుననవ్వు ఆగలేేదు.,ఈ ప్ోమోో చూినింత సేపపు నా మొంలంో చిరనవన్వు ఆగేదేు.
182,Vizag News reporter overaction chestunadu,hate,Latin/Romanized,Vizag News reporter overaction chestunadu,Vizag News reporter overaction chestunadu,Vizag News reporter overaction chestunadu,Vizag News reporter overaction chestunadu,Vizzag News reporrter overacction chestuunadu,Vizag Newws reprtrer oveactcion chetunuadu
183,మీ నడుము కేక ఆంటీ,hate,Telugu,మీ నడుము కేక ఆంటీ,maee nadaumau kaaeka aamtaee,మీ నడుము కేక ఆంటీ,maee నడుము kaaeka ఆంటీ,మీ నడుుము కేక ఆంటీ,మీ నడుము కేక ఆంటటీ
184,కళ్ళల్లో నుంచి కామం కారిపోతుంది,hate,Telugu,కళ్ళల్లో నుంచి కామం కారిపోతుంది,kalalalalaoo naumchai kaaamam kaaaraipaootaumdai,కళ్ళల్లో నుంచి కామం కారిపోతుంది,kalalalalaoo నుంచి kaaamam కారిపోతుంది,కళ్ళలల్లో నుంంచి కామం కారిపోోతుంది,కళ్ల్లలో నుంచి కామమం కారిోతోుంది
185,ఆదర్శమైన పొలిటికల్ లీడర్ అయితే రాజకీయ సన్యాసం తీసుకుంటనని చెప్పారు. ఏమైంది,non-hate,Telugu,ఆదర్శమైన పొలిటికల్ లీడర్ అయితే రాజకీయ సన్యాసం తీసుకుంటనని చెప్పారు. ఏమైంది,aadarashamaaina paolaitaikala laeedara ayaitaae raaajakaeeya sanayaaasam taeesaukaumtananai chaepapaaarau. aemaaimdai,ఆదర్శమైన పొలిటికల్ లీడర్ అయితే రాజకీయ సన్యాసం తీసుకుంటనని చెప్పారు. ఏమైంది,aadarashamaaina పొలిటికల్ laeedara అయితే raaajakaeeya సన్యాసం taeesaukaumtananai చెప్పారు. aemaaimdai,ఆదర్శశమైన పొలిటటికల్ లీడడర్ అయిితే రాజకకీయ సన్యయాసం తీసుకుుంటనని చెప్పపారు. ఏమైంంది,ఆదరశమశైన పొలటిటకల్ లీడర్ అయితే రాకీకయ సనయాయసం తీసుుంుటనని చెపపాపరు. ఏమందంి
186,జై జనసేన మన పార్టీ గెలవాలని మనస్పూర్తిగా కోరుకుంటున్న,non-hate,Telugu,జై జనసేన మన పార్టీ గెలవాలని మనస్పూర్తిగా కోరుకుంటున్న,jaai janasaaena mana paaarataee gaelavaaalanai manasapaoorataigaaa kaooraukaumtaunana,జై జనసేన మన పార్టీ గెలవాలని మనస్పూర్తిగా కోరుకుంటున్న,jaai జనసేన mana పార్టీ gaelavaaalanai మనస్పూర్తిగా kaooraukaumtaunana,జై జనససేన మన పార్్టీ గెలవాాలని మనస్పూరర్తిగా కోరుకుంంటున్న,జై జనసేన మన పా్ట్ీ గెలాలాని మనస్ూర్రతిగా కోరుుంటంున్న
187,దేశానికి పనికొచ్చే ఇటువంటి వారు నొప్పి లేకుండానే ప్రాణాలను వదులుతారు,non-hate,Telugu,దేశానికి పనికొచ్చే ఇటువంటి వారు నొప్పి లేకుండానే ప్రాణాలను వదులుతారు,daaeshaaanaikai panaikaochachaae itauvamtai vaaarau naopapai laaekaumdaaanaae paraaanaaalanau vadaulautaaarau,దేశానికి పనికొచ్చే ఇటువంటి వారు నొప్పి లేకుండానే ప్రాణాలను వదులుతారు,daaeshaaanaikai పనికొచ్చే itauvamtai వారు naopapai లేకుండానే paraaanaaalanau వదులుతారు,దేశాననికి పనికొొచ్చే ఇటువవంటి వారు నొప్్పి లేకుంండానే ప్రాణణాలను వదులుుతారు,దేశనినకి పనిొచొ్చే ఇటవంవటి వారరు నొ్ప్ి లేకండంానే ప్రణాణలను వదుుతుారు
188,Good అండి గీత కృష్ణ గారూ మంచి. ఇంటర్వ్యు,non-hate,Mixed,Good అండి గీత కృష్ణ గారూ మంచి. ఇంటర్వ్యు,Good amdai gaeeta karushana gaaaraoo mamchai. imtaravayau,Good అండి గీత కృష్ణ గారూ మంచి. ఇంటర్వ్యు,Good అండి gaeeta కృష్ణ gaaaraoo మంచి. imtaravayau,Good అండి గీత కృషష్ణ గారూ మంచచి. ఇంటర్్వ్యు,Goood అండడి గీత కృష్ణ గారరూ మంచి. ఇంట్వ్్యు
189,Pichi hospital lo join avara ayomayam,hate,Latin/Romanized,Pichi hospital lo join avara ayomayam,Pichi hospital lo join avara ayomayam,Pichi hospital lo join avara ayomayam,Pichi hospital lo join avara ayomayam,Picchi hospiital lo join avaara ayomaayam,Pichi hositial lo joiin avara ayoayaam
190,​BJP lo seat kosam baga chesav le stunt,hate,Latin/Romanized,​BJP lo seat kosam baga chesav le stunt,​BJP lo seat kosam baga chesav le stunt,​BJP lo seat kosam baga chesav le stunt,​BJP lo seat kosam baga chesav le stunt,​BJP lo seat kossam baga chessav le stuunt,​BJJP lo seaat kosam bagga chsasv le stunt
191,రౌడీ టిడిపి,hate,Telugu,రౌడీ టిడిపి,raaudaee taidaipai,రౌడీ టిడిపి,raaudaee టిడిపి,రౌడీ టిడిిపి,రౌడడీ టిిపిి
192,"అవసరం అయినప్పుడు ప్రాణాలు కి తెగించి పోరాడుతారు మన ఆంద్రప్రదేశ్ పోలీసులు, ఫారెస్ట్ ఆఫీసర్స్. గ్రేట్",non-hate,Telugu,"అవసరం అయినప్పుడు ప్రాణాలు కి తెగించి పోరాడుతారు మన ఆంద్రప్రదేశ్ పోలీసులు, ఫారెస్ట్ ఆఫీసర్స్. గ్రేట్","avasaram ayainapapaudau paraaanaaalau kai taegaimchai paooraaadautaaarau mana aamdaraparadaaesha paoolaeesaulau, phaaaraesata aaphaeesarasa. garaaeta","అవసరం అయినప్పుడు ప్రాణాలు కి తెగించి పోరాడుతారు మన ఆంద్రప్రదేశ్ పోలీసులు, ఫారెస్ట్ ఆఫీసర్స్. గ్రేట్","avasaram అయినప్పుడు paraaanaaalau కి taegaimchai పోరాడుతారు mana ఆంద్రప్రదేశ్ paoolaeesaulau, ఫారెస్ట్ aaphaeesarasa. గ్రేట్","అవససరం అయినప్్పుడు ప్రాణణాలు కి తెగిించి పోరాడుుతారు మన ఆంద్రప్్రదేశ్ పోలీససులు, ఫారెసస్ట్ ఆఫీసరర్స్. గ్రేేట్","అవసరం అయిప్ప్ుడు ప్రణాణలు కి తెింిచి పోరడుతుారు మన ఆంద్ప్ర్దేశ్ పోలసుసలు, ఫారస్సట్ ఆఫీర్రస్. గ్ేటే్"
193,He is genuine person అందుకే లోకల్ చిల్లర నాయకులు అంతా కలిసి వాడిని టార్గెట్ చేశారు,non-hate,Mixed,He is genuine person అందుకే లోకల్ చిల్లర నాయకులు అంతా కలిసి వాడిని టార్గెట్ చేశారు,He is genuine person amdaukaae laookala chailalara naaayakaulau amtaaa kalaisai vaaadainai taaaragaeta chaaeshaaarau,He is genuine person అందుకే లోకల్ చిల్లర నాయకులు అంతా కలిసి వాడిని టార్గెట్ చేశారు,He is genuine person amdaukaae లోకల్ chailalara నాయకులు amtaaa కలిసి vaaadainai టార్గెట్ chaaeshaaarau,He is genuuine persson అందుుకే లోకకల్ చిల్్లర నాయకకులు అంతా కలిిసి వాడిిని టార్గగెట్ చేశాారు,He is geuiune pesosn అంుకుే లోకల్ చి్ల్ర నాకుకలు అంతతా కలిసి వాినిి టారగెగట్ చేారాు
194,కార్తికేయన్ 2 Congratulations ఫర్ బిగ్ రెస్పాన్స్ ఫ్రమ్ పవన్ కళ్యాణ్ అన్న,non-hate,Mixed,కార్తికేయన్ 2 Congratulations ఫర్ బిగ్ రెస్పాన్స్ ఫ్రమ్ పవన్ కళ్యాణ్ అన్న,kaaarataikaaeyana 2 Congratulations phara baiga raesapaaanasa pharama pavana kalayaaana anana,కార్తికేయన్ 2 Congratulations ఫర్ బిగ్ రెస్పాన్స్ ఫ్రమ్ పవన్ కళ్యాణ్ అన్న,kaaarataikaaeyana 2 Congratulations ఫర్ baiga రెస్పాన్స్ pharama పవన్ kalayaaana అన్న,కార్తిికేయన్ 2 Congratuulations ఫర్ బిగ్ రెస్పాాన్స్ ఫ్రరమ్ పవన్ కళ్యయాణ్ అన్న,కార్ికిేయన్ 2 Congrtuluations ఫర్ బిగగ్ రెసపానా్స్ ఫ్రమ్ పవనన్ కళయాయణ్ అన్్న
195,Vedhavalu Vedhavalu anni chotla vunnaru..inka janalani yedipinchadam tappa,hate,Latin/Romanized,Vedhavalu Vedhavalu anni chotla vunnaru..inka janalani yedipinchadam tappa,Vedhavalu Vedhavalu anni chotla vunnaru..inka janalani yedipinchadam tappa,Vedhavalu Vedhavalu anni chotla vunnaru..inka janalani yedipinchadam tappa,Vedhavalu Vedhavalu anni chotla vunnaru..inka janalani yedipinchadam tappa,Vedhaavalu Vedhaavalu anni chottla vunnaruu..inka janallani yedipinnchadam tapppa,Vedavaalu Vedavaalu annni chtlta vunnru.u.inka janlalni yediincnhadam tappa
196,చంద్రబాబు శివుడు లాంటి వాడు.. విషాన్ని కూడా తనలోకి తీసుకుంటాడు...ఇక ఇలాంటివి ఒక లెక్కే కాదు..,non-hate,Telugu,చంద్రబాబు శివుడు లాంటి వాడు.. విషాన్ని కూడా తనలోకి తీసుకుంటాడు...ఇక ఇలాంటివి ఒక లెక్కే కాదు..,chamdarabaaabau shaivaudau laaamtai vaaadau.. vaishaaananai kaoodaaa tanalaookai taeesaukaumtaaadau...ika ilaaamtaivai oka laekakaae kaaadau..,చంద్రబాబు శివుడు లాంటి వాడు.. విషాన్ని కూడా తనలోకి తీసుకుంటాడు...ఇక ఇలాంటివి ఒక లెక్కే కాదు..,chamdarabaaabau శివుడు laaamtai వాడు.. vaishaaananai కూడా tanalaookai తీసుకుంటాడు...ఇక ilaaamtaivai ఒక laekakaae కాదు..,చంద్రరబాబు శివుుడు లాంంటి వాడుు.. విషానన్ని కూడా తనలోోకి తీసుకుంటాాడు...ఇక ఇలాంటటివి ఒక లెక్్కే కాదుు..,చందరబరాబు శిుడుు లాంటి వాు.ు. విషన్నని కూడడా తనోకోి తీసుకంటాడాు...ఇక ఇలాటిటవి ఒక లె్క్ే కాు.ు.
197,jai rgv jai puri,non-hate,Latin/Romanized,jai rgv jai puri,jai rgv jai puri,jai rgv jai puri,jai rgv jai puri,jai rgv jai puri,jai rgv jai purri
198,సోదరులు ఎంత గొడవ ఉన్న ఎవడన్నా తమ్ముడిని ఏమన్నా అంటే రక్తం ఊరుకోదు. అలాగే భారతీయులు కూడా ఉండాలని గొప్పగా చూపించిన రాజమౌళి గారికి ధన్యవాదాలు,non-hate,Telugu,సోదరులు ఎంత గొడవ ఉన్న ఎవడన్నా తమ్ముడిని ఏమన్నా అంటే రక్తం ఊరుకోదు. అలాగే భారతీయులు కూడా ఉండాలని గొప్పగా చూపించిన రాజమౌళి గారికి ధన్యవాదాలు,saoodaraulau emta gaodava unana evadananaaa tamamaudainai aemananaaa amtaae rakatam ooraukaoodau. alaaagaae bhaaarataeeyaulau kaoodaaa umdaaalanai gaopapagaaa chaoopaimchaina raaajamaaulai gaaaraikai dhanayavaaadaaalau,సోదరులు ఎంత గొడవ ఉన్న ఎవడన్నా తమ్ముడిని ఏమన్నా అంటే రక్తం ఊరుకోదు. అలాగే భారతీయులు కూడా ఉండాలని గొప్పగా చూపించిన రాజమౌళి గారికి ధన్యవాదాలు,saoodaraulau ఎంత gaodava ఉన్న evadananaaa తమ్ముడిని aemananaaa అంటే rakatam ఊరుకోదు. alaaagaae భారతీయులు kaoodaaa ఉండాలని gaopapagaaa చూపించిన raaajamaaulai గారికి dhanayavaaadaaalau,సోదరరులు ఎంత గొడవ ఉన్న ఎవడనన్నా తమ్ముుడిని ఏమన్్నా అంటే రక్్తం ఊరుకోోదు. అలాాగే భారతీీయులు కూడా ఉండాాలని గొప్్పగా చూపింంచిన రాజమమౌళి గారిికి ధన్యవాాదాలు,సోరురలు ఎంత గొడడవ ఉన్్న ఎవన్ననా తమ్ుడుిని ఏమ్న్ా అంటటే రక్తం ఊరుోదోు. అలాగే భారీయీులు కూడడా ఉంాలాని గొ్ప్గా చూపంచంిన రామౌమళి గాికిి ధన్వాదాాలు
199,"తెలంగాణ ఉద్యమ గీతాల నుండి, మాస్ గీతాల మీదికి రూట్ మార్చిన మంగ్లీ",non-hate,Telugu,"తెలంగాణ ఉద్యమ గీతాల నుండి, మాస్ గీతాల మీదికి రూట్ మార్చిన మంగ్లీ","taelamgaaana udayama gaeetaaala naumdai, maaasa gaeetaaala maeedaikai raoota maaarachaina mamgalaee","తెలంగాణ ఉద్యమ గీతాల నుండి, మాస్ గీతాల మీదికి రూట్ మార్చిన మంగ్లీ","taelamgaaana ఉద్యమ gaeetaaala నుండి, maaasa గీతాల maeedaikai రూట్ maaarachaina మంగ్లీ","తెలంంగాణ ఉద్్యమ గీతతాల నుండడి, మాస్ గీతతాల మీదిికి రూట్ మార్్చిన మంగ్్లీ","తెంగంాణ ఉద్యమ గీతాల నుడిడ, మాసస్ గీతాల మీికిి రూటట్ మా్చ్ిన మం్ల్ీ"
200,Exams lo vundey vallani invigilators antaru adi kuda teleedhu Veeedu minister chesadu.... karmara babu chi.... Thuppas na kodaka,hate,Latin/Romanized,Exams lo vundey vallani invigilators antaru adi kuda teleedhu Veeedu minister chesadu.... karmara babu chi.... Thuppas na kodaka,Exams lo vundey vallani invigilators antaru adi kuda teleedhu Veeedu minister chesadu.... karmara babu chi.... Thuppas na kodaka,Exams lo vundey vallani invigilators antaru adi kuda teleedhu Veeedu minister chesadu.... karmara babu chi.... Thuppas na kodaka,Exams lo vundey vallani invigilators antaru adi kuda teleedhu Veeedu minister chesadu.... karmara babu chi.... Thuppas na kodaka,Exaams lo vunddey valllani invigillators antaaru adi kuda teleeedhu Veeeedu minisster chesaddu.... karmmara babu chi..... Thupppas na kodaaka,Exams lo vudedy valalni inviilaltors anarau adi kudda teledehu Veedeu minstser chesdud.... kamamra babbu ch..... Thpppas na koakaa
201,pk inka ka pauk ap lo jokers,hate,Latin/Romanized,pk inka ka pauk ap lo jokers,pk inka ka pauk ap lo jokers,pk inka ka pauk ap lo jokers,pk inka ka pauk ap lo jokers,pk inka ka pauk ap lo jokeers,pk inkka ka pauuk ap lo joeres
202,తెలుగు బాయ్ ఫ్రెండ్ కావాలీ,hate,Telugu,తెలుగు బాయ్ ఫ్రెండ్ కావాలీ,taelaugau baaaya pharaemda kaaavaaalaee,తెలుగు బాయ్ ఫ్రెండ్ కావాలీ,taelaugau బాయ్ pharaemda కావాలీ,తెలుుగు బాయ్ ఫ్రెెండ్ కావాాలీ,తెుగుు బాయయ్ ఫ్ెంెడ్ కాాలాీ
203,Bochu pikanddii,hate,Latin/Romanized,Bochu pikanddii,Bochu pikanddii,Bochu pikanddii,Bochu pikanddii,Bocchu pikannddii,Bochu pikndndii
204,దీనమ్మ దీని కి ఇంకా ఏం పనిలేదా..,hate,Telugu,దీనమ్మ దీని కి ఇంకా ఏం పనిలేదా..,daeenamama daeenai kai imkaaa aem panailaaedaaa..,దీనమ్మ దీని కి ఇంకా ఏం పనిలేదా..,daeenamama దీని kai ఇంకా aem పనిలేదా..,దీనమమ్మ దీని కి ఇంకా ఏం పనిలేేదా..,దీమ్మమ దీనని కి ఇంకకా ఏం పనిేదేా..
205,Em kanapadathunnayi bokka,hate,Latin/Romanized,Em kanapadathunnayi bokka,Em kanapadathunnayi bokka,Em kanapadathunnayi bokka,Em kanapadathunnayi bokka,Em kanapadatthunnayi bokkka,Em kanapdathtunnayi bokka
206,Manu garu meru involve avvakandi chala chiraku ga vuntundhi,hate,Latin/Romanized,Manu garu meru involve avvakandi chala chiraku ga vuntundhi,Manu garu meru involve avvakandi chala chiraku ga vuntundhi,Manu garu meru involve avvakandi chala chiraku ga vuntundhi,Manu garu meru involve avvakandi chala chiraku ga vuntundhi,Manu garu meru invoolve avvakkandi chaala chirraku ga vuntuundhi,Mannu garru merru inolove avvkakndi chala chrarku ga vununudhi
207,Konda gani over action kompamunchindi,hate,Latin/Romanized,Konda gani over action kompamunchindi,Konda gani over action kompamunchindi,Konda gani over action kompamunchindi,Konda gani over action kompamunchindi,Konnda gani over actiion kompamunnchindi,Konda ganni oveer acioin kompauncnhindi
208,రమణ గారు సూపర్ గా పాడేరు మళ్లి మళ్లి వినాలి అనిపిస్తుంది మీకు అ దేవుడు ఇంక మంచి స్తాయిలో వుంచాలి అని కోరుకుంటాను,non-hate,Telugu,రమణ గారు సూపర్ గా పాడేరు మళ్లి మళ్లి వినాలి అనిపిస్తుంది మీకు అ దేవుడు ఇంక మంచి స్తాయిలో వుంచాలి అని కోరుకుంటాను,ramana gaaarau saoopara gaaa paaadaaerau malalai malalai vainaaalai anaipaisataumdai maeekau a daaevaudau imka mamchai sataaayailaoo vaumchaaalai anai kaooraukaumtaaanau,రమణ గారు సూపర్ గా పాడేరు మళ్లి మళ్లి వినాలి అనిపిస్తుంది మీకు అ దేవుడు ఇంక మంచి స్తాయిలో వుంచాలి అని కోరుకుంటాను,ramana గారు saoopara గా paaadaaerau మళ్లి malalai వినాలి anaipaisataumdai మీకు a దేవుడు imka మంచి sataaayailaoo వుంచాలి anai కోరుకుంటాను,రమణ గారు సూపపర్ గా పాడేేరు మళ్్లి మళ్్లి వినాాలి అనిపిస్్తుంది మీకు అ దేవుుడు ఇంక మంచి స్తాయయిలో వుంచచాలి అని కోరుకుుంటాను,రమణ గారరు సూపర్ గా పాేరేు మళ్లి మళ్లి విాలాి అనిపస్త్ుంది మీకకు అ దేుడుు ఇంక మంచచి స్తయియలో వుచాచలి అని కోరుుంుటాను
209,Aaa Voice lo unna rajasa yogame vere level Jai Prabhas Anna,non-hate,Latin/Romanized,Aaa Voice lo unna rajasa yogame vere level Jai Prabhas Anna,Aaa Voice lo unna rajasa yogame vere level Jai Prabhas Anna,Aaa Voice lo unna rajasa yogame vere level Jai Prabhas Anna,Aaa Voice lo unna rajasa yogame vere level Jai Prabhas Anna,Aaa Voiice lo unna rajaasa yogaame vere levvel Jai Prabbhas Anna,Aaa Voice lo unnna raasaa yoamae verre level Jai Prbhbas Annna
210,"Jetla
​INDIA ni developed cheyadam evarivalla kadani thelisipoindi prajalaki.....unnodi inka unnntha lenodiki inka lenantha....life tho brathakali thappadu",non-hate,Latin/Romanized,"Jetla
​INDIA ni developed cheyadam evarivalla kadani thelisipoindi prajalaki.....unnodi inka unnntha lenodiki inka lenantha....life tho brathakali thappadu",Jetla ​INDIA ni developed cheyadam evarivalla kadani thelisipoindi prajalaki.....unnodi inka unnntha lenodiki inka lenantha....life tho brathakali thappadu,"Jetla
​INDIA ni developed cheyadam evarivalla kadani thelisipoindi prajalaki.....unnodi inka unnntha lenodiki inka lenantha....life tho brathakali thappadu",Jetla ​INDIA ni developed cheyadam evarivalla kadani thelisipoindi prajalaki.....unnodi inka unnntha lenodiki inka lenantha....life tho brathakali thappadu,Jettla ​INDDIA ni develloped cheyaadam evarivvalla kadaani thelisiipoindi prajalaki......unnodi inka unnnntha lenoddiki inka lenantha.....life tho brathaakali thapppadu,Jetla ​IDIDA ni devlolped cheadaam evaivavlla kaanai thelsipioindi prajalai......unnodi inkka unntnha lendidki inkka lenanha.....life tho brahakaali thapapdu
211,Anna super bro,non-hate,Latin/Romanized,Anna super bro,Anna super bro,Anna super bro,Anna super bro,Anna supper bro,Annna super bro
212,Self dabba yekkuva indhi Nagababu nevu ne bussu lu thoo,hate,Latin/Romanized,Self dabba yekkuva indhi Nagababu nevu ne bussu lu thoo,Self dabba yekkuva indhi Nagababu nevu ne bussu lu thoo,Self dabba yekkuva indhi Nagababu nevu ne bussu lu thoo,Self dabba yekkuva indhi Nagababu nevu ne bussu lu thoo,Self dabbba yekkkuva inddhi Nagabbabu nevu ne busssu lu thoo,Sellf dabba yekukva indhi Nagbabbu nevvu ne bussu lu thooo
213,teenmmar mallana kcr cheppu nakutadhu,hate,Latin/Romanized,teenmmar mallana kcr cheppu nakutadhu,teenmmar mallana kcr cheppu nakutadhu,teenmmar mallana kcr cheppu nakutadhu,teenmmar mallana kcr cheppu nakutadhu,teenmmmar malllana kcr chepppu nakuttadhu,teemmmar malalna kcr chpppu naktatdhu
214,Veelu chesadi gymnastics malla vale dhani dance anukuntaru,hate,Latin/Romanized,Veelu chesadi gymnastics malla vale dhani dance anukuntaru,Veelu chesadi gymnastics malla vale dhani dance anukuntaru,Veelu chesadi gymnastics malla vale dhani dance anukuntaru,Veelu chesadi gymnastics malla vale dhani dance anukuntaru,Veeelu chessadi gymnasstics mallla vale dhaani dannce anukunntaru,Veelu chsasdi gymastsics malla valle dhani dance anuuntnaru
215,పెద్ద పీఠాధిపతి లాగా అందరికి ఆశీర్వాదం ఇస్తున్నాడుగా,hate,Telugu,పెద్ద పీఠాధిపతి లాగా అందరికి ఆశీర్వాదం ఇస్తున్నాడుగా,paedada paeethaaadhaipatai laaagaaa amdaraikai aashaeeravaaadam isataunanaaadaugaaa,పెద్ద పీఠాధిపతి లాగా అందరికి ఆశీర్వాదం ఇస్తున్నాడుగా,paedada పీఠాధిపతి laaagaaa అందరికి aashaeeravaaadam ఇస్తున్నాడుగా,పెదద్ద పీఠాధధిపతి లాగా అందరరికి ఆశీర్్వాదం ఇస్తున్్నాడుగా,పెద్ద పీఠధిధపతి లాగగా అంరిరకి ఆశీ్వ్ాదం ఇస్తన్న్ాడుగా
216,వాడు ఏదో జోక్ చేస్తే అది నువ్వు నమ్మడమే నా,non-hate,Telugu,వాడు ఏదో జోక్ చేస్తే అది నువ్వు నమ్మడమే నా,vaaadau aedaoo jaooka chaaesataae adai nauvavau namamadamaae naaa,వాడు ఏదో జోక్ చేస్తే అది నువ్వు నమ్మడమే నా,vaaadau ఏదో jaooka చేస్తే adai నువ్వు namamadamaae నా,వాడు ఏదో జోక్ చేస్్తే అది నువ్్వు నమ్మమడమే నా,వాడడు ఏదో జోకక్ చే్త్ే అది ను్వ్ు నమమడమమే నా
217,Pspk vachi photo dhigudham antey aa excitement ey veru adhi clear ga nivetha face lo kanipisthunadhi,non-hate,Latin/Romanized,Pspk vachi photo dhigudham antey aa excitement ey veru adhi clear ga nivetha face lo kanipisthunadhi,Pspk vachi photo dhigudham antey aa excitement ey veru adhi clear ga nivetha face lo kanipisthunadhi,Pspk vachi photo dhigudham antey aa excitement ey veru adhi clear ga nivetha face lo kanipisthunadhi,Pspk vachi photo dhigudham antey aa excitement ey veru adhi clear ga nivetha face lo kanipisthunadhi,Pspk vacchi phooto dhiguudham anttey aa exciteement ey veru adhi cleear ga niveetha face lo kanipistthunadhi,Psppk vachi photo dhiuduham antey aa exctemeent ey verru adhhi clear ga nieteha facce lo kanipsthtunadhi
218,RGV effect valla Puri cinemalu anni dobbayi.,hate,Latin/Romanized,RGV effect valla Puri cinemalu anni dobbayi.,RGV effect valla Puri cinemalu anni dobbayi.,RGV effect valla Puri cinemalu anni dobbayi.,RGV effect valla Puri cinemalu anni dobbayi.,RGV effeect vallla Puri cinemmalu anni dobbaayi.,RGV efecet valla Purri cinmamlu annni dobayai.
219,ఇలాంటి వీడియోస్ చేస్తుంటే మీ ఫ్యామిలీ లో ఆడవాళ్లు గుర్తుకు వస్తలేరా రా..బ్లూ బ్యాచ్ గా.. దాన్ని తన్నాలి ఫస్ట్ ఈలాంటి వీడియో కీ ఒప్పుకున్నందుకు,hate,Telugu,ఇలాంటి వీడియోస్ చేస్తుంటే మీ ఫ్యామిలీ లో ఆడవాళ్లు గుర్తుకు వస్తలేరా రా..బ్లూ బ్యాచ్ గా.. దాన్ని తన్నాలి ఫస్ట్ ఈలాంటి వీడియో కీ ఒప్పుకున్నందుకు,ilaaamtai vaeedaiyaoosa chaaesataumtaae maee phayaaamailaee laoo aadavaaalalau gaurataukau vasatalaaeraaa raaa..balaoo bayaaacha gaaa.. daaananai tananaaalai phasata eelaaamtai vaeedaiyaoo kaee opapaukaunanamdaukau,ఇలాంటి వీడియోస్ చేస్తుంటే మీ ఫ్యామిలీ లో ఆడవాళ్లు గుర్తుకు వస్తలేరా రా..బ్లూ బ్యాచ్ గా.. దాన్ని తన్నాలి ఫస్ట్ ఈలాంటి వీడియో కీ ఒప్పుకున్నందుకు,ilaaamtai వీడియోస్ chaaesataumtaae మీ phayaaamailaee లో aadavaaalalau గుర్తుకు vasatalaaeraaa రా..బ్లూ bayaaacha గా.. daaananai తన్నాలి phasata ఈలాంటి vaeedaiyaoo కీ opapaukaunanamdaukau,ఇలాంంటి వీడియయోస్ చేస్తతుంటే మీ ఫ్యామమిలీ లో ఆడవాళళ్లు గుర్తతుకు వస్తలలేరా రా..బబ్లూ బ్యాాచ్ గా.. దాన్్ని తన్ననాలి ఫస్్ట్ ఈలాంంటి వీడిియో కీ ఒప్పుకునన్నందుకు,ఇలంటంి వీడయోయస్ చేసతుతంటే మీ ఫ్యమిమలీ లో ఆడవళ్ళలు గురతుతకు వస్లేలరా రా.బ్బలూ బ్ాచా్ గా... దా్న్ి తననానలి ఫస్ట్ ఈలంటంి వీియిో కీ ఒప్పుున్ననందుకు
220,గుండెల పైన కాదు గుండె లోపల వున్నారు సర్ మీరు,non-hate,Telugu,గుండెల పైన కాదు గుండె లోపల వున్నారు సర్ మీరు,gaumdaela paaina kaaadau gaumdae laoopala vaunanaaarau sara maeerau,గుండెల పైన కాదు గుండె లోపల వున్నారు సర్ మీరు,gaumdaela పైన kaaadau గుండె laoopala వున్నారు sara మీరు,గుండడెల పైన కాదు గుంండె లోపల వున్ననారు సర్ మీరు,గుడెడల పైన కాదదు గుండె లోపపల వుననానరు సర్ మీరరు
221,మాములుగా లేదు ట్విస్ట్ సూపర్ అహ కెవ్వు కేక,non-hate,Telugu,మాములుగా లేదు ట్విస్ట్ సూపర్ అహ కెవ్వు కేక,maaamaulaugaaa laaedau tavaisata saoopara aha kaevavau kaaeka,మాములుగా లేదు ట్విస్ట్ సూపర్ అహ కెవ్వు కేక,maaamaulaugaaa లేదు tavaisata సూపర్ aha కెవ్వు kaaeka,మాములలుగా లేదు ట్విసస్ట్ సూపపర్ అహ కెవ్్వు కేక,మామలులగా లేదదు ట్వస్సట్ సూపర్ అహ కె్వ్ు కేక
222,ఇలా ఏమి లేకుండా ఉన్న ఏకైక నాయకుడు... Apj abdul kalam gaaru మాత్రమే,non-hate,Mixed,ఇలా ఏమి లేకుండా ఉన్న ఏకైక నాయకుడు... Apj abdul kalam gaaru మాత్రమే,ilaaa aemai laaekaumdaaa unana aekaaika naaayakaudau... Apj abdul kalam gaaru maaataramaae,ఇలా ఏమి లేకుండా ఉన్న ఏకైక నాయకుడు... Apj abdul kalam gaaru మాత్రమే,ilaaa ఏమి laaekaumdaaa ఉన్న aekaaika నాయకుడు... Apj abdul kalam gaaru maaataramaae,ఇలా ఏమి లేకుుండా ఉన్న ఏకైక నాయకుడడు... Apj abddul kallam gaaaru మాత్్రమే,ఇలా ఏమి లేుంుడా ఉన్్న ఏకైైక నాయుడుడ... Apj abdul kalam gaaru మా్ర్మే
223,yogi baba ram rahim sistudu edharu adava vallaki respect eyyaru edharu pedha langa gallu,hate,Latin/Romanized,yogi baba ram rahim sistudu edharu adava vallaki respect eyyaru edharu pedha langa gallu,yogi baba ram rahim sistudu edharu adava vallaki respect eyyaru edharu pedha langa gallu,yogi baba ram rahim sistudu edharu adava vallaki respect eyyaru edharu pedha langa gallu,yogi baba ram rahim sistudu edharu adava vallaki respect eyyaru edharu pedha langa gallu,yogi baba ram rahhim sisttudu edhaaru adaava valllaki resppect eyyaaru edhaaru peddha lannga galllu,yoggi babba ram rahim situtdu edarau adava valalki repepct eyarau edarau pedha langa gallu
224,గాడ్ బ్లెస్స్ యు సమంత సిస్టర్,non-hate,Telugu,గాడ్ బ్లెస్స్ యు సమంత సిస్టర్,gaaada balaesasa yau samamta saisatara,గాడ్ బ్లెస్స్ యు సమంత సిస్టర్,gaaada బ్లెస్స్ yau సమంత saisatara,గాడ్ బ్లెసస్స్ యు సమంత సిస్్టర్,గాడడ్ బ్లస్సస్ యు సమంంత సి్ట్ర్
225,ఇటువంటి కథలు పడ్తానే ధిక్కు లేకుండా పోయింది,non-hate,Telugu,ఇటువంటి కథలు పడ్తానే ధిక్కు లేకుండా పోయింది,itauvamtai kathalau padataaanaae dhaikakau laaekaumdaaa paooyaimdai,ఇటువంటి కథలు పడ్తానే ధిక్కు లేకుండా పోయింది,itauvamtai కథలు padataaanaae ధిక్కు laaekaumdaaa పోయింది,ఇటువవంటి కథలు పడ్తతానే ధిక్్కు లేకుుండా పోయిింది,ఇటవంవటి కథలలు పడతాతనే ధి్క్ు లేుంుడా పోింిది
226,మీకు వంద నమస్కారాలు రా బాబు,non-hate,Telugu,మీకు వంద నమస్కారాలు రా బాబు,maeekau vamda namasakaaaraaalau raaa baaabau,మీకు వంద నమస్కారాలు రా బాబు,maeekau వంద namasakaaaraaalau రా baaabau,మీకు వంద నమస్కాారాలు రా బాబు,మీకకు వంద నమసకారాాలు రా బాబబు
227,Ravi anna oudi ounte nani vamsi anil kumar ambanti lanti vaalu noru lepevaru kaademo,hate,Latin/Romanized,Ravi anna oudi ounte nani vamsi anil kumar ambanti lanti vaalu noru lepevaru kaademo,Ravi anna oudi ounte nani vamsi anil kumar ambanti lanti vaalu noru lepevaru kaademo,Ravi anna oudi ounte nani vamsi anil kumar ambanti lanti vaalu noru lepevaru kaademo,Ravi anna oudi ounte nani vamsi anil kumar ambanti lanti vaalu noru lepevaru kaademo,Ravi anna oudi ounnte nani vammsi anil kummar ambaanti lannti vaaalu noru lepevvaru kaaddemo,Ravvi annna ouddi ounte nanni vamsi aniil kumar amanati lanti vaalu norru lepvavru kadedmo
228,ముందు అరెస్ట్ చేయండి.. మీడియా ముద్దు తీసుకురండి రా...,hate,Telugu,ముందు అరెస్ట్ చేయండి.. మీడియా ముద్దు తీసుకురండి రా...,maumdau araesata chaaeyamdai.. maeedaiyaaa maudadau taeesaukauramdai raaa...,ముందు అరెస్ట్ చేయండి.. మీడియా ముద్దు తీసుకురండి రా...,maumdau అరెస్ట్ chaaeyamdai.. మీడియా maudadau తీసుకురండి raaa...,ముంందు అరెసస్ట్ చేయండడి.. మీడిియా ముద్్దు తీసుకుురండి రా....,ముందు అరస్సట్ చేయడిడ.. మీియిా ము్ద్ు తీసకురుండి రా...
229,vd overconfidence valla ciniema dengindhi,hate,Latin/Romanized,vd overconfidence valla ciniema dengindhi,vd overconfidence valla ciniema dengindhi,vd overconfidence valla ciniema dengindhi,vd overconfidence valla ciniema dengindhi,vd overconffidence vallla ciniiema dengiindhi,vd overcnfifdence valla ciieima deninidhi
230,Andra prajalaku siggu undali sontha amma nu chellini patinchukoleni vadu Meemanli chusukuntadu,hate,Latin/Romanized,Andra prajalaku siggu undali sontha amma nu chellini patinchukoleni vadu Meemanli chusukuntadu,Andra prajalaku siggu undali sontha amma nu chellini patinchukoleni vadu Meemanli chusukuntadu,Andra prajalaku siggu undali sontha amma nu chellini patinchukoleni vadu Meemanli chusukuntadu,Andra prajalaku siggu undali sontha amma nu chellini patinchukoleni vadu Meemanli chusukuntadu,Anddra prajaalaku sigggu undaali sonttha amma nu chelllini patinchuukoleni vadu Meemaanli chusukuuntadu,Andra praalaaku siggu unalai sothta ammma nu chelilni patinhukuoleni vaddu Meeanali chuskunutadu
231,Vijay devarakonda hype tho dhamal.  Jr NTR next turn. Meeru akashaniki ethe antha great actor emi kaadu..,hate,Latin/Romanized,Vijay devarakonda hype tho dhamal.  Jr NTR next turn. Meeru akashaniki ethe antha great actor emi kaadu..,Vijay devarakonda hype tho dhamal. Jr NTR next turn. Meeru akashaniki ethe antha great actor emi kaadu..,Vijay devarakonda hype tho dhamal.  Jr NTR next turn. Meeru akashaniki ethe antha great actor emi kaadu..,Vijay devarakonda hype tho dhamal. Jr NTR next turn. Meeru akashaniki ethe antha great actor emi kaadu..,Vijjay devaraakonda hype tho dhammal. Jr NTR next turrn. Meeeru akashaaniki ethe anttha greeat acttor emi kaaddu..,Vijay devaakaonda hyppe tho dhmaml. Jr NTR nexxt turn. Meeru akahanaiki ethhe antha great actor emi kadud..
232,Mere brathukulu inthey eka. Nasanayam aaipotai,hate,Latin/Romanized,Mere brathukulu inthey eka. Nasanayam aaipotai,Mere brathukulu inthey eka. Nasanayam aaipotai,Mere brathukulu inthey eka. Nasanayam aaipotai,Mere brathukulu inthey eka. Nasanayam aaipotai,Mere brathuukulu inthhey eka. Nasannayam aaipootai,Merre brahukuulu inhehy ekaa. Nasnanyam aaiotoai
233,Meeru moosukunte baguntadi,hate,Latin/Romanized,Meeru moosukunte baguntadi,Meeru moosukunte baguntadi,Meeru moosukunte baguntadi,Meeru moosukunte baguntadi,Meeeru moosukkunte bagunntadi,Meeru mooukuknte bagntnadi
234,Meeru mi over action apandra babu,hate,Latin/Romanized,Meeru mi over action apandra babu,Meeru mi over action apandra babu,Meeru mi over action apandra babu,Meeru mi over action apandra babu,Meeeru mi over actiion apanndra babu,Meeru mi oveer acioin apndnra babbu
235,అంత చిరాగ్గా వుంటే.. స్టేజ్ మీద కి ఎందుకెల్లార్ సార్,non-hate,Telugu,అంత చిరాగ్గా వుంటే.. స్టేజ్ మీద కి ఎందుకెల్లార్ సార్,amta chairaaagagaaa vaumtaae.. sataaeja maeeda kai emdaukaelalaaara saaara,అంత చిరాగ్గా వుంటే.. స్టేజ్ మీద కి ఎందుకెల్లార్ సార్,amta చిరాగ్గా vaumtaae.. స్టేజ్ maeeda కి emdaukaelalaaara సార్,అంత చిరాగగ్గా వుంటటే.. స్టేేజ్ మీద కి ఎందుకెలల్లార్ సార్,అంత చిరగ్గగా వుటేట.. స్ేజే్ మీద కి ఎందుెల్లలార్ సారర్
236,pm modi ni pakisthan ki tarmidengali jai kcr mere next pm,hate,Latin/Romanized,pm modi ni pakisthan ki tarmidengali jai kcr mere next pm,pm modi ni pakisthan ki tarmidengali jai kcr mere next pm,pm modi ni pakisthan ki tarmidengali jai kcr mere next pm,pm modi ni pakisthan ki tarmidengali jai kcr mere next pm,pm modi ni pakissthan ki tarmideengali jai kcr mere next pm,pm moddi ni pakstshan ki tarmdenegali jai kcr merre nexxt pm
237,బయటకు గేంటేసారు ఒక్కసారి లైవ్ ప్రోగ్రాం నుండి అంతే పాస్ట్ గా పైకి లేచాడు చూపించావు ఓటమి లో కూడా ఎలా పైకి రావాలో అని,non-hate,Telugu,బయటకు గేంటేసారు ఒక్కసారి లైవ్ ప్రోగ్రాం నుండి అంతే పాస్ట్ గా పైకి లేచాడు చూపించావు ఓటమి లో కూడా ఎలా పైకి రావాలో అని,bayatakau gaaemtaaesaaarau okakasaaarai laaiva paraoogaraaam naumdai amtaae paaasata gaaa paaikai laaechaaadau chaoopaimchaaavau ootamai laoo kaoodaaa elaaa paaikai raaavaaalaoo anai,బయటకు గేంటేసారు ఒక్కసారి లైవ్ ప్రోగ్రాం నుండి అంతే పాస్ట్ గా పైకి లేచాడు చూపించావు ఓటమి లో కూడా ఎలా పైకి రావాలో అని,bayatakau గేంటేసారు okakasaaarai లైవ్ paraoogaraaam నుండి amtaae పాస్ట్ gaaa పైకి laaechaaadau చూపించావు ootamai లో kaoodaaa ఎలా paaikai రావాలో anai,బయటటకు గేంటేేసారు ఒక్కససారి లైవ్ ప్రోగగ్రాం నుంండి అంతే పాస్్ట్ గా పైకి లేచాాడు చూపింంచావు ఓటమి లో కూడా ఎలా పైకి రావాాలో అని,బయటకు గేంేసేారు ఒక్సాసరి లైవవ్ ప్రగ్గరాం నుండి అంతతే పా్ట్్ గా పైకకి లేాడాు చూపంచంావు ఓటమమి లో కూడడా ఎలా పైకకి రాాలాో అని
238,Nayakudu ela undali God bless you sir,non-hate,Latin/Romanized,Nayakudu ela undali God bless you sir,Nayakudu ela undali God bless you sir,Nayakudu ela undali God bless you sir,Nayakudu ela undali God bless you sir,Nayakkudu ela undaali God bleess you sir,Naykukdu ela unalai God bless you sir
239,bjp malli ade double game maatladutondi....amaravathi meeda,hate,Latin/Romanized,bjp malli ade double game maatladutondi....amaravathi meeda,bjp malli ade double game maatladutondi....amaravathi meeda,bjp malli ade double game maatladutondi....amaravathi meeda,bjp malli ade double game maatladutondi....amaravathi meeda,bjp mallli ade doubble game maatladutondi.....amaravathi meeeda,bjp malli ade doblbe gamme maatladutndi.....amaravathi meeda
240,Nvvy nee build up,hate,Latin/Romanized,Nvvy nee build up,Nvvy nee build up,Nvvy nee build up,Nvvy nee build up,Nvvy nee buiild up,Nvvvy nee build up
241,Banisa La unnaru kadara meeru me overacting,hate,Latin/Romanized,Banisa La unnaru kadara meeru me overacting,Banisa La unnaru kadara meeru me overacting,Banisa La unnaru kadara meeru me overacting,Banisa La unnaru kadara meeru me overacting,Baniisa La unnaaru kadaara meeeru me overaccting,Baisia La unarau kaaraa meeru me oveactcing
242,andukokune vaalu laga vunnaru meru natho comparision na,hate,Latin/Romanized,andukokune vaalu laga vunnaru meru natho comparision na,andukokune vaalu laga vunnaru meru natho comparision na,andukokune vaalu laga vunnaru meru natho comparision na,andukokune vaalu laga vunnaru meru natho comparision na,andukookune vaaalu laga vunnnaru meru nattho comparrision na,andkokoune vaalu lagga vunanru merru natho comprirsion na
243,Lancham antunaru anam garu...... inthaku mundu your government ilagey chesinda...,hate,Latin/Romanized,Lancham antunaru anam garu...... inthaku mundu your government ilagey chesinda...,Lancham antunaru anam garu...... inthaku mundu your government ilagey chesinda...,Lancham antunaru anam garu...... inthaku mundu your government ilagey chesinda...,Lancham antunaru anam garu...... inthaku mundu your government ilagey chesinda...,Lanccham antunnaru anam garu....... inthhaku munndu your governnment ilaggey chesinnda...,Lachcam antnanru anaam gar....... inhahku mundu youur govrnmnent ilgegy chesndna...
244,పరుచూరి గోపాల కృష్ణ గారి కి నమస్తే మిమ్ములను మొదటిసారి భార్గవ రాముడి సినిమాలో చూసాను సూపర్ వెరైటీ యాక్షన్ సార్,non-hate,Telugu,పరుచూరి గోపాల కృష్ణ గారి కి నమస్తే మిమ్ములను మొదటిసారి భార్గవ రాముడి సినిమాలో చూసాను సూపర్ వెరైటీ యాక్షన్ సార్,parauchaoorai gaoopaaala karushana gaaarai kai namasataae maimamaulanau maodataisaaarai bhaaaragava raaamaudai sainaimaaalaoo chaoosaaanau saoopara vaeraaitaee yaaakashana saaara,పరుచూరి గోపాల కృష్ణ గారి కి నమస్తే మిమ్ములను మొదటిసారి భార్గవ రాముడి సినిమాలో చూసాను సూపర్ వెరైటీ యాక్షన్ సార్,parauchaoorai గోపాల karushana గారి kai నమస్తే maimamaulanau మొదటిసారి bhaaaragava రాముడి sainaimaaalaoo చూసాను saoopara వెరైటీ yaaakashana సార్,పరుచచూరి గోపపాల కృషష్ణ గారి కి నమస్్తే మిమ్మములను మొదటిిసారి భార్్గవ రాముుడి సినిమమాలో చూసాాను సూపపర్ వెరైైటీ యాక్్షన్ సార్,పరచూచరి గోపాల కృష్ణ గారరి కి నమ్త్ే మిమముమలను మొదిసిారి భా్గ్వ రాుడుి సినమామలో చూానాు సూపర్ వెైటైీ యా్ష్న్ సారర్
245,Ma campus ee bro lanjoduku,hate,Latin/Romanized,Ma campus ee bro lanjoduku,Ma campus ee bro lanjoduku,Ma campus ee bro lanjoduku,Ma campus ee bro lanjoduku,Ma camppus ee bro lanjooduku,Ma capups ee bro lanodouku
246,"Ipl ki best mana palyers , international matches enduku waste",hate,Latin/Romanized,"Ipl ki best mana palyers , international matches enduku waste","Ipl ki best mana palyers , international matches enduku waste","Ipl ki best mana palyers , international matches enduku waste","Ipl ki best mana palyers , international matches enduku waste","Ipl ki best mana palyyers , internaational matcches enduuku wasste","Ipl ki besst manna payeyrs , intenataional machces enukuu waste"
247,Dnr sampadinchalani anukunte today ciniema field lo ewaru sariporu mahanubavudu daring man,non-hate,Latin/Romanized,Dnr sampadinchalani anukunte today ciniema field lo ewaru sariporu mahanubavudu daring man,Dnr sampadinchalani anukunte today ciniema field lo ewaru sariporu mahanubavudu daring man,Dnr sampadinchalani anukunte today ciniema field lo ewaru sariporu mahanubavudu daring man,Dnr sampadinchalani anukunte today ciniema field lo ewaru sariporu mahanubavudu daring man,Dnr sampadinnchalani anukuunte todday ciniiema fieeld lo ewaaru saripporu mahanubbavudu dariing man,Dnr sampaincnhalani anuunute today ciieima field lo ewaru sarpopru mahaubabvudu dainig man
248,preity zinta oka bazzar kukka team tesukovadam kuda radu,hate,Latin/Romanized,preity zinta oka bazzar kukka team tesukovadam kuda radu,preity zinta oka bazzar kukka team tesukovadam kuda radu,preity zinta oka bazzar kukka team tesukovadam kuda radu,preity zinta oka bazzar kukka team tesukovadam kuda radu,preiity zinnta oka bazzzar kukkka team tesukoovadam kuda radu,pritiy zinta oka bazazr kukka teaam tesuovoadam kudda raddu
249,shankar ninnu bjp kukka kottinattu kodutaru,hate,Latin/Romanized,shankar ninnu bjp kukka kottinattu kodutaru,shankar ninnu bjp kukka kottinattu kodutaru,shankar ninnu bjp kukka kottinattu kodutaru,shankar ninnu bjp kukka kottinattu kodutaru,shannkar ninnnu bjp kukkka kottinnattu koduttaru,shnknar ninnu bjp kukka kotinanttu kodtatru
250,సార్ మిమల్ని చూస్తుంటే కొండంత దైర్యం వస్తుంది,non-hate,Telugu,సార్ మిమల్ని చూస్తుంటే కొండంత దైర్యం వస్తుంది,saaara maimalanai chaoosataumtaae kaomdamta daairayam vasataumdai,సార్ మిమల్ని చూస్తుంటే కొండంత దైర్యం వస్తుంది,saaara మిమల్ని chaoosataumtaae కొండంత daairayam వస్తుంది,సార్ మిమలల్ని చూస్తతుంటే కొండడంత దైర్్యం వస్తుుంది,సారర్ మిల్లని చూసతుతంటే కొడండత దై్య్ం వస్ుంుది
251,మీ ఎంట్రీ వచ్చినపుడు నితిన్ అన్న భయపడుతున్నాడు,non-hate,Telugu,మీ ఎంట్రీ వచ్చినపుడు నితిన్ అన్న భయపడుతున్నాడు,maee emtaraee vachachainapaudau naitaina anana bhayapadautaunanaaadau,మీ ఎంట్రీ వచ్చినపుడు నితిన్ అన్న భయపడుతున్నాడు,maee ఎంట్రీ vachachainapaudau నితిన్ anana భయపడుతున్నాడు,మీ ఎంట్్రీ వచ్చిననపుడు నితిిన్ అన్న భయపడుతుున్నాడు,మీ ఎం్ర్ీ వచ్ినపనుడు నిిని్ అన్్న భయపడతును్నాడు
252,నేను ఓపెనహార్ట్ విత్ RK తప్పక చూస్తుంటా.  ఇంత దరిద్రపు ఇంటర్వ్యూ పెట్టకుండా వుండాల్సింది.  తేనె పూసినకత్తి,hate,Mixed,నేను ఓపెనహార్ట్ విత్ RK తప్పక చూస్తుంటా.  ఇంత దరిద్రపు ఇంటర్వ్యూ పెట్టకుండా వుండాల్సింది.  తేనె పూసినకత్తి,naaenau oopaenahaaarata vaita RK tapapaka chaoosataumtaaa. imta daraidarapau imtaravayaoo paetatakaumdaaa vaumdaaalasaimdai. taaenae paoosainakatatai,నేను ఓపెనహార్ట్ విత్ RK తప్పక చూస్తుంటా.  ఇంత దరిద్రపు ఇంటర్వ్యూ పెట్టకుండా వుండాల్సింది.  తేనె పూసినకత్తి,naaenau ఓపెనహార్ట్ vaita RK tapapaka చూస్తుంటా. imta దరిద్రపు imtaravayaoo పెట్టకుండా vaumdaaalasaimdai. తేనె paoosainakatatai,నేను ఓపెనహాార్ట్ విత్ RK తప్్పక చూస్తుుంటా. ఇంత దరిద్్రపు ఇంటర్్వ్యూ పెట్టకకుండా వుండాల్్సింది. తేనె పూసినకకత్తి,నేనను ఓపెహారా్ట్ వితత్ RK తప్పక చూసతుంుటా. ఇంత దరి్ర్పు ఇంట్వ్్యూ పెటటకుకండా వుండల్స్ింది. తేననె పూసనకతక్తి
253,Ne bathukula sulli net nenu dengina vadu esthada recharge aipothe,hate,Latin/Romanized,Ne bathukula sulli net nenu dengina vadu esthada recharge aipothe,Ne bathukula sulli net nenu dengina vadu esthada recharge aipothe,Ne bathukula sulli net nenu dengina vadu esthada recharge aipothe,Ne bathukula sulli net nenu dengina vadu esthada recharge aipothe,Ne bathuukula sullli net nenu denggina vadu esthhada rechaarge aipoothe,Ne batukuula sulli net nennu degigna vaddu eshahda recarage aiotohe
254,బ్లాక్ సారీ లో బాగుంది,non-hate,Telugu,బ్లాక్ సారీ లో బాగుంది,balaaaka saaaraee laoo baaagaumdai,బ్లాక్ సారీ లో బాగుంది,balaaaka సారీ laoo బాగుంది,బ్లాాక్ సారీ లో బాగుుంది,బ్ాకా్ సారరీ లో బాుంుది
255,ఆయన పిట్టకథలను బాగా enjoy చేస్తాం... అంతర్లీనంగా ఓక అద్భుతవేదాంతవాక్యం చెబుతారు దానిని వదిలేస్తాం.. అదీమనం. “దేవుడు ఒక్కడే.. నీ మఠం కానంతమాత్రాన వేరేవారిని దూషించనవసరణలేదు.”,non-hate,Mixed,ఆయన పిట్టకథలను బాగా enjoy చేస్తాం... అంతర్లీనంగా ఓక అద్భుతవేదాంతవాక్యం చెబుతారు దానిని వదిలేస్తాం.. అదీమనం. “దేవుడు ఒక్కడే.. నీ మఠం కానంతమాత్రాన వేరేవారిని దూషించనవసరణలేదు.”,aayana paitatakathalanau baaagaaa enjoy chaaesataaam... amtaralaeenamgaaa ooka adabhautavaaedaaamtavaaakayam chaebautaaarau daaanainai vadailaaesataaam.. adaeemanam. “daaevaudau okakadaae.. naee matham kaaanamtamaaataraaana vaaeraaevaaarainai daooshaimchanavasaranalaaedau.”,ఆయన పిట్టకథలను బాగా enjoy చేస్తాం... అంతర్లీనంగా ఓక అద్భుతవేదాంతవాక్యం చెబుతారు దానిని వదిలేస్తాం.. అదీమనం. “దేవుడు ఒక్కడే.. నీ మఠం కానంతమాత్రాన వేరేవారిని దూషించనవసరణలేదు.”,aayana పిట్టకథలను baaagaaa enjoy chaaesataaam... అంతర్లీనంగా ooka అద్భుతవేదాంతవాక్యం chaebautaaarau దానిని vadailaaesataaam.. అదీమనం. “daaevaudau ఒక్కడే.. naee మఠం kaaanamtamaaataraaana వేరేవారిని daooshaimchanavasaranalaaedau.”,ఆయన పిట్టకకథలను బాగా enjjoy చేస్తాాం... అంతర్లలీనంగా ఓక అద్భుతవేదాాంతవాక్యం చెబుతతారు దానిిని వదిలేస్్తాం.. అదీమమనం. “దేవవుడు ఒక్కడడే.. నీ మఠం కానంతమాాత్రాన వేరేవాారిని దూషించనవససరణలేదు.”,ఆయన పిటటకథకలను బాగగా enjoy చేసతాంా... అంతరలీలనంగా ఓక అద్భుతేదాంాతవాక్యం చెబతాతరు దాినిి వదిలస్త్ాం.. అదమనమం. “దవువడు ఒక్డేడ.. నీ మఠం కానంమాతా్రాన వేరవారాిని దూషించవసరసణలేదు.”
256,Buthula saka mantri ....,hate,Latin/Romanized,Buthula saka mantri ....,Buthula saka mantri ....,Buthula saka mantri ....,Buthula saka mantri ....,Buthhula saka manttri ....,Buhuhla sakka matrti .....
257,Aatla vastai Anna niku enni telivi tetalu oka cinema thi anna,non-hate,Latin/Romanized,Aatla vastai Anna niku enni telivi tetalu oka cinema thi anna,Aatla vastai Anna niku enni telivi tetalu oka cinema thi anna,Aatla vastai Anna niku enni telivi tetalu oka cinema thi anna,Aatla vastai Anna niku enni telivi tetalu oka cinema thi anna,Aattla vasttai Anna niku enni teliivi tetaalu oka cineema thi anna,Aatla vatati Annna nikku ennni teivii tealau oka ciemea thi annna
258,Paramboku ias officers ni vetiki kcr Jagan tesku vachi AP Telangana lo pedtaru,hate,Latin/Romanized,Paramboku ias officers ni vetiki kcr Jagan tesku vachi AP Telangana lo pedtaru,Paramboku ias officers ni vetiki kcr Jagan tesku vachi AP Telangana lo pedtaru,Paramboku ias officers ni vetiki kcr Jagan tesku vachi AP Telangana lo pedtaru,Paramboku ias officers ni vetiki kcr Jagan tesku vachi AP Telangana lo pedtaru,Parammboku ias officcers ni vetiiki kcr Jaggan tessku vacchi AP Telanngana lo pedttaru,Parmbmoku ias offcecrs ni veikii kcr Jagan tesku vachi AP Telngnana lo petatru
259,Endhuku ante vallu chetha lanchodukulu bro,hate,Latin/Romanized,Endhuku ante vallu chetha lanchodukulu bro,Endhuku ante vallu chetha lanchodukulu bro,Endhuku ante vallu chetha lanchodukulu bro,Endhuku ante vallu chetha lanchodukulu bro,Endhhuku ante valllu chettha lanchoddukulu bro,Enhuhku antte vallu chthta lancodudkulu bro
260,raja singh kalthi maal ammutharu and rowdy gunda,hate,Latin/Romanized,raja singh kalthi maal ammutharu and rowdy gunda,raja singh kalthi maal ammutharu and rowdy gunda,raja singh kalthi maal ammutharu and rowdy gunda,raja singh kalthi maal ammutharu and rowdy gunda,raja sinngh kaltthi maal ammuttharu and rowwdy gunnda,rajja singh kathti maaal ammthtaru and rowdy gunda
261,"ర్మ కోసం చూసాను ,మొదటిసారి అతను ఒక హీరో అభిమాని ఎలా ఉల్లాసంగా స్టేజి పై మాట్లాడుతారో అలా అనిపించారు",non-hate,Telugu,"ర్మ కోసం చూసాను ,మొదటిసారి అతను ఒక హీరో అభిమాని ఎలా ఉల్లాసంగా స్టేజి పై మాట్లాడుతారో అలా అనిపించారు","rama kaoosam chaoosaaanau ,maodataisaaarai atanau oka haeeraoo abhaimaaanai elaaa ulalaaasamgaaa sataaejai paai maaatalaaadautaaaraoo alaaa anaipaimchaaarau","ర్మ కోసం చూసాను ,మొదటిసారి అతను ఒక హీరో అభిమాని ఎలా ఉల్లాసంగా స్టేజి పై మాట్లాడుతారో అలా అనిపించారు","rama కోసం chaoosaaanau ,మొదటిసారి atanau ఒక haeeraoo అభిమాని elaaa ఉల్లాసంగా sataaejai పై maaatalaaadautaaaraoo అలా anaipaimchaaarau","ర్మ కోసం చూసాాను ,మొదటిిసారి అతను ఒక హీరో అభిమమాని ఎలా ఉల్లాాసంగా స్టేేజి పై మాట్లాడడుతారో అలా అనిపింంచారు","ర్మ కోససం చూానాు ,మొటిసిారి అతనను ఒక హీరరో అభమామని ఎలా ఉల్ాసాంగా స్ేజేి పై మాట్ాడుడతారో అలా అనిించంారు"
262,Rai అతను ఉద్యోగం correct గా చేస్తున్నాడు ఎందుకు ర నాయకులు అందురు కలిసి నిందలు వేస్తారు... నిజాయితీ పని చేస్తే ఎవరికీ నచ్చదు..ఛీ,hate,Mixed,Rai అతను ఉద్యోగం correct గా చేస్తున్నాడు ఎందుకు ర నాయకులు అందురు కలిసి నిందలు వేస్తారు... నిజాయితీ పని చేస్తే ఎవరికీ నచ్చదు..ఛీ,Rai atanau udayaoogam correct gaaa chaaesataunanaaadau emdaukau ra naaayakaulau amdaurau kalaisai naimdalau vaaesataaarau... naijaaayaitaee panai chaaesataae evaraikaee nachachadau..chhaee,Rai అతను ఉద్యోగం correct గా చేస్తున్నాడు ఎందుకు ర నాయకులు అందురు కలిసి నిందలు వేస్తారు... నిజాయితీ పని చేస్తే ఎవరికీ నచ్చదు..ఛీ,Rai అతను udayaoogam correct gaaa చేస్తున్నాడు emdaukau ర naaayakaulau అందురు kalaisai నిందలు vaaesataaarau... నిజాయితీ panai చేస్తే evaraikaee నచ్చదు..ఛీ,Rai అతను ఉద్యయోగం corrrect గా చేస్తునన్నాడు ఎందుుకు ర నాయకకులు అందుురు కలిిసి నిందదలు వేస్తాారు... నిజాయయితీ పని చేస్్తే ఎవరిికీ నచ్చదుు..ఛీ,Rai అతనను ఉదయోయగం corerct గా చేస్ున్ననాడు ఎంుకుు ర నాకుకలు అంురుు కలిసి నిదలదు వేస్ారాు... నిజయియతీ పని చే్త్ే ఎవికిీ నచ్దు.ు.ఛీ
263,Ee video chusintarvatha mee meeda respect perigindi,non-hate,Latin/Romanized,Ee video chusintarvatha mee meeda respect perigindi,Ee video chusintarvatha mee meeda respect perigindi,Ee video chusintarvatha mee meeda respect perigindi,Ee video chusintarvatha mee meeda respect perigindi,Ee viddeo chusintaarvatha mee meeeda resppect periggindi,Ee video chusitaravatha mee meeda repepct pergigndi
264,Chavu Nenu avadu apadu,hate,Latin/Romanized,Chavu Nenu avadu apadu,Chavu Nenu avadu apadu,Chavu Nenu avadu apadu,Chavu Nenu avadu apadu,Chaavu Nenu avaadu apaadu,Chavu Nennu avadu apadu
265,RK Garu neku interview cheyadam rakapoty miskuni veray vallaku chance evvandi niku respect evvadam teledu,hate,Latin/Romanized,RK Garu neku interview cheyadam rakapoty miskuni veray vallaku chance evvandi niku respect evvadam teledu,RK Garu neku interview cheyadam rakapoty miskuni veray vallaku chance evvandi niku respect evvadam teledu,RK Garu neku interview cheyadam rakapoty miskuni veray vallaku chance evvandi niku respect evvadam teledu,RK Garu neku interview cheyadam rakapoty miskuni veray vallaku chance evvandi niku respect evvadam teledu,RK Garu neku interrview cheyaadam rakappoty miskkuni verray valllaku channce evvaandi niku resppect evvaadam teleedu,RK Garru nekku intrvriew cheadaam rakpopty mikukni veray valalku chncne evanadi nikku repepct evadaam teedeu
266,Ee momment ki nizam gaa aricham,non-hate,Latin/Romanized,Ee momment ki nizam gaa aricham,Ee momment ki nizam gaa aricham,Ee momment ki nizam gaa aricham,Ee momment ki nizam gaa aricham,Ee mommment ki nizzam gaa ariccham,Ee momemnt ki nizam gaa archcam
267,Inthamandi abhmaninchali ante entha adrushtam chesuko undali,non-hate,Latin/Romanized,Inthamandi abhmaninchali ante entha adrushtam chesuko undali,Inthamandi abhmaninchali ante entha adrushtam chesuko undali,Inthamandi abhmaninchali ante entha adrushtam chesuko undali,Inthamandi abhmaninchali ante entha adrushtam chesuko undali,Inthammandi abhmaniinchali ante enttha adrusshtam chessuko undaali,Intamamndi abhmninichali antte entha adrshstam chsusko unalai
268,Paristhithulu maree intha pagabattesayenti,non-hate,Latin/Romanized,Paristhithulu maree intha pagabattesayenti,Paristhithulu maree intha pagabattesayenti,Paristhithulu maree intha pagabattesayenti,Paristhithulu maree intha pagabattesayenti,Paristhhithulu marree inttha pagabatteesayenti,Parithihthulu maree intha pagabtteseayenti
269,మాతృ భాష తెలుగు అంటే అంత లోకువా    పక్క రాష్ట్రాల వాళ్ళు వారి మాతృ భాష కి ఎంత గౌరవం ఇచ్చు కుంటారో చూసి నేర్చుకోండి,non-hate,Telugu,మాతృ భాష తెలుగు అంటే అంత లోకువా    పక్క రాష్ట్రాల వాళ్ళు వారి మాతృ భాష కి ఎంత గౌరవం ఇచ్చు కుంటారో చూసి నేర్చుకోండి,maaataru bhaaasha taelaugau amtaae amta laookauvaaa pakaka raaashataraaala vaaalalau vaaarai maaataru bhaaasha kai emta gaauravam ichachau kaumtaaaraoo chaoosai naaerachaukaoomdai,మాతృ భాష తెలుగు అంటే అంత లోకువా    పక్క రాష్ట్రాల వాళ్ళు వారి మాతృ భాష కి ఎంత గౌరవం ఇచ్చు కుంటారో చూసి నేర్చుకోండి,maaataru భాష taelaugau అంటే amta లోకువా pakaka రాష్ట్రాల vaaalalau వారి maaataru భాష kai ఎంత gaauravam ఇచ్చు kaumtaaaraoo చూసి naaerachaukaoomdai,మాతృ భాష తెలుుగు అంటే అంత లోకుువా పక్క రాష్టట్రాల వాళ్్ళు వారి మాతృ భాష కి ఎంత గౌరరవం ఇచ్్చు కుంటటారో చూసి నేర్చుుకోండి,మాతతృ భాష తెుగుు అంటటే అంత లోువుా పక్్క రాషట్టరాల వా్ళ్ు వారరి మాతతృ భాష కి ఎంత గౌరవం ఇచ్చు కుటాటరో చూససి నేర్ుకుోండి
270,Lakshalu lakshalu fees lu dengina,hate,Latin/Romanized,Lakshalu lakshalu fees lu dengina,Lakshalu lakshalu fees lu dengina,Lakshalu lakshalu fees lu dengina,Lakshalu lakshalu fees lu dengina,Lakshhalu lakshhalu fees lu denggina,Lakhahlu lakhahlu feees lu degigna
271,ఇది కూడా పిచ్చి డాన్సులు కి ఒప్పేసుకుంది. తు దీనమ్మ. ఆడది అంటే గౌరవం పోతోంది.,non-hate,Telugu,ఇది కూడా పిచ్చి డాన్సులు కి ఒప్పేసుకుంది. తు దీనమ్మ. ఆడది అంటే గౌరవం పోతోంది.,idai kaoodaaa paichachai daaanasaulau kai opapaaesaukaumdai. tau daeenamama. aadadai amtaae gaauravam paootaoomdai.,ఇది కూడా పిచ్చి డాన్సులు కి ఒప్పేసుకుంది. తు దీనమ్మ. ఆడది అంటే గౌరవం పోతోంది.,idai కూడా paichachai డాన్సులు kai ఒప్పేసుకుంది. tau దీనమ్మ. aadadai అంటే gaauravam పోతోంది.,ఇది కూడా పిచ్్చి డాన్ససులు కి ఒప్పేసుుకుంది. తు దీనమమ్మ. ఆడది అంటే గౌరరవం పోతోంంది.,ఇది కూడడా పి్చ్ి డానసుసలు కి ఒప్పసుకుుంది. తు దీమ్మమ. ఆడదది అంటటే గౌరవం పోతందంి.
272,Arey sollu comedy apandraaaa,hate,Latin/Romanized,Arey sollu comedy apandraaaa,Arey sollu comedy apandraaaa,Arey sollu comedy apandraaaa,Arey sollu comedy apandraaaa,Arey solllu comeedy apandrraaaa,Areey sollu coedey apadraraaa
273,Green dress sis super ga chesaru,non-hate,Latin/Romanized,Green dress sis super ga chesaru,Green dress sis super ga chesaru,Green dress sis super ga chesaru,Green dress sis super ga chesaru,Greeen dreess sis supper ga chessaru,Green dress sis super ga chsasru
274,"Me ఇద్దరు వల్ల ఏపీ లో ఆడవాళ్ళ పరువు పోయింది, పదవి కోసం ఎంతకైనా దిగజారే బ్రతుకులు మీవి",hate,Mixed,"Me ఇద్దరు వల్ల ఏపీ లో ఆడవాళ్ళ పరువు పోయింది, పదవి కోసం ఎంతకైనా దిగజారే బ్రతుకులు మీవి","Me idadarau valala aepaee laoo aadavaaalala parauvau paooyaimdai, padavai kaoosam emtakaainaaa daigajaaaraae barataukaulau maeevai","Me ఇద్దరు వల్ల ఏపీ లో ఆడవాళ్ళ పరువు పోయింది, పదవి కోసం ఎంతకైనా దిగజారే బ్రతుకులు మీవి","Me ఇద్దరు valala ఏపీ laoo ఆడవాళ్ళ parauvau పోయింది, padavai కోసం emtakaainaaa దిగజారే barataukaulau మీవి","Me ఇద్దదరు వల్ల ఏపీ లో ఆడవాాళ్ళ పరుువు పోయింంది, పదవి కోసం ఎంతకకైనా దిగజజారే బ్రతుుకులు మీవి","Me ఇదదరదు వల్్ల ఏపీ లో ఆడాళా్ళ పరువు పోయందంి, పదవవి కోససం ఎంకైకనా దిజాజరే బ్రుకుులు మీవవి"
275,oka ammai vi vundhi natho argue chesthava puku mosukoni inti panulu cheyi,hate,Latin/Romanized,oka ammai vi vundhi natho argue chesthava puku mosukoni inti panulu cheyi,oka ammai vi vundhi natho argue chesthava puku mosukoni inti panulu cheyi,oka ammai vi vundhi natho argue chesthava puku mosukoni inti panulu cheyi,oka ammai vi vundhi natho argue chesthava puku mosukoni inti panulu cheyi,oka ammmai vi vunddhi nattho arggue chestthava puku mosukkoni inti panuulu cheeyi,oka ammai vi vudhdi natho argue chethtava pukku moskokni intti pauluu cheyi
276,నిజానికి ప్రజల కోసం పోరాడుతున్న ఏకైక నాయకుడు రేవంత్ రెడ్డి గారు,non-hate,Telugu,నిజానికి ప్రజల కోసం పోరాడుతున్న ఏకైక నాయకుడు రేవంత్ రెడ్డి గారు,naijaaanaikai parajala kaoosam paooraaadautaunana aekaaika naaayakaudau raaevamta raedadai gaaarau,నిజానికి ప్రజల కోసం పోరాడుతున్న ఏకైక నాయకుడు రేవంత్ రెడ్డి గారు,naijaaanaikai ప్రజల kaoosam పోరాడుతున్న aekaaika నాయకుడు raaevamta రెడ్డి gaaarau,నిజాననికి ప్రరజల కోసం పోరాడుుతున్న ఏకైక నాయకకుడు రేవంంత్ రెడ్్డి గారు,నిజనినకి ప్రజల కోససం పోరాుతుున్న ఏకైైక నాకుకడు రేంతం్ రె్డ్ి గారరు
277,prathi chethanakoduku viratkohli ni anetode lavdapuk gallu,hate,Latin/Romanized,prathi chethanakoduku viratkohli ni anetode lavdapuk gallu,prathi chethanakoduku viratkohli ni anetode lavdapuk gallu,prathi chethanakoduku viratkohli ni anetode lavdapuk gallu,prathi chethanakoduku viratkohli ni anetode lavdapuk gallu,pratthi chethanaakoduku viratkkohli ni anettode lavdaapuk galllu,prthti chethnakaoduku virtkokhli ni antotde lavapauk gallu
278,Movie matram modda gudisi potadhiii pakkaa,hate,Latin/Romanized,Movie matram modda gudisi potadhiii pakkaa,Movie matram modda gudisi potadhiii pakkaa,Movie matram modda gudisi potadhiii pakkaa,Movie matram modda gudisi potadhiii pakkaa,Movvie matrram moddda gudiisi potaddhiii pakkkaa,Movie mararm modda guisii potdhdiii pakaka
279,roja ninnu choosthey nak guddalo edo nakuladhi nuuvu ni barrey guntu,hate,Latin/Romanized,roja ninnu choosthey nak guddalo edo nakuladhi nuuvu ni barrey guntu,roja ninnu choosthey nak guddalo edo nakuladhi nuuvu ni barrey guntu,roja ninnu choosthey nak guddalo edo nakuladhi nuuvu ni barrey guntu,roja ninnu choosthey nak guddalo edo nakuladhi nuuvu ni barrey guntu,roja ninnnu choossthey nak gudddalo edo nakulladhi nuuuvu ni barrrey gunntu,rojja ninnu chostshey nak gudadlo edo naklaldhi nuuvu ni barery guntu
280,Nuv dancer va chiii sigguledhu Neku,hate,Latin/Romanized,Nuv dancer va chiii sigguledhu Neku,Nuv dancer va chiii sigguledhu Neku,Nuv dancer va chiii sigguledhu Neku,Nuv dancer va chiii sigguledhu Neku,Nuv danccer va chiiii siggulledhu Neku,Nuv dacecr va chiii siguleldhu Nekku
281,Tokka kooda oppukonu,hate,Latin/Romanized,Tokka kooda oppukonu,Tokka kooda oppukonu,Tokka kooda oppukonu,Tokka kooda oppukonu,Tokkka koooda oppukkonu,Tokka kooda oppkoknu
282,"అభివృద్ధి, సంక్షేమం రెండు చూడగల చంద్రబాబు వల్లే రాష్ట్రనికి మంచి జరుగుతుందనేది ముమ్మాటికి నిజం",non-hate,Telugu,"అభివృద్ధి, సంక్షేమం రెండు చూడగల చంద్రబాబు వల్లే రాష్ట్రనికి మంచి జరుగుతుందనేది ముమ్మాటికి నిజం","abhaivarudadhai, samkashaaemam raemdau chaoodagala chamdarabaaabau valalaae raaashataranaikai mamchai jaraugautaumdanaaedai maumamaaataikai naijam","అభివృద్ధి, సంక్షేమం రెండు చూడగల చంద్రబాబు వల్లే రాష్ట్రనికి మంచి జరుగుతుందనేది ముమ్మాటికి నిజం","abhaivarudadhai, సంక్షేమం raemdau చూడగల chamdarabaaabau వల్లే raaashataranaikai మంచి jaraugautaumdanaaedai ముమ్మాటికి naijam","అభివృదద్ధి, సంక్షషేమం రెంండు చూడడగల చంద్రరబాబు వల్్లే రాష్ట్్రనికి మంచి జరుగుతుుందనేది ముమ్మాాటికి నిజం","అభిృద్దధి, సంకషేషమం రెండు చూడగల చందరబరాబు వల్లే రాష్్ర్నికి మంచచి జరుగతుంుదనేది ముమమాటాికి నిజజం"
283,Bahubali time antha Baganey Unnav Anna . Tharwatha ee sahoo ki radhe shyam nachinatlu frnds tho sitting uu food padypoyav Anna ..Ayina sarey darling ee no one,non-hate,Latin/Romanized,Bahubali time antha Baganey Unnav Anna . Tharwatha ee sahoo ki radhe shyam nachinatlu frnds tho sitting uu food padypoyav Anna ..Ayina sarey darling ee no one,Bahubali time antha Baganey Unnav Anna . Tharwatha ee sahoo ki radhe shyam nachinatlu frnds tho sitting uu food padypoyav Anna ..Ayina sarey darling ee no one,Bahubali time antha Baganey Unnav Anna . Tharwatha ee sahoo ki radhe shyam nachinatlu frnds tho sitting uu food padypoyav Anna ..Ayina sarey darling ee no one,Bahubali time antha Baganey Unnav Anna . Tharwatha ee sahoo ki radhe shyam nachinatlu frnds tho sitting uu food padypoyav Anna ..Ayina sarey darling ee no one,Bahubbali time anttha Bagaaney Unnnav Anna . Tharwwatha ee sahhoo ki raddhe shyyam nachinnatlu frnnds tho sittting uu food padyppoyav Anna ..Ayyina sarrey darlling ee no one,Bahbabli timme antha Baanaey Unnav Annna . Thawawtha ee sahoo ki radhe shyam nacinantlu frnds tho sititng uu foood padpopyav Annna ..yiyna sarey dalilng ee no one
284,"Frank ga cheppalante evari personal life valladi...
Meru chesthundi enti mari
Peruki pedda news channels... Avasaramayina news vadilesi sodhi news lu cheppatle....Apudu mimmalni alage anali ga
Enta sepu cinema valla personals lo, leda social media peru cheppi
Netizenlu troll chesthunaru anatam... Controversy lani pani kattukuni crete cheytam...ila sodhi news ee kani paniki vachevi epudyna cheppara ra?
Scrap media channels....",hate,Latin/Romanized,"Frank ga cheppalante evari personal life valladi...
Meru chesthundi enti mari
Peruki pedda news channels... Avasaramayina news vadilesi sodhi news lu cheppatle....Apudu mimmalni alage anali ga
Enta sepu cinema valla personals lo, leda social media peru cheppi
Netizenlu troll chesthunaru anatam... Controversy lani pani kattukuni crete cheytam...ila sodhi news ee kani paniki vachevi epudyna cheppara ra?
Scrap media channels....","Frank ga cheppalante evari personal life valladi... Meru chesthundi enti mari Peruki pedda news channels... Avasaramayina news vadilesi sodhi news lu cheppatle....Apudu mimmalni alage anali ga Enta sepu cinema valla personals lo, leda social media peru cheppi Netizenlu troll chesthunaru anatam... Controversy lani pani kattukuni crete cheytam...ila sodhi news ee kani paniki vachevi epudyna cheppara ra? Scrap media channels....","Frank ga cheppalante evari personal life valladi...
Meru chesthundi enti mari
Peruki pedda news channels... Avasaramayina news vadilesi sodhi news lu cheppatle....Apudu mimmalni alage anali ga
Enta sepu cinema valla personals lo, leda social media peru cheppi
Netizenlu troll chesthunaru anatam... Controversy lani pani kattukuni crete cheytam...ila sodhi news ee kani paniki vachevi epudyna cheppara ra?
Scrap media channels....","Frank ga cheppalante evari personal life valladi... Meru chesthundi enti mari Peruki pedda news channels... Avasaramayina news vadilesi sodhi news lu cheppatle....Apudu mimmalni alage anali ga Enta sepu cinema valla personals lo, leda social media peru cheppi Netizenlu troll chesthunaru anatam... Controversy lani pani kattukuni crete cheytam...ila sodhi news ee kani paniki vachevi epudyna cheppara ra? Scrap media channels....","Fraank ga cheppaalante evaari persoonal life valladdi... Meru chesthhundi enti mari Peruuki peddda news channeels... Avasaraamayina news vadillesi soddhi news lu cheppatle.....Apudu mimmaalni alaage anaali ga Enta sepu cineema vallla persoonals lo, leda sociial meddia peru chepppi Netizzenlu trooll chesthhunaru anataam... Controoversy lani pani kattuukuni creete cheytamm...ila soddhi news ee kani paniiki vachhevi epuddyna chepppara ra? Scrrap meddia channells....","Frank ga chepalaante evari peronoal liffe valadid... Merru chethuhndi entti marri Peukui pedda newws chaneles... Avasramaayina newws vadlelsi sodhi newws lu cheppale.....Apudu mimalani alage anali ga Entta seppu ciemea valla peronoals lo, ledda soiail media perru chpppi Netzeznlu troll cheshuhnaru anaama... Contovoersy lanni panni katukuuni crete cheyam.m..ila sodhi newws ee kanni paikii vahehvi epdydna chepapra ra? Scrap media chanelsl...."
285,Hema kuturu chala chala baguntadi chala suma show lo chusanu,non-hate,Latin/Romanized,Hema kuturu chala chala baguntadi chala suma show lo chusanu,Hema kuturu chala chala baguntadi chala suma show lo chusanu,Hema kuturu chala chala baguntadi chala suma show lo chusanu,Hema kuturu chala chala baguntadi chala suma show lo chusanu,Hema kutuuru chaala chaala bagunntadi chaala suma show lo chussanu,Hemma kuuruu chala chala bagntnadi chala summa shoow lo chsasnu
286,women ki respect ledhu malla vadu oka yogi malla ha modda cm kurchi lo vundhi,hate,Latin/Romanized,women ki respect ledhu malla vadu oka yogi malla ha modda cm kurchi lo vundhi,women ki respect ledhu malla vadu oka yogi malla ha modda cm kurchi lo vundhi,women ki respect ledhu malla vadu oka yogi malla ha modda cm kurchi lo vundhi,women ki respect ledhu malla vadu oka yogi malla ha modda cm kurchi lo vundhi,wommen ki resppect leddhu mallla vadu oka yogi mallla ha moddda cm kurcchi lo vunddhi,women ki repepct ledhu malla vaddu oka yoggi malla ha modda cm kuchci lo vudhdi
287,నువ్ హీరో అవతావు అన్న అంత స్టయిల్  వుంది నిలో ఇది రియల్ మాట,non-hate,Telugu,నువ్ హీరో అవతావు అన్న అంత స్టయిల్  వుంది నిలో ఇది రియల్ మాట,nauva haeeraoo avataaavau anana amta satayaila vaumdai nailaoo idai raiyala maaata,నువ్ హీరో అవతావు అన్న అంత స్టయిల్  వుంది నిలో ఇది రియల్ మాట,nauva హీరో avataaavau అన్న amta స్టయిల్ vaumdai నిలో idai రియల్ maaata,నువ్ హీరో అవతాావు అన్న అంత స్టయయిల్ వుంంది నిలో ఇది రియయల్ మాట,నువవ్ హీరరో అవావాు అన్్న అంత స్యియల్ వుంది నిలలో ఇది రియల్ మాట
288,Nice baaga dhimpav Anchor bro.,hate,Latin/Romanized,Nice baaga dhimpav Anchor bro.,Nice baaga dhimpav Anchor bro.,Nice baaga dhimpav Anchor bro.,Nice baaga dhimpav Anchor bro.,Nice baaaga dhimmpav Anchhor bro.,Nicce baaga dhmpmav Anhohr broo.
289,చార్మి పూర్తిగా కుదేలు నాకు ఇంకో la కనిపించింది,hate,Mixed,చార్మి పూర్తిగా కుదేలు నాకు ఇంకో la కనిపించింది,chaaaramai paoorataigaaa kaudaaelau naaakau imkaoo la kanaipaimchaimdai,చార్మి పూర్తిగా కుదేలు నాకు ఇంకో la కనిపించింది,chaaaramai పూర్తిగా kaudaaelau నాకు imkaoo la kanaipaimchaimdai,చార్్మి పూర్తతిగా కుదేేలు నాకు ఇంకో la కనిపింంచింది,చా్మ్ి పూరతితగా కుేలేు నాకకు ఇంకకో la కనిపంచంింది
290,ery pappa la tho comedy very pappa la uanttadhi dhodhu dhodhey,hate,Latin/Romanized,ery pappa la tho comedy very pappa la uanttadhi dhodhu dhodhey,ery pappa la tho comedy very pappa la uanttadhi dhodhu dhodhey,ery pappa la tho comedy very pappa la uanttadhi dhodhu dhodhey,ery pappa la tho comedy very pappa la uanttadhi dhodhu dhodhey,ery papppa la tho comeedy very papppa la uantttadhi dhoddhu dhoddhey,ery pappa la tho coedey verry pappa la uantatdhi dhdhdu dhdhdey
291,వెంకీ మామ ఫ్యాన్స్ జై వెంకీ మామ,non-hate,Telugu,వెంకీ మామ ఫ్యాన్స్ జై వెంకీ మామ,vaemkaee maaama phayaaanasa jaai vaemkaee maaama,వెంకీ మామ ఫ్యాన్స్ జై వెంకీ మామ,vaemkaee మామ phayaaanasa జై vaemkaee మామ,వెంంకీ మామ ఫ్యానన్స్ జై వెంంకీ మామ,వెంకీ మామ ఫ్యన్నస్ జై వెంకీ మామ
292,"Babu gogineni garu, suereb ga Chepparu",non-hate,Latin/Romanized,"Babu gogineni garu, suereb ga Chepparu","Babu gogineni garu, suereb ga Chepparu","Babu gogineni garu, suereb ga Chepparu","Babu gogineni garu, suereb ga Chepparu","Babu goginneni garru, suerreb ga Cheppparu","Babbu gognenni garu, surerb ga Chepapru"
293,Bangaram lanti wife failure kuda supporting ga undi kani veedu vini veshalu,non-hate,Latin/Romanized,Bangaram lanti wife failure kuda supporting ga undi kani veedu vini veshalu,Bangaram lanti wife failure kuda supporting ga undi kani veedu vini veshalu,Bangaram lanti wife failure kuda supporting ga undi kani veedu vini veshalu,Bangaram lanti wife failure kuda supporting ga undi kani veedu vini veshalu,Bangaaram lannti wife faillure kuda supporrting ga undi kani veeedu vini veshhalu,Banaraam lanti wiffe falulre kudda suportring ga unddi kanni veedu vinni vehahlu
294,బాగా చదివినవ్ గా రాసుకుని మరీ.. మధ్యలో మన భార్యలు అన్నావ్ చూడు,hate,Telugu,బాగా చదివినవ్ గా రాసుకుని మరీ.. మధ్యలో మన భార్యలు అన్నావ్ చూడు,baaagaaa chadaivainava gaaa raaasaukaunai maraee.. madhayalaoo mana bhaaarayalau ananaaava chaoodau,బాగా చదివినవ్ గా రాసుకుని మరీ.. మధ్యలో మన భార్యలు అన్నావ్ చూడు,baaagaaa చదివినవ్ gaaa రాసుకుని maraee.. మధ్యలో mana భార్యలు ananaaava చూడు,బాగా చదివిినవ్ గా రాసుకకుని మరీీ.. మధ్యయలో మన భార్్యలు అన్ననావ్ చూడు,బాగగా చదిినివ్ గా రాసకుకని మరీ.. మధయలయో మన భా్య్లు అననానవ్ చూడడు
295,బానిస కట్టప్పలు బయటకి వచ్చారు..ఇక జగన్ కి భజన చెయ్యడానికి..,hate,Telugu,బానిస కట్టప్పలు బయటకి వచ్చారు..ఇక జగన్ కి భజన చెయ్యడానికి..,baaanaisa katatapapalau bayatakai vachachaaarau..ika jagana kai bhajana chaeyayadaaanaikai..,బానిస కట్టప్పలు బయటకి వచ్చారు..ఇక జగన్ కి భజన చెయ్యడానికి..,baaanaisa కట్టప్పలు bayatakai వచ్చారు..ఇక jagana కి bhajana చెయ్యడానికి..,బాననిస కట్టపప్పలు బయటటకి వచ్చారరు..ఇక జగన్ కి భజన చెయ్యడాానికి..,బానిస కట్ప్పపలు బయటకి వచ్చరుర..ఇక జగనన్ కి భజన చెయ్డానాికి..
296,పాప చేతికి కత్తి ఇచ్చే సీన్ ఎన్నిసార్లు చూసినా కళ్ళలో నీళ్లు తిరుగుతున్నాయి... Great thought by director,non-hate,Mixed,పాప చేతికి కత్తి ఇచ్చే సీన్ ఎన్నిసార్లు చూసినా కళ్ళలో నీళ్లు తిరుగుతున్నాయి... Great thought by director,paaapa chaaetaikai katatai ichachaae saeena enanaisaaaralau chaoosainaaa kalalalaoo naeelalau tairaugautaunanaaayai... Great thought by director,పాప చేతికి కత్తి ఇచ్చే సీన్ ఎన్నిసార్లు చూసినా కళ్ళలో నీళ్లు తిరుగుతున్నాయి... Great thought by director,paaapa చేతికి katatai ఇచ్చే saeena ఎన్నిసార్లు chaoosainaaa కళ్ళలో naeelalau తిరుగుతున్నాయి... Great thought by director,పాప చేతిికి కత్్తి ఇచ్్చే సీన్ ఎన్నిససార్లు చూసిినా కళ్ళళలో నీళ్్లు తిరుగుతునన్నాయి... Greeat thouught by direcctor,పాప చేికిి కత్తి ఇచ్చే సీనన్ ఎన్నసాసర్లు చూినిా కళళలళో నీ్ల్ు తిరుగుున్ననాయి... Great thuguht by dirctcor
297,మెగాస్టార్ చిరంజీవి గారు అప్పటికి ఇప్పటికి ఎప్పటికీ లెజెండరీ ఆక్టర్ in world,non-hate,Mixed,మెగాస్టార్ చిరంజీవి గారు అప్పటికి ఇప్పటికి ఎప్పటికీ లెజెండరీ ఆక్టర్ in world,maegaaasataaara chairamjaeevai gaaarau apapataikai ipapataikai epapataikaee laejaemdaraee aakatara in world,మెగాస్టార్ చిరంజీవి గారు అప్పటికి ఇప్పటికి ఎప్పటికీ లెజెండరీ ఆక్టర్ in world,maegaaasataaara చిరంజీవి gaaarau అప్పటికి ipapataikai ఎప్పటికీ laejaemdaraee ఆక్టర్ in world,మెగాస్్టార్ చిరంజజీవి గారు అప్పటటికి ఇప్పటటికి ఎప్పటటికీ లెజెంండరీ ఆక్టటర్ in worrld,మెగస్ట్ార్ చిరజీజవి గారరు అప్టిటకి ఇప్టిటకి ఎప్టిటకీ లెజండంరీ ఆకటరట్ in world
298,In direct reshmi ke kiss aadiga du sudheer bhaiyya,non-hate,Latin/Romanized,In direct reshmi ke kiss aadiga du sudheer bhaiyya,In direct reshmi ke kiss aadiga du sudheer bhaiyya,In direct reshmi ke kiss aadiga du sudheer bhaiyya,In direct reshmi ke kiss aadiga du sudheer bhaiyya,In direect reshhmi ke kiss aadiiga du sudhheer bhaiiyya,In diecet rehmhi ke kisss aaigia du suheher bhiyiya
299,సంక్రాంతికి రాబోతున్న చిరంజీవి గారి సినిమా మరియు బాలకృష్ణ గారి సినిమా మంచి విజయం సాధించాలని కోరుకుంటూ,non-hate,Telugu,సంక్రాంతికి రాబోతున్న చిరంజీవి గారి సినిమా మరియు బాలకృష్ణ గారి సినిమా మంచి విజయం సాధించాలని కోరుకుంటూ,samkaraaamtaikai raaabaootaunana chairamjaeevai gaaarai sainaimaaa maraiyau baaalakarushana gaaarai sainaimaaa mamchai vaijayam saaadhaimchaaalanai kaooraukaumtaoo,సంక్రాంతికి రాబోతున్న చిరంజీవి గారి సినిమా మరియు బాలకృష్ణ గారి సినిమా మంచి విజయం సాధించాలని కోరుకుంటూ,samkaraaamtaikai రాబోతున్న chairamjaeevai గారి sainaimaaa మరియు baaalakarushana గారి sainaimaaa మంచి vaijayam సాధించాలని kaooraukaumtaoo,సంక్రాాంతికి రాబోతతున్న చిరంజజీవి గారి సినిిమా మరిియు బాలకృృష్ణ గారి సినిిమా మంచి విజజయం సాధించచాలని కోరుకకుంటూ,సంక్ాంాతికి రాబతుతన్న చిరజీజవి గారరి సిిమిా మరియు బాలృషృ్ణ గారరి సిిమిా మంచచి విజయం సాధంచాచలని కోరకుకంటూ
300,సూపర్ అన్న జై పవన్ కళ్యాణ్ జై జనసేన నెక్స్ట్ సీఎం పవన్ కళ్యాణ్ గారే,non-hate,Telugu,సూపర్ అన్న జై పవన్ కళ్యాణ్ జై జనసేన నెక్స్ట్ సీఎం పవన్ కళ్యాణ్ గారే,saoopara anana jaai pavana kalayaaana jaai janasaaena naekasata saeeem pavana kalayaaana gaaaraae,సూపర్ అన్న జై పవన్ కళ్యాణ్ జై జనసేన నెక్స్ట్ సీఎం పవన్ కళ్యాణ్ గారే,saoopara అన్న jaai పవన్ kalayaaana జై janasaaena నెక్స్ట్ saeeem పవన్ kalayaaana గారే,సూపపర్ అన్న జై పవన్ కళ్యయాణ్ జై జనససేన నెక్సస్ట్ సీఎం పవన్ కళ్యయాణ్ గారే,సూపర్ అన్్న జై పవనన్ కళయాయణ్ జై జనసేన నెకస్సట్ సీఎఎం పవనన్ కళయాయణ్ గారరే
301,appude amindi mundundi musallapanda chudu ra,hate,Latin/Romanized,appude amindi mundundi musallapanda chudu ra,appude amindi mundundi musallapanda chudu ra,appude amindi mundundi musallapanda chudu ra,appude amindi mundundi musallapanda chudu ra,appuude aminndi munduundi musallaapanda chuudu ra,apudue amndni mununudi musalapaanda chudu ra
302,Veedu gelisthe telangana people dhi kuda adhe situation,non-hate,Latin/Romanized,Veedu gelisthe telangana people dhi kuda adhe situation,Veedu gelisthe telangana people dhi kuda adhe situation,Veedu gelisthe telangana people dhi kuda adhe situation,Veedu gelisthe telangana people dhi kuda adhe situation,Veeedu gelissthe telanngana peopple dhi kuda adhe situaation,Veedu gelstshe telngnana peplpe dhi kudda adhhe sitataion
303,Dhusta chaathuryam!  Meeru ilantivi enni chesina em pikalerra!,hate,Latin/Romanized,Dhusta chaathuryam!  Meeru ilantivi enni chesina em pikalerra!,Dhusta chaathuryam! Meeru ilantivi enni chesina em pikalerra!,Dhusta chaathuryam!  Meeru ilantivi enni chesina em pikalerra!,Dhusta chaathuryam! Meeru ilantivi enni chesina em pikalerra!,Dhussta chaathuuryam! Meeeru ilanttivi enni chessina em pikaleerra!,Dhstsa chaahuruyam! Meeru ilatitvi ennni chsisna em piklerera!
304,Helping nature kuda vundaali apude manishiki viluva,non-hate,Latin/Romanized,Helping nature kuda vundaali apude manishiki viluva,Helping nature kuda vundaali apude manishiki viluva,Helping nature kuda vundaali apude manishiki viluva,Helping nature kuda vundaali apude manishiki viluva,Helpping natuure kuda vundaaali apuude manisshiki viluuva,Hepipng naurue kudda vunaaali apude manshsiki viuvua
305,మరదే తెలిసి తెలిసి నిప్పుల్లో చేతులు పెట్టడం అంటే,hate,Telugu,మరదే తెలిసి తెలిసి నిప్పుల్లో చేతులు పెట్టడం అంటే,maradaae taelaisai taelaisai naipapaulalaoo chaaetaulau paetatadam amtaae,మరదే తెలిసి తెలిసి నిప్పుల్లో చేతులు పెట్టడం అంటే,maradaae తెలిసి taelaisai నిప్పుల్లో chaaetaulau పెట్టడం amtaae,మరదే తెలిిసి తెలిిసి నిప్పుుల్లో చేతుులు పెట్్టడం అంటే,మరదదే తెిసిి తెిసిి నిపపులు్లో చేులుు పె్ట్డం అంటటే
306,Mr. Bandi అసలు 2019 కి ముందు ని అస్థి ఎంత ఇప్పుడు నీ ఆస్థి ఎంత..,non-hate,Mixed,Mr. Bandi అసలు 2019 కి ముందు ని అస్థి ఎంత ఇప్పుడు నీ ఆస్థి ఎంత..,Mr. Bandi asalau 2019 kai maumdau nai asathai emta ipapaudau naee aasathai emta..,Mr. Bandi అసలు 2019 కి ముందు ని అస్థి ఎంత ఇప్పుడు నీ ఆస్థి ఎంత..,Mr. Bandi asalau 2019 kai ముందు nai అస్థి emta ఇప్పుడు naee ఆస్థి emta..,Mr. Banndi అసలు 2019 కి ముంందు ని అస్్థి ఎంత ఇప్పపుడు నీ ఆస్్థి ఎంతత..,Mr. Bandi అసలలు 20119 కి ముందు ని అస్థి ఎంత ఇపపుపడు నీ ఆస్థి ఎంత..
307,Anchor be like: pichi na kdklni andharu ikkade unnaru,hate,Latin/Romanized,Anchor be like: pichi na kdklni andharu ikkade unnaru,Anchor be like: pichi na kdklni andharu ikkade unnaru,Anchor be like: pichi na kdklni andharu ikkade unnaru,Anchor be like: pichi na kdklni andharu ikkade unnaru,Anchhor be likke: picchi na kdkllni andhharu ikkaade unnaaru,Anhohr be like: pichi na kdlnli anhahru ikadae unarau
308,"Megastar tho dutt garu 4movies theesthey 3 industry hits.charan janvi tho thwaraga jvas 2 thiyyandi
Dutt garu",non-hate,Latin/Romanized,"Megastar tho dutt garu 4movies theesthey 3 industry hits.charan janvi tho thwaraga jvas 2 thiyyandi
Dutt garu",Megastar tho dutt garu 4movies theesthey 3 industry hits.charan janvi tho thwaraga jvas 2 thiyyandi Dutt garu,"Megastar tho dutt garu 4movies theesthey 3 industry hits.charan janvi tho thwaraga jvas 2 thiyyandi
Dutt garu",Megastar tho dutt garu 4movies theesthey 3 industry hits.charan janvi tho thwaraga jvas 2 thiyyandi Dutt garu,Megasstar tho dutt garu 4movvies theessthey 3 indusstry hits.ccharan jannvi tho thwarraga jvas 2 thiyyyandi Dutt garu,Megstsar tho duttt garru 4mvives thestshey 3 indstsry hitschcaran janvi tho thwrarga jvaas 2 thiyayndi Duttt garru
309,E bjp oil rates increase chesi vanta cheyali ante kastam undi anna,non-hate,Latin/Romanized,E bjp oil rates increase chesi vanta cheyali ante kastam undi anna,E bjp oil rates increase chesi vanta cheyali ante kastam undi anna,E bjp oil rates increase chesi vanta cheyali ante kastam undi anna,E bjp oil rates increase chesi vanta cheyali ante kastam undi anna,E bjp oil rattes increease cheesi vannta cheyyali ante kasttam undi anna,E bjp oil rates inceaese chesi vanta chyayli antte katatm unddi annna
310,ప్రజల తరపున ఇంత సుదీర్ఘ పోరాటం చేసి తాను గెలిచి మమ్మల్ని గెలిపించిన దిలీప్ సుంకర గారికి హృదయ పూర్వక శుభాకాంక్షలు...జై భీమ్ ...జై భారత్...,non-hate,Telugu,ప్రజల తరపున ఇంత సుదీర్ఘ పోరాటం చేసి తాను గెలిచి మమ్మల్ని గెలిపించిన దిలీప్ సుంకర గారికి హృదయ పూర్వక శుభాకాంక్షలు...జై భీమ్ ...జై భారత్...,parajala tarapauna imta saudaeeragha paooraaatam chaaesai taaanau gaelaichai mamamalanai gaelaipaimchaina dailaeepa saumkara gaaaraikai harudaya paooravaka shaubhaaakaaamkashalau...jaai bhaeema ...jaai bhaaarata...,ప్రజల తరపున ఇంత సుదీర్ఘ పోరాటం చేసి తాను గెలిచి మమ్మల్ని గెలిపించిన దిలీప్ సుంకర గారికి హృదయ పూర్వక శుభాకాంక్షలు...జై భీమ్ ...జై భారత్...,parajala తరపున imta సుదీర్ఘ paooraaatam చేసి taaanau గెలిచి mamamalanai గెలిపించిన dailaeepa సుంకర gaaaraikai హృదయ paooravaka శుభాకాంక్షలు...జై bhaeema ...జై bhaaarata...,ప్రరజల తరపపున ఇంత సుదీీర్ఘ పోరాాటం చేసి తాను గెలిిచి మమ్మలల్ని గెలిపిించిన దిలీీప్ సుంంకర గారిికి హృదయ పూర్్వక శుభాకాంక్్షలు...జై భీమ్ ....జై భారత్్...,ప్రజల తరపున ఇంత సుీరీ్ఘ పోాటాం చేససి తానను గెిచిి మమ్ల్లని గెలపింిచిన దిీపీ్ సుంకర గాికిి హృదదయ పూ్వ్క శుభాకాక్ష్లు...జై భీమమ్ ...జై భార్.్..
311,Vijay Devarakonda fans ekkada thagedhele,non-hate,Latin/Romanized,Vijay Devarakonda fans ekkada thagedhele,Vijay Devarakonda fans ekkada thagedhele,Vijay Devarakonda fans ekkada thagedhele,Vijay Devarakonda fans ekkada thagedhele,Vijjay Devaraakonda fans ekkaada thageddhele,Vijay Devaakaonda fanns ekadaa thaedhdele
312,మహేష్ బాబు ల వుండ్ సితార పాప చాలా క్యూట్ గా ఉంది,non-hate,Telugu,మహేష్ బాబు ల వుండ్ సితార పాప చాలా క్యూట్ గా ఉంది,mahaaesha baaabau la vaumda saitaaara paaapa chaaalaaa kayaoota gaaa umdai,మహేష్ బాబు ల వుండ్ సితార పాప చాలా క్యూట్ గా ఉంది,mahaaesha బాబు la వుండ్ saitaaara పాప chaaalaaa క్యూట్ gaaa ఉంది,మహేేష్ బాబు ల వుంండ్ సితతార పాప చాలా క్యూూట్ గా ఉంది,మహేష్ బాబబు ల వుండ్ సితార పాప చాలలా క్ూటూ్ గా ఉందది
313,Povee pukuu mundaa,hate,Latin/Romanized,Povee pukuu mundaa,Povee pukuu mundaa,Povee pukuu mundaa,Povee pukuu mundaa,Povvee pukkuu munddaa,Povee pukuu mudada
314,"poyi central appulu chudu, hunger index, inflation, poverty, unemployment etc Telangana lo least unemployment and development is peaking up rapidly.",non-hate,Latin/Romanized,"poyi central appulu chudu, hunger index, inflation, poverty, unemployment etc Telangana lo least unemployment and development is peaking up rapidly.","poyi central appulu chudu, hunger index, inflation, poverty, unemployment etc Telangana lo least unemployment and development is peaking up rapidly.","poyi central appulu chudu, hunger index, inflation, poverty, unemployment etc Telangana lo least unemployment and development is peaking up rapidly.","poyi central appulu chudu, hunger index, inflation, poverty, unemployment etc Telangana lo least unemployment and development is peaking up rapidly.","poyi centtral appuulu chuddu, hungger indeex, inflattion, poverrty, unemplooyment etc Telanngana lo leaast unemplooyment and develoopment is peakking up rapiddly.","poyyi cetrtal apuluu chdud, hugegr inexe, infatiton, povrtry, unemloyoment etc Telngnana lo least unemloyoment and deveopoment is pekikng up rapdldy."
315,లంజాకొడుకులు లంజముండల జోకులా ఇవి నా కొడకల్లారా,hate,Telugu,లంజాకొడుకులు లంజముండల జోకులా ఇవి నా కొడకల్లారా,lamjaaakaodaukaulau lamjamaumdala jaookaulaaa ivai naaa kaodakalalaaaraaa,లంజాకొడుకులు లంజముండల జోకులా ఇవి నా కొడకల్లారా,lamjaaakaodaukaulau లంజముండల jaookaulaaa ఇవి naaa కొడకల్లారా,లంజాకొడడుకులు లంజముుండల జోకుులా ఇవి నా కొడకల్్లారా,లంజాొడుడకులు లంజుంుడల జోులుా ఇవి నా కొడల్ల్ారా
316,shaq modda ante vunnavu ra kevin neku enduku affair,hate,Latin/Romanized,shaq modda ante vunnavu ra kevin neku enduku affair,shaq modda ante vunnavu ra kevin neku enduku affair,shaq modda ante vunnavu ra kevin neku enduku affair,shaq modda ante vunnavu ra kevin neku enduku affair,shaq moddda ante vunnnavu ra kevvin neku enduuku affaair,shaaq modda antte vunanvu ra kevin nekku enukuu afaiar
317,నా ఊపిరి ఉన్నంతవరకు నా ఓటు మీకే అన్నా,non-hate,Telugu,నా ఊపిరి ఉన్నంతవరకు నా ఓటు మీకే అన్నా,naaa oopairai unanamtavarakau naaa ootau maeekaae ananaaa,నా ఊపిరి ఉన్నంతవరకు నా ఓటు మీకే అన్నా,naaa ఊపిరి unanamtavarakau నా ootau మీకే ananaaa,నా ఊపిిరి ఉన్నంతతవరకు నా ఓటు మీకే అన్్నా,నా ఊపిరి ఉన్ంతవతరకు నా ఓటు మీకకే అన్నా
318,Prathi scene prathi shot u mind pothundhi Amma baboy Awesome script selection,non-hate,Latin/Romanized,Prathi scene prathi shot u mind pothundhi Amma baboy Awesome script selection,Prathi scene prathi shot u mind pothundhi Amma baboy Awesome script selection,Prathi scene prathi shot u mind pothundhi Amma baboy Awesome script selection,Prathi scene prathi shot u mind pothundhi Amma baboy Awesome script selection,Pratthi sceene pratthi shot u mind pothuundhi Amma babboy Awessome scriipt selecction,Prthti scene prthti shoot u minnd potunudhi Ammma baboy Awsosme scipit selctcion
319,Idendayya idi Mariiii ila thayarayyaru Dandaalu ra ayya,hate,Latin/Romanized,Idendayya idi Mariiii ila thayarayyaru Dandaalu ra ayya,Idendayya idi Mariiii ila thayarayyaru Dandaalu ra ayya,Idendayya idi Mariiii ila thayarayyaru Dandaalu ra ayya,Idendayya idi Mariiii ila thayarayyaru Dandaalu ra ayya,Idenddayya idi Mariiiii ila thayaraayyaru Dandaaalu ra ayya,Idedadyya idi Maiiiii ila thayrayayaru Danaaalu ra ayyya
320,special respect for Indian cricket thanks for ( international board of Australia),non-hate,Latin/Romanized,special respect for Indian cricket thanks for ( international board of Australia),special respect for Indian cricket thanks for ( international board of Australia),special respect for Indian cricket thanks for ( international board of Australia),special respect for Indian cricket thanks for ( international board of Australia),speccial resppect for Indiian criccket thannks for ( internaational boaard of Austraalia),spcical repepct for Iniain crckcet thnkns for ( intenataional board of Ausralaia)
321,Cheppedhi em lekapoina ha hm ani anna parledhu vallatho matladali anthee,non-hate,Latin/Romanized,Cheppedhi em lekapoina ha hm ani anna parledhu vallatho matladali anthee,Cheppedhi em lekapoina ha hm ani anna parledhu vallatho matladali anthee,Cheppedhi em lekapoina ha hm ani anna parledhu vallatho matladali anthee,Cheppedhi em lekapoina ha hm ani anna parledhu vallatho matladali anthee,Chepppedhi em lekappoina ha hm ani anna parleedhu vallaatho matlaadali anthhee,Chepepdhi em lekpopina ha hm ani annna paredehu valataho matadaali anhehe
322,Gudivada king true leader,non-hate,Latin/Romanized,Gudivada king true leader,Gudivada king true leader,Gudivada king true leader,Gudivada king true leader,Gudivvada king true leadder,Gudvavda kinng truue lededr
323,siggu vundali amma jagan lanti erripuk kanna anduku,hate,Latin/Romanized,siggu vundali amma jagan lanti erripuk kanna anduku,siggu vundali amma jagan lanti erripuk kanna anduku,siggu vundali amma jagan lanti erripuk kanna anduku,siggu vundali amma jagan lanti erripuk kanna anduku,sigggu vunddali amma jaggan lannti erriipuk kannna anduuku,siggu vudadli ammma jagan lanti eripiuk kanna anukuu
324,All the best annya aaa..ni Hard work apudu ki waste kadhu sir jai janasena,non-hate,Latin/Romanized,All the best annya aaa..ni Hard work apudu ki waste kadhu sir jai janasena,All the best annya aaa..ni Hard work apudu ki waste kadhu sir jai janasena,All the best annya aaa..ni Hard work apudu ki waste kadhu sir jai janasena,All the best annya aaa..ni Hard work apudu ki waste kadhu sir jai janasena,All the best annnya aaa...ni Hard work apuudu ki wasste kaddhu sir jai janassena,All the besst annya aa...ni Harrd worrk apudu ki waste kadhu sir jai jansesna
325,అప్పట్లో సునీల్ కోసమే డైలాగ్స్ ఉండేవి ఇపుడు ఆలా లెవ్,non-hate,Telugu,అప్పట్లో సునీల్ కోసమే డైలాగ్స్ ఉండేవి ఇపుడు ఆలా లెవ్,apapatalaoo saunaeela kaoosamaae daailaaagasa umdaaevai ipaudau aalaaa laeva,అప్పట్లో సునీల్ కోసమే డైలాగ్స్ ఉండేవి ఇపుడు ఆలా లెవ్,apapatalaoo సునీల్ kaoosamaae డైలాగ్స్ umdaaevai ఇపుడు aalaaa లెవ్,అప్పటట్లో సునీీల్ కోససమే డైలాగగ్స్ ఉండేేవి ఇపుుడు ఆలా లెవ్,అప్ట్టలో సుీలీ్ కోసమే డైలగ్గస్ ఉంేవేి ఇపుడు ఆలా లెవవ్
326,వావ్ మీ డాన్స్ సూపర్ సూపర్,non-hate,Telugu,వావ్ మీ డాన్స్ సూపర్ సూపర్,vaaava maee daaanasa saoopara saoopara,వావ్ మీ డాన్స్ సూపర్ సూపర్,vaaava మీ daaanasa సూపర్ saoopara,వావ్ మీ డాన్్స్ సూపపర్ సూపపర్,వావవ్ మీ డా్స్్ సూపర్ సూపర్
327,వారు ఎవరితో పెట్టుకుంటే మీకెందుకుసార్.మీరు రోడ్లు ఎందుకు ఇయ్యలేదు? ప్రాజెక్టులు ఎందుకు కట్టడం లేదు? ఎందుకు ఇంత అప్పులు చేస్తున్నారు మద్యపాన నిషేధం ఎందుకు చేయలేదు? కంపెనీలు ఎందుకు తీసుకురావడం లేదు?,non-hate,Telugu,వారు ఎవరితో పెట్టుకుంటే మీకెందుకుసార్.మీరు రోడ్లు ఎందుకు ఇయ్యలేదు? ప్రాజెక్టులు ఎందుకు కట్టడం లేదు? ఎందుకు ఇంత అప్పులు చేస్తున్నారు మద్యపాన నిషేధం ఎందుకు చేయలేదు? కంపెనీలు ఎందుకు తీసుకురావడం లేదు?,vaaarau evaraitaoo paetataukaumtaae maeekaemdaukausaaara.maeerau raoodalau emdaukau iyayalaaedau? paraaajaekataulau emdaukau katatadam laaedau? emdaukau imta apapaulau chaaesataunanaaarau madayapaaana naishaaedham emdaukau chaaeyalaaedau? kampaenaeelau emdaukau taeesaukauraaavadam laaedau?,వారు ఎవరితో పెట్టుకుంటే మీకెందుకుసార్.మీరు రోడ్లు ఎందుకు ఇయ్యలేదు? ప్రాజెక్టులు ఎందుకు కట్టడం లేదు? ఎందుకు ఇంత అప్పులు చేస్తున్నారు మద్యపాన నిషేధం ఎందుకు చేయలేదు? కంపెనీలు ఎందుకు తీసుకురావడం లేదు?,vaaarau ఎవరితో paetataukaumtaae మీకెందుకుసార్.మీరు raoodalau ఎందుకు iyayalaaedau? ప్రాజెక్టులు emdaukau కట్టడం laaedau? ఎందుకు imta అప్పులు chaaesataunanaaarau మద్యపాన naishaaedham ఎందుకు chaaeyalaaedau? కంపెనీలు emdaukau తీసుకురావడం laaedau?,వారు ఎవరిితో పెట్టుుకుంటే మీకెందుకుససార్.మీరు రోడ్్లు ఎందుుకు ఇయ్యలలేదు? ప్రాజెకక్టులు ఎందుుకు కట్టటడం లేదదు? ఎందుుకు ఇంత అప్పపులు చేస్తునన్నారు మద్యయపాన నిషేేధం ఎందుుకు చేయలేేదు? కంపెననీలు ఎందుుకు తీసుకుురావడం లేదదు?,వారరు ఎవితిో పెట్ుకుుంటే మీకెందకుసాసర్.మీరు రో్ల్ు ఎంుకుు ఇయ్లేలదు? ప్రాెక్కటులు ఎంుకుు కటటడటం లేదు? ఎంుకుు ఇంత అపపుపలు చేస్ున్ననారు మదయపయాన నిేధేం ఎంుకుు చేయేదేు? కంపనీనలు ఎంుకుు తీసుురుావడం లేదు?
328,సిగ్గు సరం వున్న వాళ్ళు ఎవరు వీడి సినిమాలకు పొకడదు ..... ఏంట్రా ఆ బాషా ...,hate,Telugu,సిగ్గు సరం వున్న వాళ్ళు ఎవరు వీడి సినిమాలకు పొకడదు ..... ఏంట్రా ఆ బాషా ...,saigagau saram vaunana vaaalalau evarau vaeedai sainaimaaalakau paokadadau ..... aemtaraaa aa baaashaaa ...,సిగ్గు సరం వున్న వాళ్ళు ఎవరు వీడి సినిమాలకు పొకడదు ..... ఏంట్రా ఆ బాషా ...,saigagau సరం vaunana వాళ్ళు evarau వీడి sainaimaaalakau పొకడదు ..... ఏంట్రా aa బాషా ...,సిగ్్గు సరం వునన్న వాళ్్ళు ఎవరు వీడి సినిమమాలకు పొకడడదు ...... ఏంట్్రా ఆ బాషా ...,సి్గ్ు సరం వున్న వా్ళ్ు ఎవరరు వీడడి సినమామలకు పొడదడు ..... ఏం్ర్ా ఆ బాషషా ...
329,po ra pichi kukka . siggu ledhu em ledhu asla manishi vey na,hate,Latin/Romanized,po ra pichi kukka . siggu ledhu em ledhu asla manishi vey na,po ra pichi kukka . siggu ledhu em ledhu asla manishi vey na,po ra pichi kukka . siggu ledhu em ledhu asla manishi vey na,po ra pichi kukka . siggu ledhu em ledhu asla manishi vey na,po ra picchi kukkka . sigggu leddhu em leddhu asla maniishi vey na,po ra pichi kukka . siggu ledhu em ledhu aslla maisihi vey na
330,Ilanti MLA Anni niyojaka vargallo enduku leru!!!,non-hate,Latin/Romanized,Ilanti MLA Anni niyojaka vargallo enduku leru!!!,Ilanti MLA Anni niyojaka vargallo enduku leru!!!,Ilanti MLA Anni niyojaka vargallo enduku leru!!!,Ilanti MLA Anni niyojaka vargallo enduku leru!!!,Ilannti MLA Anni niyojjaka vargaallo enduuku leruu!!!,Ilntni MLA Annni niyjajka varalalo enukuu leu!u!!
331,Full video please bayya,non-hate,Latin/Romanized,Full video please bayya,Full video please bayya,Full video please bayya,Full video please bayya,Full viddeo pleaase bayyya,Fulll video plasae bayya
332,తొడలు... అస్సలు ఉన్నాయి,hate,Telugu,తొడలు... అస్సలు ఉన్నాయి,taodalau... asasalau unanaaayai,తొడలు... అస్సలు ఉన్నాయి,taodalau... అస్సలు unanaaayai,తొడలుు... అస్ససలు ఉన్ననాయి,తొడు.ు.. అససలసు ఉననానయి
333,Dress bavundi kaani phone poyindi,non-hate,Latin/Romanized,Dress bavundi kaani phone poyindi,Dress bavundi kaani phone poyindi,Dress bavundi kaani phone poyindi,Dress bavundi kaani phone poyindi,Dreess bavuundi kaaani phoone poyiindi,Dress baunudi kaani phone poinidi
334,ఎందుకు రికార్డింగ్ డాన్స్ వాళ్ళకి విలువ లేదు అంటే... ఇలాంటి మాటలు... వెకిలి చేష్టలు వల్లే...,hate,Telugu,ఎందుకు రికార్డింగ్ డాన్స్ వాళ్ళకి విలువ లేదు అంటే... ఇలాంటి మాటలు... వెకిలి చేష్టలు వల్లే...,emdaukau raikaaaradaimga daaanasa vaaalalakai vailauva laaedau amtaae... ilaaamtai maaatalau... vaekailai chaaeshatalau valalaae...,ఎందుకు రికార్డింగ్ డాన్స్ వాళ్ళకి విలువ లేదు అంటే... ఇలాంటి మాటలు... వెకిలి చేష్టలు వల్లే...,emdaukau రికార్డింగ్ daaanasa వాళ్ళకి vailauva లేదు amtaae... ఇలాంటి maaatalau... వెకిలి chaaeshatalau వల్లే...,ఎందుుకు రికార్్డింగ్ డాన్్స్ వాళ్్ళకి విలలువ లేదు అంటేే... ఇలాంంటి మాటలుు... వెకిిలి చేష్్టలు వల్లేే...,ఎంుకుు రికా్డ్ింగ్ డా్స్్ వా్ళ్కి విలువ లేదదు అంే.ే.. ఇలంటంి మాటు.ు.. వెిలిి చే్ట్లు వల్ే.ే..
335,అసలు ఇంగ్లీషు సినిమాలు లోనే ఇలాంటి పదాలు ఉంటాయి.,non-hate,Telugu,అసలు ఇంగ్లీషు సినిమాలు లోనే ఇలాంటి పదాలు ఉంటాయి.,asalau imgalaeeshau sainaimaaalau laoonaae ilaaamtai padaaalau umtaaayai.,అసలు ఇంగ్లీషు సినిమాలు లోనే ఇలాంటి పదాలు ఉంటాయి.,asalau ఇంగ్లీషు sainaimaaalau లోనే ilaaamtai పదాలు umtaaayai.,అసలు ఇంగ్లలీషు సినిమమాలు లోనే ఇలాంంటి పదాాలు ఉంటాాయి.,అసలలు ఇంగలీలషు సినమామలు లోననే ఇలంటంి పదాలు ఉంాయాి.
336,ముందు ముందు స్పష్టం గా బూతులు మాట్లాడేస్తారు ఏమో,hate,Telugu,ముందు ముందు స్పష్టం గా బూతులు మాట్లాడేస్తారు ఏమో,maumdau maumdau sapashatam gaaa baootaulau maaatalaaadaaesataaarau aemaoo,ముందు ముందు స్పష్టం గా బూతులు మాట్లాడేస్తారు ఏమో,maumdau ముందు sapashatam గా baootaulau మాట్లాడేస్తారు aemaoo,ముంందు ముంందు స్పషష్టం గా బూతుులు మాట్లాడేేస్తారు ఏమో,ముందు ముందు స్ష్షటం గా బూులుు మాట్లడేసే్తారు ఏమో
337,Anduke film dobbindii,hate,Latin/Romanized,Anduke film dobbindii,Anduke film dobbindii,Anduke film dobbindii,Anduke film dobbindii,Anduuke film dobbiindii,Anukue fillm dobinidii
338,kallu pathukoni sanka kannidhi meru,hate,Latin/Romanized,kallu pathukoni sanka kannidhi meru,kallu pathukoni sanka kannidhi meru,kallu pathukoni sanka kannidhi meru,kallu pathukoni sanka kannidhi meru,kalllu pathuukoni sannka kanniidhi meru,kallu patukuoni sanka kanidihi merru
339,Ade matani dukuduga cheppandi. Siva garu kanabadatharu maku. Voice belaga vundi.,non-hate,Latin/Romanized,Ade matani dukuduga cheppandi. Siva garu kanabadatharu maku. Voice belaga vundi.,Ade matani dukuduga cheppandi. Siva garu kanabadatharu maku. Voice belaga vundi.,Ade matani dukuduga cheppandi. Siva garu kanabadatharu maku. Voice belaga vundi.,Ade matani dukuduga cheppandi. Siva garu kanabadatharu maku. Voice belaga vundi.,Ade mataani dukudduga cheppaandi. Siva garu kanabaddatharu makku. Voiice belaaga vunddi.,Ade maanai dukdudga chepanadi. Sivva garru kanaadadtharu maku. Voice beagaa vudid.
340,ఇదేంటీ ఇలా నడుస్తుంది,hate,Telugu,ఇదేంటీ ఇలా నడుస్తుంది,idaaemtaee ilaaa nadausataumdai,ఇదేంటీ ఇలా నడుస్తుంది,idaaemtaee ఇలా nadausataumdai,ఇదేంంటీ ఇలా నడుస్తతుంది,ఇదంటంీ ఇలా నడు్తుతంది
341,కోహ్లీ కి అనుకులం గా మరియు ఫామ్ లో ఉన్నపుడు 3 icc cups అందించినా ధోని గౌరవంగా కెప్టెన్సీ వదులుకున్నాడు..అందరు రిటైర్మెంట్ తరవాత లెజెండ్స్ అయ్యరు కానీ కోహ్లి క్రికెట్ అడుతునే లెజెండ్ స్థాయీ నీ అందుకున్నాడు..కోహ్లీ స్టేయి వాడు కెప్టెన్సీ కోసం ఇలా గొడవపడటం వల్ల ప్రపంచ స్థాయీ అభిమనులున్నా కోహ్లి తానా స్థాయిని తాగించుకున్నవాడు అవ్వుతాడు..కోహ్లి winning persentage యెక్కువున్నా..IPL.కాని,non-hate,Mixed,కోహ్లీ కి అనుకులం గా మరియు ఫామ్ లో ఉన్నపుడు 3 icc cups అందించినా ధోని గౌరవంగా కెప్టెన్సీ వదులుకున్నాడు..అందరు రిటైర్మెంట్ తరవాత లెజెండ్స్ అయ్యరు కానీ కోహ్లి క్రికెట్ అడుతునే లెజెండ్ స్థాయీ నీ అందుకున్నాడు..కోహ్లీ స్టేయి వాడు కెప్టెన్సీ కోసం ఇలా గొడవపడటం వల్ల ప్రపంచ స్థాయీ అభిమనులున్నా కోహ్లి తానా స్థాయిని తాగించుకున్నవాడు అవ్వుతాడు..కోహ్లి winning persentage యెక్కువున్నా..IPL.కాని,kaoohalaee kai anaukaulam gaaa maraiyau phaaama laoo unanapaudau 3 icc cups amdaimchainaaa dhaoonai gaauravamgaaa kaepataenasaee vadaulaukaunanaaadau..amdarau raitaairamaemta taravaaata laejaemdasa ayayarau kaaanaee kaoohalai karaikaeta adautaunaae laejaemda sathaaayaee naee amdaukaunanaaadau..kaoohalaee sataaeyai vaaadau kaepataenasaee kaoosam ilaaa gaodavapadatam valala parapamcha sathaaayaee abhaimanaulaunanaaa kaoohalai taaanaaa sathaaayainai taaagaimchaukaunanavaaadau avavautaaadau..kaoohalai winning persentage yaekakauvaunanaaa..IPL.kaaanai,కోహ్లీ కి అనుకులం గా మరియు ఫామ్ లో ఉన్నపుడు 3 icc cups అందించినా ధోని గౌరవంగా కెప్టెన్సీ వదులుకున్నాడు..అందరు రిటైర్మెంట్ తరవాత లెజెండ్స్ అయ్యరు కానీ కోహ్లి క్రికెట్ అడుతునే లెజెండ్ స్థాయీ నీ అందుకున్నాడు..కోహ్లీ స్టేయి వాడు కెప్టెన్సీ కోసం ఇలా గొడవపడటం వల్ల ప్రపంచ స్థాయీ అభిమనులున్నా కోహ్లి తానా స్థాయిని తాగించుకున్నవాడు అవ్వుతాడు..కోహ్లి winning persentage యెక్కువున్నా..IPL.కాని,kaoohalaee కి anaukaulam గా maraiyau ఫామ్ laoo ఉన్నపుడు 3 icc cups అందించినా dhaoonai గౌరవంగా kaepataenasaee వదులుకున్నాడు..అందరు raitaairamaemta తరవాత laejaemdasa అయ్యరు kaaanaee కోహ్లి karaikaeta అడుతునే laejaemda స్థాయీ naee అందుకున్నాడు..కోహ్లీ sataaeyai వాడు kaepataenasaee కోసం ilaaa గొడవపడటం valala ప్రపంచ sathaaayaee అభిమనులున్నా kaoohalai తానా sathaaayainai తాగించుకున్నవాడు avavautaaadau..kaoohalai winning persentage యెక్కువున్నా..IPL.కాని,కోహ్్లీ కి అనుకకులం గా మరిియు ఫామ్ లో ఉన్నపపుడు 3 icc cups అందింంచినా ధోని గౌరవవంగా కెప్టెెన్సీ వదులుకున్నాాడు..అందరు రిటైర్్మెంట్ తరవవాత లెజెంండ్స్ అయ్యయరు కానీ కోహ్్లి క్రికకెట్ అడుతతునే లెజెెండ్ స్థాాయీ నీ అందుకున్నాడడు..కోహ్లీ స్టేేయి వాడు కెప్టెెన్సీ కోసం ఇలా గొడవపపడటం వల్ల ప్రపపంచ స్థాాయీ అభిమనులలున్నా కోహ్్లి తానా స్థాయయిని తాగించుకుున్నవాడు అవ్వుతాడుు..కోహ్లి winnning persenntage యెక్కువున్నాా..IPL.కాని,కో్ల్ీ కి అనకుకలం గా మరియు ఫామమ్ లో ఉన్పుపడు 3 icc cupps అందంచంినా ధోనని గౌవంవగా కెపటెనె్సీ వదులుకు్నాడాు..అందరు రిటై్మ్ెంట్ తరవాత లెజండం్స్ అయయరయు కాననీ కో్ల్ి క్రకెకట్ అడతుతనే లెెంెడ్ స్ాయాీ నీ అందుకుననాడుడ..కోహ్లీ స్ేయేి వాడడు కెపటెనె్సీ కోససం ఇలా గొడపడపటం వల్్ల ప్పంపచ స్ాయాీ అభిములులన్నా కో్ల్ి తాననా స్థయియని తాగింుకును్నవాడు అవ్వుతడు.ు.కోహ్లి wininng perentnage యెక్కువన్నా.ా.IPL.కాని
342,Areyy vanni mental hospital loo join cheyyadraaa,hate,Latin/Romanized,Areyy vanni mental hospital loo join cheyyadraaa,Areyy vanni mental hospital loo join cheyyadraaa,Areyy vanni mental hospital loo join cheyyadraaa,Areyy vanni mental hospital loo join cheyyadraaa,Areeyy vannni menttal hospiital loo join cheyyaadraaa,Areyy vanni metatl hositial loo joiin cheyadaraaa
343,Nijame lanjalara ammavadipuku degichukoniki thisukunara,hate,Latin/Romanized,Nijame lanjalara ammavadipuku degichukoniki thisukunara,Nijame lanjalara ammavadipuku degichukoniki thisukunara,Nijame lanjalara ammavadipuku degichukoniki thisukunara,Nijame lanjalara ammavadipuku degichukoniki thisukunara,Nijaame lanjaalara ammavaddipuku degichuukoniki thisukkunara,Niamae lanalaara ammaadidpuku degihukuoniki thiskuknara
344,"చాలా అద్భుతంగా మ్యూజిక్ డాన్స్ స్టెప్ రిసల్ట్ సూపర్,,",non-hate,Telugu,"చాలా అద్భుతంగా మ్యూజిక్ డాన్స్ స్టెప్ రిసల్ట్ సూపర్,,","chaaalaaa adabhautamgaaa mayaoojaika daaanasa sataepa raisalata saoopara,,","చాలా అద్భుతంగా మ్యూజిక్ డాన్స్ స్టెప్ రిసల్ట్ సూపర్,,","chaaalaaa అద్భుతంగా mayaoojaika డాన్స్ sataepa రిసల్ట్ saoopara,,","చాలా అద్భుుతంగా మ్యూజజిక్ డాన్్స్ స్టెెప్ రిసలల్ట్ సూపరర్,,","చాలలా అద్ుతుంగా మ్యజిజక్ డా్స్్ స్ెపె్ రిల్లట్ సూర్ర,,"
345,అనిల్ గానీ వాయిస్ వింటే నాకు ఎక్కడో కలుది.... విడు విని మాటలు...వెస్ట్ న కొంది,non-hate,Telugu,అనిల్ గానీ వాయిస్ వింటే నాకు ఎక్కడో కలుది.... విడు విని మాటలు...వెస్ట్ న కొంది,anaila gaaanaee vaaayaisa vaimtaae naaakau ekakadaoo kalaudai.... vaidau vainai maaatalau...vaesata na kaomdai,అనిల్ గానీ వాయిస్ వింటే నాకు ఎక్కడో కలుది.... విడు విని మాటలు...వెస్ట్ న కొంది,anaila గానీ vaaayaisa వింటే naaakau ఎక్కడో kalaudai.... విడు vainai మాటలు...వెస్ట్ na కొంది,అనిిల్ గానీ వాయిిస్ వింంటే నాకు ఎక్కకడో కలుదిి.... విడు విని మాటలు....వెస్ట్ న కొంంది,అనిల్ గాననీ వాిసి్ వింటే నాకకు ఎకకడకో కలుి.ి... విడడు వినని మాటలు..వ.ెస్ట్ న కొంది
346,అసలు హారన్ కొట్టకపోతే ట్రైన్ ఇప్పట్లో రాదని అర్థం,non-hate,Telugu,అసలు హారన్ కొట్టకపోతే ట్రైన్ ఇప్పట్లో రాదని అర్థం,asalau haaarana kaotatakapaootaae taraaina ipapatalaoo raaadanai aratham,అసలు హారన్ కొట్టకపోతే ట్రైన్ ఇప్పట్లో రాదని అర్థం,asalau హారన్ kaotatakapaootaae ట్రైన్ ipapatalaoo రాదని aratham,అసలు హారరన్ కొట్టకకపోతే ట్రైైన్ ఇప్పటట్లో రాదదని అర్్థం,అసలలు హారన్ కొటటకపకోతే ట్ైనై్ ఇప్ట్టలో రాదని అర్థం
347,first koja johar ni india nunchi tarmidengithe sangam pedha pothadhi,hate,Latin/Romanized,first koja johar ni india nunchi tarmidengithe sangam pedha pothadhi,first koja johar ni india nunchi tarmidengithe sangam pedha pothadhi,first koja johar ni india nunchi tarmidengithe sangam pedha pothadhi,first koja johar ni india nunchi tarmidengithe sangam pedha pothadhi,firrst koja johhar ni inddia nuncchi tarmideengithe sanggam peddha pothaadhi,first kojja johar ni india nuchci tarmdenegithe sagagm pedha potadahi
348,Ending naku tears vachai  bro. Harsh sai real hero. God bless u brother.,non-hate,Latin/Romanized,Ending naku tears vachai  bro. Harsh sai real hero. God bless u brother.,Ending naku tears vachai bro. Harsh sai real hero. God bless u brother.,Ending naku tears vachai  bro. Harsh sai real hero. God bless u brother.,Ending naku tears vachai bro. Harsh sai real hero. God bless u brother.,Endiing naku teaars vachhai bro. Harrsh sai real herro. God bleess u brothher.,Eninig nakku tears vahahi broo. Harsh sai reaal hero. God bless u brohehr.
349,Sometimes nuvvu vacchinanduku chala feel avutunna ninnu ilanti position lo vunchina naaa lanti die hard fans ni chustunte anna,non-hate,Latin/Romanized,Sometimes nuvvu vacchinanduku chala feel avutunna ninnu ilanti position lo vunchina naaa lanti die hard fans ni chustunte anna,Sometimes nuvvu vacchinanduku chala feel avutunna ninnu ilanti position lo vunchina naaa lanti die hard fans ni chustunte anna,Sometimes nuvvu vacchinanduku chala feel avutunna ninnu ilanti position lo vunchina naaa lanti die hard fans ni chustunte anna,Sometimes nuvvu vacchinanduku chala feel avutunna ninnu ilanti position lo vunchina naaa lanti die hard fans ni chustunte anna,Somettimes nuvvvu vacchinnanduku chaala feel avutuunna ninnnu ilannti posittion lo vunchhina naaa lannti die hard fans ni chusttunte anna,Somtitmes nuvvu vaccinannduku chala feeel avuununa ninnu ilntni postiton lo vunhihna naaaa lanti die harrd fanns ni chututnte annna
350,roja oka noru vunna pichi lanja noru vundhaani edho edho matladthi,hate,Latin/Romanized,roja oka noru vunna pichi lanja noru vundhaani edho edho matladthi,roja oka noru vunna pichi lanja noru vundhaani edho edho matladthi,roja oka noru vunna pichi lanja noru vundhaani edho edho matladthi,roja oka noru vunna pichi lanja noru vundhaani edho edho matladthi,roja oka noru vunnna picchi lannja noru vundhhaani edho edho matlaadthi,rojja oka norru vunna pichi lanja norru vunhahani edhho edhho matadathi
351,Eema em peekindhi ra judge la pettaru,hate,Latin/Romanized,Eema em peekindhi ra judge la pettaru,Eema em peekindhi ra judge la pettaru,Eema em peekindhi ra judge la pettaru,Eema em peekindhi ra judge la pettaru,Eema em peekiindhi ra juddge la petttaru,Eemma em peeinidhi ra judge la petatru
352,Avnu nenu mimmalni chusanu chaala sarl,non-hate,Latin/Romanized,Avnu nenu mimmalni chusanu chaala sarl,Avnu nenu mimmalni chusanu chaala sarl,Avnu nenu mimmalni chusanu chaala sarl,Avnu nenu mimmalni chusanu chaala sarl,Avnu nenu mimmaalni chussanu chaaala sarl,Avnnu nennu mimalani chsasnu chalaa sarrl
353,Modda gudisipotav bollywood content lamti movies tistey,hate,Latin/Romanized,Modda gudisipotav bollywood content lamti movies tistey,Modda gudisipotav bollywood content lamti movies tistey,Modda gudisipotav bollywood content lamti movies tistey,Modda gudisipotav bollywood content lamti movies tistey,Moddda gudisiipotav bollyywood conttent lammti moviies tisttey,Modda gudiipiotav bolywyood cotetnt lamti moieis titety
354,Picha Na Kodaka!! Vinipisthunda Ra Vijay Ga !!,hate,Latin/Romanized,Picha Na Kodaka!! Vinipisthunda Ra Vijay Ga !!,Picha Na Kodaka!! Vinipisthunda Ra Vijay Ga !!,Picha Na Kodaka!! Vinipisthunda Ra Vijay Ga !!,Picha Na Kodaka!! Vinipisthunda Ra Vijay Ga !!,Piccha Na Kodakka!! Vinipissthunda Ra Vijjay Ga !!,Picha Na Kodkak!! Viniistshunda Ra Vijay Ga !!
355,Poyakalam deggara padinappudu alage chestharu,hate,Latin/Romanized,Poyakalam deggara padinappudu alage chestharu,Poyakalam deggara padinappudu alage chestharu,Poyakalam deggara padinappudu alage chestharu,Poyakalam deggara padinappudu alage chestharu,Poyakkalam degggara padinaappudu alaage chesttharu,Poykaklam degagra padiapapudu alage chethtaru
356,సంకనాకిస్తుంది... ఇది కూడా నిజమే,hate,Telugu,సంకనాకిస్తుంది... ఇది కూడా నిజమే,samkanaaakaisataumdai... idai kaoodaaa naijamaae,సంకనాకిస్తుంది... ఇది కూడా నిజమే,samkanaaakaisataumdai... ఇది kaoodaaa నిజమే,సంకనాకిస్్తుంది... ఇది కూడా నిజజమే,సంకనాకస్త్ుంది... ఇది కూడడా నిజమే
357,Arey howle Nizamabad MP Pasupu bord Edhi be Nv esukunna Angi lagu kudha Cangress icchindhe and TELANGANA icchindhi kuda Cangress A meeru cheppe Digital India lo ni AAdhar card kuda Cangress tecchindhe,hate,Latin/Romanized,Arey howle Nizamabad MP Pasupu bord Edhi be Nv esukunna Angi lagu kudha Cangress icchindhe and TELANGANA icchindhi kuda Cangress A meeru cheppe Digital India lo ni AAdhar card kuda Cangress tecchindhe,Arey howle Nizamabad MP Pasupu bord Edhi be Nv esukunna Angi lagu kudha Cangress icchindhe and TELANGANA icchindhi kuda Cangress A meeru cheppe Digital India lo ni AAdhar card kuda Cangress tecchindhe,Arey howle Nizamabad MP Pasupu bord Edhi be Nv esukunna Angi lagu kudha Cangress icchindhe and TELANGANA icchindhi kuda Cangress A meeru cheppe Digital India lo ni AAdhar card kuda Cangress tecchindhe,Arey howle Nizamabad MP Pasupu bord Edhi be Nv esukunna Angi lagu kudha Cangress icchindhe and TELANGANA icchindhi kuda Cangress A meeru cheppe Digital India lo ni AAdhar card kuda Cangress tecchindhe,Arey howwle Nizammabad MP Pasuupu bord Edhi be Nv esukuunna Angi lagu kuddha Cangrress icchiindhe and TELANNGANA icchiindhi kuda Cangrress A meeeru chepppe Digiital Inddia lo ni AAdhhar card kuda Cangrress tecchiindhe,Areey howle Nizmambad MP Paupuu borrd Edhhi be Nv esuununa Anggi laggu kudha Canrerss iccinidhe and TELNGNANA iccinidhi kudda Canrerss A meeru chpppe Diitial India lo ni AAhahr carrd kudda Canrerss techinidhe
358,"Tickets rates thagginchaali..appudey janaalu theatre ki vastaaru.. Budget peruguthondhantey dhaanikkaranam producers e... Heroes budget, north Indian heroines, valla staff ni mepaali ivvanni thadisi mopodavuthunnayi",hate,Latin/Romanized,"Tickets rates thagginchaali..appudey janaalu theatre ki vastaaru.. Budget peruguthondhantey dhaanikkaranam producers e... Heroes budget, north Indian heroines, valla staff ni mepaali ivvanni thadisi mopodavuthunnayi","Tickets rates thagginchaali..appudey janaalu theatre ki vastaaru.. Budget peruguthondhantey dhaanikkaranam producers e... Heroes budget, north Indian heroines, valla staff ni mepaali ivvanni thadisi mopodavuthunnayi","Tickets rates thagginchaali..appudey janaalu theatre ki vastaaru.. Budget peruguthondhantey dhaanikkaranam producers e... Heroes budget, north Indian heroines, valla staff ni mepaali ivvanni thadisi mopodavuthunnayi","Tickets rates thagginchaali..appudey janaalu theatre ki vastaaru.. Budget peruguthondhantey dhaanikkaranam producers e... Heroes budget, north Indian heroines, valla staff ni mepaali ivvanni thadisi mopodavuthunnayi","Tickkets rattes thagginchaalli..appudey janaaalu theaatre ki vastaaaru.. Budgget peruguthoondhantey dhaanikkkaranam produucers e... Herooes budgget, norrth Indiian heroiines, vallla staaff ni mepaaali ivvaanni thaddisi mopodavutthunnayi","Tikekts rates thagginhaalil..appudey jaaaalu thatare ki vasaarau.. Bugegt peruguhonodhantey dhaankkakranam proucuers e.... Heoeos bugegt, north Iniain herinies, valla staff ni meaaali ivanani thdidsi mopodvuthtunnayi"
359,First telangana gurunchi edvu  jai bjp,non-hate,Latin/Romanized,First telangana gurunchi edvu  jai bjp,First telangana gurunchi edvu jai bjp,First telangana gurunchi edvu  jai bjp,First telangana gurunchi edvu jai bjp,Firrst telanngana gurunnchi edvu jai bjp,First telngnana gurncnhi edvvu jai bjp
360,"విద్వేషాల ,వైషమ్యాలు గురించి బీజేపీ మాట్లాడటం....",hate,Telugu,"విద్వేషాల ,వైషమ్యాలు గురించి బీజేపీ మాట్లాడటం....","vaidavaaeshaaala ,vaaishamayaaalau gauraimchai baeejaaepaee maaatalaaadatam....","విద్వేషాల ,వైషమ్యాలు గురించి బీజేపీ మాట్లాడటం....","vaidavaaeshaaala ,వైషమ్యాలు gauraimchai బీజేపీ maaatalaaadatam....","విద్వవేషాల ,వైషమ్్యాలు గురిించి బీజేేపీ మాట్లాడడటం....","విదవేవషాల ,వైమ్య్ాలు గుింిచి బీేపేీ మాట్ాడటడం...."
361,వీడికి ఇంత మంది అవసరమా వోవర్ కూడా,hate,Telugu,వీడికి ఇంత మంది అవసరమా వోవర్ కూడా,vaeedaikai imta mamdai avasaramaaa vaoovara kaoodaaa,వీడికి ఇంత మంది అవసరమా వోవర్ కూడా,vaeedaikai ఇంత mamdai అవసరమా vaoovara కూడా,వీడిికి ఇంత మంది అవసరరమా వోవవర్ కూడా,వీికిి ఇంత మందది అవరమరా వోవర్ కూడడా
362,"అలీ siggundali నీకు, sanskaram లేదు నీకు, నవ్వుతూ ఉన్న so called celebrities ki నవ్వు ఎలా వస్తుందో",hate,Mixed,"అలీ siggundali నీకు, sanskaram లేదు నీకు, నవ్వుతూ ఉన్న so called celebrities ki నవ్వు ఎలా వస్తుందో","alaee siggundali naeekau, sanskaram laaedau naeekau, navavautaoo unana so called celebrities ki navavau elaaa vasataumdaoo","అలీ siggundali నీకు, sanskaram లేదు నీకు, నవ్వుతూ ఉన్న so called celebrities ki నవ్వు ఎలా వస్తుందో","alaee siggundali naeekau, sanskaram laaedau నీకు, navavautaoo ఉన్న so called celebrities ki navavau ఎలా vasataumdaoo","అలీ siggunndali నీకకు, sanskkaram లేదు నీకకు, నవ్వవుతూ ఉన్న so callled celebrrities ki నవ్్వు ఎలా వస్తుుందో","అలీ sigundnali నీకు, sankakram లేదదు నీకు, నవవువతూ ఉన్్న so caleld celerirties ki నవ్వు ఎలా వస్ుంుదో"
363,Gee bajaru chillara dhaniki baga hype icharu kadha ra thu,hate,Latin/Romanized,Gee bajaru chillara dhaniki baga hype icharu kadha ra thu,Gee bajaru chillara dhaniki baga hype icharu kadha ra thu,Gee bajaru chillara dhaniki baga hype icharu kadha ra thu,Gee bajaru chillara dhaniki baga hype icharu kadha ra thu,Gee bajaaru chilllara dhanniki baga hype ichaaru kaddha ra thu,Gee baarau chilalra dhninki bagga hyppe icarau kadha ra thu
364,nehru amman denga ni valla india pakistan godava inka vundhi,hate,Latin/Romanized,nehru amman denga ni valla india pakistan godava inka vundhi,nehru amman denga ni valla india pakistan godava inka vundhi,nehru amman denga ni valla india pakistan godava inka vundhi,nehru amman denga ni valla india pakistan godava inka vundhi,nehhru ammman dennga ni vallla inddia pakisstan godaava inka vunddhi,nehru amman denga ni valla india pakstsan goavaa inkka vudhdi
365,ఆలోచన చేస్తున్నాం డ్రామా రావ్ ఈసారి మిమ్మల్ని ఓడించాలి అని,non-hate,Telugu,ఆలోచన చేస్తున్నాం డ్రామా రావ్ ఈసారి మిమ్మల్ని ఓడించాలి అని,aalaoochana chaaesataunanaaam daraaamaaa raaava eesaaarai maimamalanai oodaimchaaalai anai,ఆలోచన చేస్తున్నాం డ్రామా రావ్ ఈసారి మిమ్మల్ని ఓడించాలి అని,aalaoochana చేస్తున్నాం daraaamaaa రావ్ eesaaarai మిమ్మల్ని oodaimchaaalai అని,ఆలోోచన చేస్తుున్నాం డ్రాామా రావ్ ఈసాారి మిమ్మమల్ని ఓడించచాలి అని,ఆలోచన చేస్ును్నాం డ్ామాా రావవ్ ఈసారి మిమమలమ్ని ఓడిచాచలి అని
366,Arey badcaw recharge iypothe data ala osthundhr rah,hate,Latin/Romanized,Arey badcaw recharge iypothe data ala osthundhr rah,Arey badcaw recharge iypothe data ala osthundhr rah,Arey badcaw recharge iypothe data ala osthundhr rah,Arey badcaw recharge iypothe data ala osthundhr rah,Arey badccaw rechaarge iypoothe data ala osthuundhr rah,Areey bacacw recarage iyotohe datta ala ostunudhr rah
367,ఒరేయ్ ముసిల్డాన్ని కూడా వదల వారా,hate,Telugu,ఒరేయ్ ముసిల్డాన్ని కూడా వదల వారా,oraaeya mausailadaaananai kaoodaaa vadala vaaaraaa,ఒరేయ్ ముసిల్డాన్ని కూడా వదల వారా,oraaeya ముసిల్డాన్ని kaoodaaa వదల vaaaraaa,ఒరేేయ్ ముసిల్డడాన్ని కూడా వదల వారా,ఒరేయ్ ముసి్డాడన్ని కూడడా వదల వారరా
368,sharmila nuvvu ooriki ki poyi record dancelu cheskho,hate,Latin/Romanized,sharmila nuvvu ooriki ki poyi record dancelu cheskho,sharmila nuvvu ooriki ki poyi record dancelu cheskho,sharmila nuvvu ooriki ki poyi record dancelu cheskho,sharmila nuvvu ooriki ki poyi record dancelu cheskho,sharmmila nuvvvu ooriiki ki poyi recoord danccelu chesskho,shamimla nuvvu ooikii ki poyyi reorod daceclu chsksho
369,Veedi maatalaku yentha mandi kodathaaru veeni,hate,Latin/Romanized,Veedi maatalaku yentha mandi kodathaaru veeni,Veedi maatalaku yentha mandi kodathaaru veeni,Veedi maatalaku yentha mandi kodathaaru veeni,Veedi maatalaku yentha mandi kodathaaru veeni,Veeedi maataalaku yenttha manndi kodathhaaru veeeni,Veedi maaalaaku yethta mandi kodthaharu veeni
370,Are యాదవ ల్లా రా megastar తరవాత పవన్ కళ్యాణ్ రా  చిరు సర్ ఆయన Vera leval జై బాలయ్య,non-hate,Mixed,Are యాదవ ల్లా రా megastar తరవాత పవన్ కళ్యాణ్ రా  చిరు సర్ ఆయన Vera leval జై బాలయ్య,Are yaaadava lalaaa raaa megastar taravaaata pavana kalayaaana raaa chairau sara aayana Vera leval jaai baaalayaya,Are యాదవ ల్లా రా megastar తరవాత పవన్ కళ్యాణ్ రా  చిరు సర్ ఆయన Vera leval జై బాలయ్య,Are యాదవ lalaaa రా megastar తరవాత pavana కళ్యాణ్ raaa చిరు sara ఆయన Vera leval jaai బాలయ్య,Are యాదవ ల్లా రా megasstar తరవవాత పవన్ కళ్యయాణ్ రా చిరు సర్ ఆయన Vera levval జై బాలయయ్య,Are యాదదవ ల్లలా రా megstsar తరవాత పవనన్ కళయాయణ్ రా చిరరు సర్ ఆయన Verra leval జై బాయ్యయ
371,Ennisarlu chusina chudalanipinche great scene idi,non-hate,Latin/Romanized,Ennisarlu chusina chudalanipinche great scene idi,Ennisarlu chusina chudalanipinche great scene idi,Ennisarlu chusina chudalanipinche great scene idi,Ennisarlu chusina chudalanipinche great scene idi,Ennissarlu chussina chudalannipinche greeat sceene idi,Ennsasrlu chsisna chudaaninpinche great scene idi
372,సూపర్ డ్యాన్స్ మాస్టర్ జానీ,non-hate,Telugu,సూపర్ డ్యాన్స్ మాస్టర్ జానీ,saoopara dayaaanasa maaasatara jaaanaee,సూపర్ డ్యాన్స్ మాస్టర్ జానీ,saoopara డ్యాన్స్ maaasatara జానీ,సూపపర్ డ్యానన్స్ మాస్్టర్ జానీ,సూపర్ డ్యన్నస్ మా్ట్ర్ జాననీ
373,Ammai ni pattukoni kavalissindhi konuko ani anta vurukuntunda,hate,Latin/Romanized,Ammai ni pattukoni kavalissindhi konuko ani anta vurukuntunda,Ammai ni pattukoni kavalissindhi konuko ani anta vurukuntunda,Ammai ni pattukoni kavalissindhi konuko ani anta vurukuntunda,Ammai ni pattukoni kavalissindhi konuko ani anta vurukuntunda,Ammmai ni pattuukoni kavalisssindhi konuuko ani anta vurukunntunda,Ammai ni patukuoni kavaisssindhi koukuo ani antta vuruuntnunda
374,నీలాంటోళ్లు పాలమ్మిన వాళ్లు చాలామంది ఉన్నారు వాళ్ళకి ఎందుకు రావడం లేదు అదృష్టం .... అన్ని దొంగ పనులు చేసినవ్,hate,Telugu,నీలాంటోళ్లు పాలమ్మిన వాళ్లు చాలామంది ఉన్నారు వాళ్ళకి ఎందుకు రావడం లేదు అదృష్టం .... అన్ని దొంగ పనులు చేసినవ్,naeelaaamtaoolalau paaalamamaina vaaalalau chaaalaaamamdai unanaaarau vaaalalakai emdaukau raaavadam laaedau adarushatam .... ananai daomga panaulau chaaesainava,నీలాంటోళ్లు పాలమ్మిన వాళ్లు చాలామంది ఉన్నారు వాళ్ళకి ఎందుకు రావడం లేదు అదృష్టం .... అన్ని దొంగ పనులు చేసినవ్,naeelaaamtaoolalau పాలమ్మిన vaaalalau చాలామంది unanaaarau వాళ్ళకి emdaukau రావడం laaedau అదృష్టం .... అన్ని daomga పనులు chaaesainava,నీలాంటటోళ్లు పాలమ్్మిన వాళ్్లు చాలామమంది ఉన్ననారు వాళ్్ళకి ఎందుుకు రావవడం లేదు అదృషష్టం .... అన్్ని దొంగ పనుులు చేసిినవ్,నీలాటోటళ్లు పాల్మ్ిన వా్ల్ు చాలమంమది ఉననానరు వా్ళ్కి ఎంుకుు రావడం లేదదు అదష్షటం ..... అన్ని దొంంగ పనులు చేినివ్
375,Ee styles and mannerisms present andaru vaduthunnaru mana industry lo,non-hate,Latin/Romanized,Ee styles and mannerisms present andaru vaduthunnaru mana industry lo,Ee styles and mannerisms present andaru vaduthunnaru mana industry lo,Ee styles and mannerisms present andaru vaduthunnaru mana industry lo,Ee styles and mannerisms present andaru vaduthunnaru mana industry lo,Ee stylles and mannerrisms pressent andaaru vaduthuunnaru mana indusstry lo,Ee stlels and manerirsms prsesnt anarau vaduhununaru manna indstsry lo
376,"నేను చూసిన వేలాది ఫన్నీ వీడియోలల్లనే టాప్ 1 లేడీ ఆక్షన్ వీడియో ఇది .,,,అమ్మాయి ఆక్షన్ సూపర్",non-hate,Telugu,"నేను చూసిన వేలాది ఫన్నీ వీడియోలల్లనే టాప్ 1 లేడీ ఆక్షన్ వీడియో ఇది .,,,అమ్మాయి ఆక్షన్ సూపర్","naaenau chaoosaina vaaelaaadai phananaee vaeedaiyaoolalalanaae taaapa 1 laaedaee aakashana vaeedaiyaoo idai .,,,amamaaayai aakashana saoopara","నేను చూసిన వేలాది ఫన్నీ వీడియోలల్లనే టాప్ 1 లేడీ ఆక్షన్ వీడియో ఇది .,,,అమ్మాయి ఆక్షన్ సూపర్","naaenau చూసిన vaaelaaadai ఫన్నీ vaeedaiyaoolalalanaae టాప్ 1 లేడీ aakashana వీడియో idai .,,,అమ్మాయి aakashana సూపర్","నేను చూససిన వేలాాది ఫన్్నీ వీడియోలలల్లనే టాప్ 1 లేడీ ఆక్షషన్ వీడిియో ఇది .,,,అమమ్మాయి ఆక్షషన్ సూపపర్","నేనను చూసిన వేాదాి ఫన్నీ వీడిోలలల్లనే టాపప్ 1 లేడడీ ఆకషనష్ వీియిో ఇది .,,,మ్మమాయి ఆకషనష్ సూపర్"
377,elaanti sannasi matalu vinalani maku ledu mundu sari ga matladu mariyada ichi puchukovale anthegani Telangana slag Ani memilage matladtha mante vere partila telanganollu kada,non-hate,Latin/Romanized,elaanti sannasi matalu vinalani maku ledu mundu sari ga matladu mariyada ichi puchukovale anthegani Telangana slag Ani memilage matladtha mante vere partila telanganollu kada,elaanti sannasi matalu vinalani maku ledu mundu sari ga matladu mariyada ichi puchukovale anthegani Telangana slag Ani memilage matladtha mante vere partila telanganollu kada,elaanti sannasi matalu vinalani maku ledu mundu sari ga matladu mariyada ichi puchukovale anthegani Telangana slag Ani memilage matladtha mante vere partila telanganollu kada,elaanti sannasi matalu vinalani maku ledu mundu sari ga matladu mariyada ichi puchukovale anthegani Telangana slag Ani memilage matladtha mante vere partila telanganollu kada,elaaanti sannnasi mataalu vinallani maku ledu munndu sari ga matlladu mariyyada ichi puchukkovale antheegani Telanngana slag Ani memillage matlaadtha mannte vere parttila telangaanollu kada,elanati sanansi maalau vinlalni makku leddu mundu sarri ga malaldu maryayda ichhi puchkokvale antegeani Telngnana slaag Ani memlalge matadatha mante verre patitla telaganaollu kadda
378,Sir Arun Kumar garu meeku hrudayapurvaka namaskaramulu.sir nenu kuda Kapil chit lo chit one L.. vesanu .chit purti ayipoyindi.nene kakunda ma brother cheta friends cheta kuda veyinchaanu.but ippariki amont ivvatam ledu.amont adigite danilone fixid deposit cheyyamantunnaru. consumer court ki velte baguntunda.plz salaha istarani aasisunnanu,non-hate,Latin/Romanized,Sir Arun Kumar garu meeku hrudayapurvaka namaskaramulu.sir nenu kuda Kapil chit lo chit one L.. vesanu .chit purti ayipoyindi.nene kakunda ma brother cheta friends cheta kuda veyinchaanu.but ippariki amont ivvatam ledu.amont adigite danilone fixid deposit cheyyamantunnaru. consumer court ki velte baguntunda.plz salaha istarani aasisunnanu,Sir Arun Kumar garu meeku hrudayapurvaka namaskaramulu.sir nenu kuda Kapil chit lo chit one L.. vesanu .chit purti ayipoyindi.nene kakunda ma brother cheta friends cheta kuda veyinchaanu.but ippariki amont ivvatam ledu.amont adigite danilone fixid deposit cheyyamantunnaru. consumer court ki velte baguntunda.plz salaha istarani aasisunnanu,Sir Arun Kumar garu meeku hrudayapurvaka namaskaramulu.sir nenu kuda Kapil chit lo chit one L.. vesanu .chit purti ayipoyindi.nene kakunda ma brother cheta friends cheta kuda veyinchaanu.but ippariki amont ivvatam ledu.amont adigite danilone fixid deposit cheyyamantunnaru. consumer court ki velte baguntunda.plz salaha istarani aasisunnanu,Sir Arun Kumar garu meeku hrudayapurvaka namaskaramulu.sir nenu kuda Kapil chit lo chit one L.. vesanu .chit purti ayipoyindi.nene kakunda ma brother cheta friends cheta kuda veyinchaanu.but ippariki amont ivvatam ledu.amont adigite danilone fixid deposit cheyyamantunnaru. consumer court ki velte baguntunda.plz salaha istarani aasisunnanu,Sir Arun Kummar garu meeeku hrudayappurvaka namaskaraamulu.sir nenu kuda Kappil chit lo chit one L.. vesaanu .chhit purrti ayipoyinndi.nene kakuunda ma brotther cheeta frieends cheeta kuda veyinchaaanu.but ipparriki amoont ivvaatam ledu.aamont adiggite danillone fixxid depoosit cheyyamanntunnaru. consuumer couurt ki vellte baguntunnda.plz salaaha istarrani aasisuunnanu,Sir Aruun Kumar garru meeku hrudaapuprvaka namaskramaulu.sir nennu kudda Kapil chiit lo chiit one L.. veanau .chit purti ayipoindni.nene kaunuda ma brthter cheta freneds cheta kudda veyinhaaanu.but ipprirki amont ivataam led.amaont adgigte danlolne fixid deosoit cheyyaantnunnaru. conumuer court ki velte bagunundna.plz saahaa istrarni aasiununanu
379,మోహన్ బాబు గారు కొన్ని ప్రశ్నలకు సమాధానం చెప్పలేక బిక్కమొహం వేశాడు. నీళ్లు నములుతున్నాడు,hate,Telugu,మోహన్ బాబు గారు కొన్ని ప్రశ్నలకు సమాధానం చెప్పలేక బిక్కమొహం వేశాడు. నీళ్లు నములుతున్నాడు,maoohana baaabau gaaarau kaonanai parashanalakau samaaadhaaanam chaepapalaaeka baikakamaoham vaaeshaaadau. naeelalau namaulautaunanaaadau,మోహన్ బాబు గారు కొన్ని ప్రశ్నలకు సమాధానం చెప్పలేక బిక్కమొహం వేశాడు. నీళ్లు నములుతున్నాడు,maoohana బాబు gaaarau కొన్ని parashanalakau సమాధానం chaepapalaaeka బిక్కమొహం vaaeshaaadau. నీళ్లు namaulautaunanaaadau,మోహహన్ బాబు గారు కొన్్ని ప్రశ్్నలకు సమాధధానం చెప్పపలేక బిక్కకమొహం వేశాాడు. నీళ్్లు నములుతుున్నాడు,మోహన్ బాబబు గారరు కొ్న్ి ప్ర్న్లకు సమధాధనం చెపపలపేక బికకమకొహం వేాడాు. నీ్ల్ు నములతును్నాడు
380,Roja niku minister ichindhi ha shaka ki nayam cheystav ani. Cheera lu pampala miku antey anam garu cutdrawer lu pampala annadu saripoyindha. Power unnantha varaku baganey untundhi.,hate,Latin/Romanized,Roja niku minister ichindhi ha shaka ki nayam cheystav ani. Cheera lu pampala miku antey anam garu cutdrawer lu pampala annadu saripoyindha. Power unnantha varaku baganey untundhi.,Roja niku minister ichindhi ha shaka ki nayam cheystav ani. Cheera lu pampala miku antey anam garu cutdrawer lu pampala annadu saripoyindha. Power unnantha varaku baganey untundhi.,Roja niku minister ichindhi ha shaka ki nayam cheystav ani. Cheera lu pampala miku antey anam garu cutdrawer lu pampala annadu saripoyindha. Power unnantha varaku baganey untundhi.,Roja niku minister ichindhi ha shaka ki nayam cheystav ani. Cheera lu pampala miku antey anam garu cutdrawer lu pampala annadu saripoyindha. Power unnantha varaku baganey untundhi.,Roja niku minisster ichinndhi ha shaaka ki nayyam cheysstav ani. Cheeera lu pamppala miku anttey anam garu cutdrrawer lu pamppala annaadu saripoyyindha. Powwer unnanntha varaaku bagaaney untunndhi.,Rojja nikku minstser ichndnhi ha shaka ki nayam chestsav anii. Cherea lu papapla mikku antey anaam garru cutrarwer lu papapla anadau sarioyiyndha. Power unnntnha vaakau baanaey untndnhi.
381,Ee over action ke... Sankaa naakadu.. Kada. Ayinaa buddi raa ledu,hate,Latin/Romanized,Ee over action ke... Sankaa naakadu.. Kada. Ayinaa buddi raa ledu,Ee over action ke... Sankaa naakadu.. Kada. Ayinaa buddi raa ledu,Ee over action ke... Sankaa naakadu.. Kada. Ayinaa buddi raa ledu,Ee over action ke... Sankaa naakadu.. Kada. Ayinaa buddi raa ledu,Ee over actiion ke.... Sankkaa naakaadu.. Kadda. Ayinnaa budddi raa ledu,Ee oveer acioin ke... Sakaka naaadau.. Kada. Aynana buddi raa leddu
382,Orey baffun gaa college fees lu thakkuvva chesthee nee mukaniki adi chaluu,non-hate,Latin/Romanized,Orey baffun gaa college fees lu thakkuvva chesthee nee mukaniki adi chaluu,Orey baffun gaa college fees lu thakkuvva chesthee nee mukaniki adi chaluu,Orey baffun gaa college fees lu thakkuvva chesthee nee mukaniki adi chaluu,Orey baffun gaa college fees lu thakkuvva chesthee nee mukaniki adi chaluu,Orey bafffun gaa colllege fees lu thakkkuvva chestthee nee mukanniki adi challuu,Oreey bafufn gaa colelge feees lu thakukvva chethtee nee mukninki adi chlulu
383,BJP Sanka naku teenmar vartalu,hate,Latin/Romanized,BJP Sanka naku teenmar vartalu,BJP Sanka naku teenmar vartalu,BJP Sanka naku teenmar vartalu,BJP Sanka naku teenmar vartalu,BJP Sannka naku teennmar varttalu,BJP Sanka nakku tenmnar vatatlu
384,Rip sir.... ఆత్మ కి శాంతి కలగాలని కోరుకుంటున్నాను....మన దేశంలో ఉన్నది ఇలాంటి బడా పారిశ్రామికవేత్తలు సార్.,non-hate,Mixed,Rip sir.... ఆత్మ కి శాంతి కలగాలని కోరుకుంటున్నాను....మన దేశంలో ఉన్నది ఇలాంటి బడా పారిశ్రామికవేత్తలు సార్.,Rip sir.... aatama kai shaaamtai kalagaaalanai kaooraukaumtaunanaaanau....mana daaeshamlaoo unanadai ilaaamtai badaaa paaaraisharaaamaikavaaetatalau saaara.,Rip sir.... ఆత్మ కి శాంతి కలగాలని కోరుకుంటున్నాను....మన దేశంలో ఉన్నది ఇలాంటి బడా పారిశ్రామికవేత్తలు సార్.,Rip sir.... aatama కి shaaamtai కలగాలని kaooraukaumtaunanaaanau....mana దేశంలో unanadai ఇలాంటి badaaa పారిశ్రామికవేత్తలు saaara.,Rip sir..... ఆత్మ కి శాంంతి కలగాాలని కోరుకుంటున్్నాను....మన దేశంంలో ఉన్ననది ఇలాంంటి బడా పారిశ్రామిికవేత్తలు సారర్.,Rip si..... ఆత్్మ కి శాంతి కలాలాని కోరుకుంున్న్ాను....మన దేంలంో ఉననదని ఇలంటంి బడా పారిశ్ామికివేత్తలు సార్.
385,ఇటువంటోళ్లు మంత్రులుగా ఉండడం తెలంగాణ చేసిన దురదృష్టం,non-hate,Telugu,ఇటువంటోళ్లు మంత్రులుగా ఉండడం తెలంగాణ చేసిన దురదృష్టం,itauvamtaoolalau mamtaraulaugaaa umdadam taelamgaaana chaaesaina dauradarushatam,ఇటువంటోళ్లు మంత్రులుగా ఉండడం తెలంగాణ చేసిన దురదృష్టం,itauvamtaoolalau మంత్రులుగా umdadam తెలంగాణ chaaesaina దురదృష్టం,ఇటువంటటోళ్లు మంత్రుులుగా ఉండడడం తెలంంగాణ చేససిన దురదృృష్టం,ఇటువటోటళ్లు మంతరులుుగా ఉండడం తెంగంాణ చేసిన దురృషృ్టం
386,Twaralo telugollanta pichollawutaaru,hate,Latin/Romanized,Twaralo telugollanta pichollawutaaru,Twaralo telugollanta pichollawutaaru,Twaralo telugollanta pichollawutaaru,Twaralo telugollanta pichollawutaaru,Twarralo telugolllanta pichollaawutaaru,Twrarlo teluolllanta picholawautaaru
387,Next generation chala strong ga prepare chesthunnaru,non-hate,Latin/Romanized,Next generation chala strong ga prepare chesthunnaru,Next generation chala strong ga prepare chesthunnaru,Next generation chala strong ga prepare chesthunnaru,Next generation chala strong ga prepare chesthunnaru,Next generaation chaala stroong ga preppare chesthuunnaru,Nexxt genrataion chala stonog ga prpapre cheshununaru
388,వామ్మో సూపర్ చిట్టి thalli ️ ఆక్షన్ కే ప్రాణం పోసెల అన్నవ్ రా mummy,non-hate,Mixed,వామ్మో సూపర్ చిట్టి thalli ️ ఆక్షన్ కే ప్రాణం పోసెల అన్నవ్ రా mummy,vaaamamaoo saoopara chaitatai thalli ️ aakashana kaae paraaanam paoosaela ananava raaa mummy,వామ్మో సూపర్ చిట్టి thalli ️ ఆక్షన్ కే ప్రాణం పోసెల అన్నవ్ రా mummy,vaaamamaoo సూపర్ chaitatai thalli ️ ఆక్షన్ kaae ప్రాణం paoosaela అన్నవ్ raaa mummy,వామ్్మో సూపపర్ చిట్్టి thallli ️ ఆక్షషన్ కే ప్రాాణం పోససెల అన్ననవ్ రా mummmy,వా్మ్ో సూపర్ చి్ట్ి thllli ️ ఆకషనష్ కే ప్ాణాం పోసెల అననవన్ రా mummy
389,కుత్త పగులుద్ది ఎవడైనా(any party/any other fans) ఎన్టీఆర్ అన్న ని తక్కువ చేసి మాట్లాడితే,non-hate,Mixed,కుత్త పగులుద్ది ఎవడైనా(any party/any other fans) ఎన్టీఆర్ అన్న ని తక్కువ చేసి మాట్లాడితే,kautata pagaulaudadai evadaainaaa(any party/any other fans) enataeeaara anana nai takakauva chaaesai maaatalaaadaitaae,కుత్త పగులుద్ది ఎవడైనా(any party/any other fans) ఎన్టీఆర్ అన్న ని తక్కువ చేసి మాట్లాడితే,kautata పగులుద్ది evadaainaaa(any party/any other fans) enataeeaara అన్న nai తక్కువ chaaesai మాట్లాడితే,కుతత్త పగులుుద్ది ఎవడైనాా(any partyy/any othher fanns) ఎన్టీీఆర్ అన్న ని తక్కకువ చేసి మాట్లాాడితే,కుత్త పగుుదు్ది ఎవడనా(ాany pary/yany other fans) ఎన్ీఆీర్ అన్్న ని తకకుకవ చేససి మాటలాడాితే
390,Edi over action,hate,Latin/Romanized,Edi over action,Edi over action,Edi over action,Edi over action,Edi over actiion,Edi oveer acioin
391,"Chi chi neeku anchoring evadu nerponchondo....farmers ni arrest chesinaru ante...safety ki antava,intha dikkumaalina answer emina vuntada asalu,ante anyayam jarigindi Ani chepte arrest lu chestaru,ala arrest cheyyadam correct antava nv",hate,Latin/Romanized,"Chi chi neeku anchoring evadu nerponchondo....farmers ni arrest chesinaru ante...safety ki antava,intha dikkumaalina answer emina vuntada asalu,ante anyayam jarigindi Ani chepte arrest lu chestaru,ala arrest cheyyadam correct antava nv","Chi chi neeku anchoring evadu nerponchondo....farmers ni arrest chesinaru ante...safety ki antava,intha dikkumaalina answer emina vuntada asalu,ante anyayam jarigindi Ani chepte arrest lu chestaru,ala arrest cheyyadam correct antava nv","Chi chi neeku anchoring evadu nerponchondo....farmers ni arrest chesinaru ante...safety ki antava,intha dikkumaalina answer emina vuntada asalu,ante anyayam jarigindi Ani chepte arrest lu chestaru,ala arrest cheyyadam correct antava nv","Chi chi neeku anchoring evadu nerponchondo....farmers ni arrest chesinaru ante...safety ki antava,intha dikkumaalina answer emina vuntada asalu,ante anyayam jarigindi Ani chepte arrest lu chestaru,ala arrest cheyyadam correct antava nv","Chi chi neeeku anchooring evaadu nerponchondoo....farmers ni arreest chesiinaru ante....safety ki antava,,intha dikkumaaalina answwer emiina vunttada asalu,,ante anyaayam jariggindi Ani cheppte arreest lu chestarru,ala arreest cheyyyadam corrrect antaava nv","Chi chi neeku ancoroing evadu nerponchndo.o...farmers ni areset cheiniaru ante..s.afety ki antaa,i,ntha dikkmaaalina anwewr emina vutatda asau,a,nte anayaam jargigndi Ani chptpe areset lu chesarur,ala areset cheyaydam corerct anavaa nv"
392,గెటప్ శీను వావ్ సూపర్ మాన్ మెగాస్టార్ బాడీ లాంగ్వేజ్ యాస్ ఇట్ ఇస్ దించేసావు సూపర్,non-hate,Telugu,గెటప్ శీను వావ్ సూపర్ మాన్ మెగాస్టార్ బాడీ లాంగ్వేజ్ యాస్ ఇట్ ఇస్ దించేసావు సూపర్,gaetapa shaeenau vaaava saoopara maaana maegaaasataaara baaadaee laaamgavaaeja yaaasa ita isa daimchaaesaaavau saoopara,గెటప్ శీను వావ్ సూపర్ మాన్ మెగాస్టార్ బాడీ లాంగ్వేజ్ యాస్ ఇట్ ఇస్ దించేసావు సూపర్,gaetapa శీను vaaava సూపర్ maaana మెగాస్టార్ baaadaee లాంగ్వేజ్ yaaasa ఇట్ isa దించేసావు saoopara,గెటటప్ శీను వావ్ సూపపర్ మాన్ మెగాస్్టార్ బాడీ లాంగ్్వేజ్ యాస్ ఇట్ ఇస్ దించేేసావు సూపపర్,గెటప్ శీనను వావవ్ సూపర్ మానన్ మెగస్ట్ార్ బాడడీ లాం్వ్ేజ్ యాసస్ ఇట్ ఇస్ దింేసేావు సూపర్
393,Sudheer ni timingi timing anna,non-hate,Latin/Romanized,Sudheer ni timingi timing anna,Sudheer ni timingi timing anna,Sudheer ni timingi timing anna,Sudheer ni timingi timing anna,Sudhheer ni timiingi timiing anna,Suheher ni tiinigi tiinig annna
394,తెలుగు లో ఉన్నా అన్ని వ్లోగ్ ఛానెల్ వాళ్లని ఏసుకున్న NTB ఆన్న కి ధన్యవాదాలు..,non-hate,Mixed,తెలుగు లో ఉన్నా అన్ని వ్లోగ్ ఛానెల్ వాళ్లని ఏసుకున్న NTB ఆన్న కి ధన్యవాదాలు..,taelaugau laoo unanaaa ananai valaooga chhaaanaela vaaalalanai aesaukaunana NTB aanana kai dhanayavaaadaaalau..,తెలుగు లో ఉన్నా అన్ని వ్లోగ్ ఛానెల్ వాళ్లని ఏసుకున్న NTB ఆన్న కి ధన్యవాదాలు..,taelaugau లో unanaaa అన్ని valaooga ఛానెల్ vaaalalanai ఏసుకున్న NTB ఆన్న kai ధన్యవాదాలు..,తెలుుగు లో ఉన్్నా అన్్ని వ్లోోగ్ ఛానెెల్ వాళ్్లని ఏసుకుున్న NTB ఆన్న కి ధన్యవాదదాలు..,తెుగుు లో ఉన్నా అన్ని వ్ోగో్ ఛాెలె్ వా్ల్ని ఏసుును్న NTB ఆన్్న కి ధన్యాదాదలు..
395,అబద్ధానికి పెద్ద నోరు ఉంటుంది,hate,Telugu,అబద్ధానికి పెద్ద నోరు ఉంటుంది,abadadhaaanaikai paedada naoorau umtaumdai,అబద్ధానికి పెద్ద నోరు ఉంటుంది,abadadhaaanaikai పెద్ద naoorau ఉంటుంది,అబద్ధాానికి పెదద్ద నోరు ఉంటుుంది,అబదధానాికి పెద్ద నోరరు ఉంుంుది
396,"ఘడ్డగా మరీ మనావర్ గానికి కూడా చెప్పు హిందూ దేవుళ్ళ పైన జోకులు చేయొద్దని, మరి వాని షో కు పర్మిషన్ ఇవ్వకుంటే ఇవన్నీ కాకుండె కదా",non-hate,Telugu,"ఘడ్డగా మరీ మనావర్ గానికి కూడా చెప్పు హిందూ దేవుళ్ళ పైన జోకులు చేయొద్దని, మరి వాని షో కు పర్మిషన్ ఇవ్వకుంటే ఇవన్నీ కాకుండె కదా","ghadadagaaa maraee manaaavara gaaanaikai kaoodaaa chaepapau haimdaoo daaevaulala paaina jaookaulau chaaeyaodadanai, marai vaaanai shaoo kau paramaishana ivavakaumtaae ivananaee kaaakaumdae kadaaa","ఘడ్డగా మరీ మనావర్ గానికి కూడా చెప్పు హిందూ దేవుళ్ళ పైన జోకులు చేయొద్దని, మరి వాని షో కు పర్మిషన్ ఇవ్వకుంటే ఇవన్నీ కాకుండె కదా","ghadadagaaa మరీ manaaavara గానికి kaoodaaa చెప్పు haimdaoo దేవుళ్ళ paaina జోకులు chaaeyaodadanai, మరి vaaanai షో kau పర్మిషన్ ivavakaumtaae ఇవన్నీ kaaakaumdae కదా","ఘడ్డడగా మరీ మనావవర్ గానిికి కూడా చెప్్పు హింందూ దేవుుళ్ళ పైన జోకుులు చేయొద్్దని, మరి వాని షో కు పర్మిిషన్ ఇవ్వకకుంటే ఇవన్్నీ కాకుుండె కదా","ఘడడగడా మరీ మనవరవ్ గాికిి కూడడా చె్ప్ు హిందూ దేుళు్ళ పైన జోులుు చేయద్ద్ని, మరి వానని షో కు పర్ిషిన్ ఇవ్కుకంటే ఇవ్న్ీ కాుంుడె కదా"
397,ఎందుకు sir అయిపోయిన పెళ్లికి మేళాలు!!! వదిలేయండి sir. ఇద్దరూ ఇలా తిట్టుకోవడం జనాలకి వినోదం అయిపోయింది sir,non-hate,Mixed,ఎందుకు sir అయిపోయిన పెళ్లికి మేళాలు!!! వదిలేయండి sir. ఇద్దరూ ఇలా తిట్టుకోవడం జనాలకి వినోదం అయిపోయింది sir,emdaukau sir ayaipaooyaina paelalaikai maaelaaalau!!! vadailaaeyamdai sir. idadaraoo ilaaa taitataukaoovadam janaaalakai vainaoodam ayaipaooyaimdai sir,ఎందుకు sir అయిపోయిన పెళ్లికి మేళాలు!!! వదిలేయండి sir. ఇద్దరూ ఇలా తిట్టుకోవడం జనాలకి వినోదం అయిపోయింది sir,emdaukau sir ayaipaooyaina పెళ్లికి maaelaaalau!!! వదిలేయండి sir. ఇద్దరూ ilaaa తిట్టుకోవడం janaaalakai వినోదం ayaipaooyaimdai sir,ఎందుుకు sir అయిపోోయిన పెళ్లలికి మేళాలలు!!! వదిలేేయండి sir. ఇద్దదరూ ఇలా తిట్టుుకోవడం జనాలలకి వినోోదం అయిపోయయింది sir,ఎంుకుు sir అయిోయోిన పెళలిలకి మేళలుల!!! వదిేయేండి sirr. ఇదదరదూ ఇలా తిట్ుకుోవడం జనలకలి విోదోం అయిోయియంది sir
398,itlantivi ఎందుకు చేస్తారండి meeru rotta cinemalu matrame chestaru sir meeru... any way .. ayina meerante naakistam sir,hate,Mixed,itlantivi ఎందుకు చేస్తారండి meeru rotta cinemalu matrame chestaru sir meeru... any way .. ayina meerante naakistam sir,itlantivi emdaukau chaaesataaaramdai meeru rotta cinemalu matrame chestaru sir meeru... any way .. ayina meerante naakistam sir,itlantivi ఎందుకు చేస్తారండి meeru rotta cinemalu matrame chestaru sir meeru... any way .. ayina meerante naakistam sir,itlantivi ఎందుకు chaaesataaaramdai meeru rotta cinemalu matrame chestaru sir meeru... any way .. ayina meerante naakistam sir,itlanntivi ఎందుుకు చేస్తాారండి meeeru rottta cinemmalu matrrame chesttaru sir meeruu... any way .. ayiina meeraante naakiistam sir,itlntnivi ఎంుకుు చేసతారాండి meeru rotta cinmamlu mararme chetatru sir meeu.u.. any way .. ayina meeanate naaisitam sir
399,ఇష్టం లేని జాబ్ చేస్తునట్టు ఉంది ప్రభాస్ ఫేస్,hate,Telugu,ఇష్టం లేని జాబ్ చేస్తునట్టు ఉంది ప్రభాస్ ఫేస్,ishatam laaenai jaaaba chaaesataunatatau umdai parabhaaasa phaaesa,ఇష్టం లేని జాబ్ చేస్తునట్టు ఉంది ప్రభాస్ ఫేస్,ishatam లేని jaaaba చేస్తునట్టు umdai ప్రభాస్ phaaesa,ఇష్్టం లేని జాబ్ చేస్తుునట్టు ఉంది ప్రభభాస్ ఫేస్,ఇష్టం లేనని జాబబ్ చేస్ునుట్టు ఉందది ప్భాభస్ ఫేసస్
400,Power star.....anedi oka brand....evadu padithe vadu power star kadu...kaledu...king okkade power star okkale...only powerful power star pavan Kalyan okkade,non-hate,Latin/Romanized,Power star.....anedi oka brand....evadu padithe vadu power star kadu...kaledu...king okkade power star okkale...only powerful power star pavan Kalyan okkade,Power star.....anedi oka brand....evadu padithe vadu power star kadu...kaledu...king okkade power star okkale...only powerful power star pavan Kalyan okkade,Power star.....anedi oka brand....evadu padithe vadu power star kadu...kaledu...king okkade power star okkale...only powerful power star pavan Kalyan okkade,Power star.....anedi oka brand....evadu padithe vadu power star kadu...kaledu...king okkade power star okkale...only powerful power star pavan Kalyan okkade,Powwer star......anedi oka brand.....evadu padiithe vadu powwer star kadu...kaleedu...king okkaade powwer star okkale....only powerrful powwer star pavvan Kalyyan okkaade,Power star.....anedi oka brand....evadu paitihe vaddu power staar kadu...aledeu...king okadae power staar okkae....only powrfrul power staar pavan Kayayn okadae
401,Maa allu aravind gari comedy super allu sir plz meeru movies loo act cheyandi,non-hate,Latin/Romanized,Maa allu aravind gari comedy super allu sir plz meeru movies loo act cheyandi,Maa allu aravind gari comedy super allu sir plz meeru movies loo act cheyandi,Maa allu aravind gari comedy super allu sir plz meeru movies loo act cheyandi,Maa allu aravind gari comedy super allu sir plz meeru movies loo act cheyandi,Maa allu aravvind gari comeedy supper allu sir plz meeeru moviies loo act cheyaandi,Maa alllu arvivnd garri coedey super alllu sir plz meeru moieis loo act cheanadi
402,ఇనుము ఇనుముని️ కాదు ఎనుము ఎనుముని అనాలి,hate,Telugu,ఇనుము ఇనుముని️ కాదు ఎనుము ఎనుముని అనాలి,inaumau inaumaunai️ kaaadau enaumau enaumaunai anaaalai,ఇనుము ఇనుముని️ కాదు ఎనుము ఎనుముని అనాలి,inaumau ఇనుముని️ kaaadau ఎనుము enaumaunai అనాలి,ఇనుుము ఇనుముుని️ కాదు ఎనుుము ఎనుమముని అనాాలి,ఇనుము ఇనుునుి️ కాదదు ఎనుము ఎనముమని అనాలి
403,malla manchi erri puku vodu,hate,Latin/Romanized,malla manchi erri puku vodu,malla manchi erri puku vodu,malla manchi erri puku vodu,malla manchi erri puku vodu,mallla mancchi erri puku vodu,malla machci errri pukku voddu
404,పేదవాడు కి  జగన్ గారు  ఎ మంచి  పని చేస్తున్న  దానికి  కోర్టులో  కేసులు పెట్టి  న.  బొల్లి గాడు కీ  ఓటు ఎవరు వెయరు,hate,Telugu,పేదవాడు కి  జగన్ గారు  ఎ మంచి  పని చేస్తున్న  దానికి  కోర్టులో  కేసులు పెట్టి  న.  బొల్లి గాడు కీ  ఓటు ఎవరు వెయరు,paaedavaaadau kai jagana gaaarau e mamchai panai chaaesataunana daaanaikai kaoorataulaoo kaaesaulau paetatai na. baolalai gaaadau kaee ootau evarau vaeyarau,పేదవాడు కి  జగన్ గారు  ఎ మంచి  పని చేస్తున్న  దానికి  కోర్టులో  కేసులు పెట్టి  న.  బొల్లి గాడు కీ  ఓటు ఎవరు వెయరు,paaedavaaadau కి jagana గారు e మంచి panai చేస్తున్న daaanaikai కోర్టులో kaaesaulau పెట్టి na. బొల్లి gaaadau కీ ootau ఎవరు vaeyarau,పేదవవాడు కి జగన్ గారు ఎ మంచి పని చేస్తతున్న దానిికి కోర్టటులో కేసుులు పెట్్టి న. బొల్్లి గాడు కీ ఓటు ఎవరు వెయయరు,పేవావడు కి జగనన్ గారరు ఎ మంచచి పని చేసతుతన్న దాికిి కోరటుటలో కేులుు పె్ట్ి న. బొ్ల్ి గాడడు కీ ఓటు ఎవరరు వెయరు
405,Dance raani dhanni dance judge ga pettaru,hate,Latin/Romanized,Dance raani dhanni dance judge ga pettaru,Dance raani dhanni dance judge ga pettaru,Dance raani dhanni dance judge ga pettaru,Dance raani dhanni dance judge ga pettaru,Dannce raaani dhannni dannce juddge ga petttaru,Dance raani dhnnni dance judge ga petatru
406,Chala ante chala bagundi bro,non-hate,Latin/Romanized,Chala ante chala bagundi bro,Chala ante chala bagundi bro,Chala ante chala bagundi bro,Chala ante chala bagundi bro,Chaala ante chaala baguundi bro,Chala antte chala baunudi bro
407,Are o nuvvu sollu aapu thammi,non-hate,Latin/Romanized,Are o nuvvu sollu aapu thammi,Are o nuvvu sollu aapu thammi,Are o nuvvu sollu aapu thammi,Are o nuvvu sollu aapu thammi,Are o nuvvvu solllu aapu thammmi,Are o nuvvu sollu aappu thmmmi
408,నోటి తెగులు అని రాసావ్ కదరా. మీ ఛానల్ కన్నా నోటి తెగులు ఎవరికీ ఉంటాది.,non-hate,Telugu,నోటి తెగులు అని రాసావ్ కదరా. మీ ఛానల్ కన్నా నోటి తెగులు ఎవరికీ ఉంటాది.,naootai taegaulau anai raaasaaava kadaraaa. maee chhaaanala kananaaa naootai taegaulau evaraikaee umtaaadai.,నోటి తెగులు అని రాసావ్ కదరా. మీ ఛానల్ కన్నా నోటి తెగులు ఎవరికీ ఉంటాది.,naootai తెగులు anai రాసావ్ kadaraaa. మీ chhaaanala కన్నా naootai తెగులు evaraikaee ఉంటాది.,నోటి తెగుులు అని రాసాావ్ కదరరా. మీ ఛాననల్ కన్్నా నోటి తెగుులు ఎవరిికీ ఉంటాాది.,నోటటి తెులుు అని రాావా్ కదరా. మీ ఛానల్ కన్నా నోటటి తెులుు ఎవికిీ ఉంాదాి.
409,friendly ga annadu,non-hate,Latin/Romanized,friendly ga annadu,friendly ga annadu,friendly ga annadu,friendly ga annadu,frienndly ga annaadu,frindnly ga anadau
410,పొరపాటున మళ్ళీ గానీ రాజశేఖర్ రెడ్డి గారు వస్తె కుర్చీ పొద్దని తీసుకెళ్ళి కూర్చోబెట్టడు,hate,Telugu,పొరపాటున మళ్ళీ గానీ రాజశేఖర్ రెడ్డి గారు వస్తె కుర్చీ పొద్దని తీసుకెళ్ళి కూర్చోబెట్టడు,paorapaaatauna malalaee gaaanaee raaajashaaekhara raedadai gaaarau vasatae kaurachaee paodadanai taeesaukaelalai kaoorachaoobaetatadau,పొరపాటున మళ్ళీ గానీ రాజశేఖర్ రెడ్డి గారు వస్తె కుర్చీ పొద్దని తీసుకెళ్ళి కూర్చోబెట్టడు,paorapaaatauna మళ్ళీ gaaanaee రాజశేఖర్ raedadai గారు vasatae కుర్చీ paodadanai తీసుకెళ్ళి kaoorachaoobaetatadau,పొరపాాటున మళ్్ళీ గానీ రాజశేేఖర్ రెడ్్డి గారు వస్్తె కుర్్చీ పొద్్దని తీసుకెెళ్ళి కూర్చోబబెట్టడు,పొరాటాున మళ్ళీ గాననీ రాజేఖేర్ రె్డ్ి గారరు వస్తె కు్చ్ీ పొ్ద్ని తీసకెళె్ళి కూర్ోబెబట్టడు
411,వాళ్లూ ఎలా ఉంటే మనకు ఎందుకు వాళ్ళ సొంతవిశాయలు,non-hate,Telugu,వాళ్లూ ఎలా ఉంటే మనకు ఎందుకు వాళ్ళ సొంతవిశాయలు,vaaalalaoo elaaa umtaae manakau emdaukau vaaalala saomtavaishaaayalau,వాళ్లూ ఎలా ఉంటే మనకు ఎందుకు వాళ్ళ సొంతవిశాయలు,vaaalalaoo ఎలా umtaae మనకు emdaukau వాళ్ళ saomtavaishaaayalau,వాళ్్లూ ఎలా ఉంటే మనకు ఎందుుకు వాళళ్ళ సొంతవిిశాయలు,వా్ల్ూ ఎలా ఉంటటే మనకకు ఎంుకుు వాళ్ళ సొంతిశిాయలు
412,"Ycp lo meeru emi cheyaleru
Jsp lo neeku nachhinattu vundavachhu",non-hate,Latin/Romanized,"Ycp lo meeru emi cheyaleru
Jsp lo neeku nachhinattu vundavachhu",Ycp lo meeru emi cheyaleru Jsp lo neeku nachhinattu vundavachhu,"Ycp lo meeru emi cheyaleru
Jsp lo neeku nachhinattu vundavachhu",Ycp lo meeru emi cheyaleru Jsp lo neeku nachhinattu vundavachhu,Ycp lo meeeru emi cheyaaleru Jsp lo neeeku nachhiinattu vundavvachhu,Ycp lo meeru emi chealaeru Jsp lo neeku nachiniattu vundvavchhu
413,పవన్ కళ్యాణ్ మూవీస్ లో హీరో... రాజకీయం లో ' 0',hate,Telugu,పవన్ కళ్యాణ్ మూవీస్ లో హీరో... రాజకీయం లో ' 0',pavana kalayaaana maoovaeesa laoo haeeraoo... raaajakaeeyam laoo ' 0',పవన్ కళ్యాణ్ మూవీస్ లో హీరో... రాజకీయం లో ' 0',pavana కళ్యాణ్ maoovaeesa లో haeeraoo... రాజకీయం laoo ' 0',పవన్ కళ్యయాణ్ మూవీీస్ లో హీరోో... రాజకకీయం లో ' 0',పవనన్ కళయాయణ్ మూీసీ్ లో హీో.ో.. రాకీకయం లో ' 0'
414,మొత్తం చూసా నిజాయతీ గా వున్నాయి ప్రశ్నలు జవాబులు..సూపర్ బై రెడ్డి సిద్దార్థ్ రెడ్డి,non-hate,Telugu,మొత్తం చూసా నిజాయతీ గా వున్నాయి ప్రశ్నలు జవాబులు..సూపర్ బై రెడ్డి సిద్దార్థ్ రెడ్డి,maotatam chaoosaaa naijaaayataee gaaa vaunanaaayai parashanalau javaaabaulau..saoopara baai raedadai saidadaaaratha raedadai,మొత్తం చూసా నిజాయతీ గా వున్నాయి ప్రశ్నలు జవాబులు..సూపర్ బై రెడ్డి సిద్దార్థ్ రెడ్డి,maotatam చూసా naijaaayataee గా vaunanaaayai ప్రశ్నలు javaaabaulau..saoopara బై raedadai సిద్దార్థ్ raedadai,మొత్్తం చూసా నిజాాయతీ గా వున్ననాయి ప్రశ్్నలు జవాబులు...సూపర్ బై రెడ్్డి సిద్దాార్థ్ రెడ్్డి,మొ్త్ం చూససా నిాయాతీ గా వుననానయి ప్ర్న్లు జవాబుు...సూపర్ బై రె్డ్ి సిదదారా్థ్ రె్డ్ి
415,"RK గారు, సగం మీరే మాట్లాడేస్తున్నారు, దయచేసి అవతలివాళ్ళని పూర్తి గా మాట్లాడనీయండి.",non-hate,Mixed,"RK గారు, సగం మీరే మాట్లాడేస్తున్నారు, దయచేసి అవతలివాళ్ళని పూర్తి గా మాట్లాడనీయండి.","RK gaaarau, sagam maeeraae maaatalaaadaaesataunanaaarau, dayachaaesai avatalaivaaalalanai paooratai gaaa maaatalaaadanaeeyamdai.","RK గారు, సగం మీరే మాట్లాడేస్తున్నారు, దయచేసి అవతలివాళ్ళని పూర్తి గా మాట్లాడనీయండి.","RK గారు, sagam మీరే maaatalaaadaaesataunanaaarau, దయచేసి avatalaivaaalalanai పూర్తి gaaa మాట్లాడనీయండి.","RK గారరు, సగం మీరే మాట్లాడేస్్తున్నారు, దయచేేసి అవతలివాాళ్ళని పూర్్తి గా మాట్లాడననీయండి.","RK గారు, సగం మీరరే మాట్లాేస్త్ున్నారు, దయేసేి అవతలవాళా్ళని పూ్త్ి గా మాట్లడనీనయండి."
416,Manchu family ki inka respect undi ante adi only nee valle manoj anna,non-hate,Latin/Romanized,Manchu family ki inka respect undi ante adi only nee valle manoj anna,Manchu family ki inka respect undi ante adi only nee valle manoj anna,Manchu family ki inka respect undi ante adi only nee valle manoj anna,Manchu family ki inka respect undi ante adi only nee valle manoj anna,Mancchu famiily ki inka resppect undi ante adi only nee vallle mannoj anna,Machcu failiy ki inkka repepct unddi antte adi onlly nee valle manoj annna
417,Godfather మరో  Pan India Block buster coming soon జై చిరంజీవ,non-hate,Mixed,Godfather మరో  Pan India Block buster coming soon జై చిరంజీవ,Godfather maraoo Pan India Block buster coming soon jaai chairamjaeeva,Godfather మరో  Pan India Block buster coming soon జై చిరంజీవ,Godfather మరో Pan India Block buster coming soon jaai చిరంజీవ,Godfaather మరో Pan Inddia Bloock bustter comiing soon జై చిరంంజీవ,Godataher మరో Pan India Block butetr coinig sooon జై చింజంీవ
418,Meku kuda manchi bavisath unntadi,non-hate,Latin/Romanized,Meku kuda manchi bavisath unntadi,Meku kuda manchi bavisath unntadi,Meku kuda manchi bavisath unntadi,Meku kuda manchi bavisath unntadi,Meku kuda mancchi bavissath unnttadi,Mekku kudda machci bavsasth untatdi
419,"Bhuthulu gurinchi, double meanings gurinchi nuv matladodhu anusuya plz",hate,Latin/Romanized,"Bhuthulu gurinchi, double meanings gurinchi nuv matladodhu anusuya plz","Bhuthulu gurinchi, double meanings gurinchi nuv matladodhu anusuya plz","Bhuthulu gurinchi, double meanings gurinchi nuv matladodhu anusuya plz","Bhuthulu gurinchi, double meanings gurinchi nuv matladodhu anusuya plz","Bhuthhulu gurinnchi, doubble meaniings gurinnchi nuv matladdodhu anussuya plz","Bhuhuhlu gurncnhi, doblbe meainigs gurncnhi nuv matadoddhu ansusya plz"
420,ఎన్ని సార్లు చూసిన చూడాలని అనిపించే speech,non-hate,Mixed,ఎన్ని సార్లు చూసిన చూడాలని అనిపించే speech,enanai saaaralau chaoosaina chaoodaaalanai anaipaimchaae speech,ఎన్ని సార్లు చూసిన చూడాలని అనిపించే speech,enanai సార్లు chaoosaina చూడాలని anaipaimchaae speech,ఎన్్ని సార్్లు చూససిన చూడాాలని అనిపిించే speeech,ఎన్ని సా్ల్ు చూసిన చూాలాని అనిింిచే speceh
421,Evadiki vadu acting eraga tistunnaru,non-hate,Latin/Romanized,Evadiki vadu acting eraga tistunnaru,Evadiki vadu acting eraga tistunnaru,Evadiki vadu acting eraga tistunnaru,Evadiki vadu acting eraga tistunnaru,Evaddiki vadu actiing eraaga tistunnnaru,Evdidki vaddu acinig eraga tisunnnaru
422,Manchu Family Paruvu kapade Manishi Nuvvu Okkade anna,non-hate,Latin/Romanized,Manchu Family Paruvu kapade Manishi Nuvvu Okkade anna,Manchu Family Paruvu kapade Manishi Nuvvu Okkade anna,Manchu Family Paruvu kapade Manishi Nuvvu Okkade anna,Manchu Family Paruvu kapade Manishi Nuvvu Okkade anna,Mancchu Famiily Paruuvu kapaade Maniishi Nuvvvu Okkaade anna,Machcu Failiy Pauvuu kaadae Maisihi Nuvvu Okadae annna
423,నువ్వు ఒక్క రోజు జబర్దస్త్ లో బాలయ్య బాబుతో ఫోన్లో మాట్లాడలేదా వే,hate,Telugu,నువ్వు ఒక్క రోజు జబర్దస్త్ లో బాలయ్య బాబుతో ఫోన్లో మాట్లాడలేదా వే,nauvavau okaka raoojau jabaradasata laoo baaalayaya baaabautaoo phaoonalaoo maaatalaaadalaaedaaa vaae,నువ్వు ఒక్క రోజు జబర్దస్త్ లో బాలయ్య బాబుతో ఫోన్లో మాట్లాడలేదా వే,nauvavau ఒక్క raoojau జబర్దస్త్ laoo బాలయ్య baaabautaoo ఫోన్లో maaatalaaadalaaedaaa వే,నువ్్వు ఒక్క రోజు జబర్దదస్త్ లో బాలయయ్య బాబుుతో ఫోన్్లో మాట్లాాడలేదా వే,ను్వ్ు ఒక్్క రోజజు జబరదసద్త్ లో బాయ్యయ బాుతుో ఫో్ల్ో మాట్ాడాలేదా వే
424,మేము ప్రజలకి ఫలానాది చేస్తామని చెప్పుకొని ప్రజల్లోకి రావాలి ఏ బొక్క లేదు వచ్చి ఏం పీకుతారు,non-hate,Telugu,మేము ప్రజలకి ఫలానాది చేస్తామని చెప్పుకొని ప్రజల్లోకి రావాలి ఏ బొక్క లేదు వచ్చి ఏం పీకుతారు,maaemau parajalakai phalaaanaaadai chaaesataaamanai chaepapaukaonai parajalalaookai raaavaaalai ae baokaka laaedau vachachai aem paeekautaaarau,మేము ప్రజలకి ఫలానాది చేస్తామని చెప్పుకొని ప్రజల్లోకి రావాలి ఏ బొక్క లేదు వచ్చి ఏం పీకుతారు,maaemau ప్రజలకి phalaaanaaadai చేస్తామని chaepapaukaonai ప్రజల్లోకి raaavaaalai ఏ baokaka లేదు vachachai ఏం paeekautaaarau,మేము ప్రజజలకి ఫలాననాది చేస్తతామని చెప్పుుకొని ప్రజల్్లోకి రావాాలి ఏ బొకక్క లేదు వచ్్చి ఏం పీకుతతారు,మేమము ప్జలజకి ఫలనానది చేసతాతమని చెపపుకుొని ప్రల్ల్ోకి రాాలాి ఏ బొక్క లేదదు వచ్చి ఏం పీకతాతరు
425,ఇంత పరిజ్ఞానం ఉన్న సీఎం ఆంధ్రకి సీఎం కావడం ఎన్నో జన్మల పుణ్యం,non-hate,Telugu,ఇంత పరిజ్ఞానం ఉన్న సీఎం ఆంధ్రకి సీఎం కావడం ఎన్నో జన్మల పుణ్యం,imta paraijanyaaanam unana saeeem aamdharakai saeeem kaaavadam enanaoo janamala paunayam,ఇంత పరిజ్ఞానం ఉన్న సీఎం ఆంధ్రకి సీఎం కావడం ఎన్నో జన్మల పుణ్యం,imta పరిజ్ఞానం unana సీఎం aamdharakai సీఎం kaaavadam ఎన్నో janamala పుణ్యం,ఇంత పరిజ్్ఞానం ఉన్న సీఎం ఆంధ్్రకి సీఎం కావవడం ఎన్్నో జన్్మల పుణ్్యం,ఇంత పరి్ఞ్ానం ఉన్్న సీఎఎం ఆం్ర్కి సీఎఎం కావడం ఎన్నో జన్మల పు్య్ం
426,లైక్ లు కొట్టేవాళ్ళు ఎక్కువా కానీ ఓట్లు వేసేవాళ్ళు చాలా తక్కువా,hate,Telugu,లైక్ లు కొట్టేవాళ్ళు ఎక్కువా కానీ ఓట్లు వేసేవాళ్ళు చాలా తక్కువా,laaika lau kaotataaevaaalalau ekakauvaaa kaaanaee ootalau vaaesaaevaaalalau chaaalaaa takakauvaaa,లైక్ లు కొట్టేవాళ్ళు ఎక్కువా కానీ ఓట్లు వేసేవాళ్ళు చాలా తక్కువా,laaika లు kaotataaevaaalalau ఎక్కువా kaaanaee ఓట్లు vaaesaaevaaalalau చాలా takakauvaaa,లైక్ లు కొట్టేవవాళ్ళు ఎక్కకువా కానీ ఓట్్లు వేసేవాాళ్ళు చాలా తక్కకువా,లైకక్ లు కొట్ేవావళ్ళు ఎకకుకవా కాననీ ఓట్లు వేసవాళా్ళు చాలలా తకకుకవా
427,Ka pal garu miru super,non-hate,Latin/Romanized,Ka pal garu miru super,Ka pal garu miru super,Ka pal garu miru super,Ka pal garu miru super,Ka pal garu miru supper,Ka pal garru mirru super
428,క్షవరం అయితే గానీ వివరం తెలియదు లెండి.... పృధ్వీ గారు,non-hate,Telugu,క్షవరం అయితే గానీ వివరం తెలియదు లెండి.... పృధ్వీ గారు,kashavaram ayaitaae gaaanaee vaivaram taelaiyadau laemdai.... parudhavaee gaaarau,క్షవరం అయితే గానీ వివరం తెలియదు లెండి.... పృధ్వీ గారు,kashavaram అయితే gaaanaee వివరం taelaiyadau లెండి.... parudhavaee గారు,క్షవవరం అయిితే గానీ వివవరం తెలిియదు లెండిి.... పృధ్్వీ గారు,క్వరవం అయితే గాననీ వివరం తెియిదు లెంి.ి... పృ్వ్ీ గారరు
429,ప్రషు వాళ్ళ డాడీకి ఒక లైక్ కొట్టండి,non-hate,Telugu,ప్రషు వాళ్ళ డాడీకి ఒక లైక్ కొట్టండి,parashau vaaalala daaadaeekai oka laaika kaotatamdai,ప్రషు వాళ్ళ డాడీకి ఒక లైక్ కొట్టండి,parashau వాళ్ళ daaadaeekai ఒక laaika కొట్టండి,ప్రరషు వాళళ్ళ డాడీీకి ఒక లైక్ కొట్టటండి,ప్రషు వాళ్ళ డాీకీి ఒక లైకక్ కొటటంటడి
430,Aaa cheera etthi guddalo pettara be nee mogga ni,hate,Latin/Romanized,Aaa cheera etthi guddalo pettara be nee mogga ni,Aaa cheera etthi guddalo pettara be nee mogga ni,Aaa cheera etthi guddalo pettara be nee mogga ni,Aaa cheera etthi guddalo pettara be nee mogga ni,Aaa cheeera ettthi gudddalo petttara be nee moggga ni,Aaa cherea etthi gudadlo petatra be nee mogga ni
431,"రమేష్ మాస్టర్ డ్యాన్స్ ప్రాక్టీస్ సూపర్, ఇదీ పద్దతి",non-hate,Telugu,"రమేష్ మాస్టర్ డ్యాన్స్ ప్రాక్టీస్ సూపర్, ఇదీ పద్దతి","ramaaesha maaasatara dayaaanasa paraaakataeesa saoopara, idaee padadatai","రమేష్ మాస్టర్ డ్యాన్స్ ప్రాక్టీస్ సూపర్, ఇదీ పద్దతి","ramaaesha మాస్టర్ dayaaanasa ప్రాక్టీస్ saoopara, ఇదీ padadatai","రమేేష్ మాస్్టర్ డ్యానన్స్ ప్రాక్్టీస్ సూపరర్, ఇదీ పద్దదతి","రమేష్ మా్ట్ర్ డ్యన్నస్ ప్రక్ట్ీస్ సూర్ర, ఇదీ పదదతది"
432,Neelanti  vallu  valla  nijame ayina devunuki  avamanam jarukutundhi,hate,Latin/Romanized,Neelanti  vallu  valla  nijame ayina devunuki  avamanam jarukutundhi,Neelanti vallu valla nijame ayina devunuki avamanam jarukutundhi,Neelanti  vallu  valla  nijame ayina devunuki  avamanam jarukutundhi,Neelanti vallu valla nijame ayina devunuki avamanam jarukutundhi,Neelaanti valllu vallla nijaame ayiina devunnuki avamaanam jarukuttundhi,Neeanati vallu valla niamae ayina devnunki avaanaam jaruututndhi
433,కోడలు పిల్ల మా కొడుకు నీ పెళ్లి చేసుకుంటావా కట్నం ఏం వొద్దు మేమే ఇష్టము కావాలంటే,non-hate,Telugu,కోడలు పిల్ల మా కొడుకు నీ పెళ్లి చేసుకుంటావా కట్నం ఏం వొద్దు మేమే ఇష్టము కావాలంటే,kaoodalau pailala maaa kaodaukau naee paelalai chaaesaukaumtaaavaaa katanam aem vaodadau maaemaae ishatamau kaaavaaalamtaae,కోడలు పిల్ల మా కొడుకు నీ పెళ్లి చేసుకుంటావా కట్నం ఏం వొద్దు మేమే ఇష్టము కావాలంటే,kaoodalau పిల్ల maaa కొడుకు naee పెళ్లి chaaesaukaumtaaavaaa కట్నం aem వొద్దు maaemaae ఇష్టము kaaavaaalamtaae,కోడడలు పిలల్ల మా కొడుుకు నీ పెళ్్లి చేసుకుుంటావా కట్్నం ఏం వొద్్దు మేమే ఇష్టటము కావాలలంటే,కోడలు పిల్ల మా కొుకుు నీ పె్ల్ి చేసుుంుటావా కట్నం ఏం వొ్ద్ు మేమమే ఇషటమటు కావలంలటే
434,Anchor be like: pichi na kdklni andharu ikkade unnaru,hate,Latin/Romanized,Anchor be like: pichi na kdklni andharu ikkade unnaru,Anchor be like: pichi na kdklni andharu ikkade unnaru,Anchor be like: pichi na kdklni andharu ikkade unnaru,Anchor be like: pichi na kdklni andharu ikkade unnaru,Anchhor be likke: picchi na kdkllni andhharu ikkaade unnaaru,Anhohr be like: pichi na kdlnli anhahru ikadae unarau
435,అసలు ఏం ఉంది రా అక్కడ పొట్ట ఒకటి ఉంది అక్కడ,non-hate,Telugu,అసలు ఏం ఉంది రా అక్కడ పొట్ట ఒకటి ఉంది అక్కడ,asalau aem umdai raaa akakada paotata okatai umdai akakada,అసలు ఏం ఉంది రా అక్కడ పొట్ట ఒకటి ఉంది అక్కడ,asalau ఏం umdai రా akakada పొట్ట okatai ఉంది akakada,అసలు ఏం ఉంది రా అక్్కడ పొటట్ట ఒకటి ఉంది అక్్కడ,అసలలు ఏం ఉందది రా అక్కడ పొట్ట ఒకటటి ఉందది అక్కడ
436,meeku assalu em matladalo kuda telidhu edo vaagaali vaaguthaaru nv pedda leader vi nv cheppindhe nijam enduku paniki maalina debate lu,non-hate,Latin/Romanized,meeku assalu em matladalo kuda telidhu edo vaagaali vaaguthaaru nv pedda leader vi nv cheppindhe nijam enduku paniki maalina debate lu,meeku assalu em matladalo kuda telidhu edo vaagaali vaaguthaaru nv pedda leader vi nv cheppindhe nijam enduku paniki maalina debate lu,meeku assalu em matladalo kuda telidhu edo vaagaali vaaguthaaru nv pedda leader vi nv cheppindhe nijam enduku paniki maalina debate lu,meeku assalu em matladalo kuda telidhu edo vaagaali vaaguthaaru nv pedda leader vi nv cheppindhe nijam enduku paniki maalina debate lu,meeeku assaalu em matlaadalo kuda teliidhu edo vaagaaali vaagutthaaru nv peddda leadder vi nv cheppiindhe nijjam enduuku paniiki maallina debaate lu,meeku asalau em matadaalo kudda teidihu edo vaaaaali vaagthtaaru nv pedda lededr vi nv chepinidhe nijam enukuu paikii malilna deatae lu
437,"మల్లారెడ్డి అంతడబ్బు రేవంత్ రెడ్డికి ఇచ్చారు అంటే...  మల్లారెడ్డి ఎన్ని వేల కోట్ల డబ్బు అవినీతిగా సంపాదించి ఉంటాడు...
సక్రమంగా సంపదిస్తే ఎవ్వరికి ఇవ్వనవసరం ఉండదుగా....
రేవంత్ ఒక్కడికె కాదు..ప్రజలందరికీ నీ అవినీతి డబ్బు పంచాలి..
అప్పుడు ఎవ్వడు బ్లాక్ మెల్ చేయడు.",non-hate,Telugu,"మల్లారెడ్డి అంతడబ్బు రేవంత్ రెడ్డికి ఇచ్చారు అంటే...  మల్లారెడ్డి ఎన్ని వేల కోట్ల డబ్బు అవినీతిగా సంపాదించి ఉంటాడు...
సక్రమంగా సంపదిస్తే ఎవ్వరికి ఇవ్వనవసరం ఉండదుగా....
రేవంత్ ఒక్కడికె కాదు..ప్రజలందరికీ నీ అవినీతి డబ్బు పంచాలి..
అప్పుడు ఎవ్వడు బ్లాక్ మెల్ చేయడు.",malalaaaraedadai amtadababau raaevamta raedadaikai ichachaaarau amtaae... malalaaaraedadai enanai vaaela kaootala dababau avainaeetaigaaa sampaaadaimchai umtaaadau... sakaramamgaaa sampadaisataae evavaraikai ivavanavasaram umdadaugaaa.... raaevamta okakadaikae kaaadau..parajalamdaraikaee naee avainaeetai dababau pamchaaalai.. apapaudau evavadau balaaaka maela chaaeyadau.,"మల్లారెడ్డి అంతడబ్బు రేవంత్ రెడ్డికి ఇచ్చారు అంటే...  మల్లారెడ్డి ఎన్ని వేల కోట్ల డబ్బు అవినీతిగా సంపాదించి ఉంటాడు...
సక్రమంగా సంపదిస్తే ఎవ్వరికి ఇవ్వనవసరం ఉండదుగా....
రేవంత్ ఒక్కడికె కాదు..ప్రజలందరికీ నీ అవినీతి డబ్బు పంచాలి..
అప్పుడు ఎవ్వడు బ్లాక్ మెల్ చేయడు.",malalaaaraedadai అంతడబ్బు raaevamta రెడ్డికి ichachaaarau అంటే... malalaaaraedadai ఎన్ని vaaela కోట్ల dababau అవినీతిగా sampaaadaimchai ఉంటాడు... sakaramamgaaa సంపదిస్తే evavaraikai ఇవ్వనవసరం umdadaugaaa.... రేవంత్ okakadaikae కాదు..ప్రజలందరికీ naee అవినీతి dababau పంచాలి.. apapaudau ఎవ్వడు balaaaka మెల్ chaaeyadau.,మల్లారరెడ్డి అంతడబబ్బు రేవంంత్ రెడ్డడికి ఇచ్చచారు అంటేే... మల్లారరెడ్డి ఎన్్ని వేల కోటట్ల డబ్్బు అవినీీతిగా సంపాదదించి ఉంటాడడు... సక్రమమంగా సంపదిిస్తే ఎవ్వరరికి ఇవ్వననవసరం ఉండదుగగా.... రేవంంత్ ఒక్కడడికె కాదు..ప్రరజలందరికీ నీ అవిననీతి డబ్్బు పంచాలలి.. అప్పపుడు ఎవ్వవడు బ్లాాక్ మెల్ చేయడడు.,మల్లరెరడ్డి అంతబ్బబు రేంతం్ రెడడిడకి ఇచచాచరు అంే.ే.. మల్లరెరడ్డి ఎన్ని వేల కోట్ల డబ్బు అవిీతీిగా సంపదిదంచి ఉంటడుడ... సక్మంమగా సంపిసి్తే ఎవ్రిరకి ఇవ్నవనసరం ఉండదగాగ.... రేంతం్ ఒక్డిడకె కాదు..్రజరలందరికీ నీ అవనీనతి డబ్బు పంచలిల.. అపపుపడు ఎవవడవు బ్ాకా్ మెలల్ చేడుడ.
438,oka ammai vi vundhi natho argue chesthava puku mosukoni inti panulu cheyi,hate,Latin/Romanized,oka ammai vi vundhi natho argue chesthava puku mosukoni inti panulu cheyi,oka ammai vi vundhi natho argue chesthava puku mosukoni inti panulu cheyi,oka ammai vi vundhi natho argue chesthava puku mosukoni inti panulu cheyi,oka ammai vi vundhi natho argue chesthava puku mosukoni inti panulu cheyi,oka ammmai vi vunddhi nattho arggue chestthava puku mosukkoni inti panuulu cheeyi,oka ammai vi vudhdi natho argue chethtava pukku moskokni intti pauluu cheyi
439,Antha energy guddhalo nundi vastundi,hate,Latin/Romanized,Antha energy guddhalo nundi vastundi,Antha energy guddhalo nundi vastundi,Antha energy guddhalo nundi vastundi,Antha energy guddhalo nundi vastundi,Anttha enerrgy guddhhalo nunndi vastuundi,Antha enrgry gudhahlo nundi vasunudi
440,bonda uma kukka esaga mafia king,hate,Latin/Romanized,bonda uma kukka esaga mafia king,bonda uma kukka esaga mafia king,bonda uma kukka esaga mafia king,bonda uma kukka esaga mafia king,bonnda uma kukkka esaaga maffia king,bonda uma kukka esaga mafia kinng
441,Padavi kosam penta ina tintadu,hate,Latin/Romanized,Padavi kosam penta ina tintadu,Padavi kosam penta ina tintadu,Padavi kosam penta ina tintadu,Padavi kosam penta ina tintadu,Padaavi kossam pennta ina tinttadu,Paavai kosam penta ina titatdu
442,Kcpd men's kutha chnpi paddengutha,hate,Latin/Romanized,Kcpd men's kutha chnpi paddengutha,Kcpd men's kutha chnpi paddengutha,Kcpd men's kutha chnpi paddengutha,Kcpd men's kutha chnpi paddengutha,Kcpd menn's kuttha chnnpi paddenngutha,Kcppd men's kutha chnpi paddngnutha
443,Veedemma veedi lssge waste dhi,hate,Latin/Romanized,Veedemma veedi lssge waste dhi,Veedemma veedi lssge waste dhi,Veedemma veedi lssge waste dhi,Veedemma veedi lssge waste dhi,Veedeemma veeedi lsssge wasste dhi,Veeemema veedi lssge waste dhi
444,vijay mallya nirav modi kapadindhi bjp malla ha baate shah gadu nak emtelidhu antaru,hate,Latin/Romanized,vijay mallya nirav modi kapadindhi bjp malla ha baate shah gadu nak emtelidhu antaru,vijay mallya nirav modi kapadindhi bjp malla ha baate shah gadu nak emtelidhu antaru,vijay mallya nirav modi kapadindhi bjp malla ha baate shah gadu nak emtelidhu antaru,vijay mallya nirav modi kapadindhi bjp malla ha baate shah gadu nak emtelidhu antaru,vijjay malllya nirrav modi kapadiindhi bjp mallla ha baaate shah gadu nak emtellidhu antaaru,vijay malyla nirav moddi kapdinidhi bjp malla ha baate shaah gaddu nak emtlildhu anarau
445,కేసీఆర్ కేబినెట్లో మీటింగ్ లేదు బొచ్చు లేదు,hate,Telugu,కేసీఆర్ కేబినెట్లో మీటింగ్ లేదు బొచ్చు లేదు,kaaesaeeaara kaaebainaetalaoo maeetaimga laaedau baochachau laaedau,కేసీఆర్ కేబినెట్లో మీటింగ్ లేదు బొచ్చు లేదు,kaaesaeeaara కేబినెట్లో maeetaimga లేదు baochachau లేదు,కేసీీఆర్ కేబినెెట్లో మీటిింగ్ లేదు బొచ్్చు లేదు,కేీఆీర్ కేబనెటె్లో మీింిగ్ లేదదు బొ్చ్ు లేదదు
446,"atleast akkadaina vudyogam vacchindi,chaala mandiki adi sampadinche scene ledu le bro",hate,Latin/Romanized,"atleast akkadaina vudyogam vacchindi,chaala mandiki adi sampadinche scene ledu le bro","atleast akkadaina vudyogam vacchindi,chaala mandiki adi sampadinche scene ledu le bro","atleast akkadaina vudyogam vacchindi,chaala mandiki adi sampadinche scene ledu le bro","atleast akkadaina vudyogam vacchindi,chaala mandiki adi sampadinche scene ledu le bro","atleeast akkaddaina vudyoogam vacchindii,chaala manddiki adi sampaddinche sceene ledu le bro","ateaest akkdadina vudogoam vacchndi,ichaala madidki adi sampdidnche scene leddu le bro"
447,Ee Rashmi ki roju rojuki dhebbalu gattigaane gudhuthunnaru,hate,Latin/Romanized,Ee Rashmi ki roju rojuki dhebbalu gattigaane gudhuthunnaru,Ee Rashmi ki roju rojuki dhebbalu gattigaane gudhuthunnaru,Ee Rashmi ki roju rojuki dhebbalu gattigaane gudhuthunnaru,Ee Rashmi ki roju rojuki dhebbalu gattigaane gudhuthunnaru,Ee Rashhmi ki roju rojuuki dhebbbalu gattiggaane gudhuthhunnaru,Ee Rahmhi ki rojju roukui dhebablu gatigagane gudhthuhnnaru
448,Rayalaseema simham paritala Ravi telugurashtrala devudu NTR but family members of both have utterly failed to carry the legacy of these both in their respective range and categories,hate,Latin/Romanized,Rayalaseema simham paritala Ravi telugurashtrala devudu NTR but family members of both have utterly failed to carry the legacy of these both in their respective range and categories,Rayalaseema simham paritala Ravi telugurashtrala devudu NTR but family members of both have utterly failed to carry the legacy of these both in their respective range and categories,Rayalaseema simham paritala Ravi telugurashtrala devudu NTR but family members of both have utterly failed to carry the legacy of these both in their respective range and categories,Rayalaseema simham paritala Ravi telugurashtrala devudu NTR but family members of both have utterly failed to carry the legacy of these both in their respective range and categories,Rayalaaseema simhham parittala Ravi teluguraashtrala devuudu NTR but famiily membbers of both have utteerly failled to carrry the legaacy of theese both in theeir respecctive rannge and categoories,Rayaasaeema sihahm partatla Ravvi telugrasahtrala deuduu NTR but failiy mebebrs of botth havve uterely faleld to carry the leacay of these botth in their resectcive range and catgoroies
449,Antha fake ey solu galu baga ekuva ayaru,hate,Latin/Romanized,Antha fake ey solu galu baga ekuva ayaru,Antha fake ey solu galu baga ekuva ayaru,Antha fake ey solu galu baga ekuva ayaru,Antha fake ey solu galu baga ekuva ayaru,Anttha fake ey solu galu baga ekuuva ayaaru,Antha fakke ey sollu gallu bagga ekuva ayaru
450,"Mustache kosam wait chesi untadu,inni rojulu ee video cheyadaniki,enthaina ne dedication ki hats off bro",non-hate,Latin/Romanized,"Mustache kosam wait chesi untadu,inni rojulu ee video cheyadaniki,enthaina ne dedication ki hats off bro","Mustache kosam wait chesi untadu,inni rojulu ee video cheyadaniki,enthaina ne dedication ki hats off bro","Mustache kosam wait chesi untadu,inni rojulu ee video cheyadaniki,enthaina ne dedication ki hats off bro","Mustache kosam wait chesi untadu,inni rojulu ee video cheyadaniki,enthaina ne dedication ki hats off bro","Mustaache kossam wait cheesi untaduu,inni rojuulu ee viddeo cheyadanikii,enthaina ne dedicaation ki hats off bro","Musacahe kosam waiit chesi untau,uinni rouluu ee video cheyadaiki,ienthaina ne dedcataion ki hatts off bro"
451,ఈ సినిమా మంచి విజయం సాధించాలి అని ఎంతమంది కోరుకుంటున్నారు.,non-hate,Telugu,ఈ సినిమా మంచి విజయం సాధించాలి అని ఎంతమంది కోరుకుంటున్నారు.,ee sainaimaaa mamchai vaijayam saaadhaimchaaalai anai emtamamdai kaooraukaumtaunanaaarau.,ఈ సినిమా మంచి విజయం సాధించాలి అని ఎంతమంది కోరుకుంటున్నారు.,ee సినిమా mamchai విజయం saaadhaimchaaalai అని emtamamdai కోరుకుంటున్నారు.,ఈ సినిిమా మంచి విజజయం సాధింంచాలి అని ఎంతమమంది కోరుకుంటుున్నారు.,ఈ సిిమిా మంచచి విజయం సాధంచంాలి అని ఎంమంమది కోరుకంటును్నారు.
452,"రాష్ట్ర విభజన హామీ ప్రకారం రైల్వే జోన్, ప్రత్యేక హోదా, చెన్నై విశాఖపట్నం సీ కారిడార్, స్టీల్ ప్లాంట్ పునరుద్దరణ మొదలగు హామీలు మిగిలే ఉన్నాయి",hate,Telugu,"రాష్ట్ర విభజన హామీ ప్రకారం రైల్వే జోన్, ప్రత్యేక హోదా, చెన్నై విశాఖపట్నం సీ కారిడార్, స్టీల్ ప్లాంట్ పునరుద్దరణ మొదలగు హామీలు మిగిలే ఉన్నాయి","raaashatara vaibhajana haaamaee parakaaaram raailavaae jaoona, paratayaaeka haoodaaa, chaenanaai vaishaaakhapatanam saee kaaaraidaaara, sataeela palaaamta paunaraudadarana maodalagau haaamaeelau maigailaae unanaaayai","రాష్ట్ర విభజన హామీ ప్రకారం రైల్వే జోన్, ప్రత్యేక హోదా, చెన్నై విశాఖపట్నం సీ కారిడార్, స్టీల్ ప్లాంట్ పునరుద్దరణ మొదలగు హామీలు మిగిలే ఉన్నాయి","raaashatara విభజన haaamaee ప్రకారం raailavaae జోన్, paratayaaeka హోదా, chaenanaai విశాఖపట్నం saee కారిడార్, sataeela ప్లాంట్ paunaraudadarana మొదలగు haaamaeelau మిగిలే unanaaayai","రాష్్ట్ర విభభజన హామీ ప్రకకారం రైల్్వే జోనన్, ప్రత్్యేక హోదదా, చెన్్నై విశాఖపపట్నం సీ కారిడడార్, స్టీీల్ ప్లాాంట్ పునరుదద్దరణ మొదలలగు హామీీలు మిగిిలే ఉన్ననాయి","రా్ట్్ర విభజన హామమీ ప్కాకరం రై్వ్ే జోన్, ప్ర్య్ేక హోదా, చె్న్ై విశఖపటప్నం సీ కారడాడర్, స్ీలీ్ ప్ాంాట్ పునుద్దదరణ మొలగలు హాీలీు మిిలిే ఉననానయి"
453,Kama kukka,hate,Latin/Romanized,Kama kukka,Kama kukka,Kama kukka,Kama kukka,Kama kukkka,Kamma kukka
454,కు డాన్స్ రాదు అనే స్టేజ్ నుండి డాన్స్ అంటే ఇది రా అనే రేంజ్ కి వచ్చావు జాని అన్నా,non-hate,Telugu,కు డాన్స్ రాదు అనే స్టేజ్ నుండి డాన్స్ అంటే ఇది రా అనే రేంజ్ కి వచ్చావు జాని అన్నా,kau daaanasa raaadau anaae sataaeja naumdai daaanasa amtaae idai raaa anaae raaemja kai vachachaaavau jaaanai ananaaa,కు డాన్స్ రాదు అనే స్టేజ్ నుండి డాన్స్ అంటే ఇది రా అనే రేంజ్ కి వచ్చావు జాని అన్నా,kau డాన్స్ raaadau అనే sataaeja నుండి daaanasa అంటే idai రా anaae రేంజ్ kai వచ్చావు jaaanai అన్నా,కు డాన్్స్ రాదు అనే స్టేేజ్ నుంండి డాన్్స్ అంటే ఇది రా అనే రేంంజ్ కి వచ్చచావు జాని అన్్నా,కు డా్స్్ రాదదు అనే స్ేజే్ నుండి డా్స్్ అంటటే ఇది రా అనే రేంజ్ కి వచచాచవు జానని అన్నా
455,తాత నీకు 60 పాప కీ 25యెందీరా మాకు ఈ దరిద్రమ్...?️️️,hate,Telugu,తాత నీకు 60 పాప కీ 25యెందీరా మాకు ఈ దరిద్రమ్...?️️️,taaata naeekau 60 paaapa kaee 25yaemdaeeraaa maaakau ee daraidarama...?️️️,తాత నీకు 60 పాప కీ 25యెందీరా మాకు ఈ దరిద్రమ్...?️️️,taaata నీకు 60 పాప kaee 25యెందీరా maaakau ఈ daraidarama...?️️️,తాత నీకు 60 పాప కీ 25యెంందీరా మాకు ఈ దరిద్రమ్్...?️️️,తాత నీకకు 60 పాప కీ 25యందంీరా మాకకు ఈ దరిద్మ్.్..?️️️
456,Kasta padithe eppudu pratipalam untundi.. congratulations,non-hate,Latin/Romanized,Kasta padithe eppudu pratipalam untundi.. congratulations,Kasta padithe eppudu pratipalam untundi.. congratulations,Kasta padithe eppudu pratipalam untundi.. congratulations,Kasta padithe eppudu pratipalam untundi.. congratulations,Kassta padiithe eppuudu pratippalam untunndi.. congratuulations,Kasta paitihe epuduu praipaplam untndni.. congrtuluations
457,Sulli ra,hate,Latin/Romanized,Sulli ra,Sulli ra,Sulli ra,Sulli ra,Sullli ra,Sulli ra
458,4 lo second di tisi 1 ki 2 ki madyalo pedite 4 avtundi order saripotadi,non-hate,Latin/Romanized,4 lo second di tisi 1 ki 2 ki madyalo pedite 4 avtundi order saripotadi,4 lo second di tisi 1 ki 2 ki madyalo pedite 4 avtundi order saripotadi,4 lo second di tisi 1 ki 2 ki madyalo pedite 4 avtundi order saripotadi,4 lo second di tisi 1 ki 2 ki madyalo pedite 4 avtundi order saripotadi,4 lo secoond di tisi 1 ki 2 ki madyyalo pediite 4 avtuundi ordder saripootadi,4 lo seonod di tissi 1 ki 2 ki mayaylo peitie 4 avunudi order sarpotoadi
459,Nivetha konni interviews lo aa time lo Rajinikanth garithi movie chestunna idem peddha movie kanattu matladindhi.she was not greatful to act in PSPK's movie.,non-hate,Latin/Romanized,Nivetha konni interviews lo aa time lo Rajinikanth garithi movie chestunna idem peddha movie kanattu matladindhi.she was not greatful to act in PSPK's movie.,Nivetha konni interviews lo aa time lo Rajinikanth garithi movie chestunna idem peddha movie kanattu matladindhi.she was not greatful to act in PSPK's movie.,Nivetha konni interviews lo aa time lo Rajinikanth garithi movie chestunna idem peddha movie kanattu matladindhi.she was not greatful to act in PSPK's movie.,Nivetha konni interviews lo aa time lo Rajinikanth garithi movie chestunna idem peddha movie kanattu matladindhi.she was not greatful to act in PSPK's movie.,Niveetha konnni intervviews lo aa time lo Rajiniikanth gariithi movvie chesttunna idem pedddha movvie kanaattu matladinndhi.she was not greattful to act in PSPKK's moviie.,Nieteha konni intrvivews lo aa timme lo Rajiikianth gaitihi movie chetutnna ideem pedhda movie kaatatu matlaindnhi.she was not gretftul to act in PSK'Ks moiei.
460,Charmi ki Edo ayindi navvaleka sachipothundi,hate,Latin/Romanized,Charmi ki Edo ayindi navvaleka sachipothundi,Charmi ki Edo ayindi navvaleka sachipothundi,Charmi ki Edo ayindi navvaleka sachipothundi,Charmi ki Edo ayindi navvaleka sachipothundi,Charrmi ki Edo ayinndi navvaaleka sachipoothundi,Chrmri ki Edo ayndni navalaeka sachpotohundi
461,దయచేసి ఎవరైనా ముందు వీడిని మెంటల్ హాస్పిటల్ కి తీసుకువెళ్లండి వీడు ఎవరెవరిని ఏం మాట్లాడుతుందో అర్థం కావట్లేదు ఈ నా కొడుక్కి పిచ్చి పట్టింది,hate,Telugu,దయచేసి ఎవరైనా ముందు వీడిని మెంటల్ హాస్పిటల్ కి తీసుకువెళ్లండి వీడు ఎవరెవరిని ఏం మాట్లాడుతుందో అర్థం కావట్లేదు ఈ నా కొడుక్కి పిచ్చి పట్టింది,dayachaaesai evaraainaaa maumdau vaeedainai maemtala haaasapaitala kai taeesaukauvaelalamdai vaeedau evaraevarainai aem maaatalaaadautaumdaoo aratham kaaavatalaaedau ee naaa kaodaukakai paichachai patataimdai,దయచేసి ఎవరైనా ముందు వీడిని మెంటల్ హాస్పిటల్ కి తీసుకువెళ్లండి వీడు ఎవరెవరిని ఏం మాట్లాడుతుందో అర్థం కావట్లేదు ఈ నా కొడుక్కి పిచ్చి పట్టింది,dayachaaesai ఎవరైనా maumdau వీడిని maemtala హాస్పిటల్ kai తీసుకువెళ్లండి vaeedau ఎవరెవరిని aem మాట్లాడుతుందో aratham కావట్లేదు ee నా kaodaukakai పిచ్చి patataimdai,దయచేేసి ఎవరైైనా ముంందు వీడిిని మెంటటల్ హాస్పపిటల్ కి తీసుకువెెళ్లండి వీడు ఎవరెవవరిని ఏం మాట్లాడడుతుందో అర్్థం కావట్్లేదు ఈ నా కొడుకక్కి పిచ్్చి పట్టిింది,దయేసేి ఎవైనైా ముందు వీినిి మెటలట్ హాసపిపటల్ కి తీసుకవెళె్లండి వీడడు ఎవరవరవిని ఏం మాట్ాడుడతుందో అర్థం కావ్ల్ేదు ఈ నా కొడక్కకి పి్చ్ి పట్ింిది
462,పవన్ కుపరువుపొటమే నితికిఎతిరెకంగపొరడుతునడు అయనకుమచిదికదు  జగన్ నిలంటొడుకదు జగన్ దేవుడులంటివడు,non-hate,Telugu,పవన్ కుపరువుపొటమే నితికిఎతిరెకంగపొరడుతునడు అయనకుమచిదికదు  జగన్ నిలంటొడుకదు జగన్ దేవుడులంటివడు,pavana kauparauvaupaotamaae naitaikaietairaekamgapaoradautaunadau ayanakaumachaidaikadau jagana nailamtaodaukadau jagana daaevaudaulamtaivadau,పవన్ కుపరువుపొటమే నితికిఎతిరెకంగపొరడుతునడు అయనకుమచిదికదు  జగన్ నిలంటొడుకదు జగన్ దేవుడులంటివడు,pavana కుపరువుపొటమే naitaikaietairaekamgapaoradautaunadau అయనకుమచిదికదు jagana నిలంటొడుకదు jagana దేవుడులంటివడు,పవన్ కుపరువుుపొటమే నితికిఎతిరెకంంగపొరడుతునడు అయనకుమచచిదికదు జగన్ నిలంటొొడుకదు జగన్ దేవుడులలంటివడు,పవనన్ కుపరవుపుొటమే నితికిఎతరెకంగంపొరడుతునడు అయనకమచిచదికదు జగనన్ నిలంొడొుకదు జగనన్ దేవుులంలటివడు
463,The great honest true leader Pawan Kalyan sir cm kavali nyayam jaruguthundhi ap prajalaki sir,non-hate,Latin/Romanized,The great honest true leader Pawan Kalyan sir cm kavali nyayam jaruguthundhi ap prajalaki sir,The great honest true leader Pawan Kalyan sir cm kavali nyayam jaruguthundhi ap prajalaki sir,The great honest true leader Pawan Kalyan sir cm kavali nyayam jaruguthundhi ap prajalaki sir,The great honest true leader Pawan Kalyan sir cm kavali nyayam jaruguthundhi ap prajalaki sir,The greeat honeest true leadder Pawwan Kalyyan sir cm kavaali nyayyam jarugutthundhi ap prajaalaki sir,The great hoeset truue lededr Pawan Kayayn sir cm kaalai nyyaym jaruuthtundhi ap praalaaki sir
464,"Pelli meeda naku chala dreams, respect vundedhi itlanti interviews chusinappudalla pelli chesukokunda vundadame manchidi anipistundhi",non-hate,Latin/Romanized,"Pelli meeda naku chala dreams, respect vundedhi itlanti interviews chusinappudalla pelli chesukokunda vundadame manchidi anipistundhi","Pelli meeda naku chala dreams, respect vundedhi itlanti interviews chusinappudalla pelli chesukokunda vundadame manchidi anipistundhi","Pelli meeda naku chala dreams, respect vundedhi itlanti interviews chusinappudalla pelli chesukokunda vundadame manchidi anipistundhi","Pelli meeda naku chala dreams, respect vundedhi itlanti interviews chusinappudalla pelli chesukokunda vundadame manchidi anipistundhi","Pellli meeeda naku chaala dreaams, resppect vundeedhi itlaanti intervviews chusinapppudalla pellli chesukookunda vundaadame manchhidi anipisttundhi","Pelli meeda nakku chala dramas, repepct vunedehi itanati intrvivews chusiapppudalla pelli cheskokounda vunadaame manhihdi anipstutndhi"
465,Mari atluntadhi krithi brm  thoni  andham ante minimam atta,non-hate,Latin/Romanized,Mari atluntadhi krithi brm  thoni  andham ante minimam atta,Mari atluntadhi krithi brm thoni andham ante minimam atta,Mari atluntadhi krithi brm  thoni  andham ante minimam atta,Mari atluntadhi krithi brm thoni andham ante minimam atta,Mari atlunttadhi kritthi brm thooni andhham ante miniimam atta,Marri atlntatdhi krthti brm thoni anhahm antte miimiam attta
466,హ్యట్సాఫ్ పోలీస్ సర్,non-hate,Telugu,హ్యట్సాఫ్ పోలీస్ సర్,hayatasaaapha paoolaeesa sara,హ్యట్సాఫ్ పోలీస్ సర్,hayatasaaapha పోలీస్ sara,హ్యట్్సాఫ్ పోలీీస్ సర్,హ్య్స్ాఫ్ పోీసీ్ సర్
467,నా బంగారం... ఆ నవ్వులోనే ఉంది అన్న మా సంతోషం,non-hate,Telugu,నా బంగారం... ఆ నవ్వులోనే ఉంది అన్న మా సంతోషం,naaa bamgaaaram... aa navavaulaoonaae umdai anana maaa samtaoosham,నా బంగారం... ఆ నవ్వులోనే ఉంది అన్న మా సంతోషం,naaa బంగారం... aa నవ్వులోనే umdai అన్న maaa సంతోషం,నా బంగారరం... ఆ నవ్వుులోనే ఉంది అన్న మా సంతోోషం,నా బంగరంర... ఆ నవ్ులుోనే ఉందది అన్్న మా సంోషోం
468,Ree babu Nani GA neku eaduku Ra avasaram  vajaya Sai  chappali ha visayam nevu eaduku neku avasaram eamiti,hate,Latin/Romanized,Ree babu Nani GA neku eaduku Ra avasaram  vajaya Sai  chappali ha visayam nevu eaduku neku avasaram eamiti,Ree babu Nani GA neku eaduku Ra avasaram vajaya Sai chappali ha visayam nevu eaduku neku avasaram eamiti,Ree babu Nani GA neku eaduku Ra avasaram  vajaya Sai  chappali ha visayam nevu eaduku neku avasaram eamiti,Ree babu Nani GA neku eaduku Ra avasaram vajaya Sai chappali ha visayam nevu eaduku neku avasaram eamiti,Ree babu Nani GA neku eaduuku Ra avasaaram vajaaya Sai chapppali ha visaayam nevu eaduuku neku avasaaram eamiiti,Ree babbu Nanni GA nekku eaukuu Ra avaaraam vaayaa Sai chapapli ha viayaam nevvu eaukuu nekku avaaraam eaitii
469,రాజు గారు మీరు సూపర్ సార్ బాహుబలి రఘు రామ్ రాజ్ సూపర్ సార్ పులి అంటే మీరు సార్,non-hate,Telugu,రాజు గారు మీరు సూపర్ సార్ బాహుబలి రఘు రామ్ రాజ్ సూపర్ సార్ పులి అంటే మీరు సార్,raaajau gaaarau maeerau saoopara saaara baaahaubalai raghau raaama raaaja saoopara saaara paulai amtaae maeerau saaara,రాజు గారు మీరు సూపర్ సార్ బాహుబలి రఘు రామ్ రాజ్ సూపర్ సార్ పులి అంటే మీరు సార్,raaajau గారు maeerau సూపర్ saaara బాహుబలి raghau రామ్ raaaja సూపర్ saaara పులి amtaae మీరు saaara,రాజు గారు మీరు సూపపర్ సార్ బాహుుబలి రఘు రామ్ రాజ్ సూపపర్ సార్ పులి అంటే మీరు సార్,రాజజు గారరు మీరరు సూపర్ సారర్ బాుబులి రఘు రామమ్ రాజజ్ సూపర్ సారర్ పులలి అంటటే మీరరు సారర్
470,మీరు కొనుడు కాదు సారు నీ బిడ్డలాంటి ప్రజలు కొనాలి,non-hate,Telugu,మీరు కొనుడు కాదు సారు నీ బిడ్డలాంటి ప్రజలు కొనాలి,maeerau kaonaudau kaaadau saaarau naee baidadalaaamtai parajalau kaonaaalai,మీరు కొనుడు కాదు సారు నీ బిడ్డలాంటి ప్రజలు కొనాలి,maeerau కొనుడు kaaadau సారు naee బిడ్డలాంటి parajalau కొనాలి,మీరు కొనుుడు కాదు సారు నీ బిడ్డలలాంటి ప్రజజలు కొనాాలి,మీరరు కొుడుు కాదదు సారరు నీ బిడడలాలంటి ప్జలజు కొాలాి
471,కింగ్ ఇస్ బ్యాక్,non-hate,Telugu,కింగ్ ఇస్ బ్యాక్,kaimga isa bayaaaka,కింగ్ ఇస్ బ్యాక్,kaimga ఇస్ bayaaaka,కింంగ్ ఇస్ బ్యాాక్,కింగ్ ఇస్ బ్ాకా్
472,Nani fans ante mamoluga undadhu mari super love you nani love you,non-hate,Latin/Romanized,Nani fans ante mamoluga undadhu mari super love you nani love you,Nani fans ante mamoluga undadhu mari super love you nani love you,Nani fans ante mamoluga undadhu mari super love you nani love you,Nani fans ante mamoluga undadhu mari super love you nani love you,Nani fans ante mamolluga undaadhu mari supper love you nani love you,Nanni fanns antte mamlulga unadahu marri super lovve you nanni lovve you
473,Niku yevadu ra cheyyamannadu,hate,Latin/Romanized,Niku yevadu ra cheyyamannadu,Niku yevadu ra cheyyamannadu,Niku yevadu ra cheyyamannadu,Niku yevadu ra cheyyamannadu,Niku yevaadu ra cheyyammannadu,Nikku yeadau ra cheyamamnnadu
474,E vedio chusi nenu chesukovaalsi vastundi inkaa chaalu,hate,Latin/Romanized,E vedio chusi nenu chesukovaalsi vastundi inkaa chaalu,E vedio chusi nenu chesukovaalsi vastundi inkaa chaalu,E vedio chusi nenu chesukovaalsi vastundi inkaa chaalu,E vedio chusi nenu chesukovaalsi vastundi inkaa chaalu,E veddio chuusi nenu chesukoovaalsi vastuundi inkkaa chaaalu,E vedio chusi nennu cheskovoaalsi vasunudi inkaa chalau
475,Full clarity tho unnaru and correct ga chepparu ... movies lo fan following veru ...real life lo fan following veru ..,non-hate,Latin/Romanized,Full clarity tho unnaru and correct ga chepparu ... movies lo fan following veru ...real life lo fan following veru ..,Full clarity tho unnaru and correct ga chepparu ... movies lo fan following veru ...real life lo fan following veru ..,Full clarity tho unnaru and correct ga chepparu ... movies lo fan following veru ...real life lo fan following veru ..,Full clarity tho unnaru and correct ga chepparu ... movies lo fan following veru ...real life lo fan following veru ..,Full clarrity tho unnaaru and corrrect ga cheppparu ... moviies lo fan folloowing veru ...rreal life lo fan folloowing veru ..,Fulll clrirty tho unarau and corerct ga chepapru ... moieis lo fan folowoing verru ..reral liffe lo fan folowoing verru ..
476,కాపీ కాకుండా వేరే ట్రై చేసే సూపర్ విజయం నీదే పిల్లి డుడ్,non-hate,Telugu,కాపీ కాకుండా వేరే ట్రై చేసే సూపర్ విజయం నీదే పిల్లి డుడ్,kaaapaee kaaakaumdaaa vaaeraae taraai chaaesaae saoopara vaijayam naeedaae pailalai dauda,కాపీ కాకుండా వేరే ట్రై చేసే సూపర్ విజయం నీదే పిల్లి డుడ్,kaaapaee కాకుండా vaaeraae ట్రై chaaesaae సూపర్ vaijayam నీదే pailalai డుడ్,కాపీ కాకుుండా వేరే ట్రై చేసే సూపపర్ విజజయం నీదే పిల్్లి డుడ్,కాపపీ కాుంుడా వేరరే ట్రరై చేససే సూపర్ విజయం నీదదే పి్ల్ి డుడడ్
477,Village  పిల్ల  నీవు super,non-hate,Mixed,Village  పిల్ల  నీవు super,Village pailala naeevau super,Village  పిల్ల  నీవు super,Village పిల్ల naeevau super,Villlage పిలల్ల నీవు supper,Vilalge పిల్ల నీవవు super
478,దత్తపుత్రుడికి ఇంకా సిగ్గు రాలేదు,non-hate,Telugu,దత్తపుత్రుడికి ఇంకా సిగ్గు రాలేదు,datatapautaraudaikai imkaaa saigagau raaalaaedau,దత్తపుత్రుడికి ఇంకా సిగ్గు రాలేదు,datatapautaraudaikai ఇంకా saigagau రాలేదు,దత్తపుత్్రుడికి ఇంకా సిగ్్గు రాలేేదు,దత్తపత్ర్ుడికి ఇంకకా సి్గ్ు రాేదేు
479,ఇంత తెలివైన ముఖ్యమంత్రి ని ఎన్నుకున్నారు,non-hate,Telugu,ఇంత తెలివైన ముఖ్యమంత్రి ని ఎన్నుకున్నారు,imta taelaivaaina maukhayamamtarai nai enanaukaunanaaarau,ఇంత తెలివైన ముఖ్యమంత్రి ని ఎన్నుకున్నారు,imta తెలివైన maukhayamamtarai ని enanaukaunanaaarau,ఇంత తెలిివైన ముఖ్యమమంత్రి ని ఎన్నుకుున్నారు,ఇంత తెివిైన ముఖ్మంమత్రి ని ఎన్నకును్నారు
480,Waste fellow he did nothing for telengana,hate,Latin/Romanized,Waste fellow he did nothing for telengana,Waste fellow he did nothing for telengana,Waste fellow he did nothing for telengana,Waste fellow he did nothing for telengana,Wasste felllow he did nothhing for telenngana,Waste felolw he did nohihng for telngnana
481,Vaadu feel avvadu... Vaadi answer ki nuv avthav,non-hate,Latin/Romanized,Vaadu feel avvadu... Vaadi answer ki nuv avthav,Vaadu feel avvadu... Vaadi answer ki nuv avthav,Vaadu feel avvadu... Vaadi answer ki nuv avthav,Vaadu feel avvadu... Vaadi answer ki nuv avthav,Vaaadu feel avvaddu... Vaaadi answwer ki nuv avthhav,Vaadu feeel avvdud... Vaadi anwewr ki nuv avhahv
482,కల్యాణ్ దిలీప్ సుంకర గారు చాలా చక్కగా వివరించారు. ధన్యవాదాలు.,non-hate,Telugu,కల్యాణ్ దిలీప్ సుంకర గారు చాలా చక్కగా వివరించారు. ధన్యవాదాలు.,kalayaaana dailaeepa saumkara gaaarau chaaalaaa chakakagaaa vaivaraimchaaarau. dhanayavaaadaaalau.,కల్యాణ్ దిలీప్ సుంకర గారు చాలా చక్కగా వివరించారు. ధన్యవాదాలు.,kalayaaana దిలీప్ saumkara గారు chaaalaaa చక్కగా vaivaraimchaaarau. ధన్యవాదాలు.,కల్యయాణ్ దిలీీప్ సుంంకర గారు చాలా చక్కకగా వివరింంచారు. ధన్యవాాదాలు.,కలయాయణ్ దిీపీ్ సుంకర గారరు చాలలా చకకగకా వివరంచంారు. ధన్యాదాాలు.
483,nuvvu poyyi modi modda cheku mms oka great econmist ani prapamcham anukondhi antanu lekunte india ledhu,hate,Latin/Romanized,nuvvu poyyi modi modda cheku mms oka great econmist ani prapamcham anukondhi antanu lekunte india ledhu,nuvvu poyyi modi modda cheku mms oka great econmist ani prapamcham anukondhi antanu lekunte india ledhu,nuvvu poyyi modi modda cheku mms oka great econmist ani prapamcham anukondhi antanu lekunte india ledhu,nuvvu poyyi modi modda cheku mms oka great econmist ani prapamcham anukondhi antanu lekunte india ledhu,nuvvvu poyyyi modi moddda cheeku mms oka greeat econmmist ani prapammcham anukoondhi antaanu lekuunte inddia leddhu,nuvvu poyyi moddi modda cheku mms oka great ecomimst ani praamcmham anuonodhi ananau leunute india ledhu
484,ఆమె నీ తల్లి అయితే ఇలాగే చేస్తావా,hate,Telugu,ఆమె నీ తల్లి అయితే ఇలాగే చేస్తావా,aamae naee talalai ayaitaae ilaaagaae chaaesataaavaaa,ఆమె నీ తల్లి అయితే ఇలాగే చేస్తావా,aamae నీ talalai అయితే ilaaagaae చేస్తావా,ఆమె నీ తల్్లి అయిితే ఇలాాగే చేస్తతావా,ఆమె నీ తల్లి అయితే ఇలాగే చేసతాతవా
485,",విస్వక్ గాడికి బాగా ఎక్కువైంది.ఇది మంచి పద్ధతి కాదు",hate,Telugu,",విస్వక్ గాడికి బాగా ఎక్కువైంది.ఇది మంచి పద్ధతి కాదు",",vaisavaka gaaadaikai baaagaaa ekakauvaaimdai.idai mamchai padadhatai kaaadau",",విస్వక్ గాడికి బాగా ఎక్కువైంది.ఇది మంచి పద్ధతి కాదు",",vaisavaka గాడికి baaagaaa ఎక్కువైంది.ఇది mamchai పద్ధతి kaaadau",",విస్్వక్ గాడిికి బాగా ఎక్కువైంంది.ఇది మంచి పద్ధధతి కాదు",",వి్వ్క్ గాికిి బాగగా ఎక్కుైందంి.ఇది మంచచి పదధతధి కాదదు"
486,ఇంత ఫిట్ బాడీ ఉండి అప్పు అన్న అల మరణించడం బాధగా ఉంది,non-hate,Telugu,ఇంత ఫిట్ బాడీ ఉండి అప్పు అన్న అల మరణించడం బాధగా ఉంది,imta phaita baaadaee umdai apapau anana ala maranaimchadam baaadhagaaa umdai,ఇంత ఫిట్ బాడీ ఉండి అప్పు అన్న అల మరణించడం బాధగా ఉంది,imta ఫిట్ baaadaee ఉండి apapau అన్న ala మరణించడం baaadhagaaa ఉంది,ఇంత ఫిట్ బాడీ ఉండి అప్్పు అన్న అల మరణింంచడం బాధధగా ఉంది,ఇంత ఫిటట్ బాడడీ ఉండడి అప్పు అన్్న అల మరణంచండం బాధగా ఉందది
487,Shooting leka mind dobbindi .court should consider this issue .if students take him as inspiration then what will happen. Is it correct .pls consider it,hate,Latin/Romanized,Shooting leka mind dobbindi .court should consider this issue .if students take him as inspiration then what will happen. Is it correct .pls consider it,Shooting leka mind dobbindi .court should consider this issue .if students take him as inspiration then what will happen. Is it correct .pls consider it,Shooting leka mind dobbindi .court should consider this issue .if students take him as inspiration then what will happen. Is it correct .pls consider it,Shooting leka mind dobbindi .court should consider this issue .if students take him as inspiration then what will happen. Is it correct .pls consider it,Shootting leka mind dobbiindi .couurt shouuld consiider this isssue .if studeents take him as inspirration then what will happpen. Is it corrrect .pls consiider it,Shotitng lekka minnd dobinidi .curut shulud conidier thiis issue .if stuenets takke him as insprartion theen whaat willl hapepn. Is it corerct .plls conidier it
488,Sketch వేసింది ఎవరో కూడా చెప్పండి (దమ్ము ఉంటే),hate,Mixed,Sketch వేసింది ఎవరో కూడా చెప్పండి (దమ్ము ఉంటే),Sketch vaaesaimdai evaraoo kaoodaaa chaepapamdai (damamau umtaae),Sketch వేసింది ఎవరో కూడా చెప్పండి (దమ్ము ఉంటే),Sketch వేసింది evaraoo కూడా chaepapamdai (దమ్ము umtaae),Skettch వేసిింది ఎవరో కూడా చెప్పపండి (దమ్్ము ఉంటటే),Sktcth వేింిది ఎవరరో కూడడా చెపపంపడి (ద్మ్ు ఉంటే)
489,"The courage to be disliked"" ee book summary cheyyandi anna.",non-hate,Latin/Romanized,"The courage to be disliked"" ee book summary cheyyandi anna.","The courage to be disliked"" ee book summary cheyyandi anna.","The courage to be disliked"" ee book summary cheyyandi anna.","The courage to be disliked"" ee book summary cheyyandi anna.","The courrage to be disliiked"" ee book summmary cheyyyandi annna.","The corarge to be disikied"" ee boook sumamry cheyayndi anna."
490,Ntr kadhu bey ntr garu give respect,hate,Latin/Romanized,Ntr kadhu bey ntr garu give respect,Ntr kadhu bey ntr garu give respect,Ntr kadhu bey ntr garu give respect,Ntr kadhu bey ntr garu give respect,Ntr kaddhu bey ntr garu give resppect,Ntr kadhu bey ntr garru givve repepct
491,ఎక్కడికి పోతోంది మన సంస్కృతి,non-hate,Telugu,ఎక్కడికి పోతోంది మన సంస్కృతి,ekakadaikai paootaoomdai mana samsakarutai,ఎక్కడికి పోతోంది మన సంస్కృతి,ekakadaikai పోతోంది mana సంస్కృతి,ఎక్కడడికి పోతోోంది మన సంస్కకృతి,ఎక్డిడకి పోోంోది మన సంసకృకతి
492,పోనీ ఆంధ్రప్రదేశ్ కు separate కరెన్సీ నోటు పెట్టీ నోట్లు గుద్దు జగన్ అన్న గాంధి గారి ఫొటో బదులు నీ ఫొటో పెట్టు అన్న,non-hate,Mixed,పోనీ ఆంధ్రప్రదేశ్ కు separate కరెన్సీ నోటు పెట్టీ నోట్లు గుద్దు జగన్ అన్న గాంధి గారి ఫొటో బదులు నీ ఫొటో పెట్టు అన్న,paoonaee aamdharaparadaaesha kau separate karaenasaee naootau paetataee naootalau gaudadau jagana anana gaaamdhai gaaarai phaotaoo badaulau naee phaotaoo paetatau anana,పోనీ ఆంధ్రప్రదేశ్ కు separate కరెన్సీ నోటు పెట్టీ నోట్లు గుద్దు జగన్ అన్న గాంధి గారి ఫొటో బదులు నీ ఫొటో పెట్టు అన్న,paoonaee ఆంధ్రప్రదేశ్ kau separate karaenasaee నోటు paetataee నోట్లు gaudadau జగన్ anana గాంధి gaaarai ఫొటో badaulau నీ phaotaoo పెట్టు anana,పోనీ ఆంధ్రప్్రదేశ్ కు separrate కరెనన్సీ నోటు పెట్్టీ నోట్్లు గుద్్దు జగన్ అన్న గాంంధి గారి ఫొటో బదుులు నీ ఫొటో పెట్్టు అన్న,పోననీ ఆంధ్ప్ర్దేశ్ కు seprarte కరన్నసీ నోటటు పె్ట్ీ నో్ల్ు గు్ద్ు జగనన్ అన్్న గాంధి గారరి ఫొటటో బదులు నీ ఫొటటో పె్ట్ు అన్్న
493,Super Madam  dance  chala bagavesaru,non-hate,Latin/Romanized,Super Madam  dance  chala bagavesaru,Super Madam dance chala bagavesaru,Super Madam  dance  chala bagavesaru,Super Madam dance chala bagavesaru,Supper Maddam dannce chaala bagaveesaru,Super Madam dance chala bagvesearu
494,జగన్ శరీరంలో అణువు అణువు రొజక్కకు బాగా తెలిసినట్లుందే,hate,Telugu,జగన్ శరీరంలో అణువు అణువు రొజక్కకు బాగా తెలిసినట్లుందే,jagana sharaeeramlaoo anauvau anauvau raojakakakau baaagaaa taelaisainatalaumdaae,జగన్ శరీరంలో అణువు అణువు రొజక్కకు బాగా తెలిసినట్లుందే,jagana శరీరంలో anauvau అణువు raojakakakau బాగా taelaisainatalaumdaae,జగన్ శరీరరంలో అణుువు అణుువు రొజక్్కకు బాగా తెలిసినటట్లుందే,జగనన్ శరరంరలో అణువు అణువు రొజ్క్కు బాగగా తెలిసనట్టలుందే
495,"తల్లి నువ్వు నవ్వొద్దు, ఆ ముఖంలో మూతి తప్ప ఏమి కనిపించదు మాకు",hate,Telugu,"తల్లి నువ్వు నవ్వొద్దు, ఆ ముఖంలో మూతి తప్ప ఏమి కనిపించదు మాకు","talalai nauvavau navavaodadau, aa maukhamlaoo maootai tapapa aemai kanaipaimchadau maaakau","తల్లి నువ్వు నవ్వొద్దు, ఆ ముఖంలో మూతి తప్ప ఏమి కనిపించదు మాకు","talalai నువ్వు navavaodadau, ఆ maukhamlaoo మూతి tapapa ఏమి kanaipaimchadau మాకు","తల్్లి నువ్్వు నవ్వొదద్దు, ఆ ముఖంంలో మూతి తప్ప ఏమి కనిపిించదు మాకు","తల్లి ను్వ్ు నవ్ొద్దదు, ఆ ముంలంో మూతతి తప్్ప ఏమి కనిింిచదు మాకకు"
496,Teeskelli railway station loo padeyandi,hate,Latin/Romanized,Teeskelli railway station loo padeyandi,Teeskelli railway station loo padeyandi,Teeskelli railway station loo padeyandi,Teeskelli railway station loo padeyandi,Teeskkelli raillway stattion loo padeyyandi,Teekeklli ralwlay sttiton loo padyayndi
497,డబ్బా రాయుడు మన పెద రాయుడు మొత్తం మీద మేక పోతు గాంభీర్యం కనపర్చాడు ఫసక్,non-hate,Telugu,డబ్బా రాయుడు మన పెద రాయుడు మొత్తం మీద మేక పోతు గాంభీర్యం కనపర్చాడు ఫసక్,dababaaa raaayaudau mana paeda raaayaudau maotatam maeeda maaeka paootau gaaambhaeerayam kanaparachaaadau phasaka,డబ్బా రాయుడు మన పెద రాయుడు మొత్తం మీద మేక పోతు గాంభీర్యం కనపర్చాడు ఫసక్,dababaaa రాయుడు mana పెద raaayaudau మొత్తం maeeda మేక paootau గాంభీర్యం kanaparachaaadau ఫసక్,డబ్్బా రాయుుడు మన పెద రాయుుడు మొత్్తం మీద మేక పోతు గాంభీీర్యం కనపర్్చాడు ఫసక్,డబ్బా రాుడుు మన పెద రాుడుు మొ్త్ం మీద మేక పోతతు గాంీరీ్యం కనప్చ్ాడు ఫసకక్
498,మీరు మీ లాంటి వారు రాష్ట్ర నికి చాలా అవసరం,non-hate,Telugu,మీరు మీ లాంటి వారు రాష్ట్ర నికి చాలా అవసరం,maeerau maee laaamtai vaaarau raaashatara naikai chaaalaaa avasaram,మీరు మీ లాంటి వారు రాష్ట్ర నికి చాలా అవసరం,maeerau మీ laaamtai వారు raaashatara నికి chaaalaaa అవసరం,మీరు మీ లాంంటి వారు రాష్్ట్ర నికి చాలా అవససరం,మీరరు మీ లాంటి వారరు రా్ట్్ర నికకి చాలలా అవసరం
499,కాదన్నా నవ్వి నవ్వి చచ్చిపోతే ఎవరు రెస్పాన్సిబిలిటీ అన్నా సూపర్ అన్న,non-hate,Telugu,కాదన్నా నవ్వి నవ్వి చచ్చిపోతే ఎవరు రెస్పాన్సిబిలిటీ అన్నా సూపర్ అన్న,kaaadananaaa navavai navavai chachachaipaootaae evarau raesapaaanasaibailaitaee ananaaa saoopara anana,కాదన్నా నవ్వి నవ్వి చచ్చిపోతే ఎవరు రెస్పాన్సిబిలిటీ అన్నా సూపర్ అన్న,kaaadananaaa నవ్వి navavai చచ్చిపోతే evarau రెస్పాన్సిబిలిటీ ananaaa సూపర్ anana,కాదనన్నా నవ్్వి నవ్్వి చచ్చిిపోతే ఎవరు రెస్పాన్ససిబిలిటీ అన్్నా సూపపర్ అన్న,కాన్ననా నవ్వి నవ్వి చచ్ిపిోతే ఎవరరు రెస్పన్సిసబిలిటీ అన్నా సూపర్ అన్్న
500,Super settiandi voice to video,non-hate,Latin/Romanized,Super settiandi voice to video,Super settiandi voice to video,Super settiandi voice to video,Super settiandi voice to video,Supper settiiandi voiice to viddeo,Super setiaindi voice to video
501,Over action apandi raa Babu,hate,Latin/Romanized,Over action apandi raa Babu,Over action apandi raa Babu,Over action apandi raa Babu,Over action apandi raa Babu,Over actiion apanndi raa Babu,Oveer acioin apndni raa Babbu
502,అన్నయ్య వదిన. ఎప్పుడు హ్యాపీ గా వుండాలి,non-hate,Telugu,అన్నయ్య వదిన. ఎప్పుడు హ్యాపీ గా వుండాలి,ananayaya vadaina. epapaudau hayaaapaee gaaa vaumdaaalai,అన్నయ్య వదిన. ఎప్పుడు హ్యాపీ గా వుండాలి,ananayaya వదిన. epapaudau హ్యాపీ gaaa వుండాలి,అన్ననయ్య వదిిన. ఎప్పపుడు హ్యాాపీ గా వుండడాలి,అననయన్య వదిన. ఎపపుపడు హ్ాపాీ గా వుడాడలి
503,Picchodini interview endhuku chesthunnaru may be TRP kosama,hate,Latin/Romanized,Picchodini interview endhuku chesthunnaru may be TRP kosama,Picchodini interview endhuku chesthunnaru may be TRP kosama,Picchodini interview endhuku chesthunnaru may be TRP kosama,Picchodini interview endhuku chesthunnaru may be TRP kosama,Picchoodini interrview endhhuku chesthuunnaru may be TRP kosaama,Pichodoini intrvriew enhuhku cheshununaru may be TRP koamaa
504,ఈ పాట విన్నపుడల్లా SPB గారే మళ్ళీ తిరిగొచ్చి పాడారు అనిపిస్తుంది,non-hate,Mixed,ఈ పాట విన్నపుడల్లా SPB గారే మళ్ళీ తిరిగొచ్చి పాడారు అనిపిస్తుంది,ee paaata vainanapaudalalaaa SPB gaaaraae malalaee tairaigaochachai paaadaaarau anaipaisataumdai,ఈ పాట విన్నపుడల్లా SPB గారే మళ్ళీ తిరిగొచ్చి పాడారు అనిపిస్తుంది,ee పాట vainanapaudalalaaa SPB gaaaraae మళ్ళీ tairaigaochachai పాడారు anaipaisataumdai,ఈ పాట విన్నపుుడల్లా SPB గారే మళ్్ళీ తిరిగొొచ్చి పాడాారు అనిపిస్్తుంది,ఈ పాట విన్పుడుల్లా SPB గారరే మళ్ళీ తిరగొచొ్చి పాారాు అనిపస్త్ుంది
505,కోతులు దిగేదానికి ఇంత bulid up aaa,hate,Mixed,కోతులు దిగేదానికి ఇంత bulid up aaa,kaootaulau daigaaedaaanaikai imta bulid up aaa,కోతులు దిగేదానికి ఇంత bulid up aaa,kaootaulau దిగేదానికి imta bulid up aaa,కోతుులు దిగేదాానికి ఇంత bullid up aaa,కోులుు దిగదానాికి ఇంత bulid up aaa
506,Punch veyyalantay...Sunil anna tharuvathayee...yavarina...,non-hate,Latin/Romanized,Punch veyyalantay...Sunil anna tharuvathayee...yavarina...,Punch veyyalantay...Sunil anna tharuvathayee...yavarina...,Punch veyyalantay...Sunil anna tharuvathayee...yavarina...,Punch veyyalantay...Sunil anna tharuvathayee...yavarina...,Punnch veyyalantaay...Sunil anna tharuvathayee....yavarina...,Punch veyyalntaya...Sunil annna tharuvathyee....yavarina...
507,"jai kumar next nee amma nee ,sisters nee andharni petti prank thesthadu vadu wait",hate,Latin/Romanized,"jai kumar next nee amma nee ,sisters nee andharni petti prank thesthadu vadu wait","jai kumar next nee amma nee ,sisters nee andharni petti prank thesthadu vadu wait","jai kumar next nee amma nee ,sisters nee andharni petti prank thesthadu vadu wait","jai kumar next nee amma nee ,sisters nee andharni petti prank thesthadu vadu wait","jai kummar next nee amma nee ,sistters nee andhaarni pettti praank thestthadu vadu wait","jai kumar nexxt nee ammma nee ,sitetrs nee andarani petti prank thethtadu vaddu waiit"
508,Elagaina vastadu mee dhulaa thirustadu.,hate,Latin/Romanized,Elagaina vastadu mee dhulaa thirustadu.,Elagaina vastadu mee dhulaa thirustadu.,Elagaina vastadu mee dhulaa thirustadu.,Elagaina vastadu mee dhulaa thirustadu.,Elagaaina vasttadu mee dhullaa thirusstadu.,Elaaiana vatatdu mee dhlala thirstsadu.
509,కంట్లో దురద పెట్టింది కాబట్టి సరిపోయింది,hate,Telugu,కంట్లో దురద పెట్టింది కాబట్టి సరిపోయింది,kamtalaoo daurada paetataimdai kaaabatatai saraipaooyaimdai,కంట్లో దురద పెట్టింది కాబట్టి సరిపోయింది,kamtalaoo దురద paetataimdai కాబట్టి saraipaooyaimdai,కంట్్లో దురద పెట్టటింది కాబటట్టి సరిపోయయింది,కం్ల్ో దురరద పెటటిటంది కాట్టటి సరిోయియంది
510,Raja Singh nuvvu ni karra tagubthu mokam neeku mokham nuvvu mla ela ayyavu,hate,Latin/Romanized,Raja Singh nuvvu ni karra tagubthu mokam neeku mokham nuvvu mla ela ayyavu,Raja Singh nuvvu ni karra tagubthu mokam neeku mokham nuvvu mla ela ayyavu,Raja Singh nuvvu ni karra tagubthu mokam neeku mokham nuvvu mla ela ayyavu,Raja Singh nuvvu ni karra tagubthu mokam neeku mokham nuvvu mla ela ayyavu,Raja Sinngh nuvvvu ni karrra tagubbthu mokkam neeeku mokhham nuvvvu mla ela ayyaavu,Rajja Singh nuvvu ni karra tagbtbhu mokam neeku mohahm nuvvu mla ela ayavau
511,"Manchi cinema ni prathi okkaru aadaristaru,all the best nikhil, have a bright future",non-hate,Latin/Romanized,"Manchi cinema ni prathi okkaru aadaristaru,all the best nikhil, have a bright future","Manchi cinema ni prathi okkaru aadaristaru,all the best nikhil, have a bright future","Manchi cinema ni prathi okkaru aadaristaru,all the best nikhil, have a bright future","Manchi cinema ni prathi okkaru aadaristaru,all the best nikhil, have a bright future","Mancchi cineema ni pratthi okkaaru aadaristtaru,all the best nikhhil, have a brigght futuure","Machci ciemea ni prthti okarau aadarstatru,all the besst nihihl, havve a brghgt fuurue"
512,నువ్వు చాలా చాలా బాగున్నావు. పర్ఫెక్ట్ గా ఉన్నావ్.. మీరు నాకు నచ్చారు,non-hate,Telugu,నువ్వు చాలా చాలా బాగున్నావు. పర్ఫెక్ట్ గా ఉన్నావ్.. మీరు నాకు నచ్చారు,nauvavau chaaalaaa chaaalaaa baaagaunanaaavau. paraphaekata gaaa unanaaava.. maeerau naaakau nachachaaarau,నువ్వు చాలా చాలా బాగున్నావు. పర్ఫెక్ట్ గా ఉన్నావ్.. మీరు నాకు నచ్చారు,nauvavau చాలా chaaalaaa బాగున్నావు. paraphaekata గా unanaaava.. మీరు naaakau నచ్చారు,నువ్్వు చాలా చాలా బాగున్్నావు. పర్ఫెెక్ట్ గా ఉన్నాావ్.. మీరు నాకు నచ్చచారు,ను్వ్ు చాలలా చాలలా బాగు్న్ావు. పర్ెకె్ట్ గా ఉన్ావా్.. మీరరు నాకకు నచచాచరు
513,Vedi nathinakodaka,hate,Latin/Romanized,Vedi nathinakodaka,Vedi nathinakodaka,Vedi nathinakodaka,Vedi nathinakodaka,Vedi nathinaakodaka,Veddi nathnakaodaka
514,Meeru Gopi Goda meeda pilli anna maata edava,hate,Latin/Romanized,Meeru Gopi Goda meeda pilli anna maata edava,Meeru Gopi Goda meeda pilli anna maata edava,Meeru Gopi Goda meeda pilli anna maata edava,Meeru Gopi Goda meeda pilli anna maata edava,Meeeru Gopi Goda meeeda pillli anna maaata edaava,Meeru Goppi Godda meeda pilli annna maata edava
515,Naku prabhas anna ento rana anna kuda antey,non-hate,Latin/Romanized,Naku prabhas anna ento rana anna kuda antey,Naku prabhas anna ento rana anna kuda antey,Naku prabhas anna ento rana anna kuda antey,Naku prabhas anna ento rana anna kuda antey,Naku prabbhas anna ento rana anna kuda anttey,Nakku prbhbas annna entto ranna annna kudda antey
516,Ilantivi kaadha ee generation ki inspiring untadhi...plz do more,non-hate,Latin/Romanized,Ilantivi kaadha ee generation ki inspiring untadhi...plz do more,Ilantivi kaadha ee generation ki inspiring untadhi...plz do more,Ilantivi kaadha ee generation ki inspiring untadhi...plz do more,Ilantivi kaadha ee generation ki inspiring untadhi...plz do more,Ilanttivi kaaddha ee generaation ki inspiiring untadhii...plz do more,Ilatitvi kadhda ee genrataion ki insiriing untahi.i..plz do morre
517,పోలీస్ ఫారెస్ట్ డిపార్ట్మెంట్ 2కలసి పోరాడారు పాపం దాని బారి నుండి ప్రజల్ని,non-hate,Telugu,పోలీస్ ఫారెస్ట్ డిపార్ట్మెంట్ 2కలసి పోరాడారు పాపం దాని బారి నుండి ప్రజల్ని,paoolaeesa phaaaraesata daipaaaratamaemta 2kalasai paooraaadaaarau paaapam daaanai baaarai naumdai parajalanai,పోలీస్ ఫారెస్ట్ డిపార్ట్మెంట్ 2కలసి పోరాడారు పాపం దాని బారి నుండి ప్రజల్ని,paoolaeesa ఫారెస్ట్ daipaaaratamaemta 2కలసి paooraaadaaarau పాపం daaanai బారి naumdai ప్రజల్ని,పోలీీస్ ఫారెసస్ట్ డిపార్టట్మెంట్ 2కలలసి పోరాడడారు పాపం దాని బారి నుంండి ప్రజలల్ని,పోీసీ్ ఫారస్సట్ డిపా్ట్టమెంట్ 2కలసి పోరడాడరు పాపపం దానని బారరి నుండి ప్రల్లని
518,భజన భజన బ్యాచ్ ఎక్కువ అయిపోయారు పవర్ స్టార్ కి పాపం,hate,Telugu,భజన భజన బ్యాచ్ ఎక్కువ అయిపోయారు పవర్ స్టార్ కి పాపం,bhajana bhajana bayaaacha ekakauva ayaipaooyaaarau pavara sataaara kai paaapam,భజన భజన బ్యాచ్ ఎక్కువ అయిపోయారు పవర్ స్టార్ కి పాపం,bhajana భజన bayaaacha ఎక్కువ ayaipaooyaaarau పవర్ sataaara కి paaapam,భజన భజన బ్యాాచ్ ఎక్కకువ అయిపోోయారు పవర్ స్టాార్ కి పాపం,భజన భజన బ్ాచా్ ఎకకుకవ అయిోయోారు పవరర్ స్ారా్ కి పాపపం
519,నోరు ముయ్. వాడు పరిపాలనా చేతగాని వాళ్లకి అన్న... అంతే.,hate,Telugu,నోరు ముయ్. వాడు పరిపాలనా చేతగాని వాళ్లకి అన్న... అంతే.,naoorau mauya. vaaadau paraipaaalanaaa chaaetagaaanai vaaalalakai anana... amtaae.,నోరు ముయ్. వాడు పరిపాలనా చేతగాని వాళ్లకి అన్న... అంతే.,naoorau ముయ్. vaaadau పరిపాలనా chaaetagaaanai వాళ్లకి anana... అంతే.,నోరు ముయయ్. వాడు పరిపాాలనా చేతగగాని వాళ్్లకి అన్నన... అంతతే.,నోరరు ముయ్. వాడడు పరిాలానా చేగాగని వా్ల్కి అనన.న.. అంతే.
520,"Paritala nu nuvve sampinavu raa nennu gaali, vaana devudu sampeedu",hate,Latin/Romanized,"Paritala nu nuvve sampinavu raa nennu gaali, vaana devudu sampeedu","Paritala nu nuvve sampinavu raa nennu gaali, vaana devudu sampeedu","Paritala nu nuvve sampinavu raa nennu gaali, vaana devudu sampeedu","Paritala nu nuvve sampinavu raa nennu gaali, vaana devudu sampeedu","Parittala nu nuvvve sampiinavu raa nennnu gaalli, vaaana devuudu sampeeedu","Partatla nu nuvve saminiavu raa nennu galil, vaana deuduu sameeedu"
521,Washing powder NIRMA neevu maa mukyamantri awadam maa KARRMA,hate,Latin/Romanized,Washing powder NIRMA neevu maa mukyamantri awadam maa KARRMA,Washing powder NIRMA neevu maa mukyamantri awadam maa KARRMA,Washing powder NIRMA neevu maa mukyamantri awadam maa KARRMA,Washing powder NIRMA neevu maa mukyamantri awadam maa KARRMA,Washhing powdder NIRRMA neeevu maa mukyammantri awaddam maa KARRRMA,Wahihng podedr NIRMA neevu maa mukymamntri awdadm maa KARMRA
522,​political fit kakapothe bayapadatam endukandi,hate,Latin/Romanized,​political fit kakapothe bayapadatam endukandi,​political fit kakapothe bayapadatam endukandi,​political fit kakapothe bayapadatam endukandi,​political fit kakapothe bayapadatam endukandi,​polittical fit kakappothe bayapaadatam endukkandi,​poititcal fit kakpopthe bayaadaatam endkakndi
523,Peetha … idokA Lavada lo buildup,hate,Latin/Romanized,Peetha … idokA Lavada lo buildup,Peetha … idokA Lavada lo buildup,Peetha … idokA Lavada lo buildup,Peetha … idokA Lavada lo buildup,Peettha … idookA Lavaada lo builldup,Pethta … idokA Laadaa lo buldlup
524,Marea srihan pakkana moddagudvala,hate,Latin/Romanized,Marea srihan pakkana moddagudvala,Marea srihan pakkana moddagudvala,Marea srihan pakkana moddagudvala,Marea srihan pakkana moddagudvala,Marrea srihhan pakkkana moddaguudvala,Marea srhahn pakakna moddguduvala
525,Rey arripuku adhi munda sollu apu ra,hate,Latin/Romanized,Rey arripuku adhi munda sollu apu ra,Rey arripuku adhi munda sollu apu ra,Rey arripuku adhi munda sollu apu ra,Rey arripuku adhi munda sollu apu ra,Rey arrippuku adhi munnda solllu apu ra,Rey arrpupku adhhi munda sollu apu ra
526,ఇలా వాగే ఛీ అని పరిశ్రమ పెద్దలు దూరంగా పెట్ట రు మహేష్ మళ్ళీ దరిద్రని మళ్ళీ స్టేజీ మీదకు తెచ్చాడు 20సం చిరు చాలా నష్టపోయారు,hate,Telugu,ఇలా వాగే ఛీ అని పరిశ్రమ పెద్దలు దూరంగా పెట్ట రు మహేష్ మళ్ళీ దరిద్రని మళ్ళీ స్టేజీ మీదకు తెచ్చాడు 20సం చిరు చాలా నష్టపోయారు,ilaaa vaaagaae chhaee anai paraisharama paedadalau daooramgaaa paetata rau mahaaesha malalaee daraidaranai malalaee sataaejaee maeedakau taechachaaadau 20sam chairau chaaalaaa nashatapaooyaaarau,ఇలా వాగే ఛీ అని పరిశ్రమ పెద్దలు దూరంగా పెట్ట రు మహేష్ మళ్ళీ దరిద్రని మళ్ళీ స్టేజీ మీదకు తెచ్చాడు 20సం చిరు చాలా నష్టపోయారు,ilaaa వాగే chhaee అని paraisharama పెద్దలు daooramgaaa పెట్ట rau మహేష్ malalaee దరిద్రని malalaee స్టేజీ maeedakau తెచ్చాడు 20sam చిరు chaaalaaa నష్టపోయారు,ఇలా వాగే ఛీ అని పరిశశ్రమ పెద్్దలు దూరంంగా పెటట్ట రు మహేేష్ మళ్్ళీ దరిద్్రని మళ్్ళీ స్టేేజీ మీదదకు తెచ్చచాడు 20సం చిరు చాలా నష్టపోోయారు,ఇలా వాగగే ఛీ అని పరశ్శరమ పె్ద్లు దూంగంా పెట్ట రు మహేష్ మళ్ళీ దరి్ర్ని మళ్ళీ స్ేజేీ మీదకు తెచచాచడు 20ససం చిరరు చాలలా నష్పోయోారు
527,Me kastam palinchali sir,non-hate,Latin/Romanized,Me kastam palinchali sir,Me kastam palinchali sir,Me kastam palinchali sir,Me kastam palinchali sir,Me kasttam palincchali sir,Me katatm palnchcali sir
528,మొత్తానికి యూట్యూబ్ నే కాపురం చేయరా మీకు మా బుద్ధిలకు మానాల్లో లేదు,hate,Telugu,మొత్తానికి యూట్యూబ్ నే కాపురం చేయరా మీకు మా బుద్ధిలకు మానాల్లో లేదు,maotataaanaikai yaootayaooba naae kaaapauram chaaeyaraaa maeekau maaa baudadhailakau maaanaaalalaoo laaedau,మొత్తానికి యూట్యూబ్ నే కాపురం చేయరా మీకు మా బుద్ధిలకు మానాల్లో లేదు,maotataaanaikai యూట్యూబ్ naae కాపురం chaaeyaraaa మీకు maaa బుద్ధిలకు maaanaaalalaoo లేదు,మొత్తాానికి యూట్యయూబ్ నే కాపుురం చేయయరా మీకు మా బుద్ధధిలకు మానాలల్లో లేదు,మొతతానాికి యూటయూయబ్ నే కాురుం చేయరా మీకకు మా బుదధిధలకు మానల్లలో లేదదు
529,Audience be like :- Bengu ! Athi bengaku,hate,Latin/Romanized,Audience be like :- Bengu ! Athi bengaku,Audience be like :- Bengu ! Athi bengaku,Audience be like :- Bengu ! Athi bengaku,Audience be like :- Bengu ! Athi bengaku,Audieence be like :- Benngu ! Athi benggaku,Audenece be likke :- Bengu ! Athhi begagku
530,ఎంత నవ్వు వచ్చిందో .  సూపర్ స్పీచ్ అన్న.,non-hate,Telugu,ఎంత నవ్వు వచ్చిందో .  సూపర్ స్పీచ్ అన్న.,emta navavau vachachaimdaoo . saoopara sapaeecha anana.,ఎంత నవ్వు వచ్చిందో .  సూపర్ స్పీచ్ అన్న.,emta నవ్వు vachachaimdaoo . saoopara స్పీచ్ anana.,ఎంత నవ్్వు వచ్చిిందో . సూపపర్ స్పీీచ్ అన్్న.,ఎంత నవ్వు వచ్ింిదో . సూపర్ స్ీచీ్ అన్న.
531,40 సంవత్సరాలు రాజకీయ అనుభవం,non-hate,Telugu,40 సంవత్సరాలు రాజకీయ అనుభవం,40 samvatasaraaalau raaajakaeeya anaubhavam,40 సంవత్సరాలు రాజకీయ అనుభవం,40 సంవత్సరాలు raaajakaeeya అనుభవం,40 సంవత్ససరాలు రాజకకీయ అనుభభవం,40 సంవ్సరసాలు రాకీకయ అనభవభం
532,ఓహో ఈ నిజాయితీపరుడైన రవి ప్రకాష్ లో పవన్ లక్షణాలు ఉన్నాయా,hate,Telugu,ఓహో ఈ నిజాయితీపరుడైన రవి ప్రకాష్ లో పవన్ లక్షణాలు ఉన్నాయా,oohaoo ee naijaaayaitaeeparaudaaina ravai parakaaasha laoo pavana lakashanaaalau unanaaayaaa,ఓహో ఈ నిజాయితీపరుడైన రవి ప్రకాష్ లో పవన్ లక్షణాలు ఉన్నాయా,oohaoo ఈ naijaaayaitaeeparaudaaina రవి parakaaasha లో pavana లక్షణాలు unanaaayaaa,ఓహో ఈ నిజాయితీీపరుడైన రవి ప్రకకాష్ లో పవన్ లక్షణణాలు ఉన్ననాయా,ఓహో ఈ నిజాయతీపీరుడైన రవి ప్కాకష్ లో పవనన్ లక్ణాణలు ఉననానయా
533,West mokalu motham judge laa,hate,Latin/Romanized,West mokalu motham judge laa,West mokalu motham judge laa,West mokalu motham judge laa,West mokalu motham judge laa,West mokaalu mothham juddge laa,Wesst moalau mohahm judge laa
534,Dhani pandhi moham chusi shock avuthada,hate,Latin/Romanized,Dhani pandhi moham chusi shock avuthada,Dhani pandhi moham chusi shock avuthada,Dhani pandhi moham chusi shock avuthada,Dhani pandhi moham chusi shock avuthada,Dhaani panddhi mohham chuusi shoock avuthhada,Dhani padhdi moham chusi shock avuhahda
535,ni pellam puku denugutha  ma anna annavu ante,hate,Latin/Romanized,ni pellam puku denugutha  ma anna annavu ante,ni pellam puku denugutha ma anna annavu ante,ni pellam puku denugutha  ma anna annavu ante,ni pellam puku denugutha ma anna annavu ante,ni pelllam puku denuggutha ma anna annaavu ante,ni pelalm pukku dengugtha ma annna anavau antte
536,liger movi బాగుంది but హీరో కి నత్తి ఎక్కువ గా ఉండడం వల్ల సినిమా పోయింది అంతే,non-hate,Mixed,liger movi బాగుంది but హీరో కి నత్తి ఎక్కువ గా ఉండడం వల్ల సినిమా పోయింది అంతే,liger movi baaagaumdai but haeeraoo kai natatai ekakauva gaaa umdadam valala sainaimaaa paooyaimdai amtaae,liger movi బాగుంది but హీరో కి నత్తి ఎక్కువ గా ఉండడం వల్ల సినిమా పోయింది అంతే,liger movi baaagaumdai but haeeraoo కి natatai ఎక్కువ gaaa ఉండడం valala సినిమా paooyaimdai అంతే,ligger movi బాగుుంది but హీరో కి నత్్తి ఎక్కకువ గా ఉండడడం వల్ల సినిిమా పోయిింది అంతే,liger movvi బాుంుది but హీరరో కి నత్తి ఎకకుకవ గా ఉండడం వల్్ల సిిమిా పోింిది అంతతే
537,బ్యూటిఫుల్ మేడం,non-hate,Telugu,బ్యూటిఫుల్ మేడం,bayaootaiphaula maaedam,బ్యూటిఫుల్ మేడం,bayaootaiphaula మేడం,బ్యూటిిఫుల్ మేడం,బ్యటిఫిుల్ మేడడం
538,Are meru marara dappukottu kovam,hate,Latin/Romanized,Are meru marara dappukottu kovam,Are meru marara dappukottu kovam,Are meru marara dappukottu kovam,Are meru marara dappukottu kovam,Are meru maraara dappukkottu kovvam,Are merru maaraa dapukokttu kovam
539,దాన్ని పేరు ఏంటి ఐడి ఏంటి చపూ బ్రదర్,non-hate,Telugu,దాన్ని పేరు ఏంటి ఐడి ఏంటి చపూ బ్రదర్,daaananai paaerau aemtai aidai aemtai chapaoo baradara,దాన్ని పేరు ఏంటి ఐడి ఏంటి చపూ బ్రదర్,daaananai పేరు aemtai ఐడి aemtai చపూ baradara,దాన్్ని పేరు ఏంటి ఐడి ఏంటి చపూ బ్రదదర్,దా్న్ి పేరరు ఏంటటి ఐడి ఏంటటి చపూ బ్దరద్
540,సాక్షి అంటేనే అబద్దలకు care of address,non-hate,Mixed,సాక్షి అంటేనే అబద్దలకు care of address,saaakashai amtaaenaae abadadalakau care of address,సాక్షి అంటేనే అబద్దలకు care of address,saaakashai అంటేనే abadadalakau care of address,సాక్్షి అంటేేనే అబద్దదలకు care of addrress,సా్ష్ి అంేనేే అబదదలదకు carre of adrerss
541,"అప్పట్లో dirctors కి, కంటెంట్ రైటర్స్ కి ఉన్న హ్యూమర్ సైన్స్ ఇప్పుడు ఎవరికీ లేదు.",non-hate,Mixed,"అప్పట్లో dirctors కి, కంటెంట్ రైటర్స్ కి ఉన్న హ్యూమర్ సైన్స్ ఇప్పుడు ఎవరికీ లేదు.","apapatalaoo dirctors kai, kamtaemta raaitarasa kai unana hayaoomara saainasa ipapaudau evaraikaee laaedau.","అప్పట్లో dirctors కి, కంటెంట్ రైటర్స్ కి ఉన్న హ్యూమర్ సైన్స్ ఇప్పుడు ఎవరికీ లేదు.","apapatalaoo dirctors kai, కంటెంట్ raaitarasa కి unana హ్యూమర్ saainasa ఇప్పుడు evaraikaee లేదు.","అప్పటట్లో dircttors కి, కంటెెంట్ రైటరర్స్ కి ఉన్న హ్యూూమర్ సైన్్స్ ఇప్పపుడు ఎవరిికీ లేదదు.","అప్ట్టలో dirtotrs కి, కంెంెట్ రైర్రస్ కి ఉన్్న హ్ూమూర్ సై్స్్ ఇపపుపడు ఎవికిీ లేదు."
542,ఎవ్వరు చెయ్యలేని గొప్ప పని మీరు చేశారన్న మీరు గ్రేట్ అన్నా,non-hate,Telugu,ఎవ్వరు చెయ్యలేని గొప్ప పని మీరు చేశారన్న మీరు గ్రేట్ అన్నా,evavarau chaeyayalaaenai gaopapa panai maeerau chaaeshaaaranana maeerau garaaeta ananaaa,ఎవ్వరు చెయ్యలేని గొప్ప పని మీరు చేశారన్న మీరు గ్రేట్ అన్నా,evavarau చెయ్యలేని gaopapa పని maeerau చేశారన్న maeerau గ్రేట్ ananaaa,ఎవ్వవరు చెయ్యయలేని గొపప్ప పని మీరు చేశారరన్న మీరు గ్రేేట్ అన్్నా,ఎవవరవు చెయయలయేని గొప్ప పని మీరరు చేశరనర్న మీరరు గ్ేటే్ అన్నా
543,మీరు చెప్పే టాపిక్ వల్ల ఉపయోగం చాలా ఉంది!,non-hate,Telugu,మీరు చెప్పే టాపిక్ వల్ల ఉపయోగం చాలా ఉంది!,maeerau chaepapaae taaapaika valala upayaoogam chaaalaaa umdai!,మీరు చెప్పే టాపిక్ వల్ల ఉపయోగం చాలా ఉంది!,maeerau చెప్పే taaapaika వల్ల upayaoogam చాలా umdai!,మీరు చెప్్పే టాపిిక్ వల్ల ఉపయోోగం చాలా ఉందది!,మీరరు చె్ప్ే టాికి్ వల్్ల ఉపోగోం చాలలా ఉంది!
544,"Fingerprint mallareddy
Pedda donga na kodku",hate,Latin/Romanized,"Fingerprint mallareddy
Pedda donga na kodku",Fingerprint mallareddy Pedda donga na kodku,"Fingerprint mallareddy
Pedda donga na kodku",Fingerprint mallareddy Pedda donga na kodku,Fingerrprint mallarreddy Peddda donnga na koddku,Fingrprrint malarerddy Pedda donga na kodku
545,ఇపుడు కూడ తన తప్పులు ఒప్పుకోవటం లేదు.. pichi munda,hate,Mixed,ఇపుడు కూడ తన తప్పులు ఒప్పుకోవటం లేదు.. pichi munda,ipaudau kaooda tana tapapaulau opapaukaoovatam laaedau.. pichi munda,ఇపుడు కూడ తన తప్పులు ఒప్పుకోవటం లేదు.. pichi munda,ipaudau కూడ tana తప్పులు opapaukaoovatam లేదు.. pichi munda,ఇపుుడు కూడ తన తప్పపులు ఒప్పుకకోవటం లేదుు.. picchi munnda,ఇపుడు కూడ తన తపపుపలు ఒప్ుకోకవటం లేు.ు. pichi munda
546,entandi pusukunna antha pedha Mata anesav,hate,Latin/Romanized,entandi pusukunna antha pedha Mata anesav,entandi pusukunna antha pedha Mata anesav,entandi pusukunna antha pedha Mata anesav,entandi pusukunna antha pedha Mata anesav,entaandi pusukkunna anttha peddha Mata anessav,enanadi puskuknna antha pedha Matta ansasv
547,rgv ki siggu ledhu ammail ni oka sex doll laga choostahru,hate,Latin/Romanized,rgv ki siggu ledhu ammail ni oka sex doll laga choostahru,rgv ki siggu ledhu ammail ni oka sex doll laga choostahru,rgv ki siggu ledhu ammail ni oka sex doll laga choostahru,rgv ki siggu ledhu ammail ni oka sex doll laga choostahru,rgv ki sigggu leddhu ammaail ni oka sex doll laga choosttahru,rgv ki siggu ledhu amaial ni oka sex dolll lagga chostathru
548,Antha perfect ga ayithae raledhu but try chesaru kadha that's more important,hate,Latin/Romanized,Antha perfect ga ayithae raledhu but try chesaru kadha that's more important,Antha perfect ga ayithae raledhu but try chesaru kadha that's more important,Antha perfect ga ayithae raledhu but try chesaru kadha that's more important,Antha perfect ga ayithae raledhu but try chesaru kadha that's more important,Anttha perffect ga ayitthae raleedhu but try chessaru kaddha thatt's more imporrtant,Antha pefefct ga aythtae raedehu but try chsasru kadha tht'ts morre imprtrant
549,​debate la lo paalgone TRS naayakulaku edhutivaarini maatladaneeyakapovadam samskaaram kaadhu.,non-hate,Latin/Romanized,​debate la lo paalgone TRS naayakulaku edhutivaarini maatladaneeyakapovadam samskaaram kaadhu.,​debate la lo paalgone TRS naayakulaku edhutivaarini maatladaneeyakapovadam samskaaram kaadhu.,​debate la lo paalgone TRS naayakulaku edhutivaarini maatladaneeyakapovadam samskaaram kaadhu.,​debate la lo paalgone TRS naayakulaku edhutivaarini maatladaneeyakapovadam samskaaram kaadhu.,​debbate la lo paalggone TRS naayakkulaku edhutivvaarini maatladaneeyyakapovadam samskaaaram kaaddhu.,​dbabte la lo paagogne TRS naaykuklaku edhuivavarini maatladneeyaykapovadam samkaaaram kadhdu.
550,Party paranga vaduu. Godameeda pilli laga kuda vaddu ra howla,hate,Latin/Romanized,Party paranga vaduu. Godameeda pilli laga kuda vaddu ra howla,Party paranga vaduu. Godameeda pilli laga kuda vaddu ra howla,Party paranga vaduu. Godameeda pilli laga kuda vaddu ra howla,Party paranga vaduu. Godameeda pilli laga kuda vaddu ra howla,Parrty paraanga vaduuu. Godammeeda pillli laga kuda vadddu ra howwla,Party paanaga vauuu. Godmemeda pilli lagga kudda vaddu ra howla
551,చాలా బాగుంది బ్రో. చిన్నపుడు ఇవి అన్ని మేము చేసాము బ్రో చాలా హ్యాపీ గా ఉంది ఈ సిరీస్ చూస్తుంటే. Best of luck bro.,non-hate,Mixed,చాలా బాగుంది బ్రో. చిన్నపుడు ఇవి అన్ని మేము చేసాము బ్రో చాలా హ్యాపీ గా ఉంది ఈ సిరీస్ చూస్తుంటే. Best of luck bro.,chaaalaaa baaagaumdai baraoo. chainanapaudau ivai ananai maaemau chaaesaaamau baraoo chaaalaaa hayaaapaee gaaa umdai ee sairaeesa chaoosataumtaae. Best of luck bro.,చాలా బాగుంది బ్రో. చిన్నపుడు ఇవి అన్ని మేము చేసాము బ్రో చాలా హ్యాపీ గా ఉంది ఈ సిరీస్ చూస్తుంటే. Best of luck bro.,chaaalaaa బాగుంది baraoo. చిన్నపుడు ivai అన్ని maaemau చేసాము baraoo చాలా hayaaapaee గా umdai ఈ sairaeesa చూస్తుంటే. Best of luck bro.,చాలా బాగుుంది బ్రరో. చిన్ననపుడు ఇవి అన్్ని మేము చేసాాము బ్రో చాలా హ్యాాపీ గా ఉంది ఈ సిరీీస్ చూస్తుుంటే. Best of luck bro.,చాలలా బాుంుది బ్రో. చిననపనుడు ఇవి అన్ని మేమము చేామాు బ్రరో చాలలా హ్ాపాీ గా ఉందది ఈ సిీసీ్ చూసతుంుటే. Besst of lucck broo.
552,నేనూ రెండు ట్రై చేసాను సమ్మగా ఉంది,hate,Telugu,నేనూ రెండు ట్రై చేసాను సమ్మగా ఉంది,naaenaoo raemdau taraai chaaesaaanau samamagaaa umdai,నేనూ రెండు ట్రై చేసాను సమ్మగా ఉంది,naaenaoo రెండు taraai చేసాను samamagaaa ఉంది,నేనూ రెంండు ట్రై చేసాాను సమ్మమగా ఉంది,నేననూ రెండు ట్రరై చేానాు సమమగమా ఉందది
553,Modda gudu aithyy,hate,Latin/Romanized,Modda gudu aithyy,Modda gudu aithyy,Modda gudu aithyy,Modda gudu aithyy,Moddda gudu aithhyy,Modda guddu aihyhy
554,అన్ని తెలుసు పోలీస్ లకు యూనిఫామ్ ఉందన్న అహంకారం  చట్టం తెలిసిన వాడు తప్పు చేస్తే తాట తీయండి అడ్వకేట్  హక్కుల కోసం ప్రజల తరఫున పోరాడండి,hate,Telugu,అన్ని తెలుసు పోలీస్ లకు యూనిఫామ్ ఉందన్న అహంకారం  చట్టం తెలిసిన వాడు తప్పు చేస్తే తాట తీయండి అడ్వకేట్  హక్కుల కోసం ప్రజల తరఫున పోరాడండి,ananai taelausau paoolaeesa lakau yaoonaiphaaama umdanana ahamkaaaram chatatam taelaisaina vaaadau tapapau chaaesataae taaata taeeyamdai adavakaaeta hakakaula kaoosam parajala taraphauna paooraaadamdai,అన్ని తెలుసు పోలీస్ లకు యూనిఫామ్ ఉందన్న అహంకారం  చట్టం తెలిసిన వాడు తప్పు చేస్తే తాట తీయండి అడ్వకేట్  హక్కుల కోసం ప్రజల తరఫున పోరాడండి,ananai తెలుసు paoolaeesa లకు yaoonaiphaaama ఉందన్న ahamkaaaram చట్టం taelaisaina వాడు tapapau చేస్తే taaata తీయండి adavakaaeta హక్కుల kaoosam ప్రజల taraphauna పోరాడండి,అన్్ని తెలుుసు పోలీీస్ లకు యూనిఫఫామ్ ఉందనన్న అహంకకారం చట్్టం తెలిిసిన వాడు తప్్పు చేస్్తే తాట తీయంండి అడ్వకకేట్ హక్కకుల కోసం ప్రరజల తరఫఫున పోరాడడండి,అన్ని తెుసుు పోీసీ్ లకు యూనఫాఫమ్ ఉంన్నన అహకాకరం చట్టం తెిసిిన వాడడు తప్పు చే్త్ే తాట తీండంి అడ్కేకట్ హకకుకల కోససం ప్రజల తరఫున పోరడండడి
555,Muslims hindu devullanu entha thittina parledhu... Kaani hinduvulu  Mee devudini thidithe thappenti,non-hate,Latin/Romanized,Muslims hindu devullanu entha thittina parledhu... Kaani hinduvulu  Mee devudini thidithe thappenti,Muslims hindu devullanu entha thittina parledhu... Kaani hinduvulu Mee devudini thidithe thappenti,Muslims hindu devullanu entha thittina parledhu... Kaani hinduvulu  Mee devudini thidithe thappenti,Muslims hindu devullanu entha thittina parledhu... Kaani hinduvulu Mee devudini thidithe thappenti,Musllims hinndu devulllanu enttha thitttina parleddhu... Kaaani hinduuvulu Mee devuddini thidiithe thapppenti,Mulilms hindu devlllanu entha thititna parldhdu... Kaani hinuvuulu Mee devdidni thiitihe thapepnti
556,Pilichi pettinchukuntaru ga....TV9 ki eemadhya sarada ayindi...,hate,Latin/Romanized,Pilichi pettinchukuntaru ga....TV9 ki eemadhya sarada ayindi...,Pilichi pettinchukuntaru ga....TV9 ki eemadhya sarada ayindi...,Pilichi pettinchukuntaru ga....TV9 ki eemadhya sarada ayindi...,Pilichi pettinchukuntaru ga....TV9 ki eemadhya sarada ayindi...,Piliichi pettinchuukuntaru ga.....TV9 ki eemaddhya saraada ayinddi...,Piicihi pettichukuuntaru ga....TV9 ki eemdhdya saadaa ayidid...
557,ప్రతి ఒక ఇంటర్వ్యూ లో చాలా కూల్ గా మాట్లాడతారు. నిజాలు నిర్భయంగా చెబుతాడు. ఎవడన్నా ఏమన్నా అనుకొని నేను చెప్పేది చెప్తా అనుకునే వ్యక్తి RGV...,non-hate,Mixed,ప్రతి ఒక ఇంటర్వ్యూ లో చాలా కూల్ గా మాట్లాడతారు. నిజాలు నిర్భయంగా చెబుతాడు. ఎవడన్నా ఏమన్నా అనుకొని నేను చెప్పేది చెప్తా అనుకునే వ్యక్తి RGV...,paratai oka imtaravayaoo laoo chaaalaaa kaoola gaaa maaatalaaadataaarau. naijaaalau nairabhayamgaaa chaebautaaadau. evadananaaa aemananaaa anaukaonai naaenau chaepapaaedai chaepataaa anaukaunaae vayakatai RGV...,ప్రతి ఒక ఇంటర్వ్యూ లో చాలా కూల్ గా మాట్లాడతారు. నిజాలు నిర్భయంగా చెబుతాడు. ఎవడన్నా ఏమన్నా అనుకొని నేను చెప్పేది చెప్తా అనుకునే వ్యక్తి RGV...,paratai ఒక imtaravayaoo లో chaaalaaa కూల్ gaaa మాట్లాడతారు. naijaaalau నిర్భయంగా chaebautaaadau. ఎవడన్నా aemananaaa అనుకొని naaenau చెప్పేది chaepataaa అనుకునే vayakatai RGV...,ప్రరతి ఒక ఇంటర్్వ్యూ లో చాలా కూల్ గా మాట్లాడడతారు. నిజాాలు నిర్భభయంగా చెబుతతాడు. ఎవడనన్నా ఏమన్్నా అనుకకొని నేను చెప్పపేది చెప్్తా అనుకకునే వ్యకక్తి RGV....,ప్రతి ఒక ఇంట్వ్్యూ లో చాలలా కూలల్ గా మాట్ాడతడారు. నిాలాు నిరభయభంగా చెబతాతడు. ఎవన్ననా ఏమ్న్ా అనకొకని నేనను చెపపేపది చె్త్ా అనకుకనే వ్క్కతి RG....
558,అన్నయ్య అనే పిలుపు విని వెనక్కి తిరిగాడు,hate,Telugu,అన్నయ్య అనే పిలుపు విని వెనక్కి తిరిగాడు,ananayaya anaae pailaupau vainai vaenakakai tairaigaaadau,అన్నయ్య అనే పిలుపు విని వెనక్కి తిరిగాడు,ananayaya అనే pailaupau విని vaenakakai తిరిగాడు,అన్ననయ్య అనే పిలుుపు విని వెనకక్కి తిరిగగాడు,అననయన్య అనే పిుపుు వినని వెక్కకి తిరగాగడు
559,alsa janalu erripuk galu jagan ni cm cheyadam enti,hate,Latin/Romanized,alsa janalu erripuk galu jagan ni cm cheyadam enti,alsa janalu erripuk galu jagan ni cm cheyadam enti,alsa janalu erripuk galu jagan ni cm cheyadam enti,alsa janalu erripuk galu jagan ni cm cheyadam enti,alsa janaalu erriipuk galu jaggan ni cm cheyaadam enti,alssa jaalau eripiuk gallu jagan ni cm cheadaam entti
560,అందుకే 400 అమ్మాయిలతో sex చేశాడు,hate,Mixed,అందుకే 400 అమ్మాయిలతో sex చేశాడు,amdaukaae 400 amamaaayailataoo sex chaaeshaaadau,అందుకే 400 అమ్మాయిలతో sex చేశాడు,amdaukaae 400 amamaaayailataoo sex chaaeshaaadau,అందుుకే 400 అమ్మాయయిలతో sex చేశాాడు,అంుకుే 400 అమ్ాయియలతో sex చేాడాు
561,Mulapeta lo 2 years chadhukuna,non-hate,Latin/Romanized,Mulapeta lo 2 years chadhukuna,Mulapeta lo 2 years chadhukuna,Mulapeta lo 2 years chadhukuna,Mulapeta lo 2 years chadhukuna,Mulappeta lo 2 yeaars chadhuukuna,Mulpepta lo 2 years chahukuuna
562,Chance esti champidengala vunnadu aunty ne,hate,Latin/Romanized,Chance esti champidengala vunnadu aunty ne,Chance esti champidengala vunnadu aunty ne,Chance esti champidengala vunnadu aunty ne,Chance esti champidengala vunnadu aunty ne,Channce esti champiddengala vunnnadu aunnty ne,Chncne estti chamidedngala vunandu aunty ne
563,"100% literacy rate unna kerala lo ne janalu gorrelu la unte, migilin rashtrallo unna janalu paristhiti emito...... I feel ashamed being part of this type of public",hate,Latin/Romanized,"100% literacy rate unna kerala lo ne janalu gorrelu la unte, migilin rashtrallo unna janalu paristhiti emito...... I feel ashamed being part of this type of public","100% literacy rate unna kerala lo ne janalu gorrelu la unte, migilin rashtrallo unna janalu paristhiti emito...... I feel ashamed being part of this type of public","100% literacy rate unna kerala lo ne janalu gorrelu la unte, migilin rashtrallo unna janalu paristhiti emito...... I feel ashamed being part of this type of public","100% literacy rate unna kerala lo ne janalu gorrelu la unte, migilin rashtrallo unna janalu paristhiti emito...... I feel ashamed being part of this type of public","100% literracy rate unna keraala lo ne janaalu gorrrelu la untte, migiilin rashtrrallo unna janaalu paristthiti emito....... I feel ashaamed beiing part of this type of publlic","1000% litrarcy ratte unnna kealaa lo ne jaalau gorerlu la unte, miiliin rastrarllo unnna jaalau parsthtiti emit....... I feeel asamaed being parrt of thiis typpe of pulilc"
564,"Prabhas ki super jodi,,,arabian bread vastundi",non-hate,Latin/Romanized,"Prabhas ki super jodi,,,arabian bread vastundi","Prabhas ki super jodi,,,arabian bread vastundi","Prabhas ki super jodi,,,arabian bread vastundi","Prabhas ki super jodi,,,arabian bread vastundi","Prabbhas ki supper jodi,,,aarabian breead vastuundi","Prbhbas ki super jodi,,araabian bread vasunudi"
565,Acting super undhi ga bro just story lo dammu ledh,non-hate,Latin/Romanized,Acting super undhi ga bro just story lo dammu ledh,Acting super undhi ga bro just story lo dammu ledh,Acting super undhi ga bro just story lo dammu ledh,Acting super undhi ga bro just story lo dammu ledh,Actiing supper unddhi ga bro just stoory lo dammmu ledh,Acinig super undhi ga bro jusst story lo dammu leddh
566,ఇద్దరూ చాలా బాగున్నారు sooooo క్యూట్,non-hate,Mixed,ఇద్దరూ చాలా బాగున్నారు sooooo క్యూట్,idadaraoo chaaalaaa baaagaunanaaarau sooooo kayaoota,ఇద్దరూ చాలా బాగున్నారు sooooo క్యూట్,idadaraoo చాలా baaagaunanaaarau sooooo kayaoota,ఇద్దదరూ చాలా బాగున్్నారు soooooo క్యూూట్,ఇదదరదూ చాలలా బాగన్న్ారు sooooo క్ూటూ్
567,ఎందుకు అల్యసాO చేస్తునవు పేటక,hate,Mixed,ఎందుకు అల్యసాO చేస్తునవు పేటక,emdaukau alayasaaaO chaaesataunavau paaetaka,ఎందుకు అల్యసాO చేస్తునవు పేటక,emdaukau అల్యసాO chaaesataunavau పేటక,ఎందుుకు అల్యయసాO చేస్తతునవు పేటక,ఎంుకుు అలయసయాO చేసతుతనవు పేటటక
568,Vadapav gaadu icc trophy elaa win aiythadoo neenu chusthaa,hate,Latin/Romanized,Vadapav gaadu icc trophy elaa win aiythadoo neenu chusthaa,Vadapav gaadu icc trophy elaa win aiythadoo neenu chusthaa,Vadapav gaadu icc trophy elaa win aiythadoo neenu chusthaa,Vadapav gaadu icc trophy elaa win aiythadoo neenu chusthaa,Vadaapav gaaadu icc tropphy elaa win aiythhadoo neeenu chustthaa,Vaapaav gaadu icc trphpy elaaa win aiyhahdoo neenu chuthtaa
569,అన్నయ్య చెబుతుంటే నోరు ఊరిపోతున్నాది....,non-hate,Telugu,అన్నయ్య చెబుతుంటే నోరు ఊరిపోతున్నాది....,ananayaya chaebautaumtaae naoorau ooraipaootaunanaaadai....,అన్నయ్య చెబుతుంటే నోరు ఊరిపోతున్నాది....,ananayaya చెబుతుంటే naoorau ఊరిపోతున్నాది....,అన్ననయ్య చెబుతతుంటే నోరు ఊరిపోతున్్నాది....,అననయన్య చెబతుతంటే నోరరు ఊరిపోతన్న్ాది....
570,మహానుభావుడివి సార్ నువ్వు. మేడం గారు మికో నమస్కారం. ఇద్దరు సరిపోయారు. నిజాన్ని నిర్భయంగా,hate,Telugu,మహానుభావుడివి సార్ నువ్వు. మేడం గారు మికో నమస్కారం. ఇద్దరు సరిపోయారు. నిజాన్ని నిర్భయంగా,mahaaanaubhaaavaudaivai saaara nauvavau. maaedam gaaarau maikaoo namasakaaaram. idadarau saraipaooyaaarau. naijaaananai nairabhayamgaaa,మహానుభావుడివి సార్ నువ్వు. మేడం గారు మికో నమస్కారం. ఇద్దరు సరిపోయారు. నిజాన్ని నిర్భయంగా,mahaaanaubhaaavaudaivai సార్ nauvavau. మేడం gaaarau మికో namasakaaaram. ఇద్దరు saraipaooyaaarau. నిజాన్ని nairabhayamgaaa,మహానుభాావుడివి సార్ నువ్్వు. మేడం గారు మికో నమస్కకారం. ఇద్దదరు సరిపోయయారు. నిజానన్ని నిర్భభయంగా,మహానభావాుడివి సారర్ ను్వ్ు. మేడడం గారరు మికకో నమసకాకరం. ఇదదరదు సరిోయాయరు. నిజన్నని నిరభయభంగా
571,నువ్వు వెస్ట్ దానివి దొమ్మరి దాన ఇది ఏంటిదే,hate,Telugu,నువ్వు వెస్ట్ దానివి దొమ్మరి దాన ఇది ఏంటిదే,nauvavau vaesata daaanaivai daomamarai daaana idai aemtaidaae,నువ్వు వెస్ట్ దానివి దొమ్మరి దాన ఇది ఏంటిదే,nauvavau వెస్ట్ daaanaivai దొమ్మరి daaana ఇది aemtaidaae,నువ్్వు వెస్్ట్ దానిివి దొమ్్మరి దాన ఇది ఏంటిిదే,ను్వ్ు వె్ట్్ దాివిి దొ్మ్రి దాన ఇది ఏంిదిే
572,"ntha brainwashed gorrelu chesthunnaru, inko vargam enti ante bjp bots SSR influencers ga mari yuvatha ni thappu thovva pattisthunnaru a",non-hate,Latin/Romanized,"ntha brainwashed gorrelu chesthunnaru, inko vargam enti ante bjp bots SSR influencers ga mari yuvatha ni thappu thovva pattisthunnaru a","ntha brainwashed gorrelu chesthunnaru, inko vargam enti ante bjp bots SSR influencers ga mari yuvatha ni thappu thovva pattisthunnaru a","ntha brainwashed gorrelu chesthunnaru, inko vargam enti ante bjp bots SSR influencers ga mari yuvatha ni thappu thovva pattisthunnaru a","ntha brainwashed gorrelu chesthunnaru, inko vargam enti ante bjp bots SSR influencers ga mari yuvatha ni thappu thovva pattisthunnaru a","ntha brainwwashed gorrrelu chesthuunnaru, inko varggam enti ante bjp bots SSR influeencers ga mari yuvaatha ni thapppu thovvva pattisthhunnaru a","nthha braiwawshed gorerlu cheshununaru, inkko vagagm entti antte bjp botts SSR inflenecers ga marri yuataha ni thpppu thvvva pattithuhnnaru a"
573,Car top medhega kurchuni vachindhi mee araganta auntymedha kurchuni kaadhu ga me fans tega feel aypothu support chestnaaru manchi aatagaadivey,hate,Latin/Romanized,Car top medhega kurchuni vachindhi mee araganta auntymedha kurchuni kaadhu ga me fans tega feel aypothu support chestnaaru manchi aatagaadivey,Car top medhega kurchuni vachindhi mee araganta auntymedha kurchuni kaadhu ga me fans tega feel aypothu support chestnaaru manchi aatagaadivey,Car top medhega kurchuni vachindhi mee araganta auntymedha kurchuni kaadhu ga me fans tega feel aypothu support chestnaaru manchi aatagaadivey,Car top medhega kurchuni vachindhi mee araganta auntymedha kurchuni kaadhu ga me fans tega feel aypothu support chestnaaru manchi aatagaadivey,Car top medhhega kurchhuni vachiindhi mee aragaanta auntymmedha kurchhuni kaaddhu ga me fans tega feel aypoothu suppport chestnnaaru mancchi aatagaaadivey,Car top mehehga kurhuhni vacinidhi mee araanata aunymemdha kurhuhni kadhdu ga me fanns tegga feeel ayotohu supoprt chetnanaru machci aataaadaivey
574,"Shiva gari smile ki fidaa..mee anchoring super sir..nenu macha cheppe Answers kante meru iche smile ne chusthu undipoyanu..your voice,  your style of anchoring awaysome",non-hate,Latin/Romanized,"Shiva gari smile ki fidaa..mee anchoring super sir..nenu macha cheppe Answers kante meru iche smile ne chusthu undipoyanu..your voice,  your style of anchoring awaysome","Shiva gari smile ki fidaa..mee anchoring super sir..nenu macha cheppe Answers kante meru iche smile ne chusthu undipoyanu..your voice, your style of anchoring awaysome","Shiva gari smile ki fidaa..mee anchoring super sir..nenu macha cheppe Answers kante meru iche smile ne chusthu undipoyanu..your voice,  your style of anchoring awaysome","Shiva gari smile ki fidaa..mee anchoring super sir..nenu macha cheppe Answers kante meru iche smile ne chusthu undipoyanu..your voice, your style of anchoring awaysome","Shiiva gari smiile ki fidaa...mee anchooring supper sir...nenu maccha chepppe Answwers kannte meru iche smiile ne chussthu undipoyannu..your voicce, your styyle of anchooring awayssome","Shiva garri smile ki fida...mee ancoroing super sir.n.enu macha chpppe Anwewrs kante merru ichhe smile ne chstshu undipyanun..your vocec, youur style of ancoroing awasosme"
575,Cut paste... video cut aaeindhi,non-hate,Latin/Romanized,Cut paste... video cut aaeindhi,Cut paste... video cut aaeindhi,Cut paste... video cut aaeindhi,Cut paste... video cut aaeindhi,Cut pastee... viddeo cut aaeinndhi,Cut pase.e.. video cut aaendnhi
576,samantha oka trigubothu lanja chai lanti mogudu vadilesindhi,hate,Latin/Romanized,samantha oka trigubothu lanja chai lanti mogudu vadilesindhi,samantha oka trigubothu lanja chai lanti mogudu vadilesindhi,samantha oka trigubothu lanja chai lanti mogudu vadilesindhi,samantha oka trigubothu lanja chai lanti mogudu vadilesindhi,samanntha oka trigubbothu lannja chai lannti moguudu vadilessindhi,samntnha oka triubobthu lanja chaai lanti mouduu vadiesisndhi
577,"Legendary అంటేనే ntr, anr, తర్వాత చిరు.  ఆయన సినిమాలు నిజజీవితానికి అద్దం పడతాయి. యువతకు దిశానిర్దేశం చేస్తాయి. ఎవడో ఏదో అన్నంత మాత్రాన legend కాకుండా పోతారా",non-hate,Mixed,"Legendary అంటేనే ntr, anr, తర్వాత చిరు.  ఆయన సినిమాలు నిజజీవితానికి అద్దం పడతాయి. యువతకు దిశానిర్దేశం చేస్తాయి. ఎవడో ఏదో అన్నంత మాత్రాన legend కాకుండా పోతారా","Legendary amtaaenaae ntr, anr, taravaaata chairau. aayana sainaimaaalau naijajaeevaitaaanaikai adadam padataaayai. yauvatakau daishaaanairadaaesham chaaesataaayai. evadaoo aedaoo ananamta maaataraaana legend kaaakaumdaaa paootaaaraaa","Legendary అంటేనే ntr, anr, తర్వాత చిరు.  ఆయన సినిమాలు నిజజీవితానికి అద్దం పడతాయి. యువతకు దిశానిర్దేశం చేస్తాయి. ఎవడో ఏదో అన్నంత మాత్రాన legend కాకుండా పోతారా","Legendary అంటేనే ntr, anr, taravaaata చిరు. aayana సినిమాలు naijajaeevaitaaanaikai అద్దం padataaayai. యువతకు daishaaanairadaaesham చేస్తాయి. evadaoo ఏదో ananamta మాత్రాన legend కాకుండా paootaaaraaa","Legenndary అంటేేనే ntr, anr, తర్వవాత చిరరు. ఆయన సినిమమాలు నిజజీవిితానికి అద్్దం పడతాాయి. యువతతకు దిశానిరర్దేశం చేస్తతాయి. ఎవడో ఏదో అన్ననంత మాత్్రాన legeend కాకుుండా పోతాారా","Legndnary అంేనేే ntrr, anrr, తరవావత చిరు. ఆయన సినమామలు నిజజవితిానికి అద్దం పడాయాి. యుతకతు దిశాిర్రదేశం చేసతాతయి. ఎవడడో ఏదో అననంనత మా్ర్ాన leened కాుంుడా పోారాా"
578,bandi sanjay gadu amit shah kukka vadu poyi vadi kaalu nakutaru,hate,Latin/Romanized,bandi sanjay gadu amit shah kukka vadu poyi vadi kaalu nakutaru,bandi sanjay gadu amit shah kukka vadu poyi vadi kaalu nakutaru,bandi sanjay gadu amit shah kukka vadu poyi vadi kaalu nakutaru,bandi sanjay gadu amit shah kukka vadu poyi vadi kaalu nakutaru,banndi sanjjay gadu amit shah kukkka vadu poyi vadi kaaalu nakuttaru,bandi sajajy gaddu amiit shaah kukka vaddu poyyi vaddi kaalu naktatru
579,Murkulani evaru emi cheyaleru...,non-hate,Latin/Romanized,Murkulani evaru emi cheyaleru...,Murkulani evaru emi cheyaleru...,Murkulani evaru emi cheyaleru...,Murkulani evaru emi cheyaleru...,Murkuulani evaaru emi cheyaleeru...,Muruluani evaru emi cheylereu...
580,Ee video chusintarvatha mee meeda respect perigindi,non-hate,Latin/Romanized,Ee video chusintarvatha mee meeda respect perigindi,Ee video chusintarvatha mee meeda respect perigindi,Ee video chusintarvatha mee meeda respect perigindi,Ee video chusintarvatha mee meeda respect perigindi,Ee viddeo chusintaarvatha mee meeeda resppect periggindi,Ee video chusitaravatha mee meeda repepct pergigndi
581,హోమ్ మినిస్టర్ 2000% UNFIT... ఆమెకి ఉన్న తెలివి కి Village member కే ఎక్కువ,hate,Mixed,హోమ్ మినిస్టర్ 2000% UNFIT... ఆమెకి ఉన్న తెలివి కి Village member కే ఎక్కువ,haooma mainaisatara 2000% UNFIT... aamaekai unana taelaivai kai Village member kaae ekakauva,హోమ్ మినిస్టర్ 2000% UNFIT... ఆమెకి ఉన్న తెలివి కి Village member కే ఎక్కువ,haooma మినిస్టర్ 2000% UNFIT... aamaekai ఉన్న taelaivai కి Village member kaae ఎక్కువ,హోమ్ మినిసస్టర్ 20000% UNFITT... ఆమెెకి ఉన్న తెలిివి కి Villlage membber కే ఎక్కకువ,హోమమ్ మినస్సటర్ 2000% UNFT.T.. ఆమెకి ఉన్్న తెివిి కి Vilalge mebebr కే ఎకకుకవ
582,అంటే జగన్ కు భయపడుతూనే ఉంటారు,hate,Telugu,అంటే జగన్ కు భయపడుతూనే ఉంటారు,amtaae jagana kau bhayapadautaoonaae umtaaarau,అంటే జగన్ కు భయపడుతూనే ఉంటారు,amtaae జగన్ kau భయపడుతూనే umtaaarau,అంటే జగన్ కు భయపడుుతూనే ఉంటాారు,అంటటే జగనన్ కు భయపుతుూనే ఉంారాు
583,సిస్టర్ నువ్వు చాలా బాగా చేసావ్ అమ్మ నీలో టాలెంట్ మామూలుగా లేదు.,non-hate,Telugu,సిస్టర్ నువ్వు చాలా బాగా చేసావ్ అమ్మ నీలో టాలెంట్ మామూలుగా లేదు.,saisatara nauvavau chaaalaaa baaagaaa chaaesaaava amama naeelaoo taaalaemta maaamaoolaugaaa laaedau.,సిస్టర్ నువ్వు చాలా బాగా చేసావ్ అమ్మ నీలో టాలెంట్ మామూలుగా లేదు.,saisatara నువ్వు chaaalaaa బాగా chaaesaaava అమ్మ naeelaoo టాలెంట్ maaamaoolaugaaa లేదు.,సిస్్టర్ నువ్్వు చాలా బాగా చేసాావ్ అమ్మ నీలో టాలెెంట్ మామూలలుగా లేదదు.,సి్ట్ర్ ను్వ్ు చాలలా బాగగా చేావా్ అమ్్మ నీలలో టాెంెట్ మామలులగా లేదు.
584,kcr dhi barrey karrey mukku vadu waste pm ki,hate,Latin/Romanized,kcr dhi barrey karrey mukku vadu waste pm ki,kcr dhi barrey karrey mukku vadu waste pm ki,kcr dhi barrey karrey mukku vadu waste pm ki,kcr dhi barrey karrey mukku vadu waste pm ki,kcr dhi barrrey karrrey mukkku vadu wasste pm ki,kcr dhi barery karery mukku vaddu waste pm ki
585,Orey manam cinemalu chudabatte vallu luxury ga brathukunnaru ra,hate,Latin/Romanized,Orey manam cinemalu chudabatte vallu luxury ga brathukunnaru ra,Orey manam cinemalu chudabatte vallu luxury ga brathukunnaru ra,Orey manam cinemalu chudabatte vallu luxury ga brathukunnaru ra,Orey manam cinemalu chudabatte vallu luxury ga brathukunnaru ra,Orey mannam cinemmalu chudabbatte valllu luxuury ga brathukkunnaru ra,Oreey manam cinmamlu chuababtte vallu luuruy ga bratukuknnaru ra
586,Life lo okasri ina kalavli darling ninnu,non-hate,Latin/Romanized,Life lo okasri ina kalavli darling ninnu,Life lo okasri ina kalavli darling ninnu,Life lo okasri ina kalavli darling ninnu,Life lo okasri ina kalavli darling ninnu,Life lo okassri ina kalaavli darlling ninnnu,Liffe lo oksrsi ina kaavali dalilng ninnu
587,ఏదో పెట్టేదని లేక అడిగింది,hate,Telugu,ఏదో పెట్టేదని లేక అడిగింది,aedaoo paetataaedanai laaeka adaigaimdai,ఏదో పెట్టేదని లేక అడిగింది,aedaoo పెట్టేదని laaeka అడిగింది,ఏదో పెట్టటేదని లేక అడిగిింది,ఏదో పెటటేటదని లేక అడిింిది
588,Erripuku matalu baga matladathavu ra adhi nuvvu,hate,Latin/Romanized,Erripuku matalu baga matladathavu ra adhi nuvvu,Erripuku matalu baga matladathavu ra adhi nuvvu,Erripuku matalu baga matladathavu ra adhi nuvvu,Erripuku matalu baga matladathavu ra adhi nuvvu,Errippuku mataalu baga matladaathavu ra adhi nuvvvu,Errpupku maalau bagga matldatahavu ra adhhi nuvvu
589,Vammo mamulodivi kadu swamy Nuvvu,non-hate,Latin/Romanized,Vammo mamulodivi kadu swamy Nuvvu,Vammo mamulodivi kadu swamy Nuvvu,Vammo mamulodivi kadu swamy Nuvvu,Vammo mamulodivi kadu swamy Nuvvu,Vammmo mamuloodivi kadu swaamy Nuvvvu,Vammo mamlodoivi kaddu swamy Nuvvu
590,Movie lo content chala bagundi evvadu apaledu movie ni dilraju kuda,non-hate,Latin/Romanized,Movie lo content chala bagundi evvadu apaledu movie ni dilraju kuda,Movie lo content chala bagundi evvadu apaledu movie ni dilraju kuda,Movie lo content chala bagundi evvadu apaledu movie ni dilraju kuda,Movie lo content chala bagundi evvadu apaledu movie ni dilraju kuda,Movvie lo conttent chaala baguundi evvaadu apalledu movvie ni dilrraju kuda,Movie lo cotetnt chala baunudi evadau apleldu movie ni dirarju kudda
591,Yenta mandhi stars vunna PAWAN KALYAN YE  POWER STAR,non-hate,Latin/Romanized,Yenta mandhi stars vunna PAWAN KALYAN YE  POWER STAR,Yenta mandhi stars vunna PAWAN KALYAN YE POWER STAR,Yenta mandhi stars vunna PAWAN KALYAN YE  POWER STAR,Yenta mandhi stars vunna PAWAN KALYAN YE POWER STAR,Yennta manddhi staars vunnna PAWWAN KALYYAN YE POWWER STAR,Yenta madhdi stars vunna PAWAN KAYAYN YE POWER STAAR
592,Adhikaram vunte thuglak gadu emaina chesasthadu,hate,Latin/Romanized,Adhikaram vunte thuglak gadu emaina chesasthadu,Adhikaram vunte thuglak gadu emaina chesasthadu,Adhikaram vunte thuglak gadu emaina chesasthadu,Adhikaram vunte thuglak gadu emaina chesasthadu,Adhikkaram vunnte thugglak gadu emaiina chesassthadu,Adhkakram vunte thglgak gaddu eminia chesstshadu
593,sia vinadaniki notlo motham petta vuntau padutadhi,hate,Latin/Romanized,sia vinadaniki notlo motham petta vuntau padutadhi,sia vinadaniki notlo motham petta vuntau padutadhi,sia vinadaniki notlo motham petta vuntau padutadhi,sia vinadaniki notlo motham petta vuntau padutadhi,sia vinadaaniki nottlo mothham pettta vunttau paduttadhi,sia vindanaiki notlo mohahm petta vutatu padtatdhi
594,niku family undi gah ra jagratamma venkata,hate,Latin/Romanized,niku family undi gah ra jagratamma venkata,niku family undi gah ra jagratamma venkata,niku family undi gah ra jagratamma venkata,niku family undi gah ra jagratamma venkata,niku famiily undi gah ra jagrattamma venkkata,nikku failiy unddi gah ra jagatatmma vekakta
595,కొన్ని ఆంధ్ర పందులకి బురదలోనే (ycp)ఆనందం...ఏం చేస్తాం పంది జాతి కదా అట్లాగే ఉంటది,hate,Mixed,కొన్ని ఆంధ్ర పందులకి బురదలోనే (ycp)ఆనందం...ఏం చేస్తాం పంది జాతి కదా అట్లాగే ఉంటది,kaonanai aamdhara pamdaulakai bauradalaoonaae (ycp)aanamdam...aem chaaesataaam pamdai jaaatai kadaaa atalaaagaae umtadai,కొన్ని ఆంధ్ర పందులకి బురదలోనే (ycp)ఆనందం...ఏం చేస్తాం పంది జాతి కదా అట్లాగే ఉంటది,kaonanai ఆంధ్ర pamdaulakai బురదలోనే (ycp)aanamdam...aem చేస్తాం pamdai జాతి kadaaa అట్లాగే umtadai,కొన్్ని ఆంధధ్ర పందుులకి బురదలలోనే (ycp)ఆనంందం...ఏం చేస్్తాం పంది జాతి కదా అట్లలాగే ఉంటటది,కొ్న్ి ఆంధ్ర పంులుకి బురలోలనే (ycp)నందంం...ఏం చే్త్ాం పందది జాతతి కదా అటలాలగే ఉంటది
596,అన్నా నెక్స్ట్ మూవీ ఇంకా గట్టిగా కొట్టాలి... ఆల్ ది బెస్ట్,non-hate,Telugu,అన్నా నెక్స్ట్ మూవీ ఇంకా గట్టిగా కొట్టాలి... ఆల్ ది బెస్ట్,ananaaa naekasata maoovaee imkaaa gatataigaaa kaotataaalai... aala dai baesata,అన్నా నెక్స్ట్ మూవీ ఇంకా గట్టిగా కొట్టాలి... ఆల్ ది బెస్ట్,ananaaa నెక్స్ట్ maoovaee ఇంకా gatataigaaa కొట్టాలి... aala ది baesata,అన్్నా నెక్సస్ట్ మూవీ ఇంకా గట్టటిగా కొట్టాాలి... ఆల్ ది బెస్్ట్,అన్నా నెకస్సట్ మూవవీ ఇంకకా గటటిటగా కొట్ాలాి... ఆల్ ది బె్ట్్
597,మ్యూజిక్ చాలా చాలా బాగుంది..,non-hate,Telugu,మ్యూజిక్ చాలా చాలా బాగుంది..,mayaoojaika chaaalaaa chaaalaaa baaagaumdai..,మ్యూజిక్ చాలా చాలా బాగుంది..,mayaoojaika చాలా chaaalaaa బాగుంది..,మ్యూజజిక్ చాలా చాలా బాగుంంది..,మ్యజిజక్ చాలలా చాలలా బాగందంి..
598,చీర కట్టుకుంటే చాలు ఎవరికైనా ఒక హుందాతనం వచ్చేస్తుంది.,non-hate,Telugu,చీర కట్టుకుంటే చాలు ఎవరికైనా ఒక హుందాతనం వచ్చేస్తుంది.,chaeera katataukaumtaae chaaalau evaraikaainaaa oka haumdaaatanam vachachaaesataumdai.,చీర కట్టుకుంటే చాలు ఎవరికైనా ఒక హుందాతనం వచ్చేస్తుంది.,chaeera కట్టుకుంటే chaaalau ఎవరికైనా oka హుందాతనం vachachaaesataumdai.,చీర కట్టుకకుంటే చాలు ఎవరికకైనా ఒక హుందాాతనం వచ్చేస్్తుంది.,చీర కట్ుకుకంటే చాలలు ఎవరకైకనా ఒక హుంాతానం వచ్చస్త్ుంది.
599,ముందు arrest చెయ్యండి. వాడు షికారు చేస్తున్నాడు. వాడు ఎందుకు మీడియా ముందుకు రాలేదు.,hate,Mixed,ముందు arrest చెయ్యండి. వాడు షికారు చేస్తున్నాడు. వాడు ఎందుకు మీడియా ముందుకు రాలేదు.,maumdau arrest chaeyayamdai. vaaadau shaikaaarau chaaesataunanaaadau. vaaadau emdaukau maeedaiyaaa maumdaukau raaalaaedau.,ముందు arrest చెయ్యండి. వాడు షికారు చేస్తున్నాడు. వాడు ఎందుకు మీడియా ముందుకు రాలేదు.,maumdau arrest chaeyayamdai. వాడు shaikaaarau చేస్తున్నాడు. vaaadau ఎందుకు maeedaiyaaa ముందుకు raaalaaedau.,ముంందు arreest చెయ్యయండి. వాడు షికాారు చేస్తునన్నాడు. వాడు ఎందుుకు మీడిియా ముందదుకు రాలేేదు.,ముందు areset చెయయంయడి. వాడడు షిారాు చేస్ున్ననాడు. వాడడు ఎంుకుు మీియిా ముదుదకు రాేదేు.
600,ఒక్క ఎక్ష్ప్రెషన్తొ  మొత్తం నడిపించినవ్ నువ్వు నిజంగా లెజండ్ అన్న,non-hate,Telugu,ఒక్క ఎక్ష్ప్రెషన్తొ  మొత్తం నడిపించినవ్ నువ్వు నిజంగా లెజండ్ అన్న,okaka ekashaparaeshanatao maotatam nadaipaimchainava nauvavau naijamgaaa laejamda anana,ఒక్క ఎక్ష్ప్రెషన్తొ  మొత్తం నడిపించినవ్ నువ్వు నిజంగా లెజండ్ అన్న,okaka ఎక్ష్ప్రెషన్తొ maotatam నడిపించినవ్ nauvavau నిజంగా laejamda అన్న,ఒక్క ఎక్ష్ప్రరెషన్తొ మొత్్తం నడిపింంచినవ్ నువ్్వు నిజంంగా లెజంండ్ అన్న,ఒక్్క ఎక్ష్్రెరషన్తొ మొ్త్ం నడిపంచంినవ్ ను్వ్ు నింగంా లెండం్ అన్్న
601,ఏంది రా మాకు ఈ సోది నీ ఎపిసోడ్,hate,Telugu,ఏంది రా మాకు ఈ సోది నీ ఎపిసోడ్,aemdai raaa maaakau ee saoodai naee epaisaooda,ఏంది రా మాకు ఈ సోది నీ ఎపిసోడ్,aemdai రా maaakau ఈ saoodai నీ epaisaooda,ఏంది రా మాకు ఈ సోది నీ ఎపిససోడ్,ఏందది రా మాకకు ఈ సోదది నీ ఎపసోసడ్
602,డిజిల్ బదులు మందు కొడితే సరిపోతుంది,non-hate,Telugu,డిజిల్ బదులు మందు కొడితే సరిపోతుంది,daijaila badaulau mamdau kaodaitaae saraipaootaumdai,డిజిల్ బదులు మందు కొడితే సరిపోతుంది,daijaila బదులు mamdau కొడితే saraipaootaumdai,డిజిిల్ బదుులు మందు కొడిితే సరిపోతతుంది,డిిలి్ బదులు మందదు కొితిే సరిోతుతంది
603,ఆ పటుకోవడం లోపలికి వెళ్లి పటుకొర బాబూ రూంలో కూర్చుని పనిచేసేయి,hate,Telugu,ఆ పటుకోవడం లోపలికి వెళ్లి పటుకొర బాబూ రూంలో కూర్చుని పనిచేసేయి,aa pataukaoovadam laoopalaikai vaelalai pataukaora baaabaoo raoomlaoo kaoorachaunai panaichaaesaaeyai,ఆ పటుకోవడం లోపలికి వెళ్లి పటుకొర బాబూ రూంలో కూర్చుని పనిచేసేయి,aa పటుకోవడం laoopalaikai వెళ్లి pataukaora బాబూ raoomlaoo కూర్చుని panaichaaesaaeyai,ఆ పటుకోోవడం లోపలలికి వెళ్్లి పటుకకొర బాబూ రూంంలో కూర్చచుని పనిచేేసేయి,ఆ పటుోవోడం లోలిలకి వె్ల్ి పటకొకర బాబబూ రూంలో కూరచుచని పనిేసేేయి
604,పెట్టింది పది వేలు.. లాగేది 10కోట్లు,hate,Telugu,పెట్టింది పది వేలు.. లాగేది 10కోట్లు,paetataimdai padai vaaelau.. laaagaaedai 10kaootalau,పెట్టింది పది వేలు.. లాగేది 10కోట్లు,paetataimdai పది vaaelau.. లాగేది 10kaootalau,పెట్టటింది పది వేలుు.. లాగేేది 10కోటట్లు,పెటటిటంది పది వేు.ు. లాేదేి 10కట్టలు
605,నెక్స్ట్ కార్తికేయ 3 మాత్రం సముద్రం లో ఉన్న ద్వారక నగరం మిస్టరీ ...Vere level  లో ఉంటది...,non-hate,Mixed,నెక్స్ట్ కార్తికేయ 3 మాత్రం సముద్రం లో ఉన్న ద్వారక నగరం మిస్టరీ ...Vere level  లో ఉంటది...,naekasata kaaarataikaaeya 3 maaataram samaudaram laoo unana davaaaraka nagaram maisataraee ...Vere level laoo umtadai...,నెక్స్ట్ కార్తికేయ 3 మాత్రం సముద్రం లో ఉన్న ద్వారక నగరం మిస్టరీ ...Vere level  లో ఉంటది...,naekasata కార్తికేయ 3 మాత్రం samaudaram లో unana ద్వారక nagaram మిస్టరీ ...Vere level laoo ఉంటది...,నెక్సస్ట్ కార్తతికేయ 3 మాత్్రం సముదద్రం లో ఉన్న ద్వాారక నగరం మిస్్టరీ ...VVere levvel లో ఉంటదిి...,నెకస్సట్ కారతితకేయ 3 మా్ర్ం సమద్దరం లో ఉన్్న ద్ారాక నగరరం మి్ట్రీ ..VeVre level లో ఉంటి.ి..
606,One and only Mega star .....Potthi leyru....Raleyru,non-hate,Latin/Romanized,One and only Mega star .....Potthi leyru....Raleyru,One and only Mega star .....Potthi leyru....Raleyru,One and only Mega star .....Potthi leyru....Raleyru,One and only Mega star .....Potthi leyru....Raleyru,One and only Mega star .....PPotthi leyru.....Raleyru,One and onlly Megga staar ....PoPtthi leyru...R.aleyru
607,జయహో రాజాసింగ్ భారత్ మాత కి జై,non-hate,Telugu,జయహో రాజాసింగ్ భారత్ మాత కి జై,jayahaoo raaajaaasaimga bhaaarata maaata kai jaai,జయహో రాజాసింగ్ భారత్ మాత కి జై,jayahaoo రాజాసింగ్ bhaaarata మాత kai జై,జయహో రాజాససింగ్ భారరత్ మాత కి జై,జయహహో రాజసిసంగ్ భారత్ మాత కి జై
608,Re charge ayepothe Ela ra Google open avrhundu,hate,Latin/Romanized,Re charge ayepothe Ela ra Google open avrhundu,Re charge ayepothe Ela ra Google open avrhundu,Re charge ayepothe Ela ra Google open avrhundu,Re charge ayepothe Ela ra Google open avrhundu,Re charrge ayepoothe Ela ra Googgle open avrhuundu,Re chrgre ayeotohe Ela ra Goglge opeen avrunudu
609,Anna mee Spandhana bagundhi,non-hate,Latin/Romanized,Anna mee Spandhana bagundhi,Anna mee Spandhana bagundhi,Anna mee Spandhana bagundhi,Anna mee Spandhana bagundhi,Anna mee Spanddhana bagunndhi,Annna mee Spadhdana bagndnhi
610,ఈడిని చూసాక....మన సంపు మీద చాలా గౌరవం పెరిగింది...,non-hate,Telugu,ఈడిని చూసాక....మన సంపు మీద చాలా గౌరవం పెరిగింది...,eedainai chaoosaaaka....mana sampau maeeda chaaalaaa gaauravam paeraigaimdai...,ఈడిని చూసాక....మన సంపు మీద చాలా గౌరవం పెరిగింది...,eedainai చూసాక....మన sampau మీద chaaalaaa గౌరవం paeraigaimdai...,ఈడిిని చూసాక.....మన సంపు మీద చాలా గౌరరవం పెరిగింంది...,ఈడిని చూసా.....మన సంపపు మీద చాలలా గౌరవం పెరిిందంి...
611,"ఇది లంజలా రాజ్యం..,. కలియుగం లో లంజేలే నీతులు చెబుతారు",hate,Telugu,"ఇది లంజలా రాజ్యం..,. కలియుగం లో లంజేలే నీతులు చెబుతారు","idai lamjalaaa raaajayam..,. kalaiyaugam laoo lamjaaelaae naeetaulau chaebautaaarau","ఇది లంజలా రాజ్యం..,. కలియుగం లో లంజేలే నీతులు చెబుతారు","idai లంజలా raaajayam..,. కలియుగం laoo లంజేలే naeetaulau చెబుతారు","ఇది లంజజలా రాజ్యంం..,. కలియయుగం లో లంజేేలే నీతుులు చెబుతతారు","ఇది లంజలా రాజయం.ం.,. కలయుయగం లో లంేలేే నీులుు చెబతాతరు"
612,"Paytm kukkalu ekkada, idi kuda cbn gare plan chesaru antaremooo",hate,Latin/Romanized,"Paytm kukkalu ekkada, idi kuda cbn gare plan chesaru antaremooo","Paytm kukkalu ekkada, idi kuda cbn gare plan chesaru antaremooo","Paytm kukkalu ekkada, idi kuda cbn gare plan chesaru antaremooo","Paytm kukkalu ekkada, idi kuda cbn gare plan chesaru antaremooo","Payytm kukkkalu ekkaada, idi kuda cbn gare plan chessaru antareemooo","Paytm kukaklu ekadaa, idi kudda cbn garre plaan chsasru antremeooo"
613,Edi lanja kabate ela janalanu chedakodutundi,hate,Latin/Romanized,Edi lanja kabate ela janalanu chedakodutundi,Edi lanja kabate ela janalanu chedakodutundi,Edi lanja kabate ela janalanu chedakodutundi,Edi lanja kabate ela janalanu chedakodutundi,Edi lannja kabaate ela janallanu chedakoddutundi,Edi lanja kaatae ela janlalnu chedaodudtundi
614,kodali nani  koja na koduku mla lankadhnulu okati levu,hate,Latin/Romanized,kodali nani  koja na koduku mla lankadhnulu okati levu,kodali nani koja na koduku mla lankadhnulu okati levu,kodali nani  koja na koduku mla lankadhnulu okati levu,kodali nani koja na koduku mla lankadhnulu okati levu,kodaali nani koja na koduuku mla lankaddhnulu okaati levu,koalai nanni kojja na koukuu mla lankdhdnulu okati levvu
615,study chesi kcr em pikindu velumundra ayina pm position lo undu that is modi,non-hate,Latin/Romanized,study chesi kcr em pikindu velumundra ayina pm position lo undu that is modi,study chesi kcr em pikindu velumundra ayina pm position lo undu that is modi,study chesi kcr em pikindu velumundra ayina pm position lo undu that is modi,study chesi kcr em pikindu velumundra ayina pm position lo undu that is modi,stuudy cheesi kcr em pikiindu velumuundra ayiina pm posittion lo undu that is modi,study chesi kcr em piinidu velmunudra ayina pm postiton lo unddu thaat is moddi
616,Pilla puk comedy,hate,Latin/Romanized,Pilla puk comedy,Pilla puk comedy,Pilla puk comedy,Pilla puk comedy,Pillla puk comeedy,Pilla puk coedey
617,గెటప్ సీను acting యెంత మందికి nacchindi అద్భుతం super,non-hate,Mixed,గెటప్ సీను acting యెంత మందికి nacchindi అద్భుతం super,gaetapa saeenau acting yaemta mamdaikai nacchindi adabhautam super,గెటప్ సీను acting యెంత మందికి nacchindi అద్భుతం super,gaetapa సీను acting యెంత mamdaikai nacchindi adabhautam super,గెటటప్ సీను actiing యెంత మందిికి nacchhindi అద్భభుతం supper,గెటప్ సీనను acinig యెంంత మంికిి nachihndi అదభుభతం super
618,అక్క నీ పాట ప్రతి ఒక్కటి అదిరిపోతుంది,non-hate,Telugu,అక్క నీ పాట ప్రతి ఒక్కటి అదిరిపోతుంది,akaka naee paaata paratai okakatai adairaipaootaumdai,అక్క నీ పాట ప్రతి ఒక్కటి అదిరిపోతుంది,akaka నీ paaata ప్రతి okakatai అదిరిపోతుంది,అక్క నీ పాట ప్రరతి ఒక్కకటి అదిరిపోోతుంది,అక్్క నీ పాట ప్రతి ఒకకటకి అదిరపోతోుంది
619,vachanu anuko gudda paligipodhi,hate,Latin/Romanized,vachanu anuko gudda paligipodhi,vachanu anuko gudda paligipodhi,vachanu anuko gudda paligipodhi,vachanu anuko gudda paligipodhi,vachhanu anuuko guddda paligiipodhi,vahahnu anuko gudda paliipiodhi
620,శేఖర్ మాస్టర్ గారు అండ్ శ్రీముఖి గారు మీ డ్యాన్స్ బాగా అదిరింది,non-hate,Telugu,శేఖర్ మాస్టర్ గారు అండ్ శ్రీముఖి గారు మీ డ్యాన్స్ బాగా అదిరింది,shaaekhara maaasatara gaaarau amda sharaeemaukhai gaaarau maee dayaaanasa baaagaaa adairaimdai,శేఖర్ మాస్టర్ గారు అండ్ శ్రీముఖి గారు మీ డ్యాన్స్ బాగా అదిరింది,shaaekhara మాస్టర్ gaaarau అండ్ sharaeemaukhai గారు maee డ్యాన్స్ baaagaaa అదిరింది,శేఖఖర్ మాస్్టర్ గారు అండ్ శ్రీమముఖి గారు మీ డ్యానన్స్ బాగా అదిరిింది,శేఖర్ మా్ట్ర్ గారరు అండడ్ శ్రముమఖి గారరు మీ డ్యన్నస్ బాగగా అదిింిది
621,A 1 చిల్లర రాజకీయాలు అపు...... ముందు ఇంట్లో వున్న మహీళలకు న్యాయం చేయమను.... అక్కా చెల్లెళ్ళు చేబుతారు A1 Bach ki,hate,Mixed,A 1 చిల్లర రాజకీయాలు అపు...... ముందు ఇంట్లో వున్న మహీళలకు న్యాయం చేయమను.... అక్కా చెల్లెళ్ళు చేబుతారు A1 Bach ki,A 1 chailalara raaajakaeeyaaalau apau...... maumdau imtalaoo vaunana mahaeelalakau nayaaayam chaaeyamanau.... akakaaa chaelalaelalau chaaebautaaarau A1 Bach ki,A 1 చిల్లర రాజకీయాలు అపు...... ముందు ఇంట్లో వున్న మహీళలకు న్యాయం చేయమను.... అక్కా చెల్లెళ్ళు చేబుతారు A1 Bach ki,A 1 chailalara రాజకీయాలు apau...... ముందు imtalaoo వున్న mahaeelalakau న్యాయం chaaeyamanau.... అక్కా chaelalaelalau చేబుతారు A1 Bach ki,A 1 చిల్్లర రాజకీీయాలు అపు....... ముంందు ఇంట్్లో వునన్న మహీళళలకు న్యాాయం చేయమనుు.... అక్్కా చెల్లెెళ్ళు చేబుతతారు A1 Bach ki,A 1 చి్ల్ర రాజీయీాలు అపు...... ముందు ఇం్ల్ో వున్న మహళలళకు న్ాయాం చేయను.ు... అక్కా చెలలెళె్ళు చేబతాతరు A1 Bacch ki
622,అల్లు అర్జున్ కి ఏక్కడో సూడి ఉ౦ది.multitalent వున్నోడు అల్లు అర్జున్ ఒక్కడే ఇన్ ఇ౦డియా,non-hate,Mixed,అల్లు అర్జున్ కి ఏక్కడో సూడి ఉ౦ది.multitalent వున్నోడు అల్లు అర్జున్ ఒక్కడే ఇన్ ఇ౦డియా,alalau arajauna kai aekakadaoo saoodai u0dai.multitalent vaunanaoodau alalau arajauna okakadaae ina i0daiyaaa,అల్లు అర్జున్ కి ఏక్కడో సూడి ఉ౦ది.multitalent వున్నోడు అల్లు అర్జున్ ఒక్కడే ఇన్ ఇ౦డియా,alalau అర్జున్ kai ఏక్కడో saoodai ఉ౦ది.multitalent vaunanaoodau అల్లు arajauna ఒక్కడే ina ఇ౦డియా,అల్్లు అర్జజున్ కి ఏక్కకడో సూడి ఉ౦ది.multtitalent వున్ననోడు అల్్లు అర్జజున్ ఒక్కకడే ఇన్ ఇ౦డిియా,అల్లు అరజుజన్ కి ఏకకడకో సూడడి ఉ౦ది.ultittalent వుననోనడు అల్లు అరజుజన్ ఒకకడకే ఇన్ ఇ౦ియిా
623,ఓన్లీ  బై రెడ్డి సిద్ధార్థ రెడ్డి అన్నయ్య కోసం చూసినవాళ్లు like me....,non-hate,Mixed,ఓన్లీ  బై రెడ్డి సిద్ధార్థ రెడ్డి అన్నయ్య కోసం చూసినవాళ్లు like me....,oonalaee baai raedadai saidadhaaaratha raedadai ananayaya kaoosam chaoosainavaaalalau like me....,ఓన్లీ  బై రెడ్డి సిద్ధార్థ రెడ్డి అన్నయ్య కోసం చూసినవాళ్లు like me....,oonalaee బై raedadai సిద్ధార్థ raedadai అన్నయ్య kaoosam చూసినవాళ్లు like me....,ఓన్్లీ బై రెడ్్డి సిద్ధధార్థ రెడ్్డి అన్ననయ్య కోసం చూసినవవాళ్లు like me.....,ఓన్లీ బై రె్డ్ి సిదధాధర్థ రె్డ్ి అననయన్య కోససం చూసివావళ్లు likke me....
624,రేవంతన్న ఇచ్చిన షాక్ కి మల్లారెడ్డి కి పిచ్చి పట్టినట్టు ఉంది,non-hate,Telugu,రేవంతన్న ఇచ్చిన షాక్ కి మల్లారెడ్డి కి పిచ్చి పట్టినట్టు ఉంది,raaevamtanana ichachaina shaaaka kai malalaaaraedadai kai paichachai patatainatatau umdai,రేవంతన్న ఇచ్చిన షాక్ కి మల్లారెడ్డి కి పిచ్చి పట్టినట్టు ఉంది,raaevamtanana ఇచ్చిన shaaaka కి malalaaaraedadai కి paichachai పట్టినట్టు umdai,రేవంతతన్న ఇచ్చచిన షాక్ కి మల్లారరెడ్డి కి పిచ్్చి పట్టిననట్టు ఉంది,రేవతనత్న ఇచచిచన షాకక్ కి మల్లరెరడ్డి కి పి్చ్ి పట్ినటన్టు ఉందది
625,"రాష్ట్రాన్ని నకించేసి తల్లి, కుతురు సైడ్ అయిపోయారు",hate,Telugu,"రాష్ట్రాన్ని నకించేసి తల్లి, కుతురు సైడ్ అయిపోయారు","raaashataraaananai nakaimchaaesai talalai, kautaurau saaida ayaipaooyaaarau","రాష్ట్రాన్ని నకించేసి తల్లి, కుతురు సైడ్ అయిపోయారు","raaashataraaananai నకించేసి talalai, కుతురు saaida అయిపోయారు","రాష్ట్రరాన్ని నకించచేసి తల్లలి, కుతుురు సైడ్ అయిపోోయారు","రాష్్రారన్ని నకిచేచసి తలలిల, కుురుు సైడడ్ అయిోయోారు"
626,ఛీ దీనమ్మ ఎందుకు రా వీడు,hate,Telugu,ఛీ దీనమ్మ ఎందుకు రా వీడు,chhaee daeenamama emdaukau raaa vaeedau,ఛీ దీనమ్మ ఎందుకు రా వీడు,chhaee దీనమ్మ emdaukau రా vaeedau,ఛీ దీనమమ్మ ఎందుుకు రా వీడు,ఛీ దీమ్మమ ఎంుకుు రా వీడడు
627,నిను చూస్తుంటే KGF సినిమాలో RACKY బాయ్ గుర్తుకు వస్తున్నాడు,non-hate,Mixed,నిను చూస్తుంటే KGF సినిమాలో RACKY బాయ్ గుర్తుకు వస్తున్నాడు,nainau chaoosataumtaae KGF sainaimaaalaoo RACKY baaaya gaurataukau vasataunanaaadau,నిను చూస్తుంటే KGF సినిమాలో RACKY బాయ్ గుర్తుకు వస్తున్నాడు,nainau చూస్తుంటే KGF సినిమాలో RACKY బాయ్ gaurataukau వస్తున్నాడు,నిను చూస్తతుంటే KGF సినిమమాలో RACCKY బాయ్ గుర్తతుకు వస్తునన్నాడు,నినను చూసతుతంటే KGF సినమామలో RACKY బాయయ్ గురతుతకు వస్తన్ననాడు
628,Me Bathukulu yenduku ra,hate,Latin/Romanized,Me Bathukulu yenduku ra,Me Bathukulu yenduku ra,Me Bathukulu yenduku ra,Me Bathukulu yenduku ra,Me Bathuukulu yendduku ra,Me Batukuulu yedudku ra
629,అబ్బా బొడ్డు ఇంత పెద్దగా ఉంటే బొక్క సముద్రం లాగా ఉంటాదేమో?,hate,Telugu,అబ్బా బొడ్డు ఇంత పెద్దగా ఉంటే బొక్క సముద్రం లాగా ఉంటాదేమో?,ababaaa baodadau imta paedadagaaa umtaae baokaka samaudaram laaagaaa umtaaadaaemaoo?,అబ్బా బొడ్డు ఇంత పెద్దగా ఉంటే బొక్క సముద్రం లాగా ఉంటాదేమో?,ababaaa బొడ్డు imta పెద్దగా umtaae బొక్క samaudaram లాగా umtaaadaaemaoo?,అబ్్బా బొడ్్డు ఇంత పెద్్దగా ఉంటే బొకక్క సముదద్రం లాగా ఉంటాదదేమో?,అబ్బా బొ్డ్ు ఇంత పె్ద్గా ఉంటటే బొక్క సమద్దరం లాగగా ఉంటదేదమో?
630,Hii Bagunnara Harsha Sai garu  meku. Mee team members ki happy vinayaka chavithi,non-hate,Latin/Romanized,Hii Bagunnara Harsha Sai garu  meku. Mee team members ki happy vinayaka chavithi,Hii Bagunnara Harsha Sai garu meku. Mee team members ki happy vinayaka chavithi,Hii Bagunnara Harsha Sai garu  meku. Mee team members ki happy vinayaka chavithi,Hii Bagunnara Harsha Sai garu meku. Mee team members ki happy vinayaka chavithi,Hii Bagunnnara Harssha Sai garu mekku. Mee team membbers ki happpy vinayyaka chaviithi,Hii Bagnnnara Hashsa Sai garru meku. Mee teaam mebebrs ki happy vinyayka chaitihi
631,మీరు దేవుడు సార్,non-hate,Telugu,మీరు దేవుడు సార్,maeerau daaevaudau saaara,మీరు దేవుడు సార్,maeerau దేవుడు saaara,మీరు దేవుుడు సార్,మీరరు దేుడుు సారర్
632,Aat..... tatha on fire,non-hate,Latin/Romanized,Aat..... tatha on fire,Aat..... tatha on fire,Aat..... tatha on fire,Aat..... tatha on fire,Aat...... tattha on fire,Aat..... tatha on firre
633,punju vachi pitta ni dengithey nenu commentry chepijry ala vuntadhi # punjuunggamer,hate,Latin/Romanized,punju vachi pitta ni dengithey nenu commentry chepijry ala vuntadhi # punjuunggamer,punju vachi pitta ni dengithey nenu commentry chepijry ala vuntadhi # punjuunggamer,punju vachi pitta ni dengithey nenu commentry chepijry ala vuntadhi # punjuunggamer,punju vachi pitta ni dengithey nenu commentry chepijry ala vuntadhi # punjuunggamer,punnju vacchi pittta ni dengiithey nenu commeentry chepiijry ala vuntaadhi # punjuunnggamer,punju vachi pitta ni denitihey nennu comenetry cheijiry ala vunadahi # punjungngamer
634,"Abboo siggulekundaa vadu matladina matalu okkadu kuda levaledu ikkada..
Just for hate in Modi how much low can go anywhere",non-hate,Latin/Romanized,"Abboo siggulekundaa vadu matladina matalu okkadu kuda levaledu ikkada..
Just for hate in Modi how much low can go anywhere",Abboo siggulekundaa vadu matladina matalu okkadu kuda levaledu ikkada.. Just for hate in Modi how much low can go anywhere,"Abboo siggulekundaa vadu matladina matalu okkadu kuda levaledu ikkada..
Just for hate in Modi how much low can go anywhere",Abboo siggulekundaa vadu matladina matalu okkadu kuda levaledu ikkada.. Just for hate in Modi how much low can go anywhere,Abbboo sigguleekundaa vadu matlaadina mataalu okkaadu kuda levalledu ikkadda.. Just for hate in Modi how much low can go anywhhere,Abboo sigglekeundaa vaddu matadaina maalau okadau kudda levleldu ikkdad.. Jusst for hatte in Moddi how mucch low can go anyhehre
635,Evadra erri puukodu vaadu.. Duplicate gild eskuni show dhenguthunnadu,hate,Latin/Romanized,Evadra erri puukodu vaadu.. Duplicate gild eskuni show dhenguthunnadu,Evadra erri puukodu vaadu.. Duplicate gild eskuni show dhenguthunnadu,Evadra erri puukodu vaadu.. Duplicate gild eskuni show dhenguthunnadu,Evadra erri puukodu vaadu.. Duplicate gild eskuni show dhenguthunnadu,Evaddra erri puukkodu vaaddu.. Dupliicate gild eskuuni show dhenguthhunnadu,Evdrda errri pukokdu vadud.. Dupiciate gilld esunui shoow dhengthuhnnadu
636,Aallu eellu andaru okkate,non-hate,Latin/Romanized,Aallu eellu andaru okkate,Aallu eellu andaru okkate,Aallu eellu andaru okkate,Aallu eellu andaru okkate,Aalllu eelllu andaaru okkaate,Aallu eellu anarau okatae
637,రష్మిది అని చెప్పి ఆది లేకపోతే అలుగుతుంది స్త్రీల పరువుతీస్తున్నది,non-hate,Telugu,రష్మిది అని చెప్పి ఆది లేకపోతే అలుగుతుంది స్త్రీల పరువుతీస్తున్నది,rashamaidai anai chaepapai aadai laaekapaootaae alaugautaumdai sataraeela parauvautaeesataunanadai,రష్మిది అని చెప్పి ఆది లేకపోతే అలుగుతుంది స్త్రీల పరువుతీస్తున్నది,rashamaidai అని chaepapai ఆది laaekapaootaae అలుగుతుంది sataraeela పరువుతీస్తున్నది,రష్మమిది అని చెప్్పి ఆది లేకపపోతే అలుగుతతుంది స్త్్రీల పరువుతీస్్తున్నది,రషమిమది అని చె్ప్ి ఆది లేపోపతే అలుుతుతంది స్్ర్ీల పరువుీస్త్ున్నది
638,Leak endhi ra secret aaa dhii,hate,Latin/Romanized,Leak endhi ra secret aaa dhii,Leak endhi ra secret aaa dhii,Leak endhi ra secret aaa dhii,Leak endhi ra secret aaa dhii,Leak enddhi ra secrret aaa dhii,Leaak endhi ra serert aaa dhiii
639,Anna  plz pellichesuko sir age 43 plz anna,non-hate,Latin/Romanized,Anna  plz pellichesuko sir age 43 plz anna,Anna plz pellichesuko sir age 43 plz anna,Anna  plz pellichesuko sir age 43 plz anna,Anna plz pellichesuko sir age 43 plz anna,Anna plz pellichhesuko sir age 43 plz anna,Annna plz pellchehsuko sir age 43 plz annna
640,ఆహా సూపర్ mr khan హిందూ దేవతలను అన్న వారితో కూడా క్షమాపణ చెప్పించండి అప్పుడే మీ నిజాయితీ ని నమ్ముతా.,non-hate,Mixed,ఆహా సూపర్ mr khan హిందూ దేవతలను అన్న వారితో కూడా క్షమాపణ చెప్పించండి అప్పుడే మీ నిజాయితీ ని నమ్ముతా.,aahaaa saoopara mr khan haimdaoo daaevatalanau anana vaaaraitaoo kaoodaaa kashamaaapana chaepapaimchamdai apapaudaae maee naijaaayaitaee nai namamautaaa.,ఆహా సూపర్ mr khan హిందూ దేవతలను అన్న వారితో కూడా క్షమాపణ చెప్పించండి అప్పుడే మీ నిజాయితీ ని నమ్ముతా.,aahaaa సూపర్ mr khan haimdaoo దేవతలను anana వారితో kaoodaaa క్షమాపణ chaepapaimchamdai అప్పుడే maee నిజాయితీ nai నమ్ముతా.,ఆహా సూపపర్ mr khan హింందూ దేవతతలను అన్న వారిితో కూడా క్షమమాపణ చెప్పిించండి అప్పపుడే మీ నిజాయయితీ ని నమ్ముుతా.,ఆహా సూపర్ mr khaan హిందూ దేతలతను అన్్న వాితిో కూడడా క్మామపణ చెప్ింిచండి అపపుపడే మీ నిజయియతీ ని నమ్ుతుా.
641,Chala worst ga undi,hate,Latin/Romanized,Chala worst ga undi,Chala worst ga undi,Chala worst ga undi,Chala worst ga undi,Chaala worrst ga undi,Chala worst ga unddi
642,kcr niku baga ekkuva ayidhi anni moukni cm avvu next karre mukku ki cm endhuku ra lanje boss,hate,Latin/Romanized,kcr niku baga ekkuva ayidhi anni moukni cm avvu next karre mukku ki cm endhuku ra lanje boss,kcr niku baga ekkuva ayidhi anni moukni cm avvu next karre mukku ki cm endhuku ra lanje boss,kcr niku baga ekkuva ayidhi anni moukni cm avvu next karre mukku ki cm endhuku ra lanje boss,kcr niku baga ekkuva ayidhi anni moukni cm avvu next karre mukku ki cm endhuku ra lanje boss,kcr niku baga ekkuuva ayiddhi anni moukkni cm avvu next karrre mukkku ki cm endhhuku ra lannje boss,kcr nikku bagga ekuvua aydhdi annni moknki cm avvvu nexxt karre mukku ki cm enhuhku ra lanje bosss
643,Nu Track medha untey enni sarlu horn kottidhi ???,non-hate,Latin/Romanized,Nu Track medha untey enni sarlu horn kottidhi ???,Nu Track medha untey enni sarlu horn kottidhi ???,Nu Track medha untey enni sarlu horn kottidhi ???,Nu Track medha untey enni sarlu horn kottidhi ???,Nu Traack meddha unttey enni sarrlu horn kottiidhi ???,Nu Track medha untey ennni sarlu horrn kotidihi ???
644,సిగ్గు లేకుండా తిరుగుతున్నారు ఎమ్ ఆబివుద్ది చేశారని తిరురుగుతున్నారు,hate,Telugu,సిగ్గు లేకుండా తిరుగుతున్నారు ఎమ్ ఆబివుద్ది చేశారని తిరురుగుతున్నారు,saigagau laaekaumdaaa tairaugautaunanaaarau ema aabaivaudadai chaaeshaaaranai tairauraugautaunanaaarau,సిగ్గు లేకుండా తిరుగుతున్నారు ఎమ్ ఆబివుద్ది చేశారని తిరురుగుతున్నారు,saigagau లేకుండా tairaugautaunanaaarau ఎమ్ aabaivaudadai చేశారని tairauraugautaunanaaarau,సిగ్్గు లేకుుండా తిరుగుతుున్నారు ఎమ్ ఆబివుుద్ది చేశాారని తిరురుగుతతున్నారు,సి్గ్ు లేుంుడా తిరుగతును్నారు ఎమ్ ఆబిుదు్ది చేారాని తిరురగుతుతన్నారు
645,Miss u sirr.... నిజాన్ని సినిమా లో చక్కగా చూపించారు.... గ్రేట్ లెజెండ్,non-hate,Mixed,Miss u sirr.... నిజాన్ని సినిమా లో చక్కగా చూపించారు.... గ్రేట్ లెజెండ్,Miss u sirr.... naijaaananai sainaimaaa laoo chakakagaaa chaoopaimchaaarau.... garaaeta laejaemda,Miss u sirr.... నిజాన్ని సినిమా లో చక్కగా చూపించారు.... గ్రేట్ లెజెండ్,Miss u sirr.... నిజాన్ని sainaimaaa లో chakakagaaa చూపించారు.... garaaeta లెజెండ్,Miss u sirr..... నిజానన్ని సినిిమా లో చక్కకగా చూపించాారు.... గ్రేేట్ లెజెెండ్,Misss u sir..... నిజన్నని సిిమిా లో చకకగకా చూపిచారాు.... గ్ేటే్ లెెంెడ్
646,ఈ పాదయాత్ర అయిపోయిన  తర్వాత ఆ 80 కంటెర్నర్లు అసలు ఉండడానికి ఇళ్లు లేనివారికి ఇవ్వండి,non-hate,Telugu,ఈ పాదయాత్ర అయిపోయిన  తర్వాత ఆ 80 కంటెర్నర్లు అసలు ఉండడానికి ఇళ్లు లేనివారికి ఇవ్వండి,ee paaadayaaatara ayaipaooyaina taravaaata aa 80 kamtaeranaralau asalau umdadaaanaikai ilalau laaenaivaaaraikai ivavamdai,ఈ పాదయాత్ర అయిపోయిన  తర్వాత ఆ 80 కంటెర్నర్లు అసలు ఉండడానికి ఇళ్లు లేనివారికి ఇవ్వండి,ee పాదయాత్ర ayaipaooyaina తర్వాత aa 80 kamtaeranaralau అసలు umdadaaanaikai ఇళ్లు laaenaivaaaraikai ఇవ్వండి,ఈ పాదయాాత్ర అయిపోోయిన తర్వవాత ఆ 80 కంటెర్్నర్లు అసలు ఉండడాానికి ఇళ్్లు లేనివాారికి ఇవ్వవండి,ఈ పాదాతా్ర అయిోయోిన తరవావత ఆ 80 కంటె్న్ర్లు అసలలు ఉండానాికి ఇళ్లు లేనవారాికి ఇవవంవడి
647,Mentel gadini tesuku vachi kurcho pettukunnaru enti anker garu,hate,Latin/Romanized,Mentel gadini tesuku vachi kurcho pettukunnaru enti anker garu,Mentel gadini tesuku vachi kurcho pettukunnaru enti anker garu,Mentel gadini tesuku vachi kurcho pettukunnaru enti anker garu,Mentel gadini tesuku vachi kurcho pettukunnaru enti anker garu,Menttel gadiini tesuuku vacchi kurccho pettukuunnaru enti ankker garu,Metetl gainii teukuu vachi kuchco pettkununaru entti anker garru
648,ఈ అమ్మాయి సిగ్గు లేకుండా ఇంకా కావరింగ్ ఒకటి,hate,Telugu,ఈ అమ్మాయి సిగ్గు లేకుండా ఇంకా కావరింగ్ ఒకటి,ee amamaaayai saigagau laaekaumdaaa imkaaa kaaavaraimga okatai,ఈ అమ్మాయి సిగ్గు లేకుండా ఇంకా కావరింగ్ ఒకటి,ee అమ్మాయి saigagau లేకుండా imkaaa కావరింగ్ okatai,ఈ అమ్మమాయి సిగ్్గు లేకుుండా ఇంకా కావరిింగ్ ఒకటి,ఈ అమమామయి సి్గ్ు లేుంుడా ఇంకకా కావింిగ్ ఒకటటి
649,నిమాటలు కడుపుకి అనం తినేవాడు ఎవరు నమరు జై హర్ష జై హర్ష హర్ష,hate,Telugu,నిమాటలు కడుపుకి అనం తినేవాడు ఎవరు నమరు జై హర్ష జై హర్ష హర్ష,naimaaatalau kadaupaukai anam tainaaevaaadau evarau namarau jaai harasha jaai harasha harasha,నిమాటలు కడుపుకి అనం తినేవాడు ఎవరు నమరు జై హర్ష జై హర్ష హర్ష,naimaaatalau కడుపుకి anam తినేవాడు evarau నమరు jaai హర్ష jaai హర్ష harasha,నిమాాటలు కడుపపుకి అనం తినేవవాడు ఎవరు నమరు జై హర్ష జై హర్ష హర్ష,నిాటాలు కడపుపకి అనం తినవావడు ఎవరరు నమరరు జై హర్్ష జై హర్్ష హర్్ష
650,nupur sharama  rape cheshi dengutha,hate,Latin/Romanized,nupur sharama  rape cheshi dengutha,nupur sharama rape cheshi dengutha,nupur sharama  rape cheshi dengutha,nupur sharama rape cheshi dengutha,nuppur sharrama rape chesshi denguutha,nupur shrarma rappe chshsi denutuha
651,Acting super undhi ga bro just story lo dammu ledh,non-hate,Latin/Romanized,Acting super undhi ga bro just story lo dammu ledh,Acting super undhi ga bro just story lo dammu ledh,Acting super undhi ga bro just story lo dammu ledh,Acting super undhi ga bro just story lo dammu ledh,Actiing supper unddhi ga bro just stoory lo dammmu ledh,Acinig super undhi ga bro jusst story lo dammu leddh
652,అన్ని తెలుగు ప్రాంతాల నాయకులు ఇలానే వున్నారు... లోఫర్స్.... తప్పు మనది... మనకు సిగ్గుండాలి ఇలాంటి నాయకులను ఎన్నుకున్నందుకు...తు…,hate,Telugu,అన్ని తెలుగు ప్రాంతాల నాయకులు ఇలానే వున్నారు... లోఫర్స్.... తప్పు మనది... మనకు సిగ్గుండాలి ఇలాంటి నాయకులను ఎన్నుకున్నందుకు...తు…,ananai taelaugau paraaamtaaala naaayakaulau ilaaanaae vaunanaaarau... laoopharasa.... tapapau manadai... manakau saigagaumdaaalai ilaaamtai naaayakaulanau enanaukaunanamdaukau...tau…,అన్ని తెలుగు ప్రాంతాల నాయకులు ఇలానే వున్నారు... లోఫర్స్.... తప్పు మనది... మనకు సిగ్గుండాలి ఇలాంటి నాయకులను ఎన్నుకున్నందుకు...తు…,ananai తెలుగు paraaamtaaala నాయకులు ilaaanaae వున్నారు... laoopharasa.... తప్పు manadai... మనకు saigagaumdaaalai ఇలాంటి naaayakaulanau ఎన్నుకున్నందుకు...తు…,అన్్ని తెలుుగు ప్రాంంతాల నాయకకులు ఇలాానే వున్నాారు... లోఫర్సస్.... తప్్పు మనదిి... మనకు సిగ్గుుండాలి ఇలాంంటి నాయకుులను ఎన్నుకున్నంందుకు...తు…,అన్ని తెుగుు ప్రంతంాల నాకుకలు ఇలానే వున్ారాు... లోఫరస్స.... తప్పు మని.ి.. మనకకు సిగ్ుంుడాలి ఇలంటంి నాయులును ఎన్నుకు్నందంుకు...తు…
653,"Broooooooooooooooo  chala mandiki untai pailsu, neku vachindi movie lo chancesu pola adiri pola , all the best bro",non-hate,Latin/Romanized,"Broooooooooooooooo  chala mandiki untai pailsu, neku vachindi movie lo chancesu pola adiri pola , all the best bro","Broooooooooooooooo chala mandiki untai pailsu, neku vachindi movie lo chancesu pola adiri pola , all the best bro","Broooooooooooooooo  chala mandiki untai pailsu, neku vachindi movie lo chancesu pola adiri pola , all the best bro","Broooooooooooooooo chala mandiki untai pailsu, neku vachindi movie lo chancesu pola adiri pola , all the best bro","Brooooooooooooooooo chaala manddiki unttai paillsu, neku vachiindi movvie lo chanccesu pola adiiri pola , all the best bro","Broooooooooooooooo chala madidki untai palslu, nekku vacinidi movie lo chacecsu polla adiri polla , all the besst bro"
654,me koduku ki eva ra poka,hate,Latin/Romanized,me koduku ki eva ra poka,me koduku ki eva ra poka,me koduku ki eva ra poka,me koduku ki eva ra poka,me koduuku ki eva ra poka,me koukuu ki eva ra pokka
655,అన్ని ఇచ్చేయాల్సింది బ్రదర్ ఒంటి మీద ఏమి లేకుండా sigu lenu edava laga,hate,Mixed,అన్ని ఇచ్చేయాల్సింది బ్రదర్ ఒంటి మీద ఏమి లేకుండా sigu lenu edava laga,ananai ichachaaeyaaalasaimdai baradara omtai maeeda aemai laaekaumdaaa sigu lenu edava laga,అన్ని ఇచ్చేయాల్సింది బ్రదర్ ఒంటి మీద ఏమి లేకుండా sigu lenu edava laga,ananai ఇచ్చేయాల్సింది baradara ఒంటి maeeda ఏమి laaekaumdaaa sigu lenu edava laga,అన్్ని ఇచ్చేయాలల్సింది బ్రదదర్ ఒంటి మీద ఏమి లేకుుండా sigu lenu edaava laga,అన్ని ఇచ్చేాల్లసింది బ్దరద్ ఒంటటి మీద ఏమి లేుంుడా siggu lennu edava lagga
656,"పాలు, పెరుగు, పువ్వులు కెసిఆర్ ఫామ్ హౌస్ లో అమ్మినవ్ అది అందరికి తెలిసిన విషయమే",non-hate,Telugu,"పాలు, పెరుగు, పువ్వులు కెసిఆర్ ఫామ్ హౌస్ లో అమ్మినవ్ అది అందరికి తెలిసిన విషయమే","paaalau, paeraugau, pauvavaulau kaesaiaara phaaama haausa laoo amamainava adai amdaraikai taelaisaina vaishayamaae","పాలు, పెరుగు, పువ్వులు కెసిఆర్ ఫామ్ హౌస్ లో అమ్మినవ్ అది అందరికి తెలిసిన విషయమే","paaalau, పెరుగు, pauvavaulau కెసిఆర్ phaaama హౌస్ laoo అమ్మినవ్ adai అందరికి taelaisaina విషయమే","పాలలు, పెరుుగు, పువ్వవులు కెసిిఆర్ ఫామ్ హౌస్ లో అమ్మిినవ్ అది అందరరికి తెలిిసిన విషయయమే","పాలు, పెుగుు, పువవువలు కెిఆిర్ ఫామమ్ హౌసస్ లో అమ్ినివ్ అది అంరిరకి తెిసిిన వియమయే"
657,Ramu inner peeling : night ki gunta tho dengulata ki set ipoyindi,hate,Latin/Romanized,Ramu inner peeling : night ki gunta tho dengulata ki set ipoyindi,Ramu inner peeling : night ki gunta tho dengulata ki set ipoyindi,Ramu inner peeling : night ki gunta tho dengulata ki set ipoyindi,Ramu inner peeling : night ki gunta tho dengulata ki set ipoyindi,Ramu innner peelling : nigght ki gunnta tho denguulata ki set ipoyiindi,Rammu inner pelilng : night ki gunta tho denuluata ki set ipoinidi
658,Enti Puri nuvvu entha knowledge gain chestavu.,non-hate,Latin/Romanized,Enti Puri nuvvu entha knowledge gain chestavu.,Enti Puri nuvvu entha knowledge gain chestavu.,Enti Puri nuvvu entha knowledge gain chestavu.,Enti Puri nuvvu entha knowledge gain chestavu.,Enti Puri nuvvvu enttha knowlledge gain chesttavu.,Entti Purri nuvvu entha knoleldge gaiin chetatvu.
659,Apara thagubothu abbati,hate,Latin/Romanized,Apara thagubothu abbati,Apara thagubothu abbati,Apara thagubothu abbati,Apara thagubothu abbati,Apaara thagubbothu abbaati,Apara thaubobthu abatai
660,రోజు ఈ సాంగ్ వింటాను నా రింగ్ టోన్ ఇదే అన్న సూపర్ సాంగ్,non-hate,Telugu,రోజు ఈ సాంగ్ వింటాను నా రింగ్ టోన్ ఇదే అన్న సూపర్ సాంగ్,raoojau ee saaamga vaimtaaanau naaa raimga taoona idaae anana saoopara saaamga,రోజు ఈ సాంగ్ వింటాను నా రింగ్ టోన్ ఇదే అన్న సూపర్ సాంగ్,raoojau ఈ saaamga వింటాను naaa రింగ్ taoona ఇదే anana సూపర్ saaamga,రోజు ఈ సాంంగ్ వింటటాను నా రింంగ్ టోన్ ఇదే అన్న సూపపర్ సాంంగ్,రోజజు ఈ సాంగ్ విటాటను నా రింగ్ టోనన్ ఇదే అన్్న సూపర్ సాంగ్
661,ఇంత చక్కటి సినిమా తీసినందు మీకు ఎలా కృతజ్ఞతలు చెప్పాలో అర్థం కావటం లెదు.. ఈ  classic movie చరిత్ర lo నిలిచిపోతుంది,non-hate,Mixed,ఇంత చక్కటి సినిమా తీసినందు మీకు ఎలా కృతజ్ఞతలు చెప్పాలో అర్థం కావటం లెదు.. ఈ  classic movie చరిత్ర lo నిలిచిపోతుంది,imta chakakatai sainaimaaa taeesainamdau maeekau elaaa karutajanyatalau chaepapaaalaoo aratham kaaavatam laedau.. ee classic movie charaitara lo nailaichaipaootaumdai,ఇంత చక్కటి సినిమా తీసినందు మీకు ఎలా కృతజ్ఞతలు చెప్పాలో అర్థం కావటం లెదు.. ఈ  classic movie చరిత్ర lo నిలిచిపోతుంది,imta చక్కటి sainaimaaa తీసినందు maeekau ఎలా karutajanyatalau చెప్పాలో aratham కావటం laedau.. ఈ classic movie charaitara lo nailaichaipaootaumdai,ఇంత చక్కకటి సినిిమా తీసిననందు మీకు ఎలా కృతజ్్ఞతలు చెప్పపాలో అర్్థం కావవటం లెదుు.. ఈ classsic movvie చరితత్ర lo నిలిచిపపోతుంది,ఇంత చకకటకి సిిమిా తీసనంనదు మీకకు ఎలా కృత్ఞ్తలు చెపపాపలో అర్థం కావటం లెు.ు. ఈ clsssic movie చరత్తర lo నిలిిపోపతుంది
662,Samantha script selection lo acting scope roles choose cheskuntundi,non-hate,Latin/Romanized,Samantha script selection lo acting scope roles choose cheskuntundi,Samantha script selection lo acting scope roles choose cheskuntundi,Samantha script selection lo acting scope roles choose cheskuntundi,Samantha script selection lo acting scope roles choose cheskuntundi,Samanntha scriipt selecction lo actiing scoope rolles chooose cheskunntundi,Samntnha scipit selctcion lo acinig scope roles chosoe chesuntnundi
663,నువ్వు ఏమి పని మీద వచ్చావు నువ్వు ఏది matlduthunvu ముందు mlc ni arest చెయ్యండి,hate,Mixed,నువ్వు ఏమి పని మీద వచ్చావు నువ్వు ఏది matlduthunvu ముందు mlc ni arest చెయ్యండి,nauvavau aemai panai maeeda vachachaaavau nauvavau aedai matlduthunvu maumdau mlc ni arest chaeyayamdai,నువ్వు ఏమి పని మీద వచ్చావు నువ్వు ఏది matlduthunvu ముందు mlc ni arest చెయ్యండి,nauvavau ఏమి panai మీద vachachaaavau నువ్వు aedai matlduthunvu maumdau mlc ni arest chaeyayamdai,నువ్్వు ఏమి పని మీద వచ్చచావు నువ్్వు ఏది matldutthunvu ముంందు mlc ni areest చెయ్యయండి,ను్వ్ు ఏమి పని మీద వచచాచవు ను్వ్ు ఏది matluthtunvu ముందు mlc ni arest చెయయంయడి
664,Evadentha echaru neeku dabbulu bewerse yadavalraa,hate,Latin/Romanized,Evadentha echaru neeku dabbulu bewerse yadavalraa,Evadentha echaru neeku dabbulu bewerse yadavalraa,Evadentha echaru neeku dabbulu bewerse yadavalraa,Evadentha echaru neeku dabbulu bewerse yadavalraa,Evadeentha echaaru neeeku dabbbulu beweerse yadavaalraa,Evaenetha ecarau neeku dabublu beerese yadvalaraa
665,"Assaminchani suryudu ma paritala ravanna, champi chindhi nuvu nikodukey, andukey ni maranam uhathitham.",hate,Latin/Romanized,"Assaminchani suryudu ma paritala ravanna, champi chindhi nuvu nikodukey, andukey ni maranam uhathitham.","Assaminchani suryudu ma paritala ravanna, champi chindhi nuvu nikodukey, andukey ni maranam uhathitham.","Assaminchani suryudu ma paritala ravanna, champi chindhi nuvu nikodukey, andukey ni maranam uhathitham.","Assaminchani suryudu ma paritala ravanna, champi chindhi nuvu nikodukey, andukey ni maranam uhathitham.","Assaminnchani suryyudu ma parittala ravannna, chammpi chinndhi nuvu nikoduukey, anduukey ni maraanam uhathiitham.","Assaincnhani suyuydu ma partatla ravnnna, chmpmi chndnhi nuvvu nikdukuey, anukuey ni maanaam uhatitiham."
666,ఒక ప్రజా ప్రతినిధి హోదాలో ఉండి ఇంత దిగజారి మాట్లాడే సంస్కృతి ఈ మధ్య చాలా ఎక్కువైంది,non-hate,Telugu,ఒక ప్రజా ప్రతినిధి హోదాలో ఉండి ఇంత దిగజారి మాట్లాడే సంస్కృతి ఈ మధ్య చాలా ఎక్కువైంది,oka parajaaa paratainaidhai haoodaaalaoo umdai imta daigajaaarai maaatalaaadaae samsakarutai ee madhaya chaaalaaa ekakauvaaimdai,ఒక ప్రజా ప్రతినిధి హోదాలో ఉండి ఇంత దిగజారి మాట్లాడే సంస్కృతి ఈ మధ్య చాలా ఎక్కువైంది,oka ప్రజా paratainaidhai హోదాలో umdai ఇంత daigajaaarai మాట్లాడే samsakarutai ఈ madhaya చాలా ekakauvaaimdai,ఒక ప్రరజా ప్రతిినిధి హోదాాలో ఉండి ఇంత దిగజజారి మాట్లలాడే సంస్కకృతి ఈ మధ్య చాలా ఎక్కువవైంది,ఒక ప్రజా ప్రినిిధి హోాలాో ఉండడి ఇంత దిజాజరి మాటలాలడే సంసకృకతి ఈ మధ్్య చాలలా ఎక్ువైవంది
667,Super concept inka music chala bagundhi short film kuda chala bagundhi,non-hate,Latin/Romanized,Super concept inka music chala bagundhi short film kuda chala bagundhi,Super concept inka music chala bagundhi short film kuda chala bagundhi,Super concept inka music chala bagundhi short film kuda chala bagundhi,Super concept inka music chala bagundhi short film kuda chala bagundhi,Supper conccept inka mussic chaala bagunndhi shoort film kuda chaala bagunndhi,Super cocecpt inkka music chala bagndnhi short fillm kudda chala bagndnhi
668,sky kohili valle india semis ki vachindhi,non-hate,Latin/Romanized,sky kohili valle india semis ki vachindhi,sky kohili valle india semis ki vachindhi,sky kohili valle india semis ki vachindhi,sky kohili valle india semis ki vachindhi,sky kohiili vallle inddia semmis ki vachiindhi,sky koilii valle india semis ki vacinidhi
669,వీడు పోటీచేస్తే వార్డు నెంబర్ కూడా గెలవడు వీడు చంద్రబాబు నాయుడు గారిని టార్గెట్ పెట్టుకొని తెలంగాణలో చెంప దెబ్బలు తిన్నాడు,non-hate,Telugu,వీడు పోటీచేస్తే వార్డు నెంబర్ కూడా గెలవడు వీడు చంద్రబాబు నాయుడు గారిని టార్గెట్ పెట్టుకొని తెలంగాణలో చెంప దెబ్బలు తిన్నాడు,vaeedau paootaeechaaesataae vaaaradau naembara kaoodaaa gaelavadau vaeedau chamdarabaaabau naaayaudau gaaarainai taaaragaeta paetataukaonai taelamgaaanalaoo chaempa daebabalau tainanaaadau,వీడు పోటీచేస్తే వార్డు నెంబర్ కూడా గెలవడు వీడు చంద్రబాబు నాయుడు గారిని టార్గెట్ పెట్టుకొని తెలంగాణలో చెంప దెబ్బలు తిన్నాడు,vaeedau పోటీచేస్తే vaaaradau నెంబర్ kaoodaaa గెలవడు vaeedau చంద్రబాబు naaayaudau గారిని taaaragaeta పెట్టుకొని taelamgaaanalaoo చెంప daebabalau తిన్నాడు,వీడు పోటీచేేస్తే వార్్డు నెంబబర్ కూడా గెలవవడు వీడు చంద్రరబాబు నాయుుడు గారిిని టార్గగెట్ పెట్టుుకొని తెలంగగాణలో చెంప దెబ్్బలు తిన్ననాడు,వీడడు పోటచేసే్తే వా్డ్ు నెబరబ్ కూడడా గెవడవు వీడడు చందరబరాబు నాుడుు గాినిి టారగెగట్ పెటటుకుొని తెలగాగణలో చెంంప దె్బ్లు తిననానడు
670,Nivu kcr tho thov ra chilka,non-hate,Latin/Romanized,Nivu kcr tho thov ra chilka,Nivu kcr tho thov ra chilka,Nivu kcr tho thov ra chilka,Nivu kcr tho thov ra chilka,Nivu kcr tho thov ra chillka,Nivvu kcr tho thoov ra chlkla
671,Babulake Baabu Super star Mahesh Baabu,non-hate,Latin/Romanized,Babulake Baabu Super star Mahesh Baabu,Babulake Baabu Super star Mahesh Baabu,Babulake Baabu Super star Mahesh Baabu,Babulake Baabu Super star Mahesh Baabu,Babullake Baaabu Supper star Maheesh Baaabu,Bablalke Baabu Super staar Maeseh Baabu
672,Anna nv thopu neki sati yevaru leru,non-hate,Latin/Romanized,Anna nv thopu neki sati yevaru leru,Anna nv thopu neki sati yevaru leru,Anna nv thopu neki sati yevaru leru,Anna nv thopu neki sati yevaru leru,Anna nv thoopu neki sati yevaaru leru,Annna nv thopu nekki satti yearau lerru
673,రోజ నువ్వూ ఆ ఇకలు పికడనికి తప్పా దేనికి పనికిరావు,hate,Telugu,రోజ నువ్వూ ఆ ఇకలు పికడనికి తప్పా దేనికి పనికిరావు,raooja nauvavaoo aa ikalau paikadanaikai tapapaaa daaenaikai panaikairaaavau,రోజ నువ్వూ ఆ ఇకలు పికడనికి తప్పా దేనికి పనికిరావు,raooja నువ్వూ aa ఇకలు paikadanaikai తప్పా daaenaikai పనికిరావు,రోజ నువ్్వూ ఆ ఇకలు పికడననికి తప్్పా దేనిికి పనికిిరావు,రోజ ను్వ్ూ ఆ ఇకలలు పికనినకి తప్పా దేికిి పనిిరిావు
674,BJY chaala manchi concept,non-hate,Latin/Romanized,BJY chaala manchi concept,BJY chaala manchi concept,BJY chaala manchi concept,BJY chaala manchi concept,BJY chaaala mancchi conccept,BJY chalaa machci cocecpt
675,Idhi language class aa Leda mimicry artist class aa,hate,Latin/Romanized,Idhi language class aa Leda mimicry artist class aa,Idhi language class aa Leda mimicry artist class aa,Idhi language class aa Leda mimicry artist class aa,Idhi language class aa Leda mimicry artist class aa,Idhi languuage claass aa Leda mimiicry artiist claass aa,Idhhi lanuauge class aa Ledda miiciry arisit class aa
676,Nuvvu king mawa,non-hate,Latin/Romanized,Nuvvu king mawa,Nuvvu king mawa,Nuvvu king mawa,Nuvvu king mawa,Nuvvvu king mawa,Nuvvu kinng mawwa
677,Arey budder khan nuvvu asalu,hate,Latin/Romanized,Arey budder khan nuvvu asalu,Arey budder khan nuvvu asalu,Arey budder khan nuvvu asalu,Arey budder khan nuvvu asalu,Arey buddder khan nuvvvu asaalu,Areey budedr khaan nuvvu asalu
678,మహేష్ బాబు ఈ రేంజ్ లో నవ్వడం ఇప్పటి వరకు ఇదే మొదటి సారి. Big thanks to Sathi anna.,non-hate,Mixed,మహేష్ బాబు ఈ రేంజ్ లో నవ్వడం ఇప్పటి వరకు ఇదే మొదటి సారి. Big thanks to Sathi anna.,mahaaesha baaabau ee raaemja laoo navavadam ipapatai varakau idaae maodatai saaarai. Big thanks to Sathi anna.,మహేష్ బాబు ఈ రేంజ్ లో నవ్వడం ఇప్పటి వరకు ఇదే మొదటి సారి. Big thanks to Sathi anna.,mahaaesha బాబు ee రేంజ్ laoo నవ్వడం ipapatai వరకు idaae మొదటి saaarai. Big thanks to Sathi anna.,మహేేష్ బాబు ఈ రేంంజ్ లో నవ్వవడం ఇప్పపటి వరకు ఇదే మొదదటి సారరి. Big thannks to Satthi annna.,మహేష్ బాబబు ఈ రేంజ్ లో నవవడవం ఇపపటపి వరకకు ఇదే మొదటి సారి. Big thnkns to Sathi anna.
679,జనాలు లేరు బోచ్చు లేరు అంతా అంబక్,hate,Telugu,జనాలు లేరు బోచ్చు లేరు అంతా అంబక్,janaaalau laaerau baoochachau laaerau amtaaa ambaka,జనాలు లేరు బోచ్చు లేరు అంతా అంబక్,janaaalau లేరు baoochachau లేరు amtaaa అంబక్,జనాాలు లేరు బోచ్్చు లేరు అంతా అంబబక్,జనాలు లేరరు బో్చ్ు లేరరు అంతతా అంబక్
680,"​వైసీపీ, బిజేపి ఒకటే. రెండు పార్టీలు understandig.జగన్ గారు ఇక్కడ గట్టిగా అరిస్తే అపోజిషన్ రేపు డిబేట్ లో సీఎం గారు అడగలేదు అని అంటారు.అంతకు మించి ఏమీ లేదు.",hate,Mixed,"​వైసీపీ, బిజేపి ఒకటే. రెండు పార్టీలు understandig.జగన్ గారు ఇక్కడ గట్టిగా అరిస్తే అపోజిషన్ రేపు డిబేట్ లో సీఎం గారు అడగలేదు అని అంటారు.అంతకు మించి ఏమీ లేదు.","​vaaisaeepaee, baijaaepai okataae. raemdau paaarataeelau understandig.jagana gaaarau ikakada gatataigaaa araisataae apaoojaishana raaepau daibaaeta laoo saeeem gaaarau adagalaaedau anai amtaaarau.amtakau maimchai aemaee laaedau.","​వైసీపీ, బిజేపి ఒకటే. రెండు పార్టీలు understandig.జగన్ గారు ఇక్కడ గట్టిగా అరిస్తే అపోజిషన్ రేపు డిబేట్ లో సీఎం గారు అడగలేదు అని అంటారు.అంతకు మించి ఏమీ లేదు.","​vaaisaeepaee, బిజేపి okataae. రెండు paaarataeelau understandig.జగన్ gaaarau ఇక్కడ gatataigaaa అరిస్తే apaoojaishana రేపు daibaaeta లో saeeem గారు adagalaaedau అని amtaaarau.amtakau మించి aemaee లేదు.","​వైసీీపీ, బిజేేపి ఒకటటే. రెంండు పార్టటీలు understanndig.జగన్ గారు ఇక్్కడ గట్టటిగా అరిసస్తే అపోజిిషన్ రేపు డిబేేట్ లో సీఎం గారు అడగలలేదు అని అంటారు..అంతకు మింంచి ఏమీ లేదదు.","​వైీపీీ, బిేపేి ఒకటే. రెండు పారటీటలు undersandnig.జగన్ గారరు ఇక్కడ గటటిటగా అరస్సతే అపోిషిన్ రేపపు డిేటే్ లో సీఎఎం గారరు అడలేలదు అని అంటాు.అ.ంతకు మించి ఏమీ లేదు."
681,"90ml సీఎం, నీకు హిందువులు అంటే ఎందుకు అంత చులకన,",hate,Mixed,"90ml సీఎం, నీకు హిందువులు అంటే ఎందుకు అంత చులకన,","90ml saeeem, naeekau haimdauvaulau amtaae emdaukau amta chaulakana,","90ml సీఎం, నీకు హిందువులు అంటే ఎందుకు అంత చులకన,","90ml సీఎం, naeekau హిందువులు amtaae ఎందుకు amta చులకన,","90ml సీఎఎం, నీకు హిందుువులు అంటే ఎందుుకు అంత చులకకన,","90mml సీఎం, నీకకు హింువుులు అంటటే ఎంుకుు అంత చుకనక,"
682,Ila suitcaselu petti mosam cheyatam kanna afrer results vachaka prize money la petti untey best ga endhuko ee mosalu,hate,Latin/Romanized,Ila suitcaselu petti mosam cheyatam kanna afrer results vachaka prize money la petti untey best ga endhuko ee mosalu,Ila suitcaselu petti mosam cheyatam kanna afrer results vachaka prize money la petti untey best ga endhuko ee mosalu,Ila suitcaselu petti mosam cheyatam kanna afrer results vachaka prize money la petti untey best ga endhuko ee mosalu,Ila suitcaselu petti mosam cheyatam kanna afrer results vachaka prize money la petti untey best ga endhuko ee mosalu,Ila suitcaaselu pettti mossam cheyaatam kannna afrrer resuults vachhaka priize monney la pettti unttey best ga endhhuko ee mosaalu,Ila suicasaelu petti mosam cheataam kanna afrer reuluts vahahka prize money la petti untey besst ga enhuhko ee moalau
683,Ycp Gunda na kodakalara randra chuskundham,hate,Latin/Romanized,Ycp Gunda na kodakalara randra chuskundham,Ycp Gunda na kodakalara randra chuskundham,Ycp Gunda na kodakalara randra chuskundham,Ycp Gunda na kodakalara randra chuskundham,Ycp Gunnda na kodakaalara randdra chuskuundham,Ycp Gunda na kodkalaara radrda chusunudham
684,From recent 3 months iam addicted to your videos anna. Your way of explaining and slang is very nice,non-hate,Latin/Romanized,From recent 3 months iam addicted to your videos anna. Your way of explaining and slang is very nice,From recent 3 months iam addicted to your videos anna. Your way of explaining and slang is very nice,From recent 3 months iam addicted to your videos anna. Your way of explaining and slang is very nice,From recent 3 months iam addicted to your videos anna. Your way of explaining and slang is very nice,From receent 3 montths iam addiccted to your videeos annna. Your way of explaiining and slaang is very nice,Froom reenet 3 mothts iam addctced to youur vieoes anna. Youur way of expainiing and slang is verry nicce
685,​pavan anna madagudu ra ani cheppa,non-hate,Latin/Romanized,​pavan anna madagudu ra ani cheppa,​pavan anna madagudu ra ani cheppa,​pavan anna madagudu ra ani cheppa,​pavan anna madagudu ra ani cheppa,​pavvan anna madaggudu ra ani chepppa,​pvavn annna madgugdu ra ani chpppa
686,నీ ఇంటర్వ్యూ అన్నిటిలో నాకు నచ్చిన ఇంటర్వ్యూ ఇది ఒక్కటే అన్న,non-hate,Telugu,నీ ఇంటర్వ్యూ అన్నిటిలో నాకు నచ్చిన ఇంటర్వ్యూ ఇది ఒక్కటే అన్న,naee imtaravayaoo ananaitailaoo naaakau nachachaina imtaravayaoo idai okakataae anana,నీ ఇంటర్వ్యూ అన్నిటిలో నాకు నచ్చిన ఇంటర్వ్యూ ఇది ఒక్కటే అన్న,naee ఇంటర్వ్యూ ananaitailaoo నాకు nachachaina ఇంటర్వ్యూ idai ఒక్కటే anana,నీ ఇంటర్్వ్యూ అన్నిిటిలో నాకు నచ్చచిన ఇంటర్్వ్యూ ఇది ఒక్కకటే అన్న,నీ ఇంట్వ్్యూ అన్ిటిిలో నాకకు నచచిచన ఇంట్వ్్యూ ఇది ఒకకటకే అన్్న
687,"ఆంధ్రప్రదేశ్ కొండలు, గుట్టలు కబ్జా మాఫియా డాన్ జగ్గు భాయ్",hate,Telugu,"ఆంధ్రప్రదేశ్ కొండలు, గుట్టలు కబ్జా మాఫియా డాన్ జగ్గు భాయ్","aamdharaparadaaesha kaomdalau, gautatalau kabajaaa maaaphaiyaaa daaana jagagau bhaaaya","ఆంధ్రప్రదేశ్ కొండలు, గుట్టలు కబ్జా మాఫియా డాన్ జగ్గు భాయ్","aamdharaparadaaesha కొండలు, gautatalau కబ్జా maaaphaiyaaa డాన్ jagagau భాయ్","ఆంధ్రప్్రదేశ్ కొండడలు, గుట్్టలు కబ్్జా మాఫిియా డాన్ జగ్్గు భాయ్","ఆంధ్ప్ర్దేశ్ కొడలడు, గు్ట్లు కబ్జా మాియిా డానన్ జగ్గు భాయయ్"
688,Paniki malina chana,hate,Latin/Romanized,Paniki malina chana,Paniki malina chana,Paniki malina chana,Paniki malina chana,Paniiki maliina chaana,Paikii mainia chana
689,ఈ పాట అంటే ఎంతమందికి ఇష్టం,non-hate,Telugu,ఈ పాట అంటే ఎంతమందికి ఇష్టం,ee paaata amtaae emtamamdaikai ishatam,ఈ పాట అంటే ఎంతమందికి ఇష్టం,ee పాట amtaae ఎంతమందికి ishatam,ఈ పాట అంటే ఎంతమంందికి ఇష్్టం,ఈ పాట అంటటే ఎంతందంికి ఇష్టం
690,Stage ekkithe chalu sollu,hate,Latin/Romanized,Stage ekkithe chalu sollu,Stage ekkithe chalu sollu,Stage ekkithe chalu sollu,Stage ekkithe chalu sollu,Staage ekkiithe chaalu solllu,Stage ekitihe chalu sollu
691,"Starting lo full cover aiye vesedi dresses, rating kosam ippudu Air free",hate,Latin/Romanized,"Starting lo full cover aiye vesedi dresses, rating kosam ippudu Air free","Starting lo full cover aiye vesedi dresses, rating kosam ippudu Air free","Starting lo full cover aiye vesedi dresses, rating kosam ippudu Air free","Starting lo full cover aiye vesedi dresses, rating kosam ippudu Air free","Startting lo full covver aiye veseedi dressses, ratiing kossam ippuudu Air free","Statitng lo fulll cover aiyye veedei dresess, rainig kosam ipuduu Air freee"
692,memu videos chusthe kani meku annam kuda dorakadhu alantappudu mammilini yedavalu ni chesi anukoku ra nayana sollu apu,hate,Latin/Romanized,memu videos chusthe kani meku annam kuda dorakadhu alantappudu mammilini yedavalu ni chesi anukoku ra nayana sollu apu,memu videos chusthe kani meku annam kuda dorakadhu alantappudu mammilini yedavalu ni chesi anukoku ra nayana sollu apu,memu videos chusthe kani meku annam kuda dorakadhu alantappudu mammilini yedavalu ni chesi anukoku ra nayana sollu apu,memu videos chusthe kani meku annam kuda dorakadhu alantappudu mammilini yedavalu ni chesi anukoku ra nayana sollu apu,memu videeos chussthe kani meku annnam kuda dorakkadhu alantaappudu mammiilini yedavvalu ni cheesi anukkoku ra nayaana solllu apu,memmu vieoes chstshe kanni mekku annam kudda dorkakdhu alanapapudu mamiliini yedvavlu ni chesi ankokku ra naanaa sollu apu
693,Porapatuna cinema bagaledu janalu raledu ante paristiti Vijay:Intlo padukovalsinde,non-hate,Latin/Romanized,Porapatuna cinema bagaledu janalu raledu ante paristiti Vijay:Intlo padukovalsinde,Porapatuna cinema bagaledu janalu raledu ante paristiti Vijay:Intlo padukovalsinde,Porapatuna cinema bagaledu janalu raledu ante paristiti Vijay:Intlo padukovalsinde,Porapatuna cinema bagaledu janalu raledu ante paristiti Vijay:Intlo padukovalsinde,Porapaatuna cineema bagalledu janaalu raleedu ante parisstiti Vijay::Intlo padukovaalsinde,Porpatauna ciemea bagleldu jaalau raedeu antte parstsiti Vija:I:ntlo padukvalasinde
694,అప్పుడు రాజకీయ ఎదుగుదలకు కారకులయిన అద్వానీ గార్ని అవమానించారు. ఇప్పుడు పదవీవిరమణ చేసిన కోవింద్ గారిని అవమానించారు. న్యాయమా మోదీ గారు.,non-hate,Telugu,అప్పుడు రాజకీయ ఎదుగుదలకు కారకులయిన అద్వానీ గార్ని అవమానించారు. ఇప్పుడు పదవీవిరమణ చేసిన కోవింద్ గారిని అవమానించారు. న్యాయమా మోదీ గారు.,apapaudau raaajakaeeya edaugaudalakau kaaarakaulayaina adavaaanaee gaaaranai avamaaanaimchaaarau. ipapaudau padavaeevairamana chaaesaina kaoovaimda gaaarainai avamaaanaimchaaarau. nayaaayamaaa maoodaee gaaarau.,అప్పుడు రాజకీయ ఎదుగుదలకు కారకులయిన అద్వానీ గార్ని అవమానించారు. ఇప్పుడు పదవీవిరమణ చేసిన కోవింద్ గారిని అవమానించారు. న్యాయమా మోదీ గారు.,apapaudau రాజకీయ edaugaudalakau కారకులయిన adavaaanaee గార్ని avamaaanaimchaaarau. ఇప్పుడు padavaeevairamana చేసిన kaoovaimda గారిని avamaaanaimchaaarau. న్యాయమా maoodaee గారు.,అప్పపుడు రాజకకీయ ఎదుగుుదలకు కారకుులయిన అద్వవానీ గార్్ని అవమానింంచారు. ఇప్పపుడు పదవీవవిరమణ చేససిన కోవిింద్ గారిిని అవమానింంచారు. న్యాాయమా మోదీ గారరు.,అపపుపడు రాకీకయ ఎదుుదులకు కారులుయిన అదవావనీ గా్న్ి అవమాించంారు. ఇపపుపడు పదవవివరమణ చేసిన కోింిద్ గాినిి అవమాించంారు. న్ాయామా మోదదీ గారు.
695,చిరంజీవి గారు  ఇష్టం లేనప్పుడు  ఆయనతో  ఎందుకు వాయ్స్  ఓవర్ ఎందుకు చేయుంచుకున్నారు మీ సినిమాలో.,hate,Telugu,చిరంజీవి గారు  ఇష్టం లేనప్పుడు  ఆయనతో  ఎందుకు వాయ్స్  ఓవర్ ఎందుకు చేయుంచుకున్నారు మీ సినిమాలో.,chairamjaeevai gaaarau ishatam laaenapapaudau aayanataoo emdaukau vaaayasa oovara emdaukau chaaeyaumchaukaunanaaarau maee sainaimaaalaoo.,చిరంజీవి గారు  ఇష్టం లేనప్పుడు  ఆయనతో  ఎందుకు వాయ్స్  ఓవర్ ఎందుకు చేయుంచుకున్నారు మీ సినిమాలో.,chairamjaeevai గారు ishatam లేనప్పుడు aayanataoo ఎందుకు vaaayasa ఓవర్ emdaukau చేయుంచుకున్నారు maee సినిమాలో.,చిరంజజీవి గారు ఇష్్టం లేనప్్పుడు ఆయననతో ఎందుుకు వాయ్్స్ ఓవర్ ఎందుుకు చేయుంచుకకున్నారు మీ సినిమమాలో.,చిరజీజవి గారరు ఇష్టం లేన్ప్ుడు ఆయనతో ఎంుకుు వా్స్్ ఓవరర్ ఎంుకుు చేయుంుకుకన్నారు మీ సినమామలో.
696,దీనమ్మ రోజ ని ఎవడికైనా చూపించండి రా,hate,Telugu,దీనమ్మ రోజ ని ఎవడికైనా చూపించండి రా,daeenamama raooja nai evadaikaainaaa chaoopaimchamdai raaa,దీనమ్మ రోజ ని ఎవడికైనా చూపించండి రా,daeenamama రోజ nai ఎవడికైనా chaoopaimchamdai రా,దీనమమ్మ రోజ ని ఎవడికకైనా చూపింంచండి రా,దీమ్మమ రోజ ని ఎవడకైకనా చూపంచంండి రా
697,"మేూడి డ్రేస్ ఖరీదు 15 లక్షలు , ఓక్కోక్క  డ్రెస్ కరిదు మరి ఇంత డబ్బు ఎక్కడినుంచి వచ్చాయమ్మ",non-hate,Telugu,"మేూడి డ్రేస్ ఖరీదు 15 లక్షలు , ఓక్కోక్క  డ్రెస్ కరిదు మరి ఇంత డబ్బు ఎక్కడినుంచి వచ్చాయమ్మ","maaeoodai daraaesa kharaeedau 15 lakashalau , ookakaookaka daraesa karaidau marai imta dababau ekakadainaumchai vachachaaayamama","మేూడి డ్రేస్ ఖరీదు 15 లక్షలు , ఓక్కోక్క  డ్రెస్ కరిదు మరి ఇంత డబ్బు ఎక్కడినుంచి వచ్చాయమ్మ","maaeoodai డ్రేస్ kharaeedau 15 lakashalau , ookakaookaka డ్రెస్ karaidau మరి imta డబ్బు ekakadainaumchai వచ్చాయమ్మ","మేూూడి డ్రేేస్ ఖరీీదు 15 లక్షషలు , ఓక్కోోక్క డ్రెెస్ కరిిదు మరి ఇంత డబ్్బు ఎక్కడిినుంచి వచ్చాాయమ్మ","మేూడి డ్ేసే్ ఖరీదు 15 లకషలషు , ఓక్ోకో్క డ్ెసె్ కరిదు మరి ఇంత డబ్బు ఎక్కినిుంచి వచ్ాయామ్మ"
698,Net I pothe google lo ela search chestav ra bevakoof,hate,Latin/Romanized,Net I pothe google lo ela search chestav ra bevakoof,Net I pothe google lo ela search chestav ra bevakoof,Net I pothe google lo ela search chestav ra bevakoof,Net I pothe google lo ela search chestav ra bevakoof,Net I potthe googgle lo ela searrch chesstav ra bevakkoof,Net I pothe goglge lo ela sercrh chstsav ra bevkokof
699,అంబేద్కర్ విలువ మీకు తెలిసినట్టుగా రిజర్వేషన్ తీసుకున్న వ్యక్తులకి తెలియలేదు కనీసం ఇది చూసిన తర్వాత అయినా తెలుస్తుంది,non-hate,Telugu,అంబేద్కర్ విలువ మీకు తెలిసినట్టుగా రిజర్వేషన్ తీసుకున్న వ్యక్తులకి తెలియలేదు కనీసం ఇది చూసిన తర్వాత అయినా తెలుస్తుంది,ambaaedakara vailauva maeekau taelaisainatataugaaa raijaravaaeshana taeesaukaunana vayakataulakai taelaiyalaaedau kanaeesam idai chaoosaina taravaaata ayainaaa taelausataumdai,అంబేద్కర్ విలువ మీకు తెలిసినట్టుగా రిజర్వేషన్ తీసుకున్న వ్యక్తులకి తెలియలేదు కనీసం ఇది చూసిన తర్వాత అయినా తెలుస్తుంది,ambaaedakara విలువ maeekau తెలిసినట్టుగా raijaravaaeshana తీసుకున్న vayakataulakai తెలియలేదు kanaeesam ఇది chaoosaina తర్వాత ayainaaa తెలుస్తుంది,అంబేదద్కర్ విలలువ మీకు తెలిసిననట్టుగా రిజర్వవేషన్ తీసుకకున్న వ్యక్తతులకి తెలియయలేదు కనీీసం ఇది చూససిన తర్వవాత అయిినా తెలుస్్తుంది,అంబద్దకర్ విలువ మీకకు తెలిినటన్టుగా రిజ్వేవషన్ తీసకుకన్న వ్య్తుతలకి తెలయలయేదు కనీసం ఇది చూసిన తరవావత అయినా తెలు్త్ుంది
700,గుడివాడ ప్రజలు ఆలోచన పరులు కానంత వరకు దేవుడు కూడా బాగు చేయలేడు వేడవలకూ పదవులు.,hate,Telugu,గుడివాడ ప్రజలు ఆలోచన పరులు కానంత వరకు దేవుడు కూడా బాగు చేయలేడు వేడవలకూ పదవులు.,gaudaivaaada parajalau aalaoochana paraulau kaaanamta varakau daaevaudau kaoodaaa baaagau chaaeyalaaedau vaaedavalakaoo padavaulau.,గుడివాడ ప్రజలు ఆలోచన పరులు కానంత వరకు దేవుడు కూడా బాగు చేయలేడు వేడవలకూ పదవులు.,gaudaivaaada ప్రజలు aalaoochana పరులు kaaanamta వరకు daaevaudau కూడా baaagau చేయలేడు vaaedavalakaoo పదవులు.,గుడిివాడ ప్రజజలు ఆలోోచన పరుులు కాననంత వరకు దేవుుడు కూడా బాగు చేయలలేడు వేడవవలకూ పదవుులు.,గుివిాడ ప్జలజు ఆలోచన పరులు కానంత వరకకు దేుడుు కూడడా బాగగు చేలేలడు వేవలవకూ పదులుు.
701,మీరు సూపర్ మేడం పట్టుదల ఉంటే ఏదైనా సాధించవచ్చు అని మీరు నిరూపించారు,non-hate,Telugu,మీరు సూపర్ మేడం పట్టుదల ఉంటే ఏదైనా సాధించవచ్చు అని మీరు నిరూపించారు,maeerau saoopara maaedam patataudala umtaae aedaainaaa saaadhaimchavachachau anai maeerau nairaoopaimchaaarau,మీరు సూపర్ మేడం పట్టుదల ఉంటే ఏదైనా సాధించవచ్చు అని మీరు నిరూపించారు,maeerau సూపర్ maaedam పట్టుదల umtaae ఏదైనా saaadhaimchavachachau అని maeerau నిరూపించారు,మీరు సూపపర్ మేడం పట్టటుదల ఉంటే ఏదైైనా సాధించచవచ్చు అని మీరు నిరూపిించారు,మీరరు సూపర్ మేడడం పటటుటదల ఉంటటే ఏదైనా సాధిచవచచ్చు అని మీరరు నిరూింిచారు
702,ఇది frankness నీ బొంద.... అనాగరికం.... సభ్యత సంస్కారం లేని ఒక సైకో వీడు.... గుహల్లో జీవించాల్సిన వాడు.,hate,Mixed,ఇది frankness నీ బొంద.... అనాగరికం.... సభ్యత సంస్కారం లేని ఒక సైకో వీడు.... గుహల్లో జీవించాల్సిన వాడు.,idai frankness naee baomda.... anaaagaraikam.... sabhayata samsakaaaram laaenai oka saaikaoo vaeedau.... gauhalalaoo jaeevaimchaaalasaina vaaadau.,ఇది frankness నీ బొంద.... అనాగరికం.... సభ్యత సంస్కారం లేని ఒక సైకో వీడు.... గుహల్లో జీవించాల్సిన వాడు.,idai frankness naee బొంద.... anaaagaraikam.... సభ్యత samsakaaaram లేని oka సైకో vaeedau.... గుహల్లో jaeevaimchaaalasaina వాడు.,ఇది frankkness నీ బొంద..... అనాగరికకం.... సభ్్యత సంస్కకారం లేని ఒక సైకో వీడు..... గుహలల్లో జీవించాాల్సిన వాడడు.,ఇది fraknkess నీ బొం..... అనాగికంక.... సభ్యత సంసకాకరం లేనని ఒక సైకకో వీడ..... గుల్లలో జీవిచాలా్సిన వాడు.
703,ప్రభుత్వ సొమ్ము ఒక్క రూపాయి కూడా వెనుక  వేసుకోలేదంటే అది APJ అబ్దుల్ కలామ్,non-hate,Mixed,ప్రభుత్వ సొమ్ము ఒక్క రూపాయి కూడా వెనుక  వేసుకోలేదంటే అది APJ అబ్దుల్ కలామ్,parabhautava saomamau okaka raoopaaayai kaoodaaa vaenauka vaaesaukaoolaaedamtaae adai APJ abadaula kalaaama,ప్రభుత్వ సొమ్ము ఒక్క రూపాయి కూడా వెనుక  వేసుకోలేదంటే అది APJ అబ్దుల్ కలామ్,parabhautava సొమ్ము okaka రూపాయి kaoodaaa వెనుక vaaesaukaoolaaedamtaae అది APJ అబ్దుల్ kalaaama,ప్రభుుత్వ సొమ్్ము ఒక్క రూపాాయి కూడా వెననుక వేసుకోలలేదంటే అది APJ అబ్దదుల్ కలాామ్,ప్రుతు్వ సొ్మ్ు ఒక్్క రూాయాి కూడడా వెనుక వేసుోలేలదంటే అది APJ అబదుదల్ కలామ్
704,"డెవిల్ మూవీ కూడా Blockbuster నీకింకా తప్పదు దిగ్విజయం... నందమూరి 3 స్టార్స్  జై ఎన్టీఆర్, జై బాలయ్య, జై రామ్...... జై నందమూరి",non-hate,Mixed,"డెవిల్ మూవీ కూడా Blockbuster నీకింకా తప్పదు దిగ్విజయం... నందమూరి 3 స్టార్స్  జై ఎన్టీఆర్, జై బాలయ్య, జై రామ్...... జై నందమూరి","daevaila maoovaee kaoodaaa Blockbuster naeekaimkaaa tapapadau daigavaijayam... namdamaoorai 3 sataaarasa jaai enataeeaara, jaai baaalayaya, jaai raaama...... jaai namdamaoorai","డెవిల్ మూవీ కూడా Blockbuster నీకింకా తప్పదు దిగ్విజయం... నందమూరి 3 స్టార్స్  జై ఎన్టీఆర్, జై బాలయ్య, జై రామ్...... జై నందమూరి","daevaila మూవీ kaoodaaa Blockbuster naeekaimkaaa తప్పదు daigavaijayam... నందమూరి 3 స్టార్స్ jaai ఎన్టీఆర్, jaai బాలయ్య, jaai రామ్...... jaai నందమూరి","డెవిిల్ మూవీ కూడా Blockbbuster నీకిింకా తప్పపదు దిగ్విజజయం... నందమమూరి 3 స్టారర్స్ జై ఎన్టీీఆర్, జై బాలయయ్య, జై రామ్....... జై నందమమూరి","డెిలి్ మూవవీ కూడడా Blocbubster నీింికా తపపదపు దిగ్ిజయజం... నంమూమరి 3 స్టర్రస్ జై ఎన్ీఆీర్, జై బాయ్యయ, జై రామ....... జై నంమూమరి"
705,Andhariki rajamouli rgv inspiration emo naku meere inspiration.....words can do more than action....mee laga knowledge gain cheyyali sir nenu,non-hate,Latin/Romanized,Andhariki rajamouli rgv inspiration emo naku meere inspiration.....words can do more than action....mee laga knowledge gain cheyyali sir nenu,Andhariki rajamouli rgv inspiration emo naku meere inspiration.....words can do more than action....mee laga knowledge gain cheyyali sir nenu,Andhariki rajamouli rgv inspiration emo naku meere inspiration.....words can do more than action....mee laga knowledge gain cheyyali sir nenu,Andhariki rajamouli rgv inspiration emo naku meere inspiration.....words can do more than action....mee laga knowledge gain cheyyali sir nenu,Andhaariki rajammouli rgv inspirration emo naku meeere inspirationn.....words can do more than action.....mee laga knowlledge gain cheyyyali sir nenu,Andaraiki rajmomuli rgv insprartion emo nakku meere inspiraion.n....words can do morre thaan actin.....mee lagga knoleldge gaiin cheyayli sir nennu
706,Bagunnavu chai and pallavi,non-hate,Latin/Romanized,Bagunnavu chai and pallavi,Bagunnavu chai and pallavi,Bagunnavu chai and pallavi,Bagunnavu chai and pallavi,Bagunnnavu chai and palllavi,Bagnnnavu chaai and palalvi
707,కరోనా వచ్చి జనాల్ని ఒక రకంగా సంపుతుంటే.,hate,Telugu,కరోనా వచ్చి జనాల్ని ఒక రకంగా సంపుతుంటే.,karaoonaaa vachachai janaaalanai oka rakamgaaa sampautaumtaae.,కరోనా వచ్చి జనాల్ని ఒక రకంగా సంపుతుంటే.,karaoonaaa వచ్చి janaaalanai ఒక rakamgaaa సంపుతుంటే.,కరోోనా వచ్్చి జనాలల్ని ఒక రకంంగా సంపుతుుంటే.,కరోనా వచ్చి జనల్లని ఒక రకంగా సంపతుంుటే.
708,ఆడు చూసి చూసి రోజా పక్కన కూర్చుంటాడేమే అనుకున్నా.,hate,Telugu,ఆడు చూసి చూసి రోజా పక్కన కూర్చుంటాడేమే అనుకున్నా.,aadau chaoosai chaoosai raoojaaa pakakana kaoorachaumtaaadaaemaae anaukaunanaaa.,ఆడు చూసి చూసి రోజా పక్కన కూర్చుంటాడేమే అనుకున్నా.,aadau చూసి chaoosai రోజా pakakana కూర్చుంటాడేమే anaukaunanaaa.,ఆడు చూసి చూసి రోజా పక్్కన కూర్చుంంటాడేమే అనుకునన్నా.,ఆడు చూససి చూససి రోజజా పక్కన కూర్ుంటంాడేమే అనుున్ననా.
709,నువ్వు మాట్లాడేది తప్పు. అన్న గురించి ఎంతైనా చెప్పుకో వచ్చు కానీ మోహన్ బాబు గారిని తమ్ముడు అని మాట్లాడడం ఏమాత్రం కరెక్ట్ కాదు. వాళ్ళ కొడుకులు కూడా సీరియస్ అయితే ఎంత పరిస్తితి ఏంటీ.,non-hate,Telugu,నువ్వు మాట్లాడేది తప్పు. అన్న గురించి ఎంతైనా చెప్పుకో వచ్చు కానీ మోహన్ బాబు గారిని తమ్ముడు అని మాట్లాడడం ఏమాత్రం కరెక్ట్ కాదు. వాళ్ళ కొడుకులు కూడా సీరియస్ అయితే ఎంత పరిస్తితి ఏంటీ.,nauvavau maaatalaaadaaedai tapapau. anana gauraimchai emtaainaaa chaepapaukaoo vachachau kaaanaee maoohana baaabau gaaarainai tamamaudau anai maaatalaaadadam aemaaataram karaekata kaaadau. vaaalala kaodaukaulau kaoodaaa saeeraiyasa ayaitaae emta paraisataitai aemtaee.,నువ్వు మాట్లాడేది తప్పు. అన్న గురించి ఎంతైనా చెప్పుకో వచ్చు కానీ మోహన్ బాబు గారిని తమ్ముడు అని మాట్లాడడం ఏమాత్రం కరెక్ట్ కాదు. వాళ్ళ కొడుకులు కూడా సీరియస్ అయితే ఎంత పరిస్తితి ఏంటీ.,nauvavau మాట్లాడేది tapapau. అన్న gauraimchai ఎంతైనా chaepapaukaoo వచ్చు kaaanaee మోహన్ baaabau గారిని tamamaudau అని maaatalaaadadam ఏమాత్రం karaekata కాదు. vaaalala కొడుకులు kaoodaaa సీరియస్ ayaitaae ఎంత paraisataitai ఏంటీ.,నువ్్వు మాట్లాాడేది తప్పపు. అన్న గురిించి ఎంతైైనా చెప్పపుకో వచ్్చు కానీ మోహహన్ బాబు గారిిని తమ్మముడు అని మాట్లలాడడం ఏమాతత్రం కరెకక్ట్ కాదదు. వాళళ్ళ కొడుకకులు కూడా సీరిియస్ అయిితే ఎంత పరిస్్తితి ఏంటటీ.,ను్వ్ు మాటలాడాేది తపపుప. అన్్న గుింిచి ఎంైనైా చెపపుపకో వచ్చు కాననీ మోహన్ బాబబు గాినిి తమముమడు అని మాటలాలడడం ఏమత్తరం కరక్కట్ కాదు. వాళ్ళ కొడకుకలు కూడడా సీియిస్ అయితే ఎంత పరి్త్ితి ఏంటీ.
710,"ఇంత అందంగా ఎలా అంది మీరు
మీలానే మీ స్వరం కూడా చాల అందంగా ఉంది",non-hate,Telugu,"ఇంత అందంగా ఎలా అంది మీరు
మీలానే మీ స్వరం కూడా చాల అందంగా ఉంది",imta amdamgaaa elaaa amdai maeerau maeelaaanaae maee savaram kaoodaaa chaaala amdamgaaa umdai,"ఇంత అందంగా ఎలా అంది మీరు
మీలానే మీ స్వరం కూడా చాల అందంగా ఉంది",imta అందంగా elaaa అంది maeerau మీలానే maee స్వరం kaoodaaa చాల amdamgaaa ఉంది,ఇంత అందంంగా ఎలా అంది మీరు మీలాానే మీ స్వవరం కూడా చాల అందంంగా ఉంది,ఇంత అంంగంా ఎలా అందది మీరరు మీానాే మీ స్వరం కూడడా చాల అంంగంా ఉందది
711,Power star ante movies and acting kadu real star only,non-hate,Latin/Romanized,Power star ante movies and acting kadu real star only,Power star ante movies and acting kadu real star only,Power star ante movies and acting kadu real star only,Power star ante movies and acting kadu real star only,Powwer star ante moviies and actiing kadu real star only,Power staar antte moieis and acinig kaddu reaal staar onlly
712,"Inko rendu padithey, aa migatha dula kuda theerpoddi Uday Kiran 2",non-hate,Latin/Romanized,"Inko rendu padithey, aa migatha dula kuda theerpoddi Uday Kiran 2","Inko rendu padithey, aa migatha dula kuda theerpoddi Uday Kiran 2","Inko rendu padithey, aa migatha dula kuda theerpoddi Uday Kiran 2","Inko rendu padithey, aa migatha dula kuda theerpoddi Uday Kiran 2","Inko renndu paditthey, aa migaatha dula kuda theerppoddi Uday Kirran 2","Inkko rendu padthtey, aa miataha dulla kudda therpopddi Udaay Kiran 2"
713,అంతరించి పోతున్న ఆరోగ్యావంతమైన హాస్యాన్ని తట్టి లేపిన సాత్విక్....,non-hate,Telugu,అంతరించి పోతున్న ఆరోగ్యావంతమైన హాస్యాన్ని తట్టి లేపిన సాత్విక్....,amtaraimchai paootaunana aaraoogayaaavamtamaaina haaasayaaananai tatatai laaepaina saaatavaika....,అంతరించి పోతున్న ఆరోగ్యావంతమైన హాస్యాన్ని తట్టి లేపిన సాత్విక్....,amtaraimchai పోతున్న aaraoogayaaavamtamaaina హాస్యాన్ని tatatai లేపిన saaatavaika....,అంతరిించి పోతుున్న ఆరోగ్యాావంతమైన హాస్యాాన్ని తట్్టి లేపపిన సాత్వికక్....,అంతింిచి పోును్న ఆరోగయావాంతమైన హాసయానా్ని తట్టి లేపిన సాత్ిక్క....
714,ఇటువంటి చావు రావాలంటే ఎంత పుణ్యం చేసి ఉండాలో     మీ ఆత్మకు శాంతి కలగాలని కోరుకుంటున్నాను,non-hate,Telugu,ఇటువంటి చావు రావాలంటే ఎంత పుణ్యం చేసి ఉండాలో     మీ ఆత్మకు శాంతి కలగాలని కోరుకుంటున్నాను,itauvamtai chaaavau raaavaaalamtaae emta paunayam chaaesai umdaaalaoo maee aatamakau shaaamtai kalagaaalanai kaooraukaumtaunanaaanau,ఇటువంటి చావు రావాలంటే ఎంత పుణ్యం చేసి ఉండాలో     మీ ఆత్మకు శాంతి కలగాలని కోరుకుంటున్నాను,itauvamtai చావు raaavaaalamtaae ఎంత paunayam చేసి umdaaalaoo మీ aatamakau శాంతి kalagaaalanai కోరుకుంటున్నాను,ఇటువవంటి చావు రావాలలంటే ఎంత పుణ్్యం చేసి ఉండాాలో మీ ఆత్మమకు శాంంతి కలగాాలని కోరుకుంటటున్నాను,ఇటవంవటి చావవు రావలంలటే ఎంత పు్య్ం చేససి ఉంాలాో మీ ఆతమకము శాంతి కలాలాని కోరుకంటుటన్నాను
715,బాలయ్య బాబు అభిమానిని ఈ సినిమా పెద్ద ఇటు కొట్టాలని మనస్పూర్తిగా కోరుకుంటున్నాను జై బాలయ్య జై చిరంజీవ,non-hate,Telugu,బాలయ్య బాబు అభిమానిని ఈ సినిమా పెద్ద ఇటు కొట్టాలని మనస్పూర్తిగా కోరుకుంటున్నాను జై బాలయ్య జై చిరంజీవ,baaalayaya baaabau abhaimaaanainai ee sainaimaaa paedada itau kaotataaalanai manasapaoorataigaaa kaooraukaumtaunanaaanau jaai baaalayaya jaai chairamjaeeva,బాలయ్య బాబు అభిమానిని ఈ సినిమా పెద్ద ఇటు కొట్టాలని మనస్పూర్తిగా కోరుకుంటున్నాను జై బాలయ్య జై చిరంజీవ,baaalayaya బాబు abhaimaaanainai ఈ sainaimaaa పెద్ద itau కొట్టాలని manasapaoorataigaaa కోరుకుంటున్నాను jaai బాలయ్య jaai చిరంజీవ,బాలయయ్య బాబు అభిమాానిని ఈ సినిిమా పెదద్ద ఇటు కొట్టటాలని మనస్పూరర్తిగా కోరుకుంటటున్నాను జై బాలయయ్య జై చిరంంజీవ,బాయ్యయ బాబబు అభిానాిని ఈ సిిమిా పెద్ద ఇటు కొటటాటలని మనస్ూర్రతిగా కోరుకంటుటన్నాను జై బాయ్యయ జై చింజంీవ
716,tweet:enduku kumail najaini  gudda chaal rangaluo vuntadhi kumail: enduku mi amma lipstick vunthadhi,hate,Latin/Romanized,tweet:enduku kumail najaini  gudda chaal rangaluo vuntadhi kumail: enduku mi amma lipstick vunthadhi,tweet:enduku kumail najaini gudda chaal rangaluo vuntadhi kumail: enduku mi amma lipstick vunthadhi,tweet:enduku kumail najaini  gudda chaal rangaluo vuntadhi kumail: enduku mi amma lipstick vunthadhi,tweet:enduku kumail najaini gudda chaal rangaluo vuntadhi kumail: enduku mi amma lipstick vunthadhi,tweet:eenduku kumaail najaaini guddda chaaal rangaaluo vuntaadhi kumaail: enduuku mi amma lipsttick vunthhadhi,twee:eneduku kuaial naaiani gudda chaal ranalauo vunadahi kuaial: enukuu mi ammma liptitck vunhahdhi
717,నువ్వు పడింది మంచి గాఉంది బ్రో,non-hate,Telugu,నువ్వు పడింది మంచి గాఉంది బ్రో,nauvavau padaimdai mamchai gaaaumdai baraoo,నువ్వు పడింది మంచి గాఉంది బ్రో,nauvavau పడింది mamchai గాఉంది baraoo,నువ్్వు పడింంది మంచి గాఉంంది బ్రో,ను్వ్ు పడందంి మంచచి గాందంి బ్రరో
718,అన్నా చాలా ఇంప్రూవ్ అయ్యావ్.... సూపర్,non-hate,Telugu,అన్నా చాలా ఇంప్రూవ్ అయ్యావ్.... సూపర్,ananaaa chaaalaaa imparaoova ayayaaava.... saoopara,అన్నా చాలా ఇంప్రూవ్ అయ్యావ్.... సూపర్,ananaaa చాలా imparaoova అయ్యావ్.... saoopara,అన్్నా చాలా ఇంప్రరూవ్ అయ్యావవ్.... సూపపర్,అన్నా చాలలా ఇంపరూరవ్ అయ్యవ్వ.... సూపర్
719,E roju e liger movie chusa uttar flop movie jeevitham meedha virakthi puttipoyindhi,hate,Latin/Romanized,E roju e liger movie chusa uttar flop movie jeevitham meedha virakthi puttipoyindhi,E roju e liger movie chusa uttar flop movie jeevitham meedha virakthi puttipoyindhi,E roju e liger movie chusa uttar flop movie jeevitham meedha virakthi puttipoyindhi,E roju e liger movie chusa uttar flop movie jeevitham meedha virakthi puttipoyindhi,E roju e ligger movvie chuusa utttar flop movvie jeeviitham meeddha virakkthi puttipooyindhi,E rojju e liger movie chusa uttar floop movie jeeitiham medhda virktkhi puttpoyoindhi
720,"తన స్వయం కృషి తో కష్టపడి, తన నటనతో ప్రేక్షకుల హృదయాల్లో చెరగని ముద్ర వేసుకున్న మన మెగాస్టార్ చిరంజీవి",non-hate,Telugu,"తన స్వయం కృషి తో కష్టపడి, తన నటనతో ప్రేక్షకుల హృదయాల్లో చెరగని ముద్ర వేసుకున్న మన మెగాస్టార్ చిరంజీవి","tana savayam karushai taoo kashatapadai, tana natanataoo paraaekashakaula harudayaaalalaoo chaeraganai maudara vaaesaukaunana mana maegaaasataaara chairamjaeevai","తన స్వయం కృషి తో కష్టపడి, తన నటనతో ప్రేక్షకుల హృదయాల్లో చెరగని ముద్ర వేసుకున్న మన మెగాస్టార్ చిరంజీవి","tana స్వయం karushai తో kashatapadai, తన natanataoo ప్రేక్షకుల harudayaaalalaoo చెరగని maudara వేసుకున్న mana మెగాస్టార్ chairamjaeevai","తన స్వవయం కృషి తో కష్టపపడి, తన నటననతో ప్రేక్్షకుల హృదయాాల్లో చెరగగని ముదద్ర వేసుకకున్న మన మెగాస్్టార్ చిరంజజీవి","తన స్వయం కృషషి తో కష్పడపి, తన నటనతో ప్రక్ష్కుల హృదాలా్లో చెగనగి ముద్ర వేసకుకన్న మన మెగస్ట్ార్ చిరజీజవి"
721,Samantha acting matram ichipadesindhi thrill chestadhi second half fantastic anthe,non-hate,Latin/Romanized,Samantha acting matram ichipadesindhi thrill chestadhi second half fantastic anthe,Samantha acting matram ichipadesindhi thrill chestadhi second half fantastic anthe,Samantha acting matram ichipadesindhi thrill chestadhi second half fantastic anthe,Samantha acting matram ichipadesindhi thrill chestadhi second half fantastic anthe,Samanntha actiing matrram ichipadeesindhi thriill chesttadhi secoond half fantaastic antthe,Samntnha acinig mararm ichipdeseindhi thilil chetatdhi seonod hallf fanasatic anthe
722,Harsha anna ni kalavaali okkasaraina,non-hate,Latin/Romanized,Harsha anna ni kalavaali okkasaraina,Harsha anna ni kalavaali okkasaraina,Harsha anna ni kalavaali okkasaraina,Harsha anna ni kalavaali okkasaraina,Harssha anna ni kalavvaali okkasaaraina,Hashsa annna ni kalvavali okkaaraaina
723,Industry లో ఒక్క remark కూడా లేని ఫ్యామిలీ ఏదైనా ఉందా అంటే అది One And Only Victory Venky Anna Gaari Family Superb Raana Anna,non-hate,Mixed,Industry లో ఒక్క remark కూడా లేని ఫ్యామిలీ ఏదైనా ఉందా అంటే అది One And Only Victory Venky Anna Gaari Family Superb Raana Anna,Industry laoo okaka remark kaoodaaa laaenai phayaaamailaee aedaainaaa umdaaa amtaae adai One And Only Victory Venky Anna Gaari Family Superb Raana Anna,Industry లో ఒక్క remark కూడా లేని ఫ్యామిలీ ఏదైనా ఉందా అంటే అది One And Only Victory Venky Anna Gaari Family Superb Raana Anna,Industry లో okaka remark kaoodaaa లేని phayaaamailaee ఏదైనా umdaaa అంటే adai One And Only Victory Venky Anna Gaari Family Superb Raana Anna,Indusstry లో ఒక్క remaark కూడా లేని ఫ్యామమిలీ ఏదైైనా ఉందా అంటే అది One And Only Victtory Vennky Anna Gaaari Famiily Supeerb Raaana Anna,Indstsry లో ఒక్్క rearak కూడడా లేనని ఫ్యమిమలీ ఏదైనా ఉందదా అంటటే అది One And Onlly Vitotry Venky Annna Gaari Failiy Suereb Raana Annna
724,gorantla madav issues side chyadaniki jenasena ni kelikaru yeppatu lane,non-hate,Latin/Romanized,gorantla madav issues side chyadaniki jenasena ni kelikaru yeppatu lane,gorantla madav issues side chyadaniki jenasena ni kelikaru yeppatu lane,gorantla madav issues side chyadaniki jenasena ni kelikaru yeppatu lane,gorantla madav issues side chyadaniki jenasena ni kelikaru yeppatu lane,goranntla maddav issuues side chyadaaniki jenassena ni kelikkaru yepppatu lane,gorntnla madav isueus sidde chydanaiki jensesna ni kelkakru yepaptu lanne
725,Mee Ayya Farmhouse Unte Mee ML Lu Appudaina Mee Ayyani Chusindra Lolly ga,hate,Latin/Romanized,Mee Ayya Farmhouse Unte Mee ML Lu Appudaina Mee Ayyani Chusindra Lolly ga,Mee Ayya Farmhouse Unte Mee ML Lu Appudaina Mee Ayyani Chusindra Lolly ga,Mee Ayya Farmhouse Unte Mee ML Lu Appudaina Mee Ayyani Chusindra Lolly ga,Mee Ayya Farmhouse Unte Mee ML Lu Appudaina Mee Ayyani Chusindra Lolly ga,Mee Ayya Farmhhouse Unte Mee ML Lu Appuddaina Mee Ayyaani Chusiindra Lollly ga,Mee Ayyya Farhohuse Untte Mee ML Lu Appdadina Mee Ayanai Chuinidra Lolly ga
726,వీడియో తీసినాను కొట్టాల వీన్ని కొట్టాల దాని కింద వేసి కొట్టాల,hate,Telugu,వీడియో తీసినాను కొట్టాల వీన్ని కొట్టాల దాని కింద వేసి కొట్టాల,vaeedaiyaoo taeesainaaanau kaotataaala vaeenanai kaotataaala daaanai kaimda vaaesai kaotataaala,వీడియో తీసినాను కొట్టాల వీన్ని కొట్టాల దాని కింద వేసి కొట్టాల,vaeedaiyaoo తీసినాను kaotataaala వీన్ని kaotataaala దాని kaimda వేసి kaotataaala,వీడిియో తీసిననాను కొట్్టాల వీన్్ని కొట్్టాల దాని కింద వేసి కొట్్టాల,వీియిో తీసనానను కొ్ట్ాల వీ్న్ి కొ్ట్ాల దానని కింంద వేససి కొ్ట్ాల
727,నేను రోజూ అనసూయను ఉహించు కుంటు కొడుతున్న,hate,Telugu,నేను రోజూ అనసూయను ఉహించు కుంటు కొడుతున్న,naaenau raoojaoo anasaooyanau uhaimchau kaumtau kaodautaunana,నేను రోజూ అనసూయను ఉహించు కుంటు కొడుతున్న,naaenau రోజూ anasaooyanau ఉహించు kaumtau కొడుతున్న,నేను రోజూ అనసూూయను ఉహింంచు కుంంటు కొడుతతున్న,నేనను రోజజూ అనూయూను ఉహంచంు కుంటు కొడతుతన్న
728,"""నంబి నారాయణ"" గారికి జరిగిన అన్యాయం చూస్తుంటే చాలా బాధ వేస్తుంది, ""నంబి నారాయణ"" గారి త్యాగానికి మా హృదయపూర్వక ""పాదాభి వందనాలు""",non-hate,Telugu,"""నంబి నారాయణ"" గారికి జరిగిన అన్యాయం చూస్తుంటే చాలా బాధ వేస్తుంది, ""నంబి నారాయణ"" గారి త్యాగానికి మా హృదయపూర్వక ""పాదాభి వందనాలు""","""nambai naaaraaayana"" gaaaraikai jaraigaina anayaaayam chaoosataumtaae chaaalaaa baaadha vaaesataumdai, ""nambai naaaraaayana"" gaaarai tayaaagaaanaikai maaa harudayapaooravaka ""paaadaaabhai vamdanaaalau""","""నంబి నారాయణ"" గారికి జరిగిన అన్యాయం చూస్తుంటే చాలా బాధ వేస్తుంది, ""నంబి నారాయణ"" గారి త్యాగానికి మా హృదయపూర్వక ""పాదాభి వందనాలు""","""nambai నారాయణ"" gaaaraikai జరిగిన anayaaayam చూస్తుంటే chaaalaaa బాధ vaaesataumdai, ""నంబి naaaraaayana"" గారి tayaaagaaanaikai మా harudayapaooravaka ""పాదాభి vamdanaaalau""","""నంంబి నారాాయణ"" గారిికి జరిగగిన అన్యయాయం చూస్తతుంటే చాలా బాధ వేస్తుుంది, ""నంంబి నారాాయణ"" గారి త్యాగాానికి మా హృదయపూూర్వక ""పాదదాభి వందనాాలు""","""నంబి నాాయాణ"" గాికిి జరగిగన అనయాయయం చూసతుతంటే చాలలా బాధ వేసతుంుది, ""నంబి నాాయాణ"" గారరి త్యగానాికి మా హృదపూరూ్వక ""పదాదభి వందాలాు"""
729,నిజంగా ఈ లవ్ స్టోరీ ఏంది భై  శీనన్న ఏడిచే సీన్ సూపర్,non-hate,Telugu,నిజంగా ఈ లవ్ స్టోరీ ఏంది భై  శీనన్న ఏడిచే సీన్ సూపర్,naijamgaaa ee lava sataooraee aemdai bhaai shaeenanana aedaichaae saeena saoopara,నిజంగా ఈ లవ్ స్టోరీ ఏంది భై  శీనన్న ఏడిచే సీన్ సూపర్,naijamgaaa ఈ lava స్టోరీ aemdai భై shaeenanana ఏడిచే saeena సూపర్,నిజంంగా ఈ లవ్ స్టోోరీ ఏంది భై శీననన్న ఏడిిచే సీన్ సూపపర్,నింగంా ఈ లవ్ స్ోరోీ ఏందది భై శీన్నన ఏడిచే సీనన్ సూపర్
730,Super tammudu,non-hate,Latin/Romanized,Super tammudu,Super tammudu,Super tammudu,Super tammudu,Supper tammmudu,Super tamumdu
731,owasi bro's nupur raja singh ni pakistan ledha andaman ko tarmidengali #the people who  divide india,hate,Latin/Romanized,owasi bro's nupur raja singh ni pakistan ledha andaman ko tarmidengali #the people who  divide india,owasi bro's nupur raja singh ni pakistan ledha andaman ko tarmidengali #the people who divide india,owasi bro's nupur raja singh ni pakistan ledha andaman ko tarmidengali #the people who  divide india,owasi bro's nupur raja singh ni pakistan ledha andaman ko tarmidengali #the people who divide india,owaasi broo's nuppur raja sinngh ni pakisstan leddha andaaman ko tarmideengali #the peopple who diviide inddia,owasi bro's nupur rajja singh ni pakstsan ledha anamaan ko tarmdenegali #thhe peplpe who diidie india
732,ఇందులో ఒక్క నిజం ఉంది... లైఫ్ సాఫీగా జరిగేవాళ్ళు బయట పాడారు.. ఎందుకు అంటే వాళ్లకి అవకాశాలు ఉన్నాయి కాబట్టి..,non-hate,Telugu,ఇందులో ఒక్క నిజం ఉంది... లైఫ్ సాఫీగా జరిగేవాళ్ళు బయట పాడారు.. ఎందుకు అంటే వాళ్లకి అవకాశాలు ఉన్నాయి కాబట్టి..,imdaulaoo okaka naijam umdai... laaipha saaaphaeegaaa jaraigaaevaaalalau bayata paaadaaarau.. emdaukau amtaae vaaalalakai avakaaashaaalau unanaaayai kaaabatatai..,ఇందులో ఒక్క నిజం ఉంది... లైఫ్ సాఫీగా జరిగేవాళ్ళు బయట పాడారు.. ఎందుకు అంటే వాళ్లకి అవకాశాలు ఉన్నాయి కాబట్టి..,imdaulaoo ఒక్క naijam ఉంది... laaipha సాఫీగా jaraigaaevaaalalau బయట paaadaaarau.. ఎందుకు amtaae వాళ్లకి avakaaashaaalau ఉన్నాయి kaaabatatai..,ఇందుులో ఒక్క నిజం ఉందిి... లైఫ్ సాఫీీగా జరిగేవవాళ్ళు బయట పాడారరు.. ఎందుుకు అంటే వాళ్్లకి అవకాశశాలు ఉన్ననాయి కాబట్్టి..,ఇంులుో ఒక్్క నిజజం ఉంి.ి.. లైఫఫ్ సాీగీా జరిగవావళ్ళు బయట పాడరుర.. ఎంుకుు అంటటే వా్ల్కి అవకశాశలు ఉననానయి కాబ్ట్ి..
733,పోలీస్ వేవస్థలో మీలాంటి SP లు ఉంటే పోలీస్ లపై  గౌరవం పెరుగుతుంది సార్...మీలాంటి SP మా తెలంగాణా లో కూడా రావాలి సార్,non-hate,Mixed,పోలీస్ వేవస్థలో మీలాంటి SP లు ఉంటే పోలీస్ లపై  గౌరవం పెరుగుతుంది సార్...మీలాంటి SP మా తెలంగాణా లో కూడా రావాలి సార్,paoolaeesa vaaevasathalaoo maeelaaamtai SP lau umtaae paoolaeesa lapaai gaauravam paeraugautaumdai saaara...maeelaaamtai SP maaa taelamgaaanaaa laoo kaoodaaa raaavaaalai saaara,పోలీస్ వేవస్థలో మీలాంటి SP లు ఉంటే పోలీస్ లపై  గౌరవం పెరుగుతుంది సార్...మీలాంటి SP మా తెలంగాణా లో కూడా రావాలి సార్,paoolaeesa వేవస్థలో maeelaaamtai SP lau ఉంటే paoolaeesa లపై gaauravam పెరుగుతుంది saaara...maeelaaamtai SP maaa తెలంగాణా laoo కూడా raaavaaalai సార్,పోలీీస్ వేవస్్థలో మీలాాంటి SP లు ఉంటే పోలీీస్ లపై గౌరరవం పెరుగుుతుంది సార్...మమీలాంటి SP మా తెలంగగాణా లో కూడా రావాాలి సార్,పోీసీ్ వేవ్థ్లో మీాంాటి SP లు ఉంటటే పోీసీ్ లపై గౌరవం పెరుుతుుంది సార్..మీమలాంటి SP మా తెలగాగణా లో కూడడా రాాలాి సారర్
734,మీరు ఆ స్థాయిలో ఉండి కూడా మీ స్నేహితుని పరిచయం చేయడం ఆనందకరం,non-hate,Telugu,మీరు ఆ స్థాయిలో ఉండి కూడా మీ స్నేహితుని పరిచయం చేయడం ఆనందకరం,maeerau aa sathaaayailaoo umdai kaoodaaa maee sanaaehaitaunai paraichayam chaaeyadam aanamdakaram,మీరు ఆ స్థాయిలో ఉండి కూడా మీ స్నేహితుని పరిచయం చేయడం ఆనందకరం,maeerau ఆ sathaaayailaoo ఉండి kaoodaaa మీ sanaaehaitaunai పరిచయం chaaeyadam ఆనందకరం,మీరు ఆ స్థాయయిలో ఉండి కూడా మీ స్నేహిితుని పరిచచయం చేయయడం ఆనందదకరం,మీరరు ఆ స్థయియలో ఉండడి కూడడా మీ స్నహితిుని పరచయచం చేయడం ఆనదకదరం
735,Alaanti goppollaki ilaanti goppolle pudatharu..,non-hate,Latin/Romanized,Alaanti goppollaki ilaanti goppolle pudatharu..,Alaanti goppollaki ilaanti goppolle pudatharu..,Alaanti goppollaki ilaanti goppolle pudatharu..,Alaanti goppollaki ilaanti goppolle pudatharu..,Alaaanti goppolllaki ilaaanti goppoolle pudathharu..,Alanati gopolllaki ilanati gopolole pudahahru..
736,బాగున్నారు తల్లి కొడుకులు స్టోరీ,non-hate,Telugu,బాగున్నారు తల్లి కొడుకులు స్టోరీ,baaagaunanaaarau talalai kaodaukaulau sataooraee,బాగున్నారు తల్లి కొడుకులు స్టోరీ,baaagaunanaaarau తల్లి kaodaukaulau స్టోరీ,బాగున్్నారు తల్్లి కొడుకకులు స్టోోరీ,బాగన్న్ారు తల్లి కొడకుకలు స్ోరోీ
737,"ద్రోహం చేసింది,నిజంగా ఏపీ ఉసురు బీజేపీకి,మోడీకి తగులుతుంది.",hate,Telugu,"ద్రోహం చేసింది,నిజంగా ఏపీ ఉసురు బీజేపీకి,మోడీకి తగులుతుంది.","daraooham chaaesaimdai,naijamgaaa aepaee usaurau baeejaaepaeekai,maoodaeekai tagaulautaumdai.","ద్రోహం చేసింది,నిజంగా ఏపీ ఉసురు బీజేపీకి,మోడీకి తగులుతుంది.","daraooham చేసింది,నిజంగా aepaee ఉసురు baeejaaepaeekai,maoodaeekai తగులుతుంది.","ద్రోోహం చేసింది,,నిజంగా ఏపీ ఉసుురు బీజేపీకిి,మోడీకి తగులుతతుంది.","ద్ోహోం చేసింి,న,ిజంగా ఏపీ ఉసురు బీజేపకి,ిమోడీకి తగులతుతంది."
738,చాలా యూట్యూబ్ చానల్లలో మీరు చెప్పిన గరికపాటి వారి అభిప్రాయం ప్రచారమౌతున్నది. వాటి కింద కామెంటులను సినిమా రంగం వారు చదివితే ప్రజాభిప్రాయం తెలుస్తోంది. ఏమైనా అనుకోని అనుకుంటే ఒకనాడు వారి భార్యాపిల్లలపై అదే ప్రభావం పడవచ్చు. చివరగా బుధ్ధి చెబుతుంది…,non-hate,Telugu,చాలా యూట్యూబ్ చానల్లలో మీరు చెప్పిన గరికపాటి వారి అభిప్రాయం ప్రచారమౌతున్నది. వాటి కింద కామెంటులను సినిమా రంగం వారు చదివితే ప్రజాభిప్రాయం తెలుస్తోంది. ఏమైనా అనుకోని అనుకుంటే ఒకనాడు వారి భార్యాపిల్లలపై అదే ప్రభావం పడవచ్చు. చివరగా బుధ్ధి చెబుతుంది…,chaaalaaa yaootayaooba chaaanalalalaoo maeerau chaepapaina garaikapaaatai vaaarai abhaiparaaayam parachaaaramaautaunanadai. vaaatai kaimda kaaamaemtaulanau sainaimaaa ramgam vaaarau chadaivaitaae parajaaabhaiparaaayam taelausataoomdai. aemaainaaa anaukaoonai anaukaumtaae okanaaadau vaaarai bhaaarayaaapailalalapaai adaae parabhaaavam padavachachau. chaivaragaaa baudhadhai chaebautaumdai…,చాలా యూట్యూబ్ చానల్లలో మీరు చెప్పిన గరికపాటి వారి అభిప్రాయం ప్రచారమౌతున్నది. వాటి కింద కామెంటులను సినిమా రంగం వారు చదివితే ప్రజాభిప్రాయం తెలుస్తోంది. ఏమైనా అనుకోని అనుకుంటే ఒకనాడు వారి భార్యాపిల్లలపై అదే ప్రభావం పడవచ్చు. చివరగా బుధ్ధి చెబుతుంది…,chaaalaaa యూట్యూబ్ chaaanalalalaoo మీరు chaepapaina గరికపాటి vaaarai అభిప్రాయం parachaaaramaautaunanadai. వాటి kaimda కామెంటులను sainaimaaa రంగం vaaarau చదివితే parajaaabhaiparaaayam తెలుస్తోంది. aemaainaaa అనుకోని anaukaumtaae ఒకనాడు vaaarai భార్యాపిల్లలపై adaae ప్రభావం padavachachau. చివరగా baudhadhai చెబుతుంది…,చాలా యూట్యయూబ్ చానల్్లలో మీరు చెప్్పిన గరికపపాటి వారి అభిప్్రాయం ప్రచారమౌతతున్నది. వాటి కింద కామెంటటులను సినిిమా రంగం వారు చదివవితే ప్రజాభిిప్రాయం తెలుస్తతోంది. ఏమైైనా అనుకకోని అనుకుుంటే ఒకనాాడు వారి భార్యాపిిల్లలపై అదే ప్రభభావం పడవచ్్చు. చివరరగా బుధ్్ధి చెబుతుుంది…,చాలలా యూటయూయబ్ చాన్ల్లో మీరరు చె్ప్ిన గరిపాపటి వారరి అభి్ర్ాయం ప్రచామౌతుతన్నది. వాటటి కింంద కామంటుటలను సిిమిా రంగగం వారరు చదవివతే ప్రజభిపి్రాయం తెలు్తోతంది. ఏమైనా అనకోకని అనుుంుటే ఒకాడాు వారరి భార్యపిలి్లలపై అదే ప్భాభవం పడవ్చ్ు. చిరగరా బు్ధ్ి చెబతుంుది…
739,తెలుగు రాష్ట్రాలకి మంచి మంచి నాయకులు దొరికారు సినిమాలు వెళ్లనవసరం లేదు వాళ్ళే సినిమా చూపిస్తారు మంచి కాలక్షేపం,non-hate,Telugu,తెలుగు రాష్ట్రాలకి మంచి మంచి నాయకులు దొరికారు సినిమాలు వెళ్లనవసరం లేదు వాళ్ళే సినిమా చూపిస్తారు మంచి కాలక్షేపం,taelaugau raaashataraaalakai mamchai mamchai naaayakaulau daoraikaaarau sainaimaaalau vaelalanavasaram laaedau vaaalalaae sainaimaaa chaoopaisataaarau mamchai kaaalakashaaepam,తెలుగు రాష్ట్రాలకి మంచి మంచి నాయకులు దొరికారు సినిమాలు వెళ్లనవసరం లేదు వాళ్ళే సినిమా చూపిస్తారు మంచి కాలక్షేపం,taelaugau రాష్ట్రాలకి mamchai మంచి naaayakaulau దొరికారు sainaimaaalau వెళ్లనవసరం laaedau వాళ్ళే sainaimaaa చూపిస్తారు mamchai కాలక్షేపం,తెలుుగు రాష్ట్్రాలకి మంచి మంచి నాయకకులు దొరికకారు సినిమమాలు వెళ్లననవసరం లేదు వాళ్్ళే సినిిమా చూపిస్్తారు మంచి కాలక్్షేపం,తెుగుు రాష్్ర్ాలకి మంచచి మంచచి నాకుకలు దొరకాకరు సినమామలు వెళలనవనసరం లేదదు వా్ళ్ే సిిమిా చూపస్త్ారు మంచచి కాల్ష్ేపం
740,Power Lo undi evaru ra vedava,hate,Latin/Romanized,Power Lo undi evaru ra vedava,Power Lo undi evaru ra vedava,Power Lo undi evaru ra vedava,Power Lo undi evaru ra vedava,Powwer Lo undi evaaru ra vedaava,Power Lo unddi evaru ra veavaa
741,Waste gaadu ali,hate,Latin/Romanized,Waste gaadu ali,Waste gaadu ali,Waste gaadu ali,Waste gaadu ali,Wasste gaaadu ali,Waste gaadu ali
742,​pawalagadi gorrelaki avesam thappa alochana ledhu,hate,Latin/Romanized,​pawalagadi gorrelaki avesam thappa alochana ledhu,​pawalagadi gorrelaki avesam thappa alochana ledhu,​pawalagadi gorrelaki avesam thappa alochana ledhu,​pawalagadi gorrelaki avesam thappa alochana ledhu,​pawallagadi gorreelaki avessam thapppa alochhana leddhu,​pawlalgadi goreleaki avsasm thpppa alohahna ledhu
743,Mundhu RTC Buses lo students entha ibbandhi padivelthunnaru chudandii valla hanging conditions you have to notice everything,hate,Latin/Romanized,Mundhu RTC Buses lo students entha ibbandhi padivelthunnaru chudandii valla hanging conditions you have to notice everything,Mundhu RTC Buses lo students entha ibbandhi padivelthunnaru chudandii valla hanging conditions you have to notice everything,Mundhu RTC Buses lo students entha ibbandhi padivelthunnaru chudandii valla hanging conditions you have to notice everything,Mundhu RTC Buses lo students entha ibbandhi padivelthunnaru chudandii valla hanging conditions you have to notice everything,Munddhu RTC Busses lo studeents enttha ibbanndhi padiveltthunnaru chudaandii vallla hangging condittions you have to notiice everytthing,Mudhdu RTC Buses lo stuenets entha ibbndnhi padivlthtunnaru chuanadii valla hagigng conititons you havve to noicie eveythting
744,హర్ష..! నీ మనసులగే... నీ రూపం కూడా అందంగా ఉంది......,non-hate,Telugu,హర్ష..! నీ మనసులగే... నీ రూపం కూడా అందంగా ఉంది......,harasha..! naee manasaulagaae... naee raoopam kaoodaaa amdamgaaa umdai......,హర్ష..! నీ మనసులగే... నీ రూపం కూడా అందంగా ఉంది......,harasha..! నీ manasaulagaae... నీ raoopam కూడా amdamgaaa ఉంది......,హర్షష..! నీ మనసులగగే... నీ రూపం కూడా అందంంగా ఉంది.......,హరష.ష.! నీ మనసలగేగ... నీ రూపపం కూడడా అంంగంా ఉంద.......
745,Pila nibha star vijgay overkonda guddakonda,hate,Latin/Romanized,Pila nibha star vijgay overkonda guddakonda,Pila nibha star vijgay overkonda guddakonda,Pila nibha star vijgay overkonda guddakonda,Pila nibha star vijgay overkonda guddakonda,Pila nibbha star vijggay overkkonda guddakkonda,Pilla nibha staar vigagy ovekoknda gudakoknda
746,Ede poindi kaadu manaki,non-hate,Latin/Romanized,Ede poindi kaadu manaki,Ede poindi kaadu manaki,Ede poindi kaadu manaki,Ede poindi kaadu manaki,Ede poinndi kaaadu manaaki,Ede pondni kaadu maakai
747,ఆపు రా డ్రామా రావు అన్ని సొల్లు కబుర్లు,hate,Telugu,ఆపు రా డ్రామా రావు అన్ని సొల్లు కబుర్లు,aapau raaa daraaamaaa raaavau ananai saolalau kabauralau,ఆపు రా డ్రామా రావు అన్ని సొల్లు కబుర్లు,aapau రా daraaamaaa రావు ananai సొల్లు kabauralau,ఆపు రా డ్రాామా రావు అన్్ని సొల్్లు కబురర్లు,ఆపు రా డ్ామాా రావవు అన్ని సొ్ల్ు కబర్రలు
748,చాలా బాగా చెప్పారు అన్న.. మొదటి ఉదాహరణ వుంది అది మాత్రం.... మామూలుగా లేదు... సూపర్ అసలు,non-hate,Telugu,చాలా బాగా చెప్పారు అన్న.. మొదటి ఉదాహరణ వుంది అది మాత్రం.... మామూలుగా లేదు... సూపర్ అసలు,chaaalaaa baaagaaa chaepapaaarau anana.. maodatai udaaaharana vaumdai adai maaataram.... maaamaoolaugaaa laaedau... saoopara asalau,చాలా బాగా చెప్పారు అన్న.. మొదటి ఉదాహరణ వుంది అది మాత్రం.... మామూలుగా లేదు... సూపర్ అసలు,chaaalaaa బాగా chaepapaaarau అన్న.. maodatai ఉదాహరణ vaumdai అది maaataram.... మామూలుగా laaedau... సూపర్ asalau,చాలా బాగా చెప్పపారు అన్నన.. మొదదటి ఉదాహహరణ వుంంది అది మాత్రంం.... మామూలలుగా లేదుు... సూపపర్ అసలు,చాలలా బాగగా చెపపాపరు అనన.న. మొదటి ఉదహరహణ వుంది అది మాతరం.ం... మామలులగా లేు.ు.. సూపర్ అసలలు
749,Hero lu remuneration taggisthe dil raju rates penchi collections motham mingesthadanta….funny fellow,hate,Latin/Romanized,Hero lu remuneration taggisthe dil raju rates penchi collections motham mingesthadanta….funny fellow,Hero lu remuneration taggisthe dil raju rates penchi collections motham mingesthadanta….funny fellow,Hero lu remuneration taggisthe dil raju rates penchi collections motham mingesthadanta….funny fellow,Hero lu remuneration taggisthe dil raju rates penchi collections motham mingesthadanta….funny fellow,Hero lu remunerration taggiisthe dil raju rattes pencchi collecctions mothham mingesthadaanta….funny felllow,Herro lu remuerartion tagisithe dil rajju rates pechci collctcions mohahm mingestadanata….funny felolw
750,​Ap state nu sarwa nasanam chesaru,hate,Latin/Romanized,​Ap state nu sarwa nasanam chesaru,​Ap state nu sarwa nasanam chesaru,​Ap state nu sarwa nasanam chesaru,​Ap state nu sarwa nasanam chesaru,​Ap staate nu sarrwa nasaanam chessaru,​Ap state nu sarwa naanaam chsasru
751,Logically what u said is exactly right.. Appreciated the way you explained the concepts of government and other way of ruling.. Good.. Keep it up dear..,non-hate,Latin/Romanized,Logically what u said is exactly right.. Appreciated the way you explained the concepts of government and other way of ruling.. Good.. Keep it up dear..,Logically what u said is exactly right.. Appreciated the way you explained the concepts of government and other way of ruling.. Good.. Keep it up dear..,Logically what u said is exactly right.. Appreciated the way you explained the concepts of government and other way of ruling.. Good.. Keep it up dear..,Logically what u said is exactly right.. Appreciated the way you explained the concepts of government and other way of ruling.. Good.. Keep it up dear..,Logiccally what u said is exacctly righht.. Apprecciated the way you explaained the conceepts of governnment and othher way of rulinng.. Goodd.. Keep it up dearr..,Logcaclly whaat u saiid is exctcly rihth.. Apprcicated the way you expaianed the conepets of govrnmnent and other way of rulngn.. God.d. Keeep it up der.r.
752,"రైతు బంద్ వల్ల ఎవరికీ లాభంరా  నాయన, ఎవరికీ ఏకువా భూమి ఉంటే వాడికే ఏకువ లాభం, నువ్వు నీ బ్రోకర్  జర్నలిజం",non-hate,Telugu,"రైతు బంద్ వల్ల ఎవరికీ లాభంరా  నాయన, ఎవరికీ ఏకువా భూమి ఉంటే వాడికే ఏకువ లాభం, నువ్వు నీ బ్రోకర్  జర్నలిజం","raaitau bamda valala evaraikaee laaabhamraaa naaayana, evaraikaee aekauvaaa bhaoomai umtaae vaaadaikaae aekauva laaabham, nauvavau naee baraookara jaranalaijam","రైతు బంద్ వల్ల ఎవరికీ లాభంరా  నాయన, ఎవరికీ ఏకువా భూమి ఉంటే వాడికే ఏకువ లాభం, నువ్వు నీ బ్రోకర్  జర్నలిజం","raaitau బంద్ valala ఎవరికీ laaabhamraaa నాయన, evaraikaee ఏకువా bhaoomai ఉంటే vaaadaikaae ఏకువ laaabham, నువ్వు naee బ్రోకర్ jaranalaijam","రైతు బంద్ వల్ల ఎవరిికీ లాభంంరా నాయయన, ఎవరిికీ ఏకుువా భూమి ఉంటే వాడిికే ఏకువ లాభభం, నువ్్వు నీ బ్రోోకర్ జర్నలలిజం","రైతతు బందద్ వల్్ల ఎవికిీ లాంరంా నాయన, ఎవికిీ ఏకువా భూమమి ఉంటటే వాికిే ఏకుువ లాభం, ను్వ్ు నీ బ్ోకోర్ జర్లిలజం"
753,Arey drama rao apura Ne sollu,hate,Latin/Romanized,Arey drama rao apura Ne sollu,Arey drama rao apura Ne sollu,Arey drama rao apura Ne sollu,Arey drama rao apura Ne sollu,Arey draama rao apuura Ne solllu,Areey drama rao apura Ne sollu
754,వేణు స్వామీ మీ మాటలు అన్నీ అబద్దం.,hate,Telugu,వేణు స్వామీ మీ మాటలు అన్నీ అబద్దం.,vaaenau savaaamaee maee maaatalau ananaee abadadam.,వేణు స్వామీ మీ మాటలు అన్నీ అబద్దం.,vaaenau స్వామీ maee మాటలు ananaee అబద్దం.,వేణు స్వాామీ మీ మాటటలు అన్్నీ అబద్్దం.,వేణణు స్ామాీ మీ మాటలు అన్నీ అబ్ద్ం.
755,ఏం అదృష్టం స్వామి అన్న నే ఫోన్ touch చేసింది.. లక్కీ,non-hate,Mixed,ఏం అదృష్టం స్వామి అన్న నే ఫోన్ touch చేసింది.. లక్కీ,aem adarushatam savaaamai anana naae phaoona touch chaaesaimdai.. lakakaee,ఏం అదృష్టం స్వామి అన్న నే ఫోన్ touch చేసింది.. లక్కీ,aem అదృష్టం savaaamai అన్న naae ఫోన్ touch చేసింది.. lakakaee,ఏం అదృషష్టం స్వాామి అన్న నే ఫోన్ touuch చేసింంది.. లక్్కీ,ఏం అదష్షటం స్ామాి అన్్న నే ఫోనన్ touch చేసందంి.. లక్కీ
756,చిరుత looks adhurs,non-hate,Mixed,చిరుత looks adhurs,chairauta looks adhurs,చిరుత looks adhurs,chairauta looks adhurs,చిరరుత loooks adhuurs,చిరుత looks adurus
757,Madhi sommu ea kadha vochesthadhi,hate,Latin/Romanized,Madhi sommu ea kadha vochesthadhi,Madhi sommu ea kadha vochesthadhi,Madhi sommu ea kadha vochesthadhi,Madhi sommu ea kadha vochesthadhi,Maddhi sommmu ea kaddha vochestthadhi,Madhi sommu ea kadha vochsthtadhi
758,అనిల్ కుమార్ గారిది తప్పలేదు కానీ ఇలాంటి సమస్యలు కూడా  రాష్ట్రంలో ఉన్నాయి అని బాగా తెలియజేసారు.,non-hate,Telugu,అనిల్ కుమార్ గారిది తప్పలేదు కానీ ఇలాంటి సమస్యలు కూడా  రాష్ట్రంలో ఉన్నాయి అని బాగా తెలియజేసారు.,anaila kaumaaara gaaaraidai tapapalaaedau kaaanaee ilaaamtai samasayalau kaoodaaa raaashataramlaoo unanaaayai anai baaagaaa taelaiyajaaesaaarau.,అనిల్ కుమార్ గారిది తప్పలేదు కానీ ఇలాంటి సమస్యలు కూడా  రాష్ట్రంలో ఉన్నాయి అని బాగా తెలియజేసారు.,anaila కుమార్ gaaaraidai తప్పలేదు kaaanaee ఇలాంటి samasayalau కూడా raaashataramlaoo ఉన్నాయి anai బాగా taelaiyajaaesaaarau.,అనిిల్ కుమాార్ గారిిది తప్పలలేదు కానీ ఇలాంంటి సమస్్యలు కూడా రాష్ట్్రంలో ఉన్ననాయి అని బాగా తెలియజేేసారు.,అనిల్ కుారా్ గాిదిి తప్లేలదు కాననీ ఇలంటంి సమ్య్లు కూడడా రాషట్ర్ంలో ఉననానయి అని బాగగా తెలిజేసేారు.
759,Sorry to say but chinna events ki velthe ilaney jarugutundi..,hate,Latin/Romanized,Sorry to say but chinna events ki velthe ilaney jarugutundi..,Sorry to say but chinna events ki velthe ilaney jarugutundi..,Sorry to say but chinna events ki velthe ilaney jarugutundi..,Sorry to say but chinna events ki velthe ilaney jarugutundi..,Sorrry to say but chinnna evennts ki veltthe ilanney jaruguttundi..,Sorry to say but chnnna evntns ki vethte ilneny jaruututndi..
760,తెలివైన మూర్ఖుడు... RGV,hate,Mixed,తెలివైన మూర్ఖుడు... RGV,taelaivaaina maoorakhaudau... RGV,తెలివైన మూర్ఖుడు... RGV,taelaivaaina మూర్ఖుడు... RGV,తెలిివైన మూర్ఖుుడు... RGV,తెివిైన మూర్ుడుు... RGV
761,"రోజా ఆంటీ కి బాగా తెలుసు జలగ మొన రెడ్డి కి వెంట్రుకలు ఎక్కడ, ఎక్కడ ఉన్నాయో",hate,Telugu,"రోజా ఆంటీ కి బాగా తెలుసు జలగ మొన రెడ్డి కి వెంట్రుకలు ఎక్కడ, ఎక్కడ ఉన్నాయో","raoojaaa aamtaee kai baaagaaa taelausau jalaga maona raedadai kai vaemtaraukalau ekakada, ekakada unanaaayaoo","రోజా ఆంటీ కి బాగా తెలుసు జలగ మొన రెడ్డి కి వెంట్రుకలు ఎక్కడ, ఎక్కడ ఉన్నాయో","raoojaaa ఆంటీ kai బాగా taelausau జలగ maona రెడ్డి kai వెంట్రుకలు ekakada, ఎక్కడ unanaaayaoo","రోజా ఆంటీ కి బాగా తెలుుసు జలగ మొన రెడ్్డి కి వెంట్రరుకలు ఎక్కకడ, ఎక్్కడ ఉన్ననాయో","రోజజా ఆంటటీ కి బాగగా తెుసుు జలగ మొన రె్డ్ి కి వెం్రురకలు ఎకకడక, ఎక్కడ ఉననానయో"
762,karan johar asla modda levadu anta andukey ammaila mataladuthaane vunatru,hate,Latin/Romanized,karan johar asla modda levadu anta andukey ammaila mataladuthaane vunatru,karan johar asla modda levadu anta andukey ammaila mataladuthaane vunatru,karan johar asla modda levadu anta andukey ammaila mataladuthaane vunatru,karan johar asla modda levadu anta andukey ammaila mataladuthaane vunatru,karran johhar asla moddda levaadu anta anduukey ammaaila mataladuuthaane vunaatru,karan johar aslla modda leadau antta anukuey amaiala mataldutuhaane vuataru
763,​yuddham vadhu please for lokham lo shanthi vunchadhi,non-hate,Latin/Romanized,​yuddham vadhu please for lokham lo shanthi vunchadhi,​yuddham vadhu please for lokham lo shanthi vunchadhi,​yuddham vadhu please for lokham lo shanthi vunchadhi,​yuddham vadhu please for lokham lo shanthi vunchadhi,​yudddham vaddhu pleaase for lokhham lo shannthi vunchhadhi,​yudhdam vadhu plasae for lohahm lo shntnhi vunhahdhi
764,Niku cheppada kohili one day adanu ani,non-hate,Latin/Romanized,Niku cheppada kohili one day adanu ani,Niku cheppada kohili one day adanu ani,Niku cheppada kohili one day adanu ani,Niku cheppada kohili one day adanu ani,Niku chepppada kohiili one day adaanu ani,Nikku chepapda koilii one day adanu ani
765,KCR ni chusi Vallabhai patel anukunnademo.,non-hate,Latin/Romanized,KCR ni chusi Vallabhai patel anukunnademo.,KCR ni chusi Vallabhai patel anukunnademo.,KCR ni chusi Vallabhai patel anukunnademo.,KCR ni chusi Vallabhai patel anukunnademo.,KCR ni chuusi Vallaabhai pattel anukunnnademo.,KCR ni chusi Valabahai patel anuknnandemo.
766,great raa baabu movies loki  vellipoyava ra baabu,non-hate,Latin/Romanized,great raa baabu movies loki  vellipoyava ra baabu,great raa baabu movies loki vellipoyava ra baabu,great raa baabu movies loki  vellipoyava ra baabu,great raa baabu movies loki vellipoyava ra baabu,greeat raa baaabu moviies loki vellippoyava ra baaabu,great raa baabu moieis lokki vellpopyava ra baabu
767,Telugu tamil industry la ki break dance nerpindhe prabhudeva..meru evergreen dancer sir,non-hate,Latin/Romanized,Telugu tamil industry la ki break dance nerpindhe prabhudeva..meru evergreen dancer sir,Telugu tamil industry la ki break dance nerpindhe prabhudeva..meru evergreen dancer sir,Telugu tamil industry la ki break dance nerpindhe prabhudeva..meru evergreen dancer sir,Telugu tamil industry la ki break dance nerpindhe prabhudeva..meru evergreen dancer sir,Teluugu tammil indusstry la ki breeak dannce nerpiindhe prabhudevva..meru everggreen danccer sir,Teuguu tamil indstsry la ki break dance nerinidhe prabhdevav..meru evegrgeen dacecr sir
768,Pora kukka,hate,Latin/Romanized,Pora kukka,Pora kukka,Pora kukka,Pora kukka,Pora kukkka,Porra kukka
769,Nvvu first e channel dheni kosam pettinav kcr kosama peoples ki emaina prayojanam vundhara entha sepu kcr sanka nakuthunnav,hate,Latin/Romanized,Nvvu first e channel dheni kosam pettinav kcr kosama peoples ki emaina prayojanam vundhara entha sepu kcr sanka nakuthunnav,Nvvu first e channel dheni kosam pettinav kcr kosama peoples ki emaina prayojanam vundhara entha sepu kcr sanka nakuthunnav,Nvvu first e channel dheni kosam pettinav kcr kosama peoples ki emaina prayojanam vundhara entha sepu kcr sanka nakuthunnav,Nvvu first e channel dheni kosam pettinav kcr kosama peoples ki emaina prayojanam vundhara entha sepu kcr sanka nakuthunnav,Nvvu firrst e channnel dheeni kossam pettiinav kcr kosaama peopples ki emaiina prayojjanam vundhhara enttha sepu kcr sannka nakuthhunnav,Nvvvu first e chnnnel dheni kosam petiniav kcr koamaa peplpes ki eminia praojajnam vunhahra entha seppu kcr sanka nakuhuhnnav
770,narottam mishra peddha langa ram setu movie ban cheyamantaru deniki movie peru lo ram vundhi ani,hate,Latin/Romanized,narottam mishra peddha langa ram setu movie ban cheyamantaru deniki movie peru lo ram vundhi ani,narottam mishra peddha langa ram setu movie ban cheyamantaru deniki movie peru lo ram vundhi ani,narottam mishra peddha langa ram setu movie ban cheyamantaru deniki movie peru lo ram vundhi ani,narottam mishra peddha langa ram setu movie ban cheyamantaru deniki movie peru lo ram vundhi ani,narotttam mishhra pedddha lannga ram setu movvie ban cheyamaantaru deniiki movvie peru lo ram vunddhi ani,nartttam mihrha pedhda langa ram settu movie ban cheymanataru deikii movie perru lo ram vudhdi ani
771,హమ్మయ్య.. ఇప్పటికి ఒక మంచి వీడియో చేశావు తల్లి,non-hate,Telugu,హమ్మయ్య.. ఇప్పటికి ఒక మంచి వీడియో చేశావు తల్లి,hamamayaya.. ipapataikai oka mamchai vaeedaiyaoo chaaeshaaavau talalai,హమ్మయ్య.. ఇప్పటికి ఒక మంచి వీడియో చేశావు తల్లి,hamamayaya.. ఇప్పటికి oka మంచి vaeedaiyaoo చేశావు talalai,హమ్మయయ్య.. ఇప్పటటికి ఒక మంచి వీడిియో చేశాావు తల్్లి,హమ్య్యయ.. ఇప్టిటకి ఒక మంచచి వీియిో చేావాు తల్లి
772,ఇలాంటివి చేస్తేనే మీకు 2019 లో బొక్క పడింది.,hate,Telugu,ఇలాంటివి చేస్తేనే మీకు 2019 లో బొక్క పడింది.,ilaaamtaivai chaaesataaenaae maeekau 2019 laoo baokaka padaimdai.,ఇలాంటివి చేస్తేనే మీకు 2019 లో బొక్క పడింది.,ilaaamtaivai చేస్తేనే maeekau 2019 laoo బొక్క padaimdai.,ఇలాంటటివి చేస్తతేనే మీకు 2019 లో బొకక్క పడింంది.,ఇలాటిటవి చేసతేతనే మీకకు 20119 లో బొక్క పడందంి.
773,Ram entra babu intha andamga undau super,non-hate,Latin/Romanized,Ram entra babu intha andamga undau super,Ram entra babu intha andamga undau super,Ram entra babu intha andamga undau super,Ram entra babu intha andamga undau super,Ram enttra babu inttha andaamga unddau supper,Ram entra babbu intha anamaga undau super
774,కంట్లో దురద పెట్టింది కాబట్టి సరిపోయింది,non-hate,Telugu,కంట్లో దురద పెట్టింది కాబట్టి సరిపోయింది,kamtalaoo daurada paetataimdai kaaabatatai saraipaooyaimdai,కంట్లో దురద పెట్టింది కాబట్టి సరిపోయింది,kamtalaoo దురద paetataimdai కాబట్టి saraipaooyaimdai,కంట్్లో దురద పెట్టటింది కాబటట్టి సరిపోయయింది,కం్ల్ో దురరద పెటటిటంది కాట్టటి సరిోయియంది
775,ఏక్కడకి పోయండి ఈ మహిళా కమిషన్,hate,Telugu,ఏక్కడకి పోయండి ఈ మహిళా కమిషన్,aekakadakai paooyamdai ee mahailaaa kamaishana,ఏక్కడకి పోయండి ఈ మహిళా కమిషన్,aekakadakai పోయండి ee మహిళా kamaishana,ఏక్కకడకి పోయంండి ఈ మహిిళా కమిషషన్,ఏకకడకకి పోండంి ఈ మహిళా కమషనష్
776,నువ్వు కాదయ్యా హీరో నీ యనకాల ఉంది చూడు పులి సోను సూద్ సార్,non-hate,Telugu,నువ్వు కాదయ్యా హీరో నీ యనకాల ఉంది చూడు పులి సోను సూద్ సార్,nauvavau kaaadayayaaa haeeraoo naee yanakaaala umdai chaoodau paulai saoonau saooda saaara,నువ్వు కాదయ్యా హీరో నీ యనకాల ఉంది చూడు పులి సోను సూద్ సార్,nauvavau కాదయ్యా haeeraoo నీ yanakaaala ఉంది chaoodau పులి saoonau సూద్ saaara,నువ్్వు కాదయయ్యా హీరో నీ యనకకాల ఉంది చూడు పులి సోను సూద్ సార్,ను్వ్ు కాయ్యయా హీరరో నీ యనకాల ఉందది చూడడు పులలి సోనను సూదద్ సారర్
777,jagan gabbu gadu cbn pettina manchi padakalu ni tolagichi auto valla ki 10000rs esthunnaru,hate,Latin/Romanized,jagan gabbu gadu cbn pettina manchi padakalu ni tolagichi auto valla ki 10000rs esthunnaru,jagan gabbu gadu cbn pettina manchi padakalu ni tolagichi auto valla ki 10000rs esthunnaru,jagan gabbu gadu cbn pettina manchi padakalu ni tolagichi auto valla ki 10000rs esthunnaru,jagan gabbu gadu cbn pettina manchi padakalu ni tolagichi auto valla ki 10000rs esthunnaru,jaggan gabbbu gadu cbn petttina mancchi padakkalu ni tolaggichi auto vallla ki 100000rs esthunnnaru,jagan gabbu gaddu cbn petitna machci padkaklu ni tolgigchi autto valla ki 10000rs estunnnaru
778,Desaani dochokotaaniki eeyanaki emi takkuvayindita,hate,Latin/Romanized,Desaani dochokotaaniki eeyanaki emi takkuvayindita,Desaani dochokotaaniki eeyanaki emi takkuvayindita,Desaani dochokotaaniki eeyanaki emi takkuvayindita,Desaani dochokotaaniki eeyanaki emi takkuvayindita,Desaaani dochokottaaniki eeyannaki emi takkuvayyindita,Deaaani dochootataniki eeynanki emi takkuayiyndita
779,​a bayam unte villu paripala tinnaga cheste sari ponu,hate,Latin/Romanized,​a bayam unte villu paripala tinnaga cheste sari ponu,​a bayam unte villu paripala tinnaga cheste sari ponu,​a bayam unte villu paripala tinnaga cheste sari ponu,​a bayam unte villu paripala tinnaga cheste sari ponu,​a bayyam unte villlu parippala tinnnaga chesste sari ponu,​a bayam untte villu parpapla tinanga chstse sarri ponnu
780,Telugu industry na modda kudavandi ra,hate,Latin/Romanized,Telugu industry na modda kudavandi ra,Telugu industry na modda kudavandi ra,Telugu industry na modda kudavandi ra,Telugu industry na modda kudavandi ra,Teluugu indusstry na moddda kudavvandi ra,Teuguu indstsry na modda kudvavndi ra
781,Sister...Nelanti vaallu thaluchukuntey condecterley kaadhu collectorlu avthaaru...kalaakarulavtharu....neku suport chestunna ne family ki..A P S R T C ki ne tharupuna Thanks cheptunna,non-hate,Latin/Romanized,Sister...Nelanti vaallu thaluchukuntey condecterley kaadhu collectorlu avthaaru...kalaakarulavtharu....neku suport chestunna ne family ki..A P S R T C ki ne tharupuna Thanks cheptunna,Sister...Nelanti vaallu thaluchukuntey condecterley kaadhu collectorlu avthaaru...kalaakarulavtharu....neku suport chestunna ne family ki..A P S R T C ki ne tharupuna Thanks cheptunna,Sister...Nelanti vaallu thaluchukuntey condecterley kaadhu collectorlu avthaaru...kalaakarulavtharu....neku suport chestunna ne family ki..A P S R T C ki ne tharupuna Thanks cheptunna,Sister...Nelanti vaallu thaluchukuntey condecterley kaadhu collectorlu avthaaru...kalaakarulavtharu....neku suport chestunna ne family ki..A P S R T C ki ne tharupuna Thanks cheptunna,Sister....Nelanti vaalllu thaluchuukuntey condectterley kaaddhu collecctorlu avthaaru...kalaakarrulavtharu....neku supoort chesttunna ne famiily ki...A P S R T C ki ne tharuupuna Thannks chepttunna,Siste...N.elanti valllu thaluhukuuntey condctetrley kadhdu collctcorlu avthaaru...klaakarurlavtharu....neku suorot chetutnna ne failiy ki..A P S R T C ki ne thaupuuna Thnkns chetutnna
782,Nenu aite Jabardast show chudadam manesanu TV 5 ABN channels lo debates vchinaka,non-hate,Latin/Romanized,Nenu aite Jabardast show chudadam manesanu TV 5 ABN channels lo debates vchinaka,Nenu aite Jabardast show chudadam manesanu TV 5 ABN channels lo debates vchinaka,Nenu aite Jabardast show chudadam manesanu TV 5 ABN channels lo debates vchinaka,Nenu aite Jabardast show chudadam manesanu TV 5 ABN channels lo debates vchinaka,Nenu aite Jabarrdast show chudaadam manessanu TV 5 ABN channnels lo debaates vchinnaka,Nennu aitte Jabrdrast shoow chuadaam mansasnu TV 5 ABN chanenls lo deataes vchnanka
783,Mahesh smile ...pure soul,non-hate,Latin/Romanized,Mahesh smile ...pure soul,Mahesh smile ...pure soul,Mahesh smile ...pure soul,Mahesh smile ...pure soul,Maheesh smiile ...ppure soul,Maeseh smile ..pupre souul
784,Madam meeru good questions aduguthunnaru,non-hate,Latin/Romanized,Madam meeru good questions aduguthunnaru,Madam meeru good questions aduguthunnaru,Madam meeru good questions aduguthunnaru,Madam meeru good questions aduguthunnaru,Maddam meeeru good questtions aduguthhunnaru,Madam meeru goood quetitons adugthuhnnaru
785,𝙋𝙪𝙠𝙪 𝙙𝙖𝙣𝙜𝙞𝙩𝙝𝙝𝙖,hate,Other,𝙋𝙪𝙠𝙪 𝙙𝙖𝙣𝙜𝙞𝙩𝙝𝙝𝙖,𝙋𝙪𝙠𝙪 𝙙𝙖𝙣𝙜𝙞𝙩𝙝𝙝𝙖,𝙋𝙪𝙠𝙪 𝙙𝙖𝙣𝙜𝙞𝙩𝙝𝙝𝙖,𝙋𝙪𝙠𝙪 𝙙𝙖𝙣𝙜𝙞𝙩𝙝𝙝𝙖,𝙋𝙪𝙠𝙪 𝙙𝙖𝙣𝙜𝙞𝙞𝙩𝙝𝙝𝙖,𝙋𝙪𝙠𝙠𝙪 𝙙𝙖𝙣𝙞𝙩𝙞𝙝𝙝𝙖
786,మీరు మాకు దూరం అవ్వడం మా దురదృష్టం,non-hate,Telugu,మీరు మాకు దూరం అవ్వడం మా దురదృష్టం,maeerau maaakau daooram avavadam maaa dauradarushatam,మీరు మాకు దూరం అవ్వడం మా దురదృష్టం,maeerau మాకు daooram అవ్వడం maaa దురదృష్టం,మీరు మాకు దూరం అవ్వవడం మా దురదృృష్టం,మీరరు మాకకు దూరరం అవవడవం మా దురృషృ్టం
787,Amma pai joke enty raaa..... Avulagallraa,hate,Latin/Romanized,Amma pai joke enty raaa..... Avulagallraa,Amma pai joke enty raaa..... Avulagallraa,Amma pai joke enty raaa..... Avulagallraa,Amma pai joke enty raaa..... Avulagallraa,Amma pai joke enty raaa...... Avulagaallraa,Ammma pai jokke entty raa...... Avulgalalraa
788,తాను ఇంతకు ముందే చెప్పాడు నేను ఇలా videos చేయడానికి కారణం అందరూ inspire అవ్వాలి అని,non-hate,Mixed,తాను ఇంతకు ముందే చెప్పాడు నేను ఇలా videos చేయడానికి కారణం అందరూ inspire అవ్వాలి అని,taaanau imtakau maumdaae chaepapaaadau naaenau ilaaa videos chaaeyadaaanaikai kaaaranam amdaraoo inspire avavaaalai anai,తాను ఇంతకు ముందే చెప్పాడు నేను ఇలా videos చేయడానికి కారణం అందరూ inspire అవ్వాలి అని,taaanau ఇంతకు maumdaae చెప్పాడు naaenau ఇలా videos చేయడానికి kaaaranam అందరూ inspire అవ్వాలి anai,తాను ఇంతతకు ముంందే చెప్పపాడు నేను ఇలా videeos చేయడాానికి కారరణం అందదరూ insppire అవ్వవాలి అని,తానను ఇంతకు ముందే చెపపాపడు నేనను ఇలా vieoes చేయానాికి కారణం అందరూ inpipre అవవావలి అని
789,Chi yentra makikarma,hate,Latin/Romanized,Chi yentra makikarma,Chi yentra makikarma,Chi yentra makikarma,Chi yentra makikarma,Chi yenttra makikkarma,Chi yetrta makkakrma
790,తమ్ముడు నువ్వు సూపర్ నిజాన్ని ఈలాగే నిర్బయంగా చెప్పు ఎవ్వనికి భయపడకు,non-hate,Telugu,తమ్ముడు నువ్వు సూపర్ నిజాన్ని ఈలాగే నిర్బయంగా చెప్పు ఎవ్వనికి భయపడకు,tamamaudau nauvavau saoopara naijaaananai eelaaagaae nairabayamgaaa chaepapau evavanaikai bhayapadakau,తమ్ముడు నువ్వు సూపర్ నిజాన్ని ఈలాగే నిర్బయంగా చెప్పు ఎవ్వనికి భయపడకు,tamamaudau నువ్వు saoopara నిజాన్ని eelaaagaae నిర్బయంగా chaepapau ఎవ్వనికి bhayapadakau,తమ్మముడు నువ్్వు సూపపర్ నిజానన్ని ఈలాాగే నిర్బబయంగా చెప్్పు ఎవ్వననికి భయపడడకు,తమముమడు ను్వ్ు సూపర్ నిజన్నని ఈలాగే నిరబయబంగా చె్ప్ు ఎవ్నినకి భయడకడు
791,"RK గారు మీకు, మీ టీం కి దన్యవాదాలు, సుతి మెత్తగా ప్రశ్నలు వర్ణించారు  అహంకారికి ...అహంకారం కాస్త తగ్గినట్లు అనిపిస్తొంది",non-hate,Mixed,"RK గారు మీకు, మీ టీం కి దన్యవాదాలు, సుతి మెత్తగా ప్రశ్నలు వర్ణించారు  అహంకారికి ...అహంకారం కాస్త తగ్గినట్లు అనిపిస్తొంది","RK gaaarau maeekau, maee taeem kai danayavaaadaaalau, sautai maetatagaaa parashanalau varanaimchaaarau ahamkaaaraikai ...ahamkaaaram kaaasata tagagainatalau anaipaisataomdai","RK గారు మీకు, మీ టీం కి దన్యవాదాలు, సుతి మెత్తగా ప్రశ్నలు వర్ణించారు  అహంకారికి ...అహంకారం కాస్త తగ్గినట్లు అనిపిస్తొంది","RK గారు maeekau, మీ taeem కి danayavaaadaaalau, సుతి maetatagaaa ప్రశ్నలు varanaimchaaarau అహంకారికి ...ahamkaaaram కాస్త tagagainatalau అనిపిస్తొంది","RK గారు మీకకు, మీ టీం కి దన్యవాాదాలు, సుతి మెత్్తగా ప్రశ్్నలు వర్ణింంచారు అహంకాారికి ...అహంంకారం కాసస్త తగ్గిననట్లు అనిపిస్్తొంది","RK గారరు మీకు, మీ టీం కి దన్యాదాాలు, సుతతి మె్త్గా ప్ర్న్లు వర్ించంారు అహంారాికి ...హంకంారం కాస్త తగ్ినటన్లు అనిపస్త్ొంది"
792,Mundhu veeni interview chesthunna channel vallani thannali,hate,Latin/Romanized,Mundhu veeni interview chesthunna channel vallani thannali,Mundhu veeni interview chesthunna channel vallani thannali,Mundhu veeni interview chesthunna channel vallani thannali,Mundhu veeni interview chesthunna channel vallani thannali,Munddhu veeeni interrview chesthhunna channnel valllani thannnali,Mudhdu veeni intrvriew chethuhnna chnnnel valalni thananli
793,గ్రేట్ పర్ఫామెన్స్ సిస్ క్రింది టైల్స్ స్లిప్ అవుతున్న బలన్స్ చేసుకొని పెర్ఫెక్ట్ గా డాన్స్ వేసావ్ సూపర్,non-hate,Telugu,గ్రేట్ పర్ఫామెన్స్ సిస్ క్రింది టైల్స్ స్లిప్ అవుతున్న బలన్స్ చేసుకొని పెర్ఫెక్ట్ గా డాన్స్ వేసావ్ సూపర్,garaaeta paraphaaamaenasa saisa karaimdai taailasa salaipa avautaunana balanasa chaaesaukaonai paeraphaekata gaaa daaanasa vaaesaaava saoopara,గ్రేట్ పర్ఫామెన్స్ సిస్ క్రింది టైల్స్ స్లిప్ అవుతున్న బలన్స్ చేసుకొని పెర్ఫెక్ట్ గా డాన్స్ వేసావ్ సూపర్,garaaeta పర్ఫామెన్స్ saisa క్రింది taailasa స్లిప్ avautaunana బలన్స్ chaaesaukaonai పెర్ఫెక్ట్ gaaa డాన్స్ vaaesaaava సూపర్,గ్రేేట్ పర్ఫామమెన్స్ సిస్ క్రిింది టైల్్స్ స్లిిప్ అవుతుున్న బలన్్స్ చేసుకకొని పెర్ఫెెక్ట్ గా డాన్్స్ వేసాావ్ సూపపర్,గ్ేటే్ పర్ఫమెమన్స్ సిసస్ క్ింిది టై్స్్ స్ిపి్ అవుును్న బల్స్్ చేసకొకని పెరఫెకె్ట్ గా డా్స్్ వేావా్ సూపర్
794,erri puk moody valla srh playoffs ki pole,hate,Latin/Romanized,erri puk moody valla srh playoffs ki pole,erri puk moody valla srh playoffs ki pole,erri puk moody valla srh playoffs ki pole,erri puk moody valla srh playoffs ki pole,erri puk mooody vallla srh playooffs ki pole,errri puk moody valla srh plaofofs ki polle
795,త్వరలోనే పవన్ కళ్యాణ్ గారు ముఖ్యమంత్రి కాబోతున్నారు,non-hate,Telugu,త్వరలోనే పవన్ కళ్యాణ్ గారు ముఖ్యమంత్రి కాబోతున్నారు,tavaralaoonaae pavana kalayaaana gaaarau maukhayamamtarai kaaabaootaunanaaarau,త్వరలోనే పవన్ కళ్యాణ్ గారు ముఖ్యమంత్రి కాబోతున్నారు,tavaralaoonaae పవన్ kalayaaana గారు maukhayamamtarai కాబోతున్నారు,త్వరలలోనే పవన్ కళ్యయాణ్ గారు ముఖ్యమమంత్రి కాబోతునన్నారు,త్వలోలనే పవనన్ కళయాయణ్ గారరు ముఖ్మంమత్రి కాబోున్ననారు
796,Best లీడర్ and best పోలీస్.ప్రవీణ్ కుమార్ సర్,non-hate,Mixed,Best లీడర్ and best పోలీస్.ప్రవీణ్ కుమార్ సర్,Best laeedara and best paoolaeesa.paravaeena kaumaaara sara,Best లీడర్ and best పోలీస్.ప్రవీణ్ కుమార్ సర్,Best లీడర్ and best paoolaeesa.paravaeena కుమార్ sara,Best లీడడర్ and best పోలీస్.పప్రవీణ్ కుమాార్ సర్,Besst లీడర్ and besst పోలీస.ప్పరవీణ్ కుారా్ సర్
797,Comments chadivi masthu enjoy chesthunna nenaithe,non-hate,Latin/Romanized,Comments chadivi masthu enjoy chesthunna nenaithe,Comments chadivi masthu enjoy chesthunna nenaithe,Comments chadivi masthu enjoy chesthunna nenaithe,Comments chadivi masthu enjoy chesthunna nenaithe,Commeents chaddivi mastthu enjjoy chesthhunna nenaiithe,Comenets chdidvi mathtu enjoy chethuhnna nenitihe
798,ఆ వైట్ డ్రెస్ లో చూస్తుంటే విజయవాడ పెద్దపులి వంగవీటి మోహన్ రంగా ను చూసినట్టుంది అన్న,non-hate,Telugu,ఆ వైట్ డ్రెస్ లో చూస్తుంటే విజయవాడ పెద్దపులి వంగవీటి మోహన్ రంగా ను చూసినట్టుంది అన్న,aa vaaita daraesa laoo chaoosataumtaae vaijayavaaada paedadapaulai vamgavaeetai maoohana ramgaaa nau chaoosainatataumdai anana,ఆ వైట్ డ్రెస్ లో చూస్తుంటే విజయవాడ పెద్దపులి వంగవీటి మోహన్ రంగా ను చూసినట్టుంది అన్న,aa వైట్ daraesa లో chaoosataumtaae విజయవాడ paedadapaulai వంగవీటి maoohana రంగా nau చూసినట్టుంది anana,ఆ వైట్ డ్రెెస్ లో చూస్తతుంటే విజయయవాడ పెద్దదపులి వంగవవీటి మోహహన్ రంగా ను చూసినట్్టుంది అన్న,ఆ వైటట్ డ్ెసె్ లో చూసతుతంటే వియవయాడ పెదదపదులి వంవీవటి మోహన్ రంగగా ను చూసిట్ట్ుంది అన్్న
799,Ttr dongal trs pata leaders,hate,Latin/Romanized,Ttr dongal trs pata leaders,Ttr dongal trs pata leaders,Ttr dongal trs pata leaders,Ttr dongal trs pata leaders,Ttr donggal trs pata leadders,Ttr dogagl trs patta lededrs
