text_original,true_label,original_prediction,mild_prediction,severe_prediction,original_to_mild_flip,original_to_severe_flip,mild_to_severe_flip,original_correct,mild_correct,severe_correct
స్త్రీలను వీధిలోకి లగకంది పవన్ గారు చూస్తే ఆయనకి పార్టీ కి చెడ్డ పేరు వస్తుంది,non-hate,non-hate,non-hate,non-hate,False,False,False,True,True,True
Gudha paguldegale,hate,hate,hate,hate,False,False,False,True,True,True
Nijanga ilanti extraordinary persons untaru,non-hate,hate,hate,hate,False,False,False,False,False,False
నాకు ఇంటర్నెట్ మొబైల్ డేటా లేదు అండి ఇందులోనుంచి డబ్బులు వస్తే ఏపించుకుందాం అని చూస్తున్న... మాములుగా లేదు అనుదీప్ గారి పంచెస్,non-hate,non-hate,non-hate,non-hate,False,False,False,True,True,True
AP ki manchi rojulu vasthundhi,non-hate,hate,hate,hate,False,False,False,False,False,False
Ayithe life politician kavali ra Babu.,non-hate,hate,hate,hate,False,False,False,False,False,False
KTR:Nannu erri puk cheshavu gah kadhara revanth,hate,hate,hate,hate,False,False,False,True,True,True
Youtube vedios konni follow ayyedhanni tharwatha BB house lo koncham negitive feel ayya ippudu chustunte badha anipistundhi very good dancer All the Best for your future Shanmukh 💐,non-hate,non-hate,non-hate,non-hate,False,False,False,True,True,True
Recharge aipothey data ela vastadhi ra erri puka,hate,hate,hate,hate,False,False,False,True,True,True
vadu donga nuuv yadava,hate,hate,hate,hate,False,False,False,True,True,True
సంస్కారవంతమైన కుటుంబం,non-hate,non-hate,non-hate,non-hate,False,False,False,True,True,True
ప్రజా సమస్యల పరిష్కారంపై దృష్టి పెట్టండి,non-hate,non-hate,non-hate,non-hate,False,False,False,True,True,True
Waste gadu Natraj is very bad behaviour,hate,hate,hate,non-hate,False,True,True,True,True,False
Kanisam okka wicket kooda teeyaledu waste galu,hate,hate,hate,hate,False,False,False,True,True,True
"Amit Shaw ki slippers vesthu bathukuthunnadu, telugu vaari gowravaanni gujarat gadidhala dhaggara thaakattu pettesthunnadu..",hate,non-hate,hate,non-hate,True,False,True,False,True,False
jihah khan sucide ki karanam sooraj altanchdi sulli bhai mafia support free vare ammailtho dengithunaru,hate,hate,hate,hate,False,False,False,True,True,True
"Police vallu cheppindi antha nijamena, poorthi enquiry ayina tharavatha nuvvu vallanu criminals Ani cheppu brother.",non-hate,hate,hate,hate,False,False,False,False,False,False
ప్రతి సీన్... ప్రతీ షాట్....మతి పోతుంది లోపల awesome,non-hate,non-hate,non-hate,hate,False,True,True,True,True,False
Janabha.peregutunaru.vupadhe.udhyogalu.karuve.vundhe.,non-hate,non-hate,non-hate,hate,False,True,True,True,True,False
మళ్ళీ మళ్ళీ రిపీట్ చేస్తూ చూస్తున్న వాళ్లు ఎంతమంది ఉన్నారు...️,non-hate,non-hate,non-hate,non-hate,False,False,False,True,True,True
entha cute couple abbaa..!!,non-hate,non-hate,non-hate,non-hate,False,False,False,True,True,True
Allu Arjun cinema ki pranam esatadu,non-hate,hate,hate,hate,False,False,False,False,False,False
తెలివిగలవాళ్లని అనుకుంటాంగానీ కాదు అదృష్టం ఏమూలో ఏడుస్తుంది ఇట్లాంటి  వాళ్ళకి. జనాలతో తిట్టించుకుంటే కాని నిద్ర పట్టదు,hate,non-hate,non-hate,non-hate,False,False,False,False,False,False
కడిగేయండి మీరు సమాజాన్ని!  నాకు బాధగానే ఉంది గురువుగారు.,non-hate,hate,hate,hate,False,False,False,False,False,False
"God bless your relation madam, జై సుధీర్ అన్న",non-hate,non-hate,non-hate,non-hate,False,False,False,True,True,True
Ammai ni pattukoni kavalissindhi konuko ani anta vurukuntunda,hate,hate,hate,hate,False,False,False,True,True,True
"శుక్రవారం శుక్రవారం స్టేషన్ కి వచ్చి సంతకం
పెట్టు",non-hate,non-hate,non-hate,non-hate,False,False,False,True,True,True
ఎందరో  మహాను బావులు  వుంటారు వాళ్లు ఊరికెనే ఉండరు,non-hate,hate,hate,hate,False,False,False,False,False,False
Nuv annantha mathrana Harsha Sai midha abimanam thaggadu ra,hate,hate,hate,hate,False,False,False,True,True,True
నీతి నిజాయితీ లకు మారు పేరుగా నిలిచిన వ్యక్తి ఆళ్ళ రామకృష్ణారెడ్డి. అమరావతి రైతులకోసం నిజమైన పోరాటం చేసిన వ్యక్తి. ఆయన పదికాలాలపాటు చల్లగా ఉండాలి.,non-hate,non-hate,non-hate,non-hate,False,False,False,True,True,True
వచ్చిందయ్యా మహా పతివ్రత.... అనసూయ అంటేనే నిలువెల్లా బూతు..... ఈమె చెబుతుంది నీతులు... తూ..... సిగ్గుమాలిన జన్మ,hate,non-hate,non-hate,non-hate,False,False,False,False,False,False
Vedoka pulkagadu vinikanna Prakash Raj better,hate,hate,hate,hate,False,False,False,True,True,True
Na modda la expressions,hate,hate,hate,hate,False,False,False,True,True,True
Arey ni bondha ra chetha na kodaka,hate,hate,hate,hate,False,False,False,True,True,True
Vediki Gudda baga balisindi anukunta..Balayya babu meeda jokes endukura ep,hate,hate,hate,hate,False,False,False,True,True,True
Veelu vedi over action,hate,hate,hate,hate,False,False,False,True,True,True
ఏముంది పదవికోసం గుధ్ధ కూడా నాకేస్తారు ఈ రాజకీయ రాబందులు,non-hate,hate,hate,hate,False,False,False,False,False,False
Yadava Veshalu taginchukunte Baguntadi,hate,hate,hate,non-hate,False,True,True,True,True,False
ప్రతిపక్షాలు సామాన్యుడిని ఎదగనివ్వరు పేద ప్రజలకి ఇల్లులు కడుతుంటే ఇప్పుడు వాళ్లు వచ్చి ఎలా కడుతున్నారు చూస్తారట ంగా ఉంది అతని నుంచి పేద ప్రజలకి ఇళ్ల పట్టాలు పంపిణీ చేయడానికి వీలు లేదంటూ ఆయన స్టేజెస్ కూర్చున్నాడు అంటే ఇతను కంపు చేయడానికి ప్రయత్నించేస్తున్నాడు జగనన్న లబ్ధిదారులు ఇటువంటివి జరిగినప్పుడు బయటకు వచ్చి మీ తాలూకా మనసులో ఉండే మాటను వాళ్లకి తెలియపరచండి,non-hate,non-hate,non-hate,hate,False,True,True,True,True,False
Ore ni veshalu api pani chusko,hate,hate,hate,hate,False,False,False,True,True,True
priyanka arul mohan gudda chaala sexy vuntadhi dani panga chachi dengali,hate,hate,hate,non-hate,False,True,True,True,True,False
Devudimida jokulu vesina avamanichina chala nasta potaru vinayakudito pettukokuda power full god,non-hate,non-hate,non-hate,non-hate,False,False,False,True,True,True
Nuvvo moddaganivi andhuke aapesnav,hate,non-hate,non-hate,hate,False,True,True,False,False,True
amarica andatho madam perigi kotukuntundi urikine,hate,non-hate,non-hate,hate,False,True,True,False,False,True
చాలా మంచి మూవీ అన్న ...మీరు రియాక్ట్ అవుతావ్ అనుకున్న అన్న ..నువ్వు సూపర్ లాయర్ అన్న,non-hate,non-hate,non-hate,non-hate,False,False,False,True,True,True
Idi RTC Conducter ha leka Inka bustand lo emaina chesinda,hate,hate,hate,hate,False,False,False,True,True,True
Krittika Garu Vadine Chepu tho Kothandi Live Lo....,hate,non-hate,non-hate,non-hate,False,False,False,False,False,False
ఇంక ఆపుర నాయనా... అక్కడ చూయించు...,hate,hate,hate,hate,False,False,False,True,True,True
మీ ఫ్యామిలీ లో నాకు నచ్చింది నువ్వు అన్న.. కరెక్ట్ గా మాట్లాడుతావ్..,non-hate,non-hate,non-hate,non-hate,False,False,False,True,True,True
Suma garu koncham thagichuko,hate,non-hate,non-hate,non-hate,False,False,False,False,False,False
Orey adhiga guddha mue,hate,hate,hate,hate,False,False,False,True,True,True
"Orey  jaffa bul bul,go and buffalo muddilo paduko",hate,hate,hate,hate,False,False,False,True,True,True
Hanu raghavapudi love story ante super immersive ga untadi,non-hate,non-hate,non-hate,non-hate,False,False,False,True,True,True
chillar party lu Anne okkatyna modi ji ni next pm modi ji yogi baba ni,hate,hate,hate,hate,False,False,False,True,True,True
Jayamu jayamu chandranna jayamu neeku chandranna,non-hate,hate,hate,hate,False,False,False,False,False,False
Aaku puuku theliyandhi kuda judge aipoindhi,hate,hate,hate,hate,False,False,False,True,True,True
SHOES  Amithsha modi kinda Oodigam chey..,hate,hate,hate,hate,False,False,False,True,True,True
​raani pramadam raani no problem.. next tym bjp ki vote veyandi telangana prajalara,non-hate,hate,hate,hate,False,False,False,False,False,False
Ee madya kaalamlo vochina films lo naaku idhi baaga nachindi,non-hate,hate,hate,hate,False,False,False,False,False,False
"Evidence unna mla kodukuni arrest cheyaledhu, police lu ki dammu ledhu",hate,hate,hate,hate,False,False,False,True,True,True
Veedu aadi gaadu maaradu veediki stage cleaning pani ivvandi,hate,hate,hate,non-hate,False,True,True,True,True,False
E movie Gurinchi okkadu negative ga matladina vaadu terrorist ayyi undali..,non-hate,non-hate,non-hate,non-hate,False,False,False,True,True,True
Kaasta అమ్మ నన్న పైన ప్రేమ కలిగి vundandi bro,non-hate,non-hate,non-hate,non-hate,False,False,False,True,True,True
Kulaaa pechhe fuuga undeanana,hate,hate,hate,hate,False,False,False,True,True,True
Are Babu niku endukura,hate,hate,hate,hate,False,False,False,True,True,True
"Intaki Rahul evadabba, sir indirect ga Congress Rahul Gandhi ki hint istunda kalsipodamani",non-hate,hate,hate,non-hate,False,True,True,False,False,True
"This should be  a good lesson for youngsters.  Moral is "" జీవితం లో గెలుపుకి బందు మిత్రులు ఎక్క్కువ, కాని ఓటమి ఎప్పుడు అనాదే""",non-hate,non-hate,non-hate,non-hate,False,False,False,True,True,True
Vaddu Bangaram nuvvu happy ga vundali,non-hate,hate,hate,hate,False,False,False,False,False,False
"kani, ekkuva cheste alasata, weakness, body peragaka povadam, teenage lo tarvata kuda face paina gaddalu pimples ravadam nijam...better keep it two-three times a week..get busy and focus on your studies and career guys.",non-hate,hate,hate,non-hate,False,True,True,False,False,True
Chempa pagilddemo,hate,hate,hate,hate,False,False,False,True,True,True
వాడి అసలు రూపం అదే  ఎవరిని ఎప్పుడు వాడుకుని వదిలేయాలో వాడి కంటే ఏ రాజకీయ నాయకుడికి తెలియదు,non-hate,non-hate,non-hate,non-hate,False,False,False,True,True,True
మీ ఇద్దరి వల్ల తెలంగాణ జనాలకి ఏమన్న ఉపయోగం ఉందా చెప్పు,non-hate,hate,non-hate,hate,True,False,True,False,True,False
asla murmu president ela ayindhi india parvu poyindhi ni karra mokham eskoni,hate,hate,hate,hate,False,False,False,True,True,True
Etuvanti interviews kadhaa manaki kavalsinavi,non-hate,hate,hate,hate,False,False,False,False,False,False
శర్మ గారు చెప్పిన ది నిజమా అబద్దమా అని చెప్పే ధైర్యం వీళ్లకు లేదు,non-hate,non-hate,non-hate,hate,False,True,True,True,True,False
nani anna meru great,non-hate,non-hate,non-hate,non-hate,False,False,False,True,True,True
నువ్వు తెరాస పార్టీ ..ఉంపుడు గత్తేనె కదా రా నువ్వు,non-hate,non-hate,non-hate,hate,False,True,True,True,True,False
మేడం కు ఉక్క పోస్తునట్టుంది సంకలో బాడీ వేసుకుంది,hate,hate,hate,hate,False,False,False,True,True,True
ప్రపంచంలో అతిపెద్ద అవినీతి పార్టీ టిఅర్ యస్ కెసిఆర్,hate,non-hate,non-hate,non-hate,False,False,False,False,False,False
ఇలాంటి సెలబ్రిటీలు ఇలా షోష్ కు రావాలి sir,non-hate,non-hate,non-hate,non-hate,False,False,False,True,True,True
"Arey Babu Memu chinnappati nunchi chiru fans, pls don't hurt us, first chiru next evarina maaku",non-hate,hate,hate,hate,False,False,False,False,False,False
"eii yevudra veedu, andanga vunnav antunnadu, akka antunnadu",non-hate,hate,hate,non-hate,False,True,True,False,False,True
arey shankar ga nvvu kcr sanka nakaku ra,non-hate,hate,hate,hate,False,False,False,False,False,False
ఎవడి స్టైల్ వాడిది... దేవరకొండ స్టైల్ దేవరకొండ ది అంతే ఇంట్లో తప్పేముంది... వినిపిస్తుంది చెప్పనా.,non-hate,non-hate,non-hate,hate,False,True,True,True,True,False
పవన్ కళ్యాణ్ గారు   తమ్ముడు.... మోహన్ బాబు అనే సరికి  అన్నయ్య చిరంజీవి గారు చిన్నపిల్లోడిలా నవ్వుతుంటే ఎంత ఎంత అందగా ఉన్నాడో అన్నయ్య,non-hate,non-hate,non-hate,non-hate,False,False,False,True,True,True
Veedu am pikaledu ani telusu,hate,hate,hate,hate,False,False,False,True,True,True
"Nenu vunnanu,nenu vinnanu,nenu chusanu.... all are eligible for the Oscar level performance",non-hate,non-hate,non-hate,non-hate,False,False,False,True,True,True
పోన్లే పాపం కష్టపడ్డదానికి కొంచెం అయిన ప్రతిఫలం దక్కింది …. కళ్ళు నెత్తికెక్కించుకోకుండా ఒదిగి ఉంటే మంచి Future ఉండొచ్చు,non-hate,non-hate,non-hate,non-hate,False,False,False,True,True,True
rgv gadu canipovali vadi chettabandi ayina chestha,hate,hate,hate,non-hate,False,True,True,True,True,False
Papam bhayya babi ki potta abbam ga vundhi,non-hate,hate,hate,hate,False,False,False,False,False,False
Chala ibandi pettavu anna Nuvvu maa Chiru garini,hate,non-hate,non-hate,hate,False,True,True,False,False,True
సూపర్ rk గారు చాలా మంచి ప్రోగ్రాం,non-hate,non-hate,non-hate,non-hate,False,False,False,True,True,True
భారత దేశంలో పాలన చేతకాని సీఎం పాలన చేత కాక వేరే వాళ్ళని విమర్శించే ఏకైక సీఎం మన బతాల పోషెటి,non-hate,non-hate,non-hate,hate,False,True,True,True,True,False
e rashtraniki jarige prathi anyayam gurinchi niswardhanga matlade ekaika vyakti meere saar,non-hate,non-hate,non-hate,hate,False,True,True,True,True,False
ananaya panadey vi nimma dabbalu lanti payalu,hate,hate,hate,hate,False,False,False,True,True,True
chetha ra babu  NTV,hate,hate,hate,hate,False,False,False,True,True,True
Hi ra T.R.S. kukka…,hate,hate,hate,hate,False,False,False,True,True,True
Fans ki respect Ivvslira arye ntira,hate,hate,hate,hate,False,False,False,True,True,True
"first aa ammai family ki security ivvandi.., night night emaina jaragochu...",non-hate,hate,hate,hate,False,False,False,False,False,False
మీలాంటి వారు వుంటే ఆడపిల్లలకు చాలా ధర్మం జరుగుతుంది సార్,non-hate,non-hate,non-hate,non-hate,False,False,False,True,True,True
Ayanni okasari kodithey meeru laksha sarlu chupisthunnaru emkavali meeku,hate,non-hate,non-hate,non-hate,False,False,False,False,False,False
Thank you RRR TDP ki bratkinchadamulo mi krushi marvalenidi CBN gariku,non-hate,hate,hate,hate,False,False,False,False,False,False
గుధ్ధ బలిసి కొట్టుకుంటున్నవే,hate,non-hate,non-hate,non-hate,False,False,False,False,False,False
inkaa saavaledhu le vaadu baane sacchaadu yedhavakanipisthoone vundhigaa,hate,hate,hate,hate,False,False,False,True,True,True
"Manaki  ibbandi ochinappudu koncham  sahinchatam
Kastam ochinappudu koncham bharinchadam
 Anandham vachinappudu koncham panchadam",non-hate,hate,hate,hate,False,False,False,False,False,False
​trs party lo telangana kosam poradina valle unnara poratam ki vyatirekam ga unnollani ministers ala chesinaru..gurivinda ginja ki kinda unna macha kanapadadu,non-hate,hate,non-hate,hate,True,False,True,False,True,False
Mahesh anna… disappointed with this movie..next movie hit avvali…,non-hate,non-hate,non-hate,non-hate,False,False,False,True,True,True
"Jagan ni poguthunnava, leka mingutunnava...indirect ga jagan secret lu ani cheptunnav.",hate,hate,hate,hate,False,False,False,True,True,True
Samudramlo alalu aagavu Harsha Anna ki anna meeda prema chavadi,non-hate,non-hate,non-hate,hate,False,True,True,True,True,False
lanja puk managment valla ma warner mamali vadi velipoyaru,hate,hate,hate,hate,False,False,False,True,True,True
ఫస్ట్ నీతులు చెప్పావు కదా డబ్బు వద్దని ఇప్పుడు ఎందుకు తీసుకోమంటున్నావ్..,hate,hate,hate,hate,False,False,False,True,True,True
సూపర్ అన్న నీ వీడియోస్ నీ మాటలు అంటే నాకు చాలా ఇష్టం అందుకే నీ ఛానల్ సబ్స్క్రైబ్,non-hate,non-hate,non-hate,non-hate,False,False,False,True,True,True
"BJP TRS iddaru dosthlu le , bayatiki ivanni dramalu",non-hate,hate,hate,hate,False,False,False,False,False,False
మంగ్లీ పాడిన పాటలు అన్నీ ఒకేలాగనే అనిపిస్తున్నాయి పెద్ద డిఫరెంట్ ఏమీ లేదు,hate,non-hate,non-hate,non-hate,False,False,False,False,False,False
Yem matladuthunnav ra? Naralu kattai poiniy Neeku lekkalenduku ra ayya? Weekend politician,hate,hate,hate,hate,False,False,False,True,True,True
మీరు చరిత్రలో నీలుస్తరు బ్రో Hand's off to Your help full to poor people.,non-hate,non-hate,non-hate,non-hate,False,False,False,True,True,True
Smile chudanidhe venakki thaggavu bro nuvvu,non-hate,non-hate,non-hate,non-hate,False,False,False,True,True,True
Pichola gurinchi vinadame gane direct ga epudu e video lo chustuna ...,non-hate,hate,hate,non-hate,False,True,True,False,False,True
rechipothunnaru adhikaram lo unnaru ani ahamkara dhorani,hate,hate,hate,hate,False,False,False,True,True,True
Title leak ayithe entiii leak avakapothe entiii....maku enti yee golaaa....title entooo mee build up entooo,hate,hate,non-hate,hate,True,False,True,True,False,True
Die hard fan frm Kerala  Nenu choosina pedha actor uh Tollywood lo Pawan Garuu,non-hate,hate,non-hate,non-hate,True,True,False,False,True,True
Naa drustilo pspk garu Devudu,non-hate,non-hate,non-hate,non-hate,False,False,False,True,True,True
ముందు రాజా సింగ్ ను కాపాడండి అప్పుడే మీ పార్టీపై ప్రజల్లో నమ్మకం ఏర్పడుతుంది,non-hate,hate,hate,hate,False,False,False,False,False,False
పోయే కాలం దగ్గర పడింది దేనికి,hate,hate,hate,hate,False,False,False,True,True,True
"Yerri paapalam manam , samanya prajalu",hate,hate,hate,hate,False,False,False,True,True,True
"Dr YNM
1 month ago
ఇందులో మనం పెద్దగా ఆలోచించాల్సిన అవసరం లేదు. అంతా కాలం మహిమ.ఏదో ఒకరోజు కాలం ఆయనకు ఇవ్వవలసిన గిఫ్ట్ తప్పకుండా ఇస్తుంది. చేసిన కర్మలు అనుభవించక తప్పదు.. సోనియా గాంధీ అయినా, మోదీ అయినా, చంద్రబాబు నాయుడు అయినా, జగన్ అయినా.. కాలం అంతే..",non-hate,non-hate,non-hate,non-hate,False,False,False,True,True,True
తట్టా బుట్టా సర్దుకొని రెడీ గుండు జగన్ రెడ్డి టైం అయిపోయింది,hate,hate,hate,non-hate,False,True,True,True,True,False
Jagan eppatiki CM avvaledu raasi pettukoo....ha ....,hate,hate,hate,hate,False,False,False,True,True,True
"Mega star ane person , definitely evadu oppukunna oppukokapoyinaa inspiration to many people long live sir",non-hate,non-hate,non-hate,non-hate,False,False,False,True,True,True
జారిపోతానయి..కొంచెం గట్టిగా ముడి వేయి,hate,hate,hate,non-hate,False,True,True,True,True,False
తాగ్గి వాగుతుంది పాప ఈమె చిలకలూరపేటలో రికార్డింగ్ డాన్స్రు,non-hate,hate,hate,hate,False,False,False,False,False,False
"Nattu ga , neku manishiki undalsina lakshanam okkati kooda ledhu kadha ra.",hate,hate,hate,hate,False,False,False,True,True,True
ap lo road la ki aa dikku ledh malla metro endhi mawa,hate,hate,hate,hate,False,False,False,True,True,True
Yedichav le copy cat veshalu nuvvu,hate,hate,hate,hate,False,False,False,True,True,True
"వాళ్లు ఈ జీవితం లో కూడ ఫలక్నామ ప్యాలస్ లో బోజనం చేసివుండకపోదురు,నువ్వు గ్రేట్ బ్రో",non-hate,non-hate,hate,non-hate,True,False,True,True,False,True
Ede antha fack news,non-hate,hate,non-hate,hate,True,False,True,False,True,False
"చాలా బాగా explain చేశారు బ్రదర్. Small correction మూలాధార, ఆజ్ఞ చక్ర, సహస్రార",non-hate,non-hate,non-hate,non-hate,False,False,False,True,True,True
Allu aravind garilo manchi actor vunnaru hilarious,non-hate,non-hate,hate,hate,True,True,False,True,False,False
ee kalam ammailu ki dabbuli vunte chaalu anukuntaru,non-hate,hate,hate,hate,False,False,False,False,False,False
Rahul dravid vadi moddalo selection  asla chahal hi endhuku tesukole,hate,hate,hate,hate,False,False,False,True,True,True
జనం. కూడా. మారిపోతే.  చాలా బాగున్ను కదా,non-hate,non-hate,non-hate,non-hate,False,False,False,True,True,True
పూరి చూస్తే చాలా బాధ గా ఉంది ...ఒక్క మంచి డైరెక్టర్ ఇలాంటి మూవీస్ తియ్యడం ఏంటి ...i love you పూరి sir... వేరే హీరో తో మూవీ తియ్యి Anna,non-hate,non-hate,non-hate,non-hate,False,False,False,True,True,True
pedavallaku apadha vasthe ventene velli sahayam chese goppa leaders komatireddy brother's  dammunna leader rajanna ma balam ma dhairyam ma pranam komatireddy brothers,non-hate,hate,hate,hate,False,False,False,False,False,False
Aada Paduchula Usuru thagili Yellow party nasanam kavali.,non-hate,non-hate,non-hate,non-hate,False,False,False,True,True,True
jagan amma vadi dabbulu pettali nanna gudda lo nunchi leppali,hate,hate,hate,hate,False,False,False,True,True,True
ప్రతి పాట అరపు ఎక్కువగా ఉంటుంది ఎందుకో అన్ని పాటలు ఒకేలా ఉన్నాయి.,non-hate,non-hate,non-hate,non-hate,False,False,False,True,True,True
పూరి sir liger movie black baster మీకు all the best sir,non-hate,non-hate,non-hate,non-hate,False,False,False,True,True,True
Mamulu ga evvaledhu ga anchor anna,non-hate,non-hate,non-hate,non-hate,False,False,False,True,True,True
అరటి బొదలు అనంగా విన్నాను. ఇప్పుడు శ్రీముఖివి చూశాను.,hate,non-hate,hate,hate,True,True,False,False,True,True
ఇదీ ఒక ప్లాన్ ప్రకారం జరిగినట్టు ఉంది భలే సీన్,non-hate,non-hate,non-hate,hate,False,True,True,True,True,False
Kcr bsp valu enni eastunaru month ki Nek,non-hate,hate,hate,hate,False,False,False,False,False,False
Abbo iragadesindi song vere level,non-hate,non-hate,non-hate,non-hate,False,False,False,True,True,True
bro delete cheyakapothey ma fans ninnu degenutharu,hate,hate,hate,non-hate,False,True,True,True,True,False
ఇంత కరువులో ఉన్నరేంటిరా.,hate,non-hate,non-hate,non-hate,False,False,False,False,False,False
Vinayaka chavithi subhakanshalu Harsha sai,non-hate,hate,hate,hate,False,False,False,False,False,False
A B N  MD రాధాకృష్ణ గారి కి  చుక్కలు చూపించిన   ''K A పాల్ గారు'' మీరు సూపర్ సార్ నీ మాటల్లో నిజాయితీ కల్పిస్తుంది..,non-hate,non-hate,non-hate,non-hate,False,False,False,True,True,True
Avinash మంచోడు బ్రో episode mottham choodu just నాగబాబు అనమని చెప్పాడు అంటా బ్రో episode lo...,non-hate,hate,hate,hate,False,False,False,False,False,False
Pastors అందరికీ ఒక మనవి.దయచేసి ఈ విధమైన debates వెళ్ళి Christianity కీ ఉన్న విలువ తగ్గించవదు.,hate,non-hate,non-hate,non-hate,False,False,False,False,False,False
Pichi pattinattundi peekey ki. A P arachekam jaragabothundhi ani anipistundhi naku,hate,hate,hate,hate,False,False,False,True,True,True
ఇలా చేస్తే దేశం పరువు పోతుంది దయ చేసి దేశం పరువు తీయదు,non-hate,non-hate,non-hate,non-hate,False,False,False,True,True,True
మంచి ఆన్సర్ ఇచ్చారు బ్రో,non-hate,non-hate,non-hate,non-hate,False,False,False,True,True,True
JD garu mee lanti Genuine persons Pavan gariki support ga unte baguntundi sir,non-hate,non-hate,non-hate,non-hate,False,False,False,True,True,True
ఎంత ముద్దుగుందో చాలా బాగున్నావ్ బంగారం,non-hate,hate,hate,hate,False,False,False,False,False,False
Nuvu Am speaker ra babu,hate,hate,hate,hate,False,False,False,True,True,True
ఎంతమంది డ్యాన్స్ మాస్టర్ లు వచ్చినా ప్రభుదేవా మాస్టర్ లాగా వేయలేరు,hate,non-hate,non-hate,non-hate,False,False,False,False,False,False
DNR still old school...  Kalam tho Marakapote evaru aina kala gharbham lo kalisipotaru.,hate,hate,hate,hate,False,False,False,True,True,True
ప్రభాస్ గారు అనుష్క గారు మీరు తొందరగా పెళ్లి చేసుకోండి,non-hate,non-hate,hate,hate,True,True,False,True,False,False
కొంచెంకూడ హీరో అనే పొగరు లేదు గ్రేట్ సార్ మీరు,non-hate,non-hate,non-hate,non-hate,False,False,False,True,True,True
Nani inkosari pk speech chudu ... Sollu kakunda raise chesina points gurinchi matladu... Sannasivenuv no doubt,hate,hate,hate,hate,False,False,False,True,True,True
mohan babu oppukunna oppukokapoyina chiranjeevi peddankanni vachchina gouravam m taggipodu,hate,hate,hate,hate,False,False,False,True,True,True
Atlunttadhi palanadu thitlantte sarrigga deggutam,hate,hate,hate,hate,False,False,False,True,True,True
Sontha Peru meda registration chey leka piyadu,hate,hate,hate,hate,False,False,False,True,True,True
"Hi harsha....happy vinayaka chavithi,  life long nuv happy ga undalani............aa devunni korukuntunna sai......may god bless u  harsha.",non-hate,non-hate,hate,hate,True,True,False,True,False,False
సార్ కెసిఆర్ గారు విషయాలను పూసగుచ్చినట్లు చెప్తున్నారు మాధవ రెడ్డి నయీమ్ ల సంబంధించిన వివరంగా మాట్లాడడానికి ఇబ్బంది పడుతున్నారు మీరు కూడా హండ్రెడ్ పర్సెంట్  ఫేక్,hate,non-hate,non-hate,non-hate,False,False,False,False,False,False
"Maatalu jagratha rooja .alaga janam ,kodukulu antunnavv mari antha gb voddu",hate,hate,hate,hate,False,False,False,True,True,True
jani anna RC annatho kalisi hero ga cheste choodaalani vundhi,non-hate,non-hate,non-hate,non-hate,False,False,False,True,True,True
జగన్మోహన్ రెడ్డి వల్ల పిల్లలు బాగా చూసుకున్నాడు అని యాంకర్ వాగు తోంది వాళ్ళ పిల్లల్ని కాక నీ పిల్లలు బాగా చూసుకుంటారు,hate,hate,hate,hate,False,False,False,True,True,True
"ఆపరా.... నువ్వు ఒక అమ్మాయి తో నీచంగా వ్యవహరించి, వెనక నుంచి గట్టిగా పట్టుకుందా మనుకున్నా అని నీ character lose చేసుకున్నావ్... ఎవడెం చేస్తాడు?",hate,non-hate,non-hate,non-hate,False,False,False,False,False,False
Ni moham ante kada,hate,hate,hate,hate,False,False,False,True,True,True
ni news ni over action ki dandam ra babu,non-hate,hate,hate,hate,False,False,False,False,False,False
అన్నా కాస్త జాగ్రత్త... వాళ్లే అనుకోని లోపల  నుండి దేంతోనన్న విసిరేరు... కాస్త గ్యాప్ ఇచ్చి పోతండే... Love you Anna... నీ కష్టం వృధా కాదు,non-hate,non-hate,non-hate,non-hate,False,False,False,True,True,True
ఈ ప్రోమో చూసినంత సేపు నా మొహంలో చిరునవ్వు ఆగలేదు.,non-hate,non-hate,non-hate,hate,False,True,True,True,True,False
Vizag News reporter overaction chestunadu,hate,hate,hate,hate,False,False,False,True,True,True
మీ నడుము కేక ఆంటీ,hate,hate,hate,hate,False,False,False,True,True,True
కళ్ళల్లో నుంచి కామం కారిపోతుంది,hate,non-hate,non-hate,non-hate,False,False,False,False,False,False
ఆదర్శమైన పొలిటికల్ లీడర్ అయితే రాజకీయ సన్యాసం తీసుకుంటనని చెప్పారు. ఏమైంది,non-hate,non-hate,non-hate,non-hate,False,False,False,True,True,True
జై జనసేన మన పార్టీ గెలవాలని మనస్పూర్తిగా కోరుకుంటున్న,non-hate,non-hate,non-hate,non-hate,False,False,False,True,True,True
దేశానికి పనికొచ్చే ఇటువంటి వారు నొప్పి లేకుండానే ప్రాణాలను వదులుతారు,non-hate,hate,hate,non-hate,False,True,True,False,False,True
Good అండి గీత కృష్ణ గారూ మంచి. ఇంటర్వ్యు,non-hate,non-hate,non-hate,hate,False,True,True,True,True,False
Pichi hospital lo join avara ayomayam,hate,hate,hate,hate,False,False,False,True,True,True
​BJP lo seat kosam baga chesav le stunt,hate,hate,hate,hate,False,False,False,True,True,True
రౌడీ టిడిపి,hate,hate,hate,hate,False,False,False,True,True,True
"అవసరం అయినప్పుడు ప్రాణాలు కి తెగించి పోరాడుతారు మన ఆంద్రప్రదేశ్ పోలీసులు, ఫారెస్ట్ ఆఫీసర్స్. గ్రేట్",non-hate,non-hate,non-hate,non-hate,False,False,False,True,True,True
He is genuine person అందుకే లోకల్ చిల్లర నాయకులు అంతా కలిసి వాడిని టార్గెట్ చేశారు,non-hate,non-hate,non-hate,non-hate,False,False,False,True,True,True
కార్తికేయన్ 2 Congratulations ఫర్ బిగ్ రెస్పాన్స్ ఫ్రమ్ పవన్ కళ్యాణ్ అన్న,non-hate,non-hate,non-hate,non-hate,False,False,False,True,True,True
Vedhavalu Vedhavalu anni chotla vunnaru..inka janalani yedipinchadam tappa,hate,hate,hate,hate,False,False,False,True,True,True
చంద్రబాబు శివుడు లాంటి వాడు.. విషాన్ని కూడా తనలోకి తీసుకుంటాడు...ఇక ఇలాంటివి ఒక లెక్కే కాదు..,non-hate,non-hate,non-hate,non-hate,False,False,False,True,True,True
jai rgv jai puri,non-hate,non-hate,non-hate,non-hate,False,False,False,True,True,True
సోదరులు ఎంత గొడవ ఉన్న ఎవడన్నా తమ్ముడిని ఏమన్నా అంటే రక్తం ఊరుకోదు. అలాగే భారతీయులు కూడా ఉండాలని గొప్పగా చూపించిన రాజమౌళి గారికి ధన్యవాదాలు,non-hate,non-hate,non-hate,non-hate,False,False,False,True,True,True
"తెలంగాణ ఉద్యమ గీతాల నుండి, మాస్ గీతాల మీదికి రూట్ మార్చిన మంగ్లీ",non-hate,non-hate,non-hate,hate,False,True,True,True,True,False
Exams lo vundey vallani invigilators antaru adi kuda teleedhu Veeedu minister chesadu.... karmara babu chi.... Thuppas na kodaka,hate,hate,hate,hate,False,False,False,True,True,True
pk inka ka pauk ap lo jokers,hate,hate,hate,hate,False,False,False,True,True,True
తెలుగు బాయ్ ఫ్రెండ్ కావాలీ,hate,hate,hate,hate,False,False,False,True,True,True
Bochu pikanddii,hate,hate,hate,hate,False,False,False,True,True,True
దీనమ్మ దీని కి ఇంకా ఏం పనిలేదా..,hate,hate,non-hate,hate,True,False,True,True,False,True
Em kanapadathunnayi bokka,hate,hate,hate,hate,False,False,False,True,True,True
Manu garu meru involve avvakandi chala chiraku ga vuntundhi,hate,non-hate,non-hate,non-hate,False,False,False,False,False,False
Konda gani over action kompamunchindi,hate,hate,hate,hate,False,False,False,True,True,True
రమణ గారు సూపర్ గా పాడేరు మళ్లి మళ్లి వినాలి అనిపిస్తుంది మీకు అ దేవుడు ఇంక మంచి స్తాయిలో వుంచాలి అని కోరుకుంటాను,non-hate,non-hate,non-hate,non-hate,False,False,False,True,True,True
Aaa Voice lo unna rajasa yogame vere level Jai Prabhas Anna,non-hate,non-hate,non-hate,non-hate,False,False,False,True,True,True
"Jetla
​INDIA ni developed cheyadam evarivalla kadani thelisipoindi prajalaki.....unnodi inka unnntha lenodiki inka lenantha....life tho brathakali thappadu",non-hate,hate,hate,hate,False,False,False,False,False,False
Anna super bro,non-hate,non-hate,non-hate,non-hate,False,False,False,True,True,True
Self dabba yekkuva indhi Nagababu nevu ne bussu lu thoo,hate,hate,hate,hate,False,False,False,True,True,True
teenmmar mallana kcr cheppu nakutadhu,hate,hate,hate,hate,False,False,False,True,True,True
Veelu chesadi gymnastics malla vale dhani dance anukuntaru,hate,hate,hate,hate,False,False,False,True,True,True
పెద్ద పీఠాధిపతి లాగా అందరికి ఆశీర్వాదం ఇస్తున్నాడుగా,hate,hate,hate,hate,False,False,False,True,True,True
వాడు ఏదో జోక్ చేస్తే అది నువ్వు నమ్మడమే నా,non-hate,non-hate,non-hate,non-hate,False,False,False,True,True,True
Pspk vachi photo dhigudham antey aa excitement ey veru adhi clear ga nivetha face lo kanipisthunadhi,non-hate,hate,hate,hate,False,False,False,False,False,False
RGV effect valla Puri cinemalu anni dobbayi.,hate,hate,hate,hate,False,False,False,True,True,True
ఇలాంటి వీడియోస్ చేస్తుంటే మీ ఫ్యామిలీ లో ఆడవాళ్లు గుర్తుకు వస్తలేరా రా..బ్లూ బ్యాచ్ గా.. దాన్ని తన్నాలి ఫస్ట్ ఈలాంటి వీడియో కీ ఒప్పుకున్నందుకు,hate,hate,hate,hate,False,False,False,True,True,True
గుండెల పైన కాదు గుండె లోపల వున్నారు సర్ మీరు,non-hate,non-hate,non-hate,hate,False,True,True,True,True,False
మాములుగా లేదు ట్విస్ట్ సూపర్ అహ కెవ్వు కేక,non-hate,non-hate,non-hate,hate,False,True,True,True,True,False
ఇలా ఏమి లేకుండా ఉన్న ఏకైక నాయకుడు... Apj abdul kalam gaaru మాత్రమే,non-hate,non-hate,non-hate,non-hate,False,False,False,True,True,True
yogi baba ram rahim sistudu edharu adava vallaki respect eyyaru edharu pedha langa gallu,hate,hate,hate,non-hate,False,True,True,True,True,False
గాడ్ బ్లెస్స్ యు సమంత సిస్టర్,non-hate,non-hate,non-hate,hate,False,True,True,True,True,False
ఇటువంటి కథలు పడ్తానే ధిక్కు లేకుండా పోయింది,non-hate,hate,hate,hate,False,False,False,False,False,False
మీకు వంద నమస్కారాలు రా బాబు,non-hate,non-hate,non-hate,non-hate,False,False,False,True,True,True
Ravi anna oudi ounte nani vamsi anil kumar ambanti lanti vaalu noru lepevaru kaademo,hate,non-hate,non-hate,hate,False,True,True,False,False,True
ముందు అరెస్ట్ చేయండి.. మీడియా ముద్దు తీసుకురండి రా...,hate,hate,hate,hate,False,False,False,True,True,True
vd overconfidence valla ciniema dengindhi,hate,hate,hate,hate,False,False,False,True,True,True
Andra prajalaku siggu undali sontha amma nu chellini patinchukoleni vadu Meemanli chusukuntadu,hate,hate,hate,hate,False,False,False,True,True,True
Vijay devarakonda hype tho dhamal.  Jr NTR next turn. Meeru akashaniki ethe antha great actor emi kaadu..,hate,hate,hate,hate,False,False,False,True,True,True
Mere brathukulu inthey eka. Nasanayam aaipotai,hate,hate,non-hate,hate,True,False,True,True,False,True
Meeru moosukunte baguntadi,hate,non-hate,non-hate,hate,False,True,True,False,False,True
Meeru mi over action apandra babu,hate,hate,hate,hate,False,False,False,True,True,True
అంత చిరాగ్గా వుంటే.. స్టేజ్ మీద కి ఎందుకెల్లార్ సార్,non-hate,hate,hate,hate,False,False,False,False,False,False
pm modi ni pakisthan ki tarmidengali jai kcr mere next pm,hate,hate,non-hate,non-hate,True,True,False,True,False,False
బయటకు గేంటేసారు ఒక్కసారి లైవ్ ప్రోగ్రాం నుండి అంతే పాస్ట్ గా పైకి లేచాడు చూపించావు ఓటమి లో కూడా ఎలా పైకి రావాలో అని,non-hate,non-hate,non-hate,non-hate,False,False,False,True,True,True
Nayakudu ela undali God bless you sir,non-hate,non-hate,non-hate,non-hate,False,False,False,True,True,True
bjp malli ade double game maatladutondi....amaravathi meeda,hate,hate,hate,hate,False,False,False,True,True,True
Nvvy nee build up,hate,hate,hate,hate,False,False,False,True,True,True
Banisa La unnaru kadara meeru me overacting,hate,hate,hate,hate,False,False,False,True,True,True
andukokune vaalu laga vunnaru meru natho comparision na,hate,hate,hate,hate,False,False,False,True,True,True
Lancham antunaru anam garu...... inthaku mundu your government ilagey chesinda...,hate,non-hate,non-hate,non-hate,False,False,False,False,False,False
పరుచూరి గోపాల కృష్ణ గారి కి నమస్తే మిమ్ములను మొదటిసారి భార్గవ రాముడి సినిమాలో చూసాను సూపర్ వెరైటీ యాక్షన్ సార్,non-hate,non-hate,non-hate,non-hate,False,False,False,True,True,True
Ma campus ee bro lanjoduku,hate,non-hate,non-hate,non-hate,False,False,False,False,False,False
"Ipl ki best mana palyers , international matches enduku waste",hate,hate,hate,hate,False,False,False,True,True,True
Dnr sampadinchalani anukunte today ciniema field lo ewaru sariporu mahanubavudu daring man,non-hate,non-hate,non-hate,non-hate,False,False,False,True,True,True
preity zinta oka bazzar kukka team tesukovadam kuda radu,hate,hate,hate,hate,False,False,False,True,True,True
shankar ninnu bjp kukka kottinattu kodutaru,hate,hate,hate,hate,False,False,False,True,True,True
సార్ మిమల్ని చూస్తుంటే కొండంత దైర్యం వస్తుంది,non-hate,non-hate,non-hate,hate,False,True,True,True,True,False
మీ ఎంట్రీ వచ్చినపుడు నితిన్ అన్న భయపడుతున్నాడు,non-hate,non-hate,non-hate,hate,False,True,True,True,True,False
నేను ఓపెనహార్ట్ విత్ RK తప్పక చూస్తుంటా.  ఇంత దరిద్రపు ఇంటర్వ్యూ పెట్టకుండా వుండాల్సింది.  తేనె పూసినకత్తి,hate,hate,hate,hate,False,False,False,True,True,True
Ne bathukula sulli net nenu dengina vadu esthada recharge aipothe,hate,hate,hate,hate,False,False,False,True,True,True
బ్లాక్ సారీ లో బాగుంది,non-hate,hate,hate,hate,False,False,False,False,False,False
ఆయన పిట్టకథలను బాగా enjoy చేస్తాం... అంతర్లీనంగా ఓక అద్భుతవేదాంతవాక్యం చెబుతారు దానిని వదిలేస్తాం.. అదీమనం. “దేవుడు ఒక్కడే.. నీ మఠం కానంతమాత్రాన వేరేవారిని దూషించనవసరణలేదు.”,non-hate,non-hate,non-hate,hate,False,True,True,True,True,False
Buthula saka mantri ....,hate,hate,hate,hate,False,False,False,True,True,True
Aatla vastai Anna niku enni telivi tetalu oka cinema thi anna,non-hate,non-hate,non-hate,hate,False,True,True,True,True,False
Paramboku ias officers ni vetiki kcr Jagan tesku vachi AP Telangana lo pedtaru,hate,hate,hate,hate,False,False,False,True,True,True
Endhuku ante vallu chetha lanchodukulu bro,hate,hate,non-hate,hate,True,False,True,True,False,True
raja singh kalthi maal ammutharu and rowdy gunda,hate,hate,non-hate,non-hate,True,True,False,True,False,False
"ర్మ కోసం చూసాను ,మొదటిసారి అతను ఒక హీరో అభిమాని ఎలా ఉల్లాసంగా స్టేజి పై మాట్లాడుతారో అలా అనిపించారు",non-hate,non-hate,non-hate,non-hate,False,False,False,True,True,True
Rai అతను ఉద్యోగం correct గా చేస్తున్నాడు ఎందుకు ర నాయకులు అందురు కలిసి నిందలు వేస్తారు... నిజాయితీ పని చేస్తే ఎవరికీ నచ్చదు..ఛీ,hate,hate,hate,hate,False,False,False,True,True,True
Ee video chusintarvatha mee meeda respect perigindi,non-hate,non-hate,non-hate,non-hate,False,False,False,True,True,True
Chavu Nenu avadu apadu,hate,non-hate,non-hate,hate,False,True,True,False,False,True
RK Garu neku interview cheyadam rakapoty miskuni veray vallaku chance evvandi niku respect evvadam teledu,hate,hate,hate,hate,False,False,False,True,True,True
Ee momment ki nizam gaa aricham,non-hate,hate,hate,hate,False,False,False,False,False,False
Inthamandi abhmaninchali ante entha adrushtam chesuko undali,non-hate,non-hate,hate,non-hate,True,False,True,True,False,True
Paristhithulu maree intha pagabattesayenti,non-hate,hate,hate,hate,False,False,False,False,False,False
మాతృ భాష తెలుగు అంటే అంత లోకువా    పక్క రాష్ట్రాల వాళ్ళు వారి మాతృ భాష కి ఎంత గౌరవం ఇచ్చు కుంటారో చూసి నేర్చుకోండి,non-hate,non-hate,non-hate,non-hate,False,False,False,True,True,True
Lakshalu lakshalu fees lu dengina,hate,hate,hate,hate,False,False,False,True,True,True
ఇది కూడా పిచ్చి డాన్సులు కి ఒప్పేసుకుంది. తు దీనమ్మ. ఆడది అంటే గౌరవం పోతోంది.,non-hate,non-hate,non-hate,non-hate,False,False,False,True,True,True
Arey sollu comedy apandraaaa,hate,hate,hate,hate,False,False,False,True,True,True
Green dress sis super ga chesaru,non-hate,non-hate,non-hate,non-hate,False,False,False,True,True,True
"Me ఇద్దరు వల్ల ఏపీ లో ఆడవాళ్ళ పరువు పోయింది, పదవి కోసం ఎంతకైనా దిగజారే బ్రతుకులు మీవి",hate,hate,hate,non-hate,False,True,True,True,True,False
oka ammai vi vundhi natho argue chesthava puku mosukoni inti panulu cheyi,hate,hate,hate,hate,False,False,False,True,True,True
నిజానికి ప్రజల కోసం పోరాడుతున్న ఏకైక నాయకుడు రేవంత్ రెడ్డి గారు,non-hate,non-hate,non-hate,non-hate,False,False,False,True,True,True
prathi chethanakoduku viratkohli ni anetode lavdapuk gallu,hate,hate,hate,hate,False,False,False,True,True,True
Movie matram modda gudisi potadhiii pakkaa,hate,non-hate,non-hate,hate,False,True,True,False,False,True
roja ninnu choosthey nak guddalo edo nakuladhi nuuvu ni barrey guntu,hate,hate,hate,hate,False,False,False,True,True,True
Nuv dancer va chiii sigguledhu Neku,hate,hate,hate,hate,False,False,False,True,True,True
Tokka kooda oppukonu,hate,non-hate,non-hate,hate,False,True,True,False,False,True
"అభివృద్ధి, సంక్షేమం రెండు చూడగల చంద్రబాబు వల్లే రాష్ట్రనికి మంచి జరుగుతుందనేది ముమ్మాటికి నిజం",non-hate,non-hate,non-hate,non-hate,False,False,False,True,True,True
Bahubali time antha Baganey Unnav Anna . Tharwatha ee sahoo ki radhe shyam nachinatlu frnds tho sitting uu food padypoyav Anna ..Ayina sarey darling ee no one,non-hate,non-hate,non-hate,hate,False,True,True,True,True,False
"Frank ga cheppalante evari personal life valladi...
Meru chesthundi enti mari
Peruki pedda news channels... Avasaramayina news vadilesi sodhi news lu cheppatle....Apudu mimmalni alage anali ga
Enta sepu cinema valla personals lo, leda social media peru cheppi
Netizenlu troll chesthunaru anatam... Controversy lani pani kattukuni crete cheytam...ila sodhi news ee kani paniki vachevi epudyna cheppara ra?
Scrap media channels....",hate,hate,hate,hate,False,False,False,True,True,True
Hema kuturu chala chala baguntadi chala suma show lo chusanu,non-hate,non-hate,non-hate,non-hate,False,False,False,True,True,True
women ki respect ledhu malla vadu oka yogi malla ha modda cm kurchi lo vundhi,hate,hate,hate,hate,False,False,False,True,True,True
నువ్ హీరో అవతావు అన్న అంత స్టయిల్  వుంది నిలో ఇది రియల్ మాట,non-hate,non-hate,non-hate,non-hate,False,False,False,True,True,True
Nice baaga dhimpav Anchor bro.,hate,non-hate,non-hate,non-hate,False,False,False,False,False,False
చార్మి పూర్తిగా కుదేలు నాకు ఇంకో la కనిపించింది,hate,hate,hate,hate,False,False,False,True,True,True
ery pappa la tho comedy very pappa la uanttadhi dhodhu dhodhey,hate,hate,hate,hate,False,False,False,True,True,True
వెంకీ మామ ఫ్యాన్స్ జై వెంకీ మామ,non-hate,hate,hate,hate,False,False,False,False,False,False
"Babu gogineni garu, suereb ga Chepparu",non-hate,non-hate,non-hate,hate,False,True,True,True,True,False
Bangaram lanti wife failure kuda supporting ga undi kani veedu vini veshalu,non-hate,hate,hate,hate,False,False,False,False,False,False
బాగా చదివినవ్ గా రాసుకుని మరీ.. మధ్యలో మన భార్యలు అన్నావ్ చూడు,hate,non-hate,non-hate,non-hate,False,False,False,False,False,False
బానిస కట్టప్పలు బయటకి వచ్చారు..ఇక జగన్ కి భజన చెయ్యడానికి..,hate,hate,hate,non-hate,False,True,True,True,True,False
పాప చేతికి కత్తి ఇచ్చే సీన్ ఎన్నిసార్లు చూసినా కళ్ళలో నీళ్లు తిరుగుతున్నాయి... Great thought by director,non-hate,non-hate,non-hate,non-hate,False,False,False,True,True,True
మెగాస్టార్ చిరంజీవి గారు అప్పటికి ఇప్పటికి ఎప్పటికీ లెజెండరీ ఆక్టర్ in world,non-hate,non-hate,non-hate,non-hate,False,False,False,True,True,True
In direct reshmi ke kiss aadiga du sudheer bhaiyya,non-hate,hate,hate,hate,False,False,False,False,False,False
సంక్రాంతికి రాబోతున్న చిరంజీవి గారి సినిమా మరియు బాలకృష్ణ గారి సినిమా మంచి విజయం సాధించాలని కోరుకుంటూ,non-hate,non-hate,non-hate,non-hate,False,False,False,True,True,True
సూపర్ అన్న జై పవన్ కళ్యాణ్ జై జనసేన నెక్స్ట్ సీఎం పవన్ కళ్యాణ్ గారే,non-hate,non-hate,non-hate,non-hate,False,False,False,True,True,True
appude amindi mundundi musallapanda chudu ra,hate,hate,hate,hate,False,False,False,True,True,True
Veedu gelisthe telangana people dhi kuda adhe situation,non-hate,hate,hate,hate,False,False,False,False,False,False
Dhusta chaathuryam!  Meeru ilantivi enni chesina em pikalerra!,hate,non-hate,hate,hate,True,True,False,False,True,True
Helping nature kuda vundaali apude manishiki viluva,non-hate,hate,hate,hate,False,False,False,False,False,False
మరదే తెలిసి తెలిసి నిప్పుల్లో చేతులు పెట్టడం అంటే,hate,hate,hate,hate,False,False,False,True,True,True
Mr. Bandi అసలు 2019 కి ముందు ని అస్థి ఎంత ఇప్పుడు నీ ఆస్థి ఎంత..,non-hate,hate,hate,hate,False,False,False,False,False,False
Anchor be like: pichi na kdklni andharu ikkade unnaru,hate,hate,hate,hate,False,False,False,True,True,True
"Megastar tho dutt garu 4movies theesthey 3 industry hits.charan janvi tho thwaraga jvas 2 thiyyandi
Dutt garu",non-hate,non-hate,non-hate,non-hate,False,False,False,True,True,True
E bjp oil rates increase chesi vanta cheyali ante kastam undi anna,non-hate,non-hate,non-hate,non-hate,False,False,False,True,True,True
ప్రజల తరపున ఇంత సుదీర్ఘ పోరాటం చేసి తాను గెలిచి మమ్మల్ని గెలిపించిన దిలీప్ సుంకర గారికి హృదయ పూర్వక శుభాకాంక్షలు...జై భీమ్ ...జై భారత్...,non-hate,non-hate,non-hate,non-hate,False,False,False,True,True,True
Vijay Devarakonda fans ekkada thagedhele,non-hate,hate,hate,hate,False,False,False,False,False,False
మహేష్ బాబు ల వుండ్ సితార పాప చాలా క్యూట్ గా ఉంది,non-hate,non-hate,non-hate,non-hate,False,False,False,True,True,True
Povee pukuu mundaa,hate,hate,hate,hate,False,False,False,True,True,True
"poyi central appulu chudu, hunger index, inflation, poverty, unemployment etc Telangana lo least unemployment and development is peaking up rapidly.",non-hate,hate,hate,non-hate,False,True,True,False,False,True
లంజాకొడుకులు లంజముండల జోకులా ఇవి నా కొడకల్లారా,hate,non-hate,non-hate,non-hate,False,False,False,False,False,False
shaq modda ante vunnavu ra kevin neku enduku affair,hate,hate,hate,hate,False,False,False,True,True,True
నా ఊపిరి ఉన్నంతవరకు నా ఓటు మీకే అన్నా,non-hate,non-hate,non-hate,non-hate,False,False,False,True,True,True
Prathi scene prathi shot u mind pothundhi Amma baboy Awesome script selection,non-hate,hate,hate,hate,False,False,False,False,False,False
Idendayya idi Mariiii ila thayarayyaru Dandaalu ra ayya,hate,hate,hate,hate,False,False,False,True,True,True
special respect for Indian cricket thanks for ( international board of Australia),non-hate,hate,hate,non-hate,False,True,True,False,False,True
Cheppedhi em lekapoina ha hm ani anna parledhu vallatho matladali anthee,non-hate,non-hate,non-hate,hate,False,True,True,True,True,False
Gudivada king true leader,non-hate,non-hate,non-hate,non-hate,False,False,False,True,True,True
siggu vundali amma jagan lanti erripuk kanna anduku,hate,hate,hate,hate,False,False,False,True,True,True
All the best annya aaa..ni Hard work apudu ki waste kadhu sir jai janasena,non-hate,non-hate,non-hate,non-hate,False,False,False,True,True,True
అప్పట్లో సునీల్ కోసమే డైలాగ్స్ ఉండేవి ఇపుడు ఆలా లెవ్,non-hate,non-hate,non-hate,non-hate,False,False,False,True,True,True
వావ్ మీ డాన్స్ సూపర్ సూపర్,non-hate,non-hate,non-hate,non-hate,False,False,False,True,True,True
వారు ఎవరితో పెట్టుకుంటే మీకెందుకుసార్.మీరు రోడ్లు ఎందుకు ఇయ్యలేదు? ప్రాజెక్టులు ఎందుకు కట్టడం లేదు? ఎందుకు ఇంత అప్పులు చేస్తున్నారు మద్యపాన నిషేధం ఎందుకు చేయలేదు? కంపెనీలు ఎందుకు తీసుకురావడం లేదు?,non-hate,non-hate,non-hate,non-hate,False,False,False,True,True,True
సిగ్గు సరం వున్న వాళ్ళు ఎవరు వీడి సినిమాలకు పొకడదు ..... ఏంట్రా ఆ బాషా ...,hate,hate,hate,non-hate,False,True,True,True,True,False
po ra pichi kukka . siggu ledhu em ledhu asla manishi vey na,hate,hate,hate,hate,False,False,False,True,True,True
Ilanti MLA Anni niyojaka vargallo enduku leru!!!,non-hate,hate,hate,hate,False,False,False,False,False,False
Full video please bayya,non-hate,non-hate,non-hate,non-hate,False,False,False,True,True,True
తొడలు... అస్సలు ఉన్నాయి,hate,non-hate,hate,non-hate,True,False,True,False,True,False
Dress bavundi kaani phone poyindi,non-hate,hate,hate,hate,False,False,False,False,False,False
ఎందుకు రికార్డింగ్ డాన్స్ వాళ్ళకి విలువ లేదు అంటే... ఇలాంటి మాటలు... వెకిలి చేష్టలు వల్లే...,hate,non-hate,non-hate,non-hate,False,False,False,False,False,False
అసలు ఇంగ్లీషు సినిమాలు లోనే ఇలాంటి పదాలు ఉంటాయి.,non-hate,hate,hate,non-hate,False,True,True,False,False,True
ముందు ముందు స్పష్టం గా బూతులు మాట్లాడేస్తారు ఏమో,hate,non-hate,non-hate,hate,False,True,True,False,False,True
Anduke film dobbindii,hate,hate,non-hate,hate,True,False,True,True,False,True
kallu pathukoni sanka kannidhi meru,hate,hate,hate,hate,False,False,False,True,True,True
Ade matani dukuduga cheppandi. Siva garu kanabadatharu maku. Voice belaga vundi.,non-hate,non-hate,non-hate,non-hate,False,False,False,True,True,True
ఇదేంటీ ఇలా నడుస్తుంది,hate,hate,hate,hate,False,False,False,True,True,True
కోహ్లీ కి అనుకులం గా మరియు ఫామ్ లో ఉన్నపుడు 3 icc cups అందించినా ధోని గౌరవంగా కెప్టెన్సీ వదులుకున్నాడు..అందరు రిటైర్మెంట్ తరవాత లెజెండ్స్ అయ్యరు కానీ కోహ్లి క్రికెట్ అడుతునే లెజెండ్ స్థాయీ నీ అందుకున్నాడు..కోహ్లీ స్టేయి వాడు కెప్టెన్సీ కోసం ఇలా గొడవపడటం వల్ల ప్రపంచ స్థాయీ అభిమనులున్నా కోహ్లి తానా స్థాయిని తాగించుకున్నవాడు అవ్వుతాడు..కోహ్లి winning persentage యెక్కువున్నా..IPL.కాని,non-hate,non-hate,non-hate,non-hate,False,False,False,True,True,True
Areyy vanni mental hospital loo join cheyyadraaa,hate,hate,hate,hate,False,False,False,True,True,True
Nijame lanjalara ammavadipuku degichukoniki thisukunara,hate,hate,hate,hate,False,False,False,True,True,True
"చాలా అద్భుతంగా మ్యూజిక్ డాన్స్ స్టెప్ రిసల్ట్ సూపర్,,",non-hate,non-hate,non-hate,non-hate,False,False,False,True,True,True
అనిల్ గానీ వాయిస్ వింటే నాకు ఎక్కడో కలుది.... విడు విని మాటలు...వెస్ట్ న కొంది,non-hate,non-hate,hate,hate,True,True,False,True,False,False
అసలు హారన్ కొట్టకపోతే ట్రైన్ ఇప్పట్లో రాదని అర్థం,non-hate,hate,hate,hate,False,False,False,False,False,False
first koja johar ni india nunchi tarmidengithe sangam pedha pothadhi,hate,hate,hate,hate,False,False,False,True,True,True
Ending naku tears vachai  bro. Harsh sai real hero. God bless u brother.,non-hate,non-hate,non-hate,non-hate,False,False,False,True,True,True
Sometimes nuvvu vacchinanduku chala feel avutunna ninnu ilanti position lo vunchina naaa lanti die hard fans ni chustunte anna,non-hate,non-hate,non-hate,hate,False,True,True,True,True,False
roja oka noru vunna pichi lanja noru vundhaani edho edho matladthi,hate,hate,hate,hate,False,False,False,True,True,True
Eema em peekindhi ra judge la pettaru,hate,hate,hate,hate,False,False,False,True,True,True
Avnu nenu mimmalni chusanu chaala sarl,non-hate,non-hate,non-hate,non-hate,False,False,False,True,True,True
Modda gudisipotav bollywood content lamti movies tistey,hate,hate,hate,hate,False,False,False,True,True,True
Picha Na Kodaka!! Vinipisthunda Ra Vijay Ga !!,hate,hate,hate,hate,False,False,False,True,True,True
Poyakalam deggara padinappudu alage chestharu,hate,hate,hate,hate,False,False,False,True,True,True
సంకనాకిస్తుంది... ఇది కూడా నిజమే,hate,non-hate,hate,hate,True,True,False,False,True,True
Arey howle Nizamabad MP Pasupu bord Edhi be Nv esukunna Angi lagu kudha Cangress icchindhe and TELANGANA icchindhi kuda Cangress A meeru cheppe Digital India lo ni AAdhar card kuda Cangress tecchindhe,hate,hate,hate,hate,False,False,False,True,True,True
"Tickets rates thagginchaali..appudey janaalu theatre ki vastaaru.. Budget peruguthondhantey dhaanikkaranam producers e... Heroes budget, north Indian heroines, valla staff ni mepaali ivvanni thadisi mopodavuthunnayi",hate,hate,hate,hate,False,False,False,True,True,True
First telangana gurunchi edvu  jai bjp,non-hate,hate,non-hate,non-hate,True,True,False,False,True,True
"విద్వేషాల ,వైషమ్యాలు గురించి బీజేపీ మాట్లాడటం....",hate,hate,hate,hate,False,False,False,True,True,True
వీడికి ఇంత మంది అవసరమా వోవర్ కూడా,hate,hate,non-hate,non-hate,True,True,False,True,False,False
"అలీ siggundali నీకు, sanskaram లేదు నీకు, నవ్వుతూ ఉన్న so called celebrities ki నవ్వు ఎలా వస్తుందో",hate,non-hate,non-hate,non-hate,False,False,False,False,False,False
Gee bajaru chillara dhaniki baga hype icharu kadha ra thu,hate,hate,hate,hate,False,False,False,True,True,True
nehru amman denga ni valla india pakistan godava inka vundhi,hate,hate,hate,hate,False,False,False,True,True,True
ఆలోచన చేస్తున్నాం డ్రామా రావ్ ఈసారి మిమ్మల్ని ఓడించాలి అని,non-hate,non-hate,non-hate,non-hate,False,False,False,True,True,True
Arey badcaw recharge iypothe data ala osthundhr rah,hate,hate,non-hate,non-hate,True,True,False,True,False,False
ఒరేయ్ ముసిల్డాన్ని కూడా వదల వారా,hate,hate,hate,non-hate,False,True,True,True,True,False
sharmila nuvvu ooriki ki poyi record dancelu cheskho,hate,hate,hate,hate,False,False,False,True,True,True
Veedi maatalaku yentha mandi kodathaaru veeni,hate,hate,hate,hate,False,False,False,True,True,True
Are యాదవ ల్లా రా megastar తరవాత పవన్ కళ్యాణ్ రా  చిరు సర్ ఆయన Vera leval జై బాలయ్య,non-hate,non-hate,non-hate,hate,False,True,True,True,True,False
Ennisarlu chusina chudalanipinche great scene idi,non-hate,non-hate,hate,hate,True,True,False,True,False,False
సూపర్ డ్యాన్స్ మాస్టర్ జానీ,non-hate,non-hate,non-hate,non-hate,False,False,False,True,True,True
Ammai ni pattukoni kavalissindhi konuko ani anta vurukuntunda,hate,hate,hate,hate,False,False,False,True,True,True
నీలాంటోళ్లు పాలమ్మిన వాళ్లు చాలామంది ఉన్నారు వాళ్ళకి ఎందుకు రావడం లేదు అదృష్టం .... అన్ని దొంగ పనులు చేసినవ్,hate,non-hate,non-hate,non-hate,False,False,False,False,False,False
Ee styles and mannerisms present andaru vaduthunnaru mana industry lo,non-hate,non-hate,non-hate,non-hate,False,False,False,True,True,True
"నేను చూసిన వేలాది ఫన్నీ వీడియోలల్లనే టాప్ 1 లేడీ ఆక్షన్ వీడియో ఇది .,,,అమ్మాయి ఆక్షన్ సూపర్",non-hate,non-hate,non-hate,non-hate,False,False,False,True,True,True
elaanti sannasi matalu vinalani maku ledu mundu sari ga matladu mariyada ichi puchukovale anthegani Telangana slag Ani memilage matladtha mante vere partila telanganollu kada,non-hate,hate,hate,hate,False,False,False,False,False,False
Sir Arun Kumar garu meeku hrudayapurvaka namaskaramulu.sir nenu kuda Kapil chit lo chit one L.. vesanu .chit purti ayipoyindi.nene kakunda ma brother cheta friends cheta kuda veyinchaanu.but ippariki amont ivvatam ledu.amont adigite danilone fixid deposit cheyyamantunnaru. consumer court ki velte baguntunda.plz salaha istarani aasisunnanu,non-hate,non-hate,non-hate,non-hate,False,False,False,True,True,True
మోహన్ బాబు గారు కొన్ని ప్రశ్నలకు సమాధానం చెప్పలేక బిక్కమొహం వేశాడు. నీళ్లు నములుతున్నాడు,hate,hate,hate,hate,False,False,False,True,True,True
Roja niku minister ichindhi ha shaka ki nayam cheystav ani. Cheera lu pampala miku antey anam garu cutdrawer lu pampala annadu saripoyindha. Power unnantha varaku baganey untundhi.,hate,hate,hate,hate,False,False,False,True,True,True
Ee over action ke... Sankaa naakadu.. Kada. Ayinaa buddi raa ledu,hate,hate,hate,hate,False,False,False,True,True,True
Orey baffun gaa college fees lu thakkuvva chesthee nee mukaniki adi chaluu,non-hate,hate,hate,hate,False,False,False,False,False,False
BJP Sanka naku teenmar vartalu,hate,hate,hate,hate,False,False,False,True,True,True
Rip sir.... ఆత్మ కి శాంతి కలగాలని కోరుకుంటున్నాను....మన దేశంలో ఉన్నది ఇలాంటి బడా పారిశ్రామికవేత్తలు సార్.,non-hate,non-hate,non-hate,non-hate,False,False,False,True,True,True
ఇటువంటోళ్లు మంత్రులుగా ఉండడం తెలంగాణ చేసిన దురదృష్టం,non-hate,hate,hate,hate,False,False,False,False,False,False
Twaralo telugollanta pichollawutaaru,hate,hate,hate,hate,False,False,False,True,True,True
Next generation chala strong ga prepare chesthunnaru,non-hate,non-hate,non-hate,hate,False,True,True,True,True,False
వామ్మో సూపర్ చిట్టి thalli ️ ఆక్షన్ కే ప్రాణం పోసెల అన్నవ్ రా mummy,non-hate,non-hate,non-hate,non-hate,False,False,False,True,True,True
కుత్త పగులుద్ది ఎవడైనా(any party/any other fans) ఎన్టీఆర్ అన్న ని తక్కువ చేసి మాట్లాడితే,non-hate,non-hate,non-hate,hate,False,True,True,True,True,False
Edi over action,hate,hate,hate,hate,False,False,False,True,True,True
"Chi chi neeku anchoring evadu nerponchondo....farmers ni arrest chesinaru ante...safety ki antava,intha dikkumaalina answer emina vuntada asalu,ante anyayam jarigindi Ani chepte arrest lu chestaru,ala arrest cheyyadam correct antava nv",hate,hate,hate,hate,False,False,False,True,True,True
గెటప్ శీను వావ్ సూపర్ మాన్ మెగాస్టార్ బాడీ లాంగ్వేజ్ యాస్ ఇట్ ఇస్ దించేసావు సూపర్,non-hate,non-hate,non-hate,non-hate,False,False,False,True,True,True
Sudheer ni timingi timing anna,non-hate,non-hate,non-hate,hate,False,True,True,True,True,False
తెలుగు లో ఉన్నా అన్ని వ్లోగ్ ఛానెల్ వాళ్లని ఏసుకున్న NTB ఆన్న కి ధన్యవాదాలు..,non-hate,non-hate,non-hate,non-hate,False,False,False,True,True,True
అబద్ధానికి పెద్ద నోరు ఉంటుంది,hate,hate,hate,hate,False,False,False,True,True,True
"ఘడ్డగా మరీ మనావర్ గానికి కూడా చెప్పు హిందూ దేవుళ్ళ పైన జోకులు చేయొద్దని, మరి వాని షో కు పర్మిషన్ ఇవ్వకుంటే ఇవన్నీ కాకుండె కదా",non-hate,non-hate,non-hate,non-hate,False,False,False,True,True,True
ఎందుకు sir అయిపోయిన పెళ్లికి మేళాలు!!! వదిలేయండి sir. ఇద్దరూ ఇలా తిట్టుకోవడం జనాలకి వినోదం అయిపోయింది sir,non-hate,non-hate,non-hate,non-hate,False,False,False,True,True,True
itlantivi ఎందుకు చేస్తారండి meeru rotta cinemalu matrame chestaru sir meeru... any way .. ayina meerante naakistam sir,hate,non-hate,non-hate,non-hate,False,False,False,False,False,False
ఇష్టం లేని జాబ్ చేస్తునట్టు ఉంది ప్రభాస్ ఫేస్,hate,non-hate,non-hate,non-hate,False,False,False,False,False,False
Power star.....anedi oka brand....evadu padithe vadu power star kadu...kaledu...king okkade power star okkale...only powerful power star pavan Kalyan okkade,non-hate,hate,hate,hate,False,False,False,False,False,False
Maa allu aravind gari comedy super allu sir plz meeru movies loo act cheyandi,non-hate,non-hate,non-hate,non-hate,False,False,False,True,True,True
ఇనుము ఇనుముని️ కాదు ఎనుము ఎనుముని అనాలి,hate,non-hate,non-hate,non-hate,False,False,False,False,False,False
malla manchi erri puku vodu,hate,hate,hate,hate,False,False,False,True,True,True
పేదవాడు కి  జగన్ గారు  ఎ మంచి  పని చేస్తున్న  దానికి  కోర్టులో  కేసులు పెట్టి  న.  బొల్లి గాడు కీ  ఓటు ఎవరు వెయరు,hate,hate,hate,hate,False,False,False,True,True,True
Dance raani dhanni dance judge ga pettaru,hate,hate,hate,hate,False,False,False,True,True,True
Chala ante chala bagundi bro,non-hate,non-hate,non-hate,non-hate,False,False,False,True,True,True
Are o nuvvu sollu aapu thammi,non-hate,hate,hate,hate,False,False,False,False,False,False
నోటి తెగులు అని రాసావ్ కదరా. మీ ఛానల్ కన్నా నోటి తెగులు ఎవరికీ ఉంటాది.,non-hate,non-hate,non-hate,non-hate,False,False,False,True,True,True
friendly ga annadu,non-hate,hate,hate,hate,False,False,False,False,False,False
పొరపాటున మళ్ళీ గానీ రాజశేఖర్ రెడ్డి గారు వస్తె కుర్చీ పొద్దని తీసుకెళ్ళి కూర్చోబెట్టడు,hate,non-hate,non-hate,non-hate,False,False,False,False,False,False
వాళ్లూ ఎలా ఉంటే మనకు ఎందుకు వాళ్ళ సొంతవిశాయలు,non-hate,non-hate,non-hate,hate,False,True,True,True,True,False
"Ycp lo meeru emi cheyaleru
Jsp lo neeku nachhinattu vundavachhu",non-hate,hate,hate,hate,False,False,False,False,False,False
పవన్ కళ్యాణ్ మూవీస్ లో హీరో... రాజకీయం లో ' 0',hate,non-hate,hate,hate,True,True,False,False,True,True
మొత్తం చూసా నిజాయతీ గా వున్నాయి ప్రశ్నలు జవాబులు..సూపర్ బై రెడ్డి సిద్దార్థ్ రెడ్డి,non-hate,non-hate,non-hate,non-hate,False,False,False,True,True,True
"RK గారు, సగం మీరే మాట్లాడేస్తున్నారు, దయచేసి అవతలివాళ్ళని పూర్తి గా మాట్లాడనీయండి.",non-hate,hate,hate,hate,False,False,False,False,False,False
Manchu family ki inka respect undi ante adi only nee valle manoj anna,non-hate,hate,hate,hate,False,False,False,False,False,False
Godfather మరో  Pan India Block buster coming soon జై చిరంజీవ,non-hate,hate,hate,hate,False,False,False,False,False,False
Meku kuda manchi bavisath unntadi,non-hate,hate,hate,hate,False,False,False,False,False,False
"Bhuthulu gurinchi, double meanings gurinchi nuv matladodhu anusuya plz",hate,hate,hate,hate,False,False,False,True,True,True
ఎన్ని సార్లు చూసిన చూడాలని అనిపించే speech,non-hate,non-hate,non-hate,non-hate,False,False,False,True,True,True
Evadiki vadu acting eraga tistunnaru,non-hate,hate,hate,hate,False,False,False,False,False,False
Manchu Family Paruvu kapade Manishi Nuvvu Okkade anna,non-hate,hate,non-hate,hate,True,False,True,False,True,False
నువ్వు ఒక్క రోజు జబర్దస్త్ లో బాలయ్య బాబుతో ఫోన్లో మాట్లాడలేదా వే,hate,non-hate,hate,hate,True,True,False,False,True,True
మేము ప్రజలకి ఫలానాది చేస్తామని చెప్పుకొని ప్రజల్లోకి రావాలి ఏ బొక్క లేదు వచ్చి ఏం పీకుతారు,non-hate,non-hate,non-hate,hate,False,True,True,True,True,False
ఇంత పరిజ్ఞానం ఉన్న సీఎం ఆంధ్రకి సీఎం కావడం ఎన్నో జన్మల పుణ్యం,non-hate,non-hate,non-hate,hate,False,True,True,True,True,False
లైక్ లు కొట్టేవాళ్ళు ఎక్కువా కానీ ఓట్లు వేసేవాళ్ళు చాలా తక్కువా,hate,non-hate,non-hate,hate,False,True,True,False,False,True
Ka pal garu miru super,non-hate,non-hate,non-hate,non-hate,False,False,False,True,True,True
క్షవరం అయితే గానీ వివరం తెలియదు లెండి.... పృధ్వీ గారు,non-hate,non-hate,non-hate,hate,False,True,True,True,True,False
ప్రషు వాళ్ళ డాడీకి ఒక లైక్ కొట్టండి,non-hate,non-hate,non-hate,non-hate,False,False,False,True,True,True
Aaa cheera etthi guddalo pettara be nee mogga ni,hate,hate,hate,hate,False,False,False,True,True,True
"రమేష్ మాస్టర్ డ్యాన్స్ ప్రాక్టీస్ సూపర్, ఇదీ పద్దతి",non-hate,non-hate,non-hate,non-hate,False,False,False,True,True,True
Neelanti  vallu  valla  nijame ayina devunuki  avamanam jarukutundhi,hate,hate,hate,hate,False,False,False,True,True,True
కోడలు పిల్ల మా కొడుకు నీ పెళ్లి చేసుకుంటావా కట్నం ఏం వొద్దు మేమే ఇష్టము కావాలంటే,non-hate,non-hate,non-hate,non-hate,False,False,False,True,True,True
Anchor be like: pichi na kdklni andharu ikkade unnaru,hate,hate,hate,hate,False,False,False,True,True,True
అసలు ఏం ఉంది రా అక్కడ పొట్ట ఒకటి ఉంది అక్కడ,non-hate,hate,hate,hate,False,False,False,False,False,False
meeku assalu em matladalo kuda telidhu edo vaagaali vaaguthaaru nv pedda leader vi nv cheppindhe nijam enduku paniki maalina debate lu,non-hate,hate,hate,hate,False,False,False,False,False,False
"మల్లారెడ్డి అంతడబ్బు రేవంత్ రెడ్డికి ఇచ్చారు అంటే...  మల్లారెడ్డి ఎన్ని వేల కోట్ల డబ్బు అవినీతిగా సంపాదించి ఉంటాడు...
సక్రమంగా సంపదిస్తే ఎవ్వరికి ఇవ్వనవసరం ఉండదుగా....
రేవంత్ ఒక్కడికె కాదు..ప్రజలందరికీ నీ అవినీతి డబ్బు పంచాలి..
అప్పుడు ఎవ్వడు బ్లాక్ మెల్ చేయడు.",non-hate,non-hate,non-hate,non-hate,False,False,False,True,True,True
oka ammai vi vundhi natho argue chesthava puku mosukoni inti panulu cheyi,hate,hate,hate,hate,False,False,False,True,True,True
Antha energy guddhalo nundi vastundi,hate,hate,hate,hate,False,False,False,True,True,True
bonda uma kukka esaga mafia king,hate,hate,hate,hate,False,False,False,True,True,True
Padavi kosam penta ina tintadu,hate,hate,hate,hate,False,False,False,True,True,True
Kcpd men's kutha chnpi paddengutha,hate,hate,hate,hate,False,False,False,True,True,True
Veedemma veedi lssge waste dhi,hate,hate,hate,hate,False,False,False,True,True,True
vijay mallya nirav modi kapadindhi bjp malla ha baate shah gadu nak emtelidhu antaru,hate,hate,hate,hate,False,False,False,True,True,True
కేసీఆర్ కేబినెట్లో మీటింగ్ లేదు బొచ్చు లేదు,hate,non-hate,non-hate,hate,False,True,True,False,False,True
"atleast akkadaina vudyogam vacchindi,chaala mandiki adi sampadinche scene ledu le bro",hate,hate,non-hate,non-hate,True,True,False,True,False,False
Ee Rashmi ki roju rojuki dhebbalu gattigaane gudhuthunnaru,hate,hate,hate,hate,False,False,False,True,True,True
Rayalaseema simham paritala Ravi telugurashtrala devudu NTR but family members of both have utterly failed to carry the legacy of these both in their respective range and categories,hate,non-hate,non-hate,non-hate,False,False,False,False,False,False
Antha fake ey solu galu baga ekuva ayaru,hate,hate,hate,hate,False,False,False,True,True,True
"Mustache kosam wait chesi untadu,inni rojulu ee video cheyadaniki,enthaina ne dedication ki hats off bro",non-hate,non-hate,non-hate,hate,False,True,True,True,True,False
ఈ సినిమా మంచి విజయం సాధించాలి అని ఎంతమంది కోరుకుంటున్నారు.,non-hate,non-hate,non-hate,non-hate,False,False,False,True,True,True
"రాష్ట్ర విభజన హామీ ప్రకారం రైల్వే జోన్, ప్రత్యేక హోదా, చెన్నై విశాఖపట్నం సీ కారిడార్, స్టీల్ ప్లాంట్ పునరుద్దరణ మొదలగు హామీలు మిగిలే ఉన్నాయి",hate,non-hate,hate,non-hate,True,False,True,False,True,False
Kama kukka,hate,hate,hate,hate,False,False,False,True,True,True
కు డాన్స్ రాదు అనే స్టేజ్ నుండి డాన్స్ అంటే ఇది రా అనే రేంజ్ కి వచ్చావు జాని అన్నా,non-hate,non-hate,non-hate,non-hate,False,False,False,True,True,True
తాత నీకు 60 పాప కీ 25యెందీరా మాకు ఈ దరిద్రమ్...?️️️,hate,hate,hate,hate,False,False,False,True,True,True
Kasta padithe eppudu pratipalam untundi.. congratulations,non-hate,hate,hate,hate,False,False,False,False,False,False
Sulli ra,hate,hate,hate,hate,False,False,False,True,True,True
4 lo second di tisi 1 ki 2 ki madyalo pedite 4 avtundi order saripotadi,non-hate,hate,hate,hate,False,False,False,False,False,False
Nivetha konni interviews lo aa time lo Rajinikanth garithi movie chestunna idem peddha movie kanattu matladindhi.she was not greatful to act in PSPK's movie.,non-hate,non-hate,non-hate,non-hate,False,False,False,True,True,True
Charmi ki Edo ayindi navvaleka sachipothundi,hate,hate,hate,hate,False,False,False,True,True,True
దయచేసి ఎవరైనా ముందు వీడిని మెంటల్ హాస్పిటల్ కి తీసుకువెళ్లండి వీడు ఎవరెవరిని ఏం మాట్లాడుతుందో అర్థం కావట్లేదు ఈ నా కొడుక్కి పిచ్చి పట్టింది,hate,non-hate,non-hate,non-hate,False,False,False,False,False,False
పవన్ కుపరువుపొటమే నితికిఎతిరెకంగపొరడుతునడు అయనకుమచిదికదు  జగన్ నిలంటొడుకదు జగన్ దేవుడులంటివడు,non-hate,non-hate,non-hate,non-hate,False,False,False,True,True,True
The great honest true leader Pawan Kalyan sir cm kavali nyayam jaruguthundhi ap prajalaki sir,non-hate,non-hate,non-hate,non-hate,False,False,False,True,True,True
"Pelli meeda naku chala dreams, respect vundedhi itlanti interviews chusinappudalla pelli chesukokunda vundadame manchidi anipistundhi",non-hate,non-hate,hate,hate,True,True,False,True,False,False
Mari atluntadhi krithi brm  thoni  andham ante minimam atta,non-hate,non-hate,hate,non-hate,True,False,True,True,False,True
హ్యట్సాఫ్ పోలీస్ సర్,non-hate,hate,hate,non-hate,False,True,True,False,False,True
నా బంగారం... ఆ నవ్వులోనే ఉంది అన్న మా సంతోషం,non-hate,non-hate,non-hate,non-hate,False,False,False,True,True,True
Ree babu Nani GA neku eaduku Ra avasaram  vajaya Sai  chappali ha visayam nevu eaduku neku avasaram eamiti,hate,hate,hate,hate,False,False,False,True,True,True
రాజు గారు మీరు సూపర్ సార్ బాహుబలి రఘు రామ్ రాజ్ సూపర్ సార్ పులి అంటే మీరు సార్,non-hate,non-hate,non-hate,non-hate,False,False,False,True,True,True
మీరు కొనుడు కాదు సారు నీ బిడ్డలాంటి ప్రజలు కొనాలి,non-hate,hate,hate,non-hate,False,True,True,False,False,True
కింగ్ ఇస్ బ్యాక్,non-hate,hate,hate,hate,False,False,False,False,False,False
Nani fans ante mamoluga undadhu mari super love you nani love you,non-hate,non-hate,non-hate,non-hate,False,False,False,True,True,True
Niku yevadu ra cheyyamannadu,hate,hate,hate,hate,False,False,False,True,True,True
E vedio chusi nenu chesukovaalsi vastundi inkaa chaalu,hate,non-hate,non-hate,hate,False,True,True,False,False,True
Full clarity tho unnaru and correct ga chepparu ... movies lo fan following veru ...real life lo fan following veru ..,non-hate,non-hate,non-hate,non-hate,False,False,False,True,True,True
కాపీ కాకుండా వేరే ట్రై చేసే సూపర్ విజయం నీదే పిల్లి డుడ్,non-hate,non-hate,non-hate,non-hate,False,False,False,True,True,True
Village  పిల్ల  నీవు super,non-hate,non-hate,non-hate,hate,False,True,True,True,True,False
దత్తపుత్రుడికి ఇంకా సిగ్గు రాలేదు,non-hate,non-hate,hate,non-hate,True,False,True,True,False,True
ఇంత తెలివైన ముఖ్యమంత్రి ని ఎన్నుకున్నారు,non-hate,non-hate,hate,non-hate,True,False,True,True,False,True
Waste fellow he did nothing for telengana,hate,hate,hate,hate,False,False,False,True,True,True
Vaadu feel avvadu... Vaadi answer ki nuv avthav,non-hate,hate,hate,hate,False,False,False,False,False,False
కల్యాణ్ దిలీప్ సుంకర గారు చాలా చక్కగా వివరించారు. ధన్యవాదాలు.,non-hate,non-hate,non-hate,non-hate,False,False,False,True,True,True
nuvvu poyyi modi modda cheku mms oka great econmist ani prapamcham anukondhi antanu lekunte india ledhu,hate,hate,hate,hate,False,False,False,True,True,True
ఆమె నీ తల్లి అయితే ఇలాగే చేస్తావా,hate,hate,hate,non-hate,False,True,True,True,True,False
",విస్వక్ గాడికి బాగా ఎక్కువైంది.ఇది మంచి పద్ధతి కాదు",hate,hate,hate,hate,False,False,False,True,True,True
ఇంత ఫిట్ బాడీ ఉండి అప్పు అన్న అల మరణించడం బాధగా ఉంది,non-hate,non-hate,non-hate,non-hate,False,False,False,True,True,True
Shooting leka mind dobbindi .court should consider this issue .if students take him as inspiration then what will happen. Is it correct .pls consider it,hate,non-hate,non-hate,non-hate,False,False,False,False,False,False
Sketch వేసింది ఎవరో కూడా చెప్పండి (దమ్ము ఉంటే),hate,non-hate,non-hate,non-hate,False,False,False,False,False,False
"The courage to be disliked"" ee book summary cheyyandi anna.",non-hate,non-hate,non-hate,non-hate,False,False,False,True,True,True
Ntr kadhu bey ntr garu give respect,hate,non-hate,non-hate,non-hate,False,False,False,False,False,False
ఎక్కడికి పోతోంది మన సంస్కృతి,non-hate,non-hate,non-hate,hate,False,True,True,True,True,False
పోనీ ఆంధ్రప్రదేశ్ కు separate కరెన్సీ నోటు పెట్టీ నోట్లు గుద్దు జగన్ అన్న గాంధి గారి ఫొటో బదులు నీ ఫొటో పెట్టు అన్న,non-hate,non-hate,hate,hate,True,True,False,True,False,False
Super Madam  dance  chala bagavesaru,non-hate,non-hate,non-hate,non-hate,False,False,False,True,True,True
జగన్ శరీరంలో అణువు అణువు రొజక్కకు బాగా తెలిసినట్లుందే,hate,hate,hate,hate,False,False,False,True,True,True
"తల్లి నువ్వు నవ్వొద్దు, ఆ ముఖంలో మూతి తప్ప ఏమి కనిపించదు మాకు",hate,non-hate,hate,hate,True,True,False,False,True,True
Teeskelli railway station loo padeyandi,hate,hate,hate,hate,False,False,False,True,True,True
డబ్బా రాయుడు మన పెద రాయుడు మొత్తం మీద మేక పోతు గాంభీర్యం కనపర్చాడు ఫసక్,non-hate,hate,hate,non-hate,False,True,True,False,False,True
మీరు మీ లాంటి వారు రాష్ట్ర నికి చాలా అవసరం,non-hate,non-hate,hate,hate,True,True,False,True,False,False
కాదన్నా నవ్వి నవ్వి చచ్చిపోతే ఎవరు రెస్పాన్సిబిలిటీ అన్నా సూపర్ అన్న,non-hate,non-hate,non-hate,non-hate,False,False,False,True,True,True
Super settiandi voice to video,non-hate,non-hate,non-hate,non-hate,False,False,False,True,True,True
Over action apandi raa Babu,hate,hate,hate,hate,False,False,False,True,True,True
అన్నయ్య వదిన. ఎప్పుడు హ్యాపీ గా వుండాలి,non-hate,non-hate,non-hate,non-hate,False,False,False,True,True,True
Picchodini interview endhuku chesthunnaru may be TRP kosama,hate,hate,non-hate,hate,True,False,True,True,False,True
ఈ పాట విన్నపుడల్లా SPB గారే మళ్ళీ తిరిగొచ్చి పాడారు అనిపిస్తుంది,non-hate,non-hate,non-hate,non-hate,False,False,False,True,True,True
కోతులు దిగేదానికి ఇంత bulid up aaa,hate,hate,hate,non-hate,False,True,True,True,True,False
Punch veyyalantay...Sunil anna tharuvathayee...yavarina...,non-hate,non-hate,non-hate,non-hate,False,False,False,True,True,True
"jai kumar next nee amma nee ,sisters nee andharni petti prank thesthadu vadu wait",hate,hate,hate,non-hate,False,True,True,True,True,False
Elagaina vastadu mee dhulaa thirustadu.,hate,non-hate,non-hate,non-hate,False,False,False,False,False,False
కంట్లో దురద పెట్టింది కాబట్టి సరిపోయింది,hate,hate,hate,hate,False,False,False,True,True,True
Raja Singh nuvvu ni karra tagubthu mokam neeku mokham nuvvu mla ela ayyavu,hate,hate,hate,hate,False,False,False,True,True,True
"Manchi cinema ni prathi okkaru aadaristaru,all the best nikhil, have a bright future",non-hate,non-hate,non-hate,non-hate,False,False,False,True,True,True
నువ్వు చాలా చాలా బాగున్నావు. పర్ఫెక్ట్ గా ఉన్నావ్.. మీరు నాకు నచ్చారు,non-hate,non-hate,non-hate,non-hate,False,False,False,True,True,True
Vedi nathinakodaka,hate,hate,hate,hate,False,False,False,True,True,True
Meeru Gopi Goda meeda pilli anna maata edava,hate,non-hate,non-hate,non-hate,False,False,False,False,False,False
Naku prabhas anna ento rana anna kuda antey,non-hate,non-hate,non-hate,hate,False,True,True,True,True,False
Ilantivi kaadha ee generation ki inspiring untadhi...plz do more,non-hate,hate,hate,hate,False,False,False,False,False,False
పోలీస్ ఫారెస్ట్ డిపార్ట్మెంట్ 2కలసి పోరాడారు పాపం దాని బారి నుండి ప్రజల్ని,non-hate,hate,hate,hate,False,False,False,False,False,False
భజన భజన బ్యాచ్ ఎక్కువ అయిపోయారు పవర్ స్టార్ కి పాపం,hate,non-hate,non-hate,non-hate,False,False,False,False,False,False
నోరు ముయ్. వాడు పరిపాలనా చేతగాని వాళ్లకి అన్న... అంతే.,hate,non-hate,non-hate,non-hate,False,False,False,False,False,False
"Paritala nu nuvve sampinavu raa nennu gaali, vaana devudu sampeedu",hate,non-hate,non-hate,non-hate,False,False,False,False,False,False
Washing powder NIRMA neevu maa mukyamantri awadam maa KARRMA,hate,hate,hate,hate,False,False,False,True,True,True
​political fit kakapothe bayapadatam endukandi,hate,hate,hate,hate,False,False,False,True,True,True
Peetha … idokA Lavada lo buildup,hate,hate,hate,hate,False,False,False,True,True,True
Marea srihan pakkana moddagudvala,hate,hate,hate,hate,False,False,False,True,True,True
Rey arripuku adhi munda sollu apu ra,hate,hate,hate,hate,False,False,False,True,True,True
ఇలా వాగే ఛీ అని పరిశ్రమ పెద్దలు దూరంగా పెట్ట రు మహేష్ మళ్ళీ దరిద్రని మళ్ళీ స్టేజీ మీదకు తెచ్చాడు 20సం చిరు చాలా నష్టపోయారు,hate,non-hate,non-hate,non-hate,False,False,False,False,False,False
Me kastam palinchali sir,non-hate,non-hate,non-hate,non-hate,False,False,False,True,True,True
మొత్తానికి యూట్యూబ్ నే కాపురం చేయరా మీకు మా బుద్ధిలకు మానాల్లో లేదు,hate,non-hate,non-hate,non-hate,False,False,False,False,False,False
Audience be like :- Bengu ! Athi bengaku,hate,non-hate,non-hate,non-hate,False,False,False,False,False,False
ఎంత నవ్వు వచ్చిందో .  సూపర్ స్పీచ్ అన్న.,non-hate,non-hate,non-hate,non-hate,False,False,False,True,True,True
40 సంవత్సరాలు రాజకీయ అనుభవం,non-hate,non-hate,non-hate,non-hate,False,False,False,True,True,True
ఓహో ఈ నిజాయితీపరుడైన రవి ప్రకాష్ లో పవన్ లక్షణాలు ఉన్నాయా,hate,non-hate,non-hate,non-hate,False,False,False,False,False,False
West mokalu motham judge laa,hate,hate,hate,hate,False,False,False,True,True,True
Dhani pandhi moham chusi shock avuthada,hate,non-hate,non-hate,hate,False,True,True,False,False,True
ni pellam puku denugutha  ma anna annavu ante,hate,hate,hate,hate,False,False,False,True,True,True
liger movi బాగుంది but హీరో కి నత్తి ఎక్కువ గా ఉండడం వల్ల సినిమా పోయింది అంతే,non-hate,hate,hate,hate,False,False,False,False,False,False
బ్యూటిఫుల్ మేడం,non-hate,hate,hate,hate,False,False,False,False,False,False
Are meru marara dappukottu kovam,hate,hate,hate,hate,False,False,False,True,True,True
దాన్ని పేరు ఏంటి ఐడి ఏంటి చపూ బ్రదర్,non-hate,non-hate,non-hate,hate,False,True,True,True,True,False
సాక్షి అంటేనే అబద్దలకు care of address,non-hate,hate,hate,hate,False,False,False,False,False,False
"అప్పట్లో dirctors కి, కంటెంట్ రైటర్స్ కి ఉన్న హ్యూమర్ సైన్స్ ఇప్పుడు ఎవరికీ లేదు.",non-hate,non-hate,non-hate,non-hate,False,False,False,True,True,True
ఎవ్వరు చెయ్యలేని గొప్ప పని మీరు చేశారన్న మీరు గ్రేట్ అన్నా,non-hate,non-hate,non-hate,non-hate,False,False,False,True,True,True
మీరు చెప్పే టాపిక్ వల్ల ఉపయోగం చాలా ఉంది!,non-hate,hate,hate,hate,False,False,False,False,False,False
"Fingerprint mallareddy
Pedda donga na kodku",hate,hate,hate,hate,False,False,False,True,True,True
ఇపుడు కూడ తన తప్పులు ఒప్పుకోవటం లేదు.. pichi munda,hate,hate,non-hate,non-hate,True,True,False,True,False,False
entandi pusukunna antha pedha Mata anesav,hate,hate,hate,hate,False,False,False,True,True,True
rgv ki siggu ledhu ammail ni oka sex doll laga choostahru,hate,hate,hate,hate,False,False,False,True,True,True
Antha perfect ga ayithae raledhu but try chesaru kadha that's more important,hate,hate,non-hate,non-hate,True,True,False,True,False,False
​debate la lo paalgone TRS naayakulaku edhutivaarini maatladaneeyakapovadam samskaaram kaadhu.,non-hate,hate,hate,hate,False,False,False,False,False,False
Party paranga vaduu. Godameeda pilli laga kuda vaddu ra howla,hate,hate,hate,hate,False,False,False,True,True,True
చాలా బాగుంది బ్రో. చిన్నపుడు ఇవి అన్ని మేము చేసాము బ్రో చాలా హ్యాపీ గా ఉంది ఈ సిరీస్ చూస్తుంటే. Best of luck bro.,non-hate,non-hate,non-hate,non-hate,False,False,False,True,True,True
నేనూ రెండు ట్రై చేసాను సమ్మగా ఉంది,hate,hate,hate,hate,False,False,False,True,True,True
Modda gudu aithyy,hate,hate,hate,hate,False,False,False,True,True,True
అన్ని తెలుసు పోలీస్ లకు యూనిఫామ్ ఉందన్న అహంకారం  చట్టం తెలిసిన వాడు తప్పు చేస్తే తాట తీయండి అడ్వకేట్  హక్కుల కోసం ప్రజల తరఫున పోరాడండి,hate,non-hate,non-hate,hate,False,True,True,False,False,True
Muslims hindu devullanu entha thittina parledhu... Kaani hinduvulu  Mee devudini thidithe thappenti,non-hate,hate,hate,hate,False,False,False,False,False,False
Pilichi pettinchukuntaru ga....TV9 ki eemadhya sarada ayindi...,hate,hate,hate,hate,False,False,False,True,True,True
ప్రతి ఒక ఇంటర్వ్యూ లో చాలా కూల్ గా మాట్లాడతారు. నిజాలు నిర్భయంగా చెబుతాడు. ఎవడన్నా ఏమన్నా అనుకొని నేను చెప్పేది చెప్తా అనుకునే వ్యక్తి RGV...,non-hate,non-hate,non-hate,non-hate,False,False,False,True,True,True
అన్నయ్య అనే పిలుపు విని వెనక్కి తిరిగాడు,hate,non-hate,non-hate,non-hate,False,False,False,False,False,False
alsa janalu erripuk galu jagan ni cm cheyadam enti,hate,hate,hate,hate,False,False,False,True,True,True
అందుకే 400 అమ్మాయిలతో sex చేశాడు,hate,hate,non-hate,non-hate,True,True,False,True,False,False
Mulapeta lo 2 years chadhukuna,non-hate,non-hate,non-hate,hate,False,True,True,True,True,False
Chance esti champidengala vunnadu aunty ne,hate,hate,hate,hate,False,False,False,True,True,True
"100% literacy rate unna kerala lo ne janalu gorrelu la unte, migilin rashtrallo unna janalu paristhiti emito...... I feel ashamed being part of this type of public",hate,non-hate,non-hate,hate,False,True,True,False,False,True
"Prabhas ki super jodi,,,arabian bread vastundi",non-hate,non-hate,non-hate,hate,False,True,True,True,True,False
Acting super undhi ga bro just story lo dammu ledh,non-hate,non-hate,non-hate,non-hate,False,False,False,True,True,True
ఇద్దరూ చాలా బాగున్నారు sooooo క్యూట్,non-hate,hate,hate,hate,False,False,False,False,False,False
ఎందుకు అల్యసాO చేస్తునవు పేటక,hate,non-hate,non-hate,non-hate,False,False,False,False,False,False
Vadapav gaadu icc trophy elaa win aiythadoo neenu chusthaa,hate,hate,hate,hate,False,False,False,True,True,True
అన్నయ్య చెబుతుంటే నోరు ఊరిపోతున్నాది....,non-hate,non-hate,non-hate,non-hate,False,False,False,True,True,True
మహానుభావుడివి సార్ నువ్వు. మేడం గారు మికో నమస్కారం. ఇద్దరు సరిపోయారు. నిజాన్ని నిర్భయంగా,hate,non-hate,non-hate,non-hate,False,False,False,False,False,False
నువ్వు వెస్ట్ దానివి దొమ్మరి దాన ఇది ఏంటిదే,hate,hate,hate,non-hate,False,True,True,True,True,False
"ntha brainwashed gorrelu chesthunnaru, inko vargam enti ante bjp bots SSR influencers ga mari yuvatha ni thappu thovva pattisthunnaru a",non-hate,hate,hate,hate,False,False,False,False,False,False
Car top medhega kurchuni vachindhi mee araganta auntymedha kurchuni kaadhu ga me fans tega feel aypothu support chestnaaru manchi aatagaadivey,hate,non-hate,non-hate,hate,False,True,True,False,False,True
"Shiva gari smile ki fidaa..mee anchoring super sir..nenu macha cheppe Answers kante meru iche smile ne chusthu undipoyanu..your voice,  your style of anchoring awaysome",non-hate,non-hate,non-hate,non-hate,False,False,False,True,True,True
Cut paste... video cut aaeindhi,non-hate,non-hate,non-hate,non-hate,False,False,False,True,True,True
samantha oka trigubothu lanja chai lanti mogudu vadilesindhi,hate,hate,hate,hate,False,False,False,True,True,True
"Legendary అంటేనే ntr, anr, తర్వాత చిరు.  ఆయన సినిమాలు నిజజీవితానికి అద్దం పడతాయి. యువతకు దిశానిర్దేశం చేస్తాయి. ఎవడో ఏదో అన్నంత మాత్రాన legend కాకుండా పోతారా",non-hate,non-hate,non-hate,hate,False,True,True,True,True,False
bandi sanjay gadu amit shah kukka vadu poyi vadi kaalu nakutaru,hate,hate,hate,hate,False,False,False,True,True,True
Murkulani evaru emi cheyaleru...,non-hate,hate,hate,hate,False,False,False,False,False,False
Ee video chusintarvatha mee meeda respect perigindi,non-hate,non-hate,non-hate,non-hate,False,False,False,True,True,True
హోమ్ మినిస్టర్ 2000% UNFIT... ఆమెకి ఉన్న తెలివి కి Village member కే ఎక్కువ,hate,non-hate,non-hate,hate,False,True,True,False,False,True
అంటే జగన్ కు భయపడుతూనే ఉంటారు,hate,hate,hate,hate,False,False,False,True,True,True
సిస్టర్ నువ్వు చాలా బాగా చేసావ్ అమ్మ నీలో టాలెంట్ మామూలుగా లేదు.,non-hate,non-hate,non-hate,non-hate,False,False,False,True,True,True
kcr dhi barrey karrey mukku vadu waste pm ki,hate,hate,hate,hate,False,False,False,True,True,True
Orey manam cinemalu chudabatte vallu luxury ga brathukunnaru ra,hate,hate,hate,hate,False,False,False,True,True,True
Life lo okasri ina kalavli darling ninnu,non-hate,hate,hate,hate,False,False,False,False,False,False
ఏదో పెట్టేదని లేక అడిగింది,hate,hate,hate,hate,False,False,False,True,True,True
Erripuku matalu baga matladathavu ra adhi nuvvu,hate,hate,hate,hate,False,False,False,True,True,True
Vammo mamulodivi kadu swamy Nuvvu,non-hate,hate,hate,hate,False,False,False,False,False,False
Movie lo content chala bagundi evvadu apaledu movie ni dilraju kuda,non-hate,non-hate,non-hate,non-hate,False,False,False,True,True,True
Yenta mandhi stars vunna PAWAN KALYAN YE  POWER STAR,non-hate,non-hate,non-hate,non-hate,False,False,False,True,True,True
Adhikaram vunte thuglak gadu emaina chesasthadu,hate,hate,hate,hate,False,False,False,True,True,True
sia vinadaniki notlo motham petta vuntau padutadhi,hate,hate,hate,hate,False,False,False,True,True,True
niku family undi gah ra jagratamma venkata,hate,hate,hate,hate,False,False,False,True,True,True
కొన్ని ఆంధ్ర పందులకి బురదలోనే (ycp)ఆనందం...ఏం చేస్తాం పంది జాతి కదా అట్లాగే ఉంటది,hate,non-hate,non-hate,hate,False,True,True,False,False,True
అన్నా నెక్స్ట్ మూవీ ఇంకా గట్టిగా కొట్టాలి... ఆల్ ది బెస్ట్,non-hate,non-hate,non-hate,hate,False,True,True,True,True,False
మ్యూజిక్ చాలా చాలా బాగుంది..,non-hate,hate,hate,hate,False,False,False,False,False,False
చీర కట్టుకుంటే చాలు ఎవరికైనా ఒక హుందాతనం వచ్చేస్తుంది.,non-hate,non-hate,non-hate,non-hate,False,False,False,True,True,True
ముందు arrest చెయ్యండి. వాడు షికారు చేస్తున్నాడు. వాడు ఎందుకు మీడియా ముందుకు రాలేదు.,hate,hate,non-hate,hate,True,False,True,True,False,True
ఒక్క ఎక్ష్ప్రెషన్తొ  మొత్తం నడిపించినవ్ నువ్వు నిజంగా లెజండ్ అన్న,non-hate,non-hate,non-hate,non-hate,False,False,False,True,True,True
ఏంది రా మాకు ఈ సోది నీ ఎపిసోడ్,hate,non-hate,non-hate,non-hate,False,False,False,False,False,False
డిజిల్ బదులు మందు కొడితే సరిపోతుంది,non-hate,non-hate,non-hate,hate,False,True,True,True,True,False
ఆ పటుకోవడం లోపలికి వెళ్లి పటుకొర బాబూ రూంలో కూర్చుని పనిచేసేయి,hate,hate,hate,hate,False,False,False,True,True,True
పెట్టింది పది వేలు.. లాగేది 10కోట్లు,hate,hate,hate,hate,False,False,False,True,True,True
నెక్స్ట్ కార్తికేయ 3 మాత్రం సముద్రం లో ఉన్న ద్వారక నగరం మిస్టరీ ...Vere level  లో ఉంటది...,non-hate,non-hate,non-hate,non-hate,False,False,False,True,True,True
One and only Mega star .....Potthi leyru....Raleyru,non-hate,non-hate,non-hate,non-hate,False,False,False,True,True,True
జయహో రాజాసింగ్ భారత్ మాత కి జై,non-hate,non-hate,hate,non-hate,True,False,True,True,False,True
Re charge ayepothe Ela ra Google open avrhundu,hate,hate,hate,hate,False,False,False,True,True,True
Anna mee Spandhana bagundhi,non-hate,non-hate,non-hate,non-hate,False,False,False,True,True,True
ఈడిని చూసాక....మన సంపు మీద చాలా గౌరవం పెరిగింది...,non-hate,non-hate,non-hate,hate,False,True,True,True,True,False
"ఇది లంజలా రాజ్యం..,. కలియుగం లో లంజేలే నీతులు చెబుతారు",hate,hate,hate,hate,False,False,False,True,True,True
"Paytm kukkalu ekkada, idi kuda cbn gare plan chesaru antaremooo",hate,hate,hate,hate,False,False,False,True,True,True
Edi lanja kabate ela janalanu chedakodutundi,hate,hate,hate,hate,False,False,False,True,True,True
kodali nani  koja na koduku mla lankadhnulu okati levu,hate,hate,hate,hate,False,False,False,True,True,True
study chesi kcr em pikindu velumundra ayina pm position lo undu that is modi,non-hate,hate,hate,hate,False,False,False,False,False,False
Pilla puk comedy,hate,hate,hate,hate,False,False,False,True,True,True
గెటప్ సీను acting యెంత మందికి nacchindi అద్భుతం super,non-hate,non-hate,non-hate,non-hate,False,False,False,True,True,True
అక్క నీ పాట ప్రతి ఒక్కటి అదిరిపోతుంది,non-hate,non-hate,non-hate,non-hate,False,False,False,True,True,True
vachanu anuko gudda paligipodhi,hate,hate,hate,hate,False,False,False,True,True,True
శేఖర్ మాస్టర్ గారు అండ్ శ్రీముఖి గారు మీ డ్యాన్స్ బాగా అదిరింది,non-hate,non-hate,non-hate,non-hate,False,False,False,True,True,True
A 1 చిల్లర రాజకీయాలు అపు...... ముందు ఇంట్లో వున్న మహీళలకు న్యాయం చేయమను.... అక్కా చెల్లెళ్ళు చేబుతారు A1 Bach ki,hate,hate,hate,hate,False,False,False,True,True,True
అల్లు అర్జున్ కి ఏక్కడో సూడి ఉ౦ది.multitalent వున్నోడు అల్లు అర్జున్ ఒక్కడే ఇన్ ఇ౦డియా,non-hate,non-hate,non-hate,non-hate,False,False,False,True,True,True
ఓన్లీ  బై రెడ్డి సిద్ధార్థ రెడ్డి అన్నయ్య కోసం చూసినవాళ్లు like me....,non-hate,non-hate,non-hate,non-hate,False,False,False,True,True,True
రేవంతన్న ఇచ్చిన షాక్ కి మల్లారెడ్డి కి పిచ్చి పట్టినట్టు ఉంది,non-hate,hate,hate,hate,False,False,False,False,False,False
"రాష్ట్రాన్ని నకించేసి తల్లి, కుతురు సైడ్ అయిపోయారు",hate,non-hate,hate,hate,True,True,False,False,True,True
ఛీ దీనమ్మ ఎందుకు రా వీడు,hate,hate,hate,hate,False,False,False,True,True,True
నిను చూస్తుంటే KGF సినిమాలో RACKY బాయ్ గుర్తుకు వస్తున్నాడు,non-hate,non-hate,non-hate,hate,False,True,True,True,True,False
Me Bathukulu yenduku ra,hate,hate,hate,hate,False,False,False,True,True,True
అబ్బా బొడ్డు ఇంత పెద్దగా ఉంటే బొక్క సముద్రం లాగా ఉంటాదేమో?,hate,hate,hate,hate,False,False,False,True,True,True
Hii Bagunnara Harsha Sai garu  meku. Mee team members ki happy vinayaka chavithi,non-hate,non-hate,non-hate,non-hate,False,False,False,True,True,True
మీరు దేవుడు సార్,non-hate,hate,hate,hate,False,False,False,False,False,False
Aat..... tatha on fire,non-hate,non-hate,non-hate,hate,False,True,True,True,True,False
punju vachi pitta ni dengithey nenu commentry chepijry ala vuntadhi # punjuunggamer,hate,hate,hate,non-hate,False,True,True,True,True,False
"Abboo siggulekundaa vadu matladina matalu okkadu kuda levaledu ikkada..
Just for hate in Modi how much low can go anywhere",non-hate,hate,hate,hate,False,False,False,False,False,False
Evadra erri puukodu vaadu.. Duplicate gild eskuni show dhenguthunnadu,hate,hate,hate,hate,False,False,False,True,True,True
Aallu eellu andaru okkate,non-hate,hate,hate,hate,False,False,False,False,False,False
రష్మిది అని చెప్పి ఆది లేకపోతే అలుగుతుంది స్త్రీల పరువుతీస్తున్నది,non-hate,non-hate,non-hate,non-hate,False,False,False,True,True,True
Leak endhi ra secret aaa dhii,hate,hate,hate,hate,False,False,False,True,True,True
Anna  plz pellichesuko sir age 43 plz anna,non-hate,non-hate,non-hate,non-hate,False,False,False,True,True,True
ఆహా సూపర్ mr khan హిందూ దేవతలను అన్న వారితో కూడా క్షమాపణ చెప్పించండి అప్పుడే మీ నిజాయితీ ని నమ్ముతా.,non-hate,non-hate,non-hate,non-hate,False,False,False,True,True,True
Chala worst ga undi,hate,hate,non-hate,hate,True,False,True,True,False,True
kcr niku baga ekkuva ayidhi anni moukni cm avvu next karre mukku ki cm endhuku ra lanje boss,hate,hate,hate,hate,False,False,False,True,True,True
Nu Track medha untey enni sarlu horn kottidhi ???,non-hate,non-hate,non-hate,hate,False,True,True,True,True,False
సిగ్గు లేకుండా తిరుగుతున్నారు ఎమ్ ఆబివుద్ది చేశారని తిరురుగుతున్నారు,hate,hate,hate,hate,False,False,False,True,True,True
Miss u sirr.... నిజాన్ని సినిమా లో చక్కగా చూపించారు.... గ్రేట్ లెజెండ్,non-hate,non-hate,non-hate,non-hate,False,False,False,True,True,True
ఈ పాదయాత్ర అయిపోయిన  తర్వాత ఆ 80 కంటెర్నర్లు అసలు ఉండడానికి ఇళ్లు లేనివారికి ఇవ్వండి,non-hate,non-hate,non-hate,non-hate,False,False,False,True,True,True
Mentel gadini tesuku vachi kurcho pettukunnaru enti anker garu,hate,hate,hate,hate,False,False,False,True,True,True
ఈ అమ్మాయి సిగ్గు లేకుండా ఇంకా కావరింగ్ ఒకటి,hate,non-hate,non-hate,non-hate,False,False,False,False,False,False
నిమాటలు కడుపుకి అనం తినేవాడు ఎవరు నమరు జై హర్ష జై హర్ష హర్ష,hate,non-hate,non-hate,non-hate,False,False,False,False,False,False
nupur sharama  rape cheshi dengutha,hate,hate,hate,hate,False,False,False,True,True,True
Acting super undhi ga bro just story lo dammu ledh,non-hate,non-hate,non-hate,non-hate,False,False,False,True,True,True
అన్ని తెలుగు ప్రాంతాల నాయకులు ఇలానే వున్నారు... లోఫర్స్.... తప్పు మనది... మనకు సిగ్గుండాలి ఇలాంటి నాయకులను ఎన్నుకున్నందుకు...తు…,hate,non-hate,non-hate,non-hate,False,False,False,False,False,False
"Broooooooooooooooo  chala mandiki untai pailsu, neku vachindi movie lo chancesu pola adiri pola , all the best bro",non-hate,non-hate,non-hate,non-hate,False,False,False,True,True,True
me koduku ki eva ra poka,hate,hate,hate,hate,False,False,False,True,True,True
అన్ని ఇచ్చేయాల్సింది బ్రదర్ ఒంటి మీద ఏమి లేకుండా sigu lenu edava laga,hate,non-hate,non-hate,hate,False,True,True,False,False,True
"పాలు, పెరుగు, పువ్వులు కెసిఆర్ ఫామ్ హౌస్ లో అమ్మినవ్ అది అందరికి తెలిసిన విషయమే",non-hate,non-hate,non-hate,non-hate,False,False,False,True,True,True
Ramu inner peeling : night ki gunta tho dengulata ki set ipoyindi,hate,hate,hate,hate,False,False,False,True,True,True
Enti Puri nuvvu entha knowledge gain chestavu.,non-hate,hate,hate,hate,False,False,False,False,False,False
Apara thagubothu abbati,hate,hate,hate,hate,False,False,False,True,True,True
రోజు ఈ సాంగ్ వింటాను నా రింగ్ టోన్ ఇదే అన్న సూపర్ సాంగ్,non-hate,non-hate,non-hate,non-hate,False,False,False,True,True,True
ఇంత చక్కటి సినిమా తీసినందు మీకు ఎలా కృతజ్ఞతలు చెప్పాలో అర్థం కావటం లెదు.. ఈ  classic movie చరిత్ర lo నిలిచిపోతుంది,non-hate,non-hate,non-hate,non-hate,False,False,False,True,True,True
Samantha script selection lo acting scope roles choose cheskuntundi,non-hate,non-hate,non-hate,hate,False,True,True,True,True,False
నువ్వు ఏమి పని మీద వచ్చావు నువ్వు ఏది matlduthunvu ముందు mlc ni arest చెయ్యండి,hate,hate,hate,hate,False,False,False,True,True,True
Evadentha echaru neeku dabbulu bewerse yadavalraa,hate,hate,hate,hate,False,False,False,True,True,True
"Assaminchani suryudu ma paritala ravanna, champi chindhi nuvu nikodukey, andukey ni maranam uhathitham.",hate,hate,hate,hate,False,False,False,True,True,True
ఒక ప్రజా ప్రతినిధి హోదాలో ఉండి ఇంత దిగజారి మాట్లాడే సంస్కృతి ఈ మధ్య చాలా ఎక్కువైంది,non-hate,non-hate,non-hate,non-hate,False,False,False,True,True,True
Super concept inka music chala bagundhi short film kuda chala bagundhi,non-hate,non-hate,non-hate,non-hate,False,False,False,True,True,True
sky kohili valle india semis ki vachindhi,non-hate,hate,non-hate,hate,True,False,True,False,True,False
వీడు పోటీచేస్తే వార్డు నెంబర్ కూడా గెలవడు వీడు చంద్రబాబు నాయుడు గారిని టార్గెట్ పెట్టుకొని తెలంగాణలో చెంప దెబ్బలు తిన్నాడు,non-hate,hate,hate,hate,False,False,False,False,False,False
Nivu kcr tho thov ra chilka,non-hate,hate,hate,hate,False,False,False,False,False,False
Babulake Baabu Super star Mahesh Baabu,non-hate,non-hate,non-hate,non-hate,False,False,False,True,True,True
Anna nv thopu neki sati yevaru leru,non-hate,non-hate,non-hate,non-hate,False,False,False,True,True,True
రోజ నువ్వూ ఆ ఇకలు పికడనికి తప్పా దేనికి పనికిరావు,hate,non-hate,non-hate,hate,False,True,True,False,False,True
BJY chaala manchi concept,non-hate,non-hate,non-hate,non-hate,False,False,False,True,True,True
Idhi language class aa Leda mimicry artist class aa,hate,hate,hate,hate,False,False,False,True,True,True
Nuvvu king mawa,non-hate,hate,hate,hate,False,False,False,False,False,False
Arey budder khan nuvvu asalu,hate,hate,hate,hate,False,False,False,True,True,True
మహేష్ బాబు ఈ రేంజ్ లో నవ్వడం ఇప్పటి వరకు ఇదే మొదటి సారి. Big thanks to Sathi anna.,non-hate,non-hate,non-hate,non-hate,False,False,False,True,True,True
జనాలు లేరు బోచ్చు లేరు అంతా అంబక్,hate,hate,hate,hate,False,False,False,True,True,True
"​వైసీపీ, బిజేపి ఒకటే. రెండు పార్టీలు understandig.జగన్ గారు ఇక్కడ గట్టిగా అరిస్తే అపోజిషన్ రేపు డిబేట్ లో సీఎం గారు అడగలేదు అని అంటారు.అంతకు మించి ఏమీ లేదు.",hate,hate,non-hate,hate,True,False,True,True,False,True
"90ml సీఎం, నీకు హిందువులు అంటే ఎందుకు అంత చులకన,",hate,hate,hate,hate,False,False,False,True,True,True
Ila suitcaselu petti mosam cheyatam kanna afrer results vachaka prize money la petti untey best ga endhuko ee mosalu,hate,hate,hate,non-hate,False,True,True,True,True,False
Ycp Gunda na kodakalara randra chuskundham,hate,hate,hate,hate,False,False,False,True,True,True
From recent 3 months iam addicted to your videos anna. Your way of explaining and slang is very nice,non-hate,non-hate,non-hate,non-hate,False,False,False,True,True,True
​pavan anna madagudu ra ani cheppa,non-hate,non-hate,hate,hate,True,True,False,True,False,False
నీ ఇంటర్వ్యూ అన్నిటిలో నాకు నచ్చిన ఇంటర్వ్యూ ఇది ఒక్కటే అన్న,non-hate,non-hate,non-hate,non-hate,False,False,False,True,True,True
"ఆంధ్రప్రదేశ్ కొండలు, గుట్టలు కబ్జా మాఫియా డాన్ జగ్గు భాయ్",hate,hate,hate,hate,False,False,False,True,True,True
Paniki malina chana,hate,hate,hate,hate,False,False,False,True,True,True
ఈ పాట అంటే ఎంతమందికి ఇష్టం,non-hate,non-hate,non-hate,non-hate,False,False,False,True,True,True
Stage ekkithe chalu sollu,hate,hate,hate,hate,False,False,False,True,True,True
"Starting lo full cover aiye vesedi dresses, rating kosam ippudu Air free",hate,non-hate,non-hate,hate,False,True,True,False,False,True
memu videos chusthe kani meku annam kuda dorakadhu alantappudu mammilini yedavalu ni chesi anukoku ra nayana sollu apu,hate,hate,hate,hate,False,False,False,True,True,True
Porapatuna cinema bagaledu janalu raledu ante paristiti Vijay:Intlo padukovalsinde,non-hate,hate,hate,hate,False,False,False,False,False,False
అప్పుడు రాజకీయ ఎదుగుదలకు కారకులయిన అద్వానీ గార్ని అవమానించారు. ఇప్పుడు పదవీవిరమణ చేసిన కోవింద్ గారిని అవమానించారు. న్యాయమా మోదీ గారు.,non-hate,non-hate,non-hate,non-hate,False,False,False,True,True,True
చిరంజీవి గారు  ఇష్టం లేనప్పుడు  ఆయనతో  ఎందుకు వాయ్స్  ఓవర్ ఎందుకు చేయుంచుకున్నారు మీ సినిమాలో.,hate,non-hate,non-hate,non-hate,False,False,False,False,False,False
దీనమ్మ రోజ ని ఎవడికైనా చూపించండి రా,hate,hate,hate,hate,False,False,False,True,True,True
"మేూడి డ్రేస్ ఖరీదు 15 లక్షలు , ఓక్కోక్క  డ్రెస్ కరిదు మరి ఇంత డబ్బు ఎక్కడినుంచి వచ్చాయమ్మ",non-hate,non-hate,hate,non-hate,True,False,True,True,False,True
Net I pothe google lo ela search chestav ra bevakoof,hate,hate,hate,hate,False,False,False,True,True,True
అంబేద్కర్ విలువ మీకు తెలిసినట్టుగా రిజర్వేషన్ తీసుకున్న వ్యక్తులకి తెలియలేదు కనీసం ఇది చూసిన తర్వాత అయినా తెలుస్తుంది,non-hate,non-hate,non-hate,non-hate,False,False,False,True,True,True
గుడివాడ ప్రజలు ఆలోచన పరులు కానంత వరకు దేవుడు కూడా బాగు చేయలేడు వేడవలకూ పదవులు.,hate,non-hate,hate,non-hate,True,False,True,False,True,False
మీరు సూపర్ మేడం పట్టుదల ఉంటే ఏదైనా సాధించవచ్చు అని మీరు నిరూపించారు,non-hate,non-hate,non-hate,non-hate,False,False,False,True,True,True
ఇది frankness నీ బొంద.... అనాగరికం.... సభ్యత సంస్కారం లేని ఒక సైకో వీడు.... గుహల్లో జీవించాల్సిన వాడు.,hate,non-hate,non-hate,non-hate,False,False,False,False,False,False
ప్రభుత్వ సొమ్ము ఒక్క రూపాయి కూడా వెనుక  వేసుకోలేదంటే అది APJ అబ్దుల్ కలామ్,non-hate,non-hate,non-hate,non-hate,False,False,False,True,True,True
"డెవిల్ మూవీ కూడా Blockbuster నీకింకా తప్పదు దిగ్విజయం... నందమూరి 3 స్టార్స్  జై ఎన్టీఆర్, జై బాలయ్య, జై రామ్...... జై నందమూరి",non-hate,non-hate,non-hate,non-hate,False,False,False,True,True,True
Andhariki rajamouli rgv inspiration emo naku meere inspiration.....words can do more than action....mee laga knowledge gain cheyyali sir nenu,non-hate,non-hate,non-hate,non-hate,False,False,False,True,True,True
Bagunnavu chai and pallavi,non-hate,non-hate,non-hate,non-hate,False,False,False,True,True,True
కరోనా వచ్చి జనాల్ని ఒక రకంగా సంపుతుంటే.,hate,non-hate,non-hate,non-hate,False,False,False,False,False,False
ఆడు చూసి చూసి రోజా పక్కన కూర్చుంటాడేమే అనుకున్నా.,hate,non-hate,non-hate,non-hate,False,False,False,False,False,False
నువ్వు మాట్లాడేది తప్పు. అన్న గురించి ఎంతైనా చెప్పుకో వచ్చు కానీ మోహన్ బాబు గారిని తమ్ముడు అని మాట్లాడడం ఏమాత్రం కరెక్ట్ కాదు. వాళ్ళ కొడుకులు కూడా సీరియస్ అయితే ఎంత పరిస్తితి ఏంటీ.,non-hate,non-hate,non-hate,non-hate,False,False,False,True,True,True
"ఇంత అందంగా ఎలా అంది మీరు
మీలానే మీ స్వరం కూడా చాల అందంగా ఉంది",non-hate,non-hate,hate,non-hate,True,False,True,True,False,True
Power star ante movies and acting kadu real star only,non-hate,non-hate,hate,hate,True,True,False,True,False,False
"Inko rendu padithey, aa migatha dula kuda theerpoddi Uday Kiran 2",non-hate,hate,hate,hate,False,False,False,False,False,False
అంతరించి పోతున్న ఆరోగ్యావంతమైన హాస్యాన్ని తట్టి లేపిన సాత్విక్....,non-hate,non-hate,non-hate,non-hate,False,False,False,True,True,True
ఇటువంటి చావు రావాలంటే ఎంత పుణ్యం చేసి ఉండాలో     మీ ఆత్మకు శాంతి కలగాలని కోరుకుంటున్నాను,non-hate,non-hate,non-hate,non-hate,False,False,False,True,True,True
బాలయ్య బాబు అభిమానిని ఈ సినిమా పెద్ద ఇటు కొట్టాలని మనస్పూర్తిగా కోరుకుంటున్నాను జై బాలయ్య జై చిరంజీవ,non-hate,non-hate,non-hate,non-hate,False,False,False,True,True,True
tweet:enduku kumail najaini  gudda chaal rangaluo vuntadhi kumail: enduku mi amma lipstick vunthadhi,hate,hate,hate,hate,False,False,False,True,True,True
నువ్వు పడింది మంచి గాఉంది బ్రో,non-hate,hate,hate,hate,False,False,False,False,False,False
అన్నా చాలా ఇంప్రూవ్ అయ్యావ్.... సూపర్,non-hate,non-hate,non-hate,non-hate,False,False,False,True,True,True
E roju e liger movie chusa uttar flop movie jeevitham meedha virakthi puttipoyindhi,hate,hate,hate,hate,False,False,False,True,True,True
"తన స్వయం కృషి తో కష్టపడి, తన నటనతో ప్రేక్షకుల హృదయాల్లో చెరగని ముద్ర వేసుకున్న మన మెగాస్టార్ చిరంజీవి",non-hate,non-hate,non-hate,non-hate,False,False,False,True,True,True
Samantha acting matram ichipadesindhi thrill chestadhi second half fantastic anthe,non-hate,non-hate,non-hate,non-hate,False,False,False,True,True,True
Harsha anna ni kalavaali okkasaraina,non-hate,non-hate,non-hate,non-hate,False,False,False,True,True,True
Industry లో ఒక్క remark కూడా లేని ఫ్యామిలీ ఏదైనా ఉందా అంటే అది One And Only Victory Venky Anna Gaari Family Superb Raana Anna,non-hate,non-hate,non-hate,non-hate,False,False,False,True,True,True
gorantla madav issues side chyadaniki jenasena ni kelikaru yeppatu lane,non-hate,hate,hate,hate,False,False,False,False,False,False
Mee Ayya Farmhouse Unte Mee ML Lu Appudaina Mee Ayyani Chusindra Lolly ga,hate,hate,hate,hate,False,False,False,True,True,True
వీడియో తీసినాను కొట్టాల వీన్ని కొట్టాల దాని కింద వేసి కొట్టాల,hate,hate,non-hate,non-hate,True,True,False,True,False,False
నేను రోజూ అనసూయను ఉహించు కుంటు కొడుతున్న,hate,non-hate,non-hate,hate,False,True,True,False,False,True
"""నంబి నారాయణ"" గారికి జరిగిన అన్యాయం చూస్తుంటే చాలా బాధ వేస్తుంది, ""నంబి నారాయణ"" గారి త్యాగానికి మా హృదయపూర్వక ""పాదాభి వందనాలు""",non-hate,non-hate,non-hate,non-hate,False,False,False,True,True,True
నిజంగా ఈ లవ్ స్టోరీ ఏంది భై  శీనన్న ఏడిచే సీన్ సూపర్,non-hate,non-hate,non-hate,non-hate,False,False,False,True,True,True
Super tammudu,non-hate,non-hate,non-hate,hate,False,True,True,True,True,False
owasi bro's nupur raja singh ni pakistan ledha andaman ko tarmidengali #the people who  divide india,hate,hate,hate,hate,False,False,False,True,True,True
ఇందులో ఒక్క నిజం ఉంది... లైఫ్ సాఫీగా జరిగేవాళ్ళు బయట పాడారు.. ఎందుకు అంటే వాళ్లకి అవకాశాలు ఉన్నాయి కాబట్టి..,non-hate,non-hate,non-hate,non-hate,False,False,False,True,True,True
పోలీస్ వేవస్థలో మీలాంటి SP లు ఉంటే పోలీస్ లపై  గౌరవం పెరుగుతుంది సార్...మీలాంటి SP మా తెలంగాణా లో కూడా రావాలి సార్,non-hate,non-hate,non-hate,non-hate,False,False,False,True,True,True
మీరు ఆ స్థాయిలో ఉండి కూడా మీ స్నేహితుని పరిచయం చేయడం ఆనందకరం,non-hate,non-hate,non-hate,non-hate,False,False,False,True,True,True
Alaanti goppollaki ilaanti goppolle pudatharu..,non-hate,hate,hate,hate,False,False,False,False,False,False
బాగున్నారు తల్లి కొడుకులు స్టోరీ,non-hate,hate,hate,hate,False,False,False,False,False,False
"ద్రోహం చేసింది,నిజంగా ఏపీ ఉసురు బీజేపీకి,మోడీకి తగులుతుంది.",hate,non-hate,non-hate,non-hate,False,False,False,False,False,False
చాలా యూట్యూబ్ చానల్లలో మీరు చెప్పిన గరికపాటి వారి అభిప్రాయం ప్రచారమౌతున్నది. వాటి కింద కామెంటులను సినిమా రంగం వారు చదివితే ప్రజాభిప్రాయం తెలుస్తోంది. ఏమైనా అనుకోని అనుకుంటే ఒకనాడు వారి భార్యాపిల్లలపై అదే ప్రభావం పడవచ్చు. చివరగా బుధ్ధి చెబుతుంది…,non-hate,non-hate,non-hate,non-hate,False,False,False,True,True,True
తెలుగు రాష్ట్రాలకి మంచి మంచి నాయకులు దొరికారు సినిమాలు వెళ్లనవసరం లేదు వాళ్ళే సినిమా చూపిస్తారు మంచి కాలక్షేపం,non-hate,non-hate,hate,non-hate,True,False,True,True,False,True
Power Lo undi evaru ra vedava,hate,hate,hate,hate,False,False,False,True,True,True
Waste gaadu ali,hate,hate,hate,hate,False,False,False,True,True,True
​pawalagadi gorrelaki avesam thappa alochana ledhu,hate,hate,hate,hate,False,False,False,True,True,True
Mundhu RTC Buses lo students entha ibbandhi padivelthunnaru chudandii valla hanging conditions you have to notice everything,hate,non-hate,non-hate,non-hate,False,False,False,False,False,False
హర్ష..! నీ మనసులగే... నీ రూపం కూడా అందంగా ఉంది......,non-hate,non-hate,non-hate,non-hate,False,False,False,True,True,True
Pila nibha star vijgay overkonda guddakonda,hate,non-hate,hate,non-hate,True,False,True,False,True,False
Ede poindi kaadu manaki,non-hate,hate,hate,hate,False,False,False,False,False,False
ఆపు రా డ్రామా రావు అన్ని సొల్లు కబుర్లు,hate,non-hate,non-hate,non-hate,False,False,False,False,False,False
చాలా బాగా చెప్పారు అన్న.. మొదటి ఉదాహరణ వుంది అది మాత్రం.... మామూలుగా లేదు... సూపర్ అసలు,non-hate,non-hate,non-hate,non-hate,False,False,False,True,True,True
Hero lu remuneration taggisthe dil raju rates penchi collections motham mingesthadanta….funny fellow,hate,hate,hate,hate,False,False,False,True,True,True
​Ap state nu sarwa nasanam chesaru,hate,hate,hate,hate,False,False,False,True,True,True
Logically what u said is exactly right.. Appreciated the way you explained the concepts of government and other way of ruling.. Good.. Keep it up dear..,non-hate,non-hate,non-hate,non-hate,False,False,False,True,True,True
"రైతు బంద్ వల్ల ఎవరికీ లాభంరా  నాయన, ఎవరికీ ఏకువా భూమి ఉంటే వాడికే ఏకువ లాభం, నువ్వు నీ బ్రోకర్  జర్నలిజం",non-hate,non-hate,non-hate,non-hate,False,False,False,True,True,True
Arey drama rao apura Ne sollu,hate,hate,hate,hate,False,False,False,True,True,True
వేణు స్వామీ మీ మాటలు అన్నీ అబద్దం.,hate,hate,hate,non-hate,False,True,True,True,True,False
ఏం అదృష్టం స్వామి అన్న నే ఫోన్ touch చేసింది.. లక్కీ,non-hate,non-hate,non-hate,non-hate,False,False,False,True,True,True
చిరుత looks adhurs,non-hate,hate,hate,hate,False,False,False,False,False,False
Madhi sommu ea kadha vochesthadhi,hate,hate,hate,hate,False,False,False,True,True,True
అనిల్ కుమార్ గారిది తప్పలేదు కానీ ఇలాంటి సమస్యలు కూడా  రాష్ట్రంలో ఉన్నాయి అని బాగా తెలియజేసారు.,non-hate,non-hate,non-hate,non-hate,False,False,False,True,True,True
Sorry to say but chinna events ki velthe ilaney jarugutundi..,hate,non-hate,non-hate,non-hate,False,False,False,False,False,False
తెలివైన మూర్ఖుడు... RGV,hate,non-hate,non-hate,non-hate,False,False,False,False,False,False
"రోజా ఆంటీ కి బాగా తెలుసు జలగ మొన రెడ్డి కి వెంట్రుకలు ఎక్కడ, ఎక్కడ ఉన్నాయో",hate,hate,hate,hate,False,False,False,True,True,True
karan johar asla modda levadu anta andukey ammaila mataladuthaane vunatru,hate,hate,hate,hate,False,False,False,True,True,True
​yuddham vadhu please for lokham lo shanthi vunchadhi,non-hate,hate,hate,hate,False,False,False,False,False,False
Niku cheppada kohili one day adanu ani,non-hate,hate,hate,hate,False,False,False,False,False,False
KCR ni chusi Vallabhai patel anukunnademo.,non-hate,non-hate,non-hate,non-hate,False,False,False,True,True,True
great raa baabu movies loki  vellipoyava ra baabu,non-hate,hate,hate,hate,False,False,False,False,False,False
Telugu tamil industry la ki break dance nerpindhe prabhudeva..meru evergreen dancer sir,non-hate,non-hate,non-hate,hate,False,True,True,True,True,False
Pora kukka,hate,hate,hate,hate,False,False,False,True,True,True
Nvvu first e channel dheni kosam pettinav kcr kosama peoples ki emaina prayojanam vundhara entha sepu kcr sanka nakuthunnav,hate,hate,hate,hate,False,False,False,True,True,True
narottam mishra peddha langa ram setu movie ban cheyamantaru deniki movie peru lo ram vundhi ani,hate,non-hate,non-hate,non-hate,False,False,False,False,False,False
హమ్మయ్య.. ఇప్పటికి ఒక మంచి వీడియో చేశావు తల్లి,non-hate,hate,hate,non-hate,False,True,True,False,False,True
ఇలాంటివి చేస్తేనే మీకు 2019 లో బొక్క పడింది.,hate,hate,hate,hate,False,False,False,True,True,True
Ram entra babu intha andamga undau super,non-hate,non-hate,non-hate,hate,False,True,True,True,True,False
కంట్లో దురద పెట్టింది కాబట్టి సరిపోయింది,non-hate,hate,hate,non-hate,False,True,True,False,False,True
ఏక్కడకి పోయండి ఈ మహిళా కమిషన్,hate,non-hate,non-hate,hate,False,True,True,False,False,True
నువ్వు కాదయ్యా హీరో నీ యనకాల ఉంది చూడు పులి సోను సూద్ సార్,non-hate,non-hate,non-hate,non-hate,False,False,False,True,True,True
jagan gabbu gadu cbn pettina manchi padakalu ni tolagichi auto valla ki 10000rs esthunnaru,hate,hate,hate,hate,False,False,False,True,True,True
Desaani dochokotaaniki eeyanaki emi takkuvayindita,hate,hate,hate,hate,False,False,False,True,True,True
​a bayam unte villu paripala tinnaga cheste sari ponu,hate,hate,non-hate,hate,True,False,True,True,False,True
Telugu industry na modda kudavandi ra,hate,hate,hate,hate,False,False,False,True,True,True
Sister...Nelanti vaallu thaluchukuntey condecterley kaadhu collectorlu avthaaru...kalaakarulavtharu....neku suport chestunna ne family ki..A P S R T C ki ne tharupuna Thanks cheptunna,non-hate,hate,hate,hate,False,False,False,False,False,False
Nenu aite Jabardast show chudadam manesanu TV 5 ABN channels lo debates vchinaka,non-hate,hate,hate,hate,False,False,False,False,False,False
Mahesh smile ...pure soul,non-hate,hate,hate,hate,False,False,False,False,False,False
Madam meeru good questions aduguthunnaru,non-hate,non-hate,non-hate,non-hate,False,False,False,True,True,True
𝙋𝙪𝙠𝙪 𝙙𝙖𝙣𝙜𝙞𝙩𝙝𝙝𝙖,hate,hate,hate,hate,False,False,False,True,True,True
మీరు మాకు దూరం అవ్వడం మా దురదృష్టం,non-hate,hate,hate,hate,False,False,False,False,False,False
Amma pai joke enty raaa..... Avulagallraa,hate,hate,hate,hate,False,False,False,True,True,True
తాను ఇంతకు ముందే చెప్పాడు నేను ఇలా videos చేయడానికి కారణం అందరూ inspire అవ్వాలి అని,non-hate,non-hate,non-hate,hate,False,True,True,True,True,False
Chi yentra makikarma,hate,hate,hate,hate,False,False,False,True,True,True
తమ్ముడు నువ్వు సూపర్ నిజాన్ని ఈలాగే నిర్బయంగా చెప్పు ఎవ్వనికి భయపడకు,non-hate,non-hate,non-hate,non-hate,False,False,False,True,True,True
"RK గారు మీకు, మీ టీం కి దన్యవాదాలు, సుతి మెత్తగా ప్రశ్నలు వర్ణించారు  అహంకారికి ...అహంకారం కాస్త తగ్గినట్లు అనిపిస్తొంది",non-hate,non-hate,non-hate,non-hate,False,False,False,True,True,True
Mundhu veeni interview chesthunna channel vallani thannali,hate,hate,hate,hate,False,False,False,True,True,True
గ్రేట్ పర్ఫామెన్స్ సిస్ క్రింది టైల్స్ స్లిప్ అవుతున్న బలన్స్ చేసుకొని పెర్ఫెక్ట్ గా డాన్స్ వేసావ్ సూపర్,non-hate,non-hate,non-hate,non-hate,False,False,False,True,True,True
erri puk moody valla srh playoffs ki pole,hate,hate,hate,hate,False,False,False,True,True,True
త్వరలోనే పవన్ కళ్యాణ్ గారు ముఖ్యమంత్రి కాబోతున్నారు,non-hate,non-hate,non-hate,non-hate,False,False,False,True,True,True
Best లీడర్ and best పోలీస్.ప్రవీణ్ కుమార్ సర్,non-hate,non-hate,non-hate,non-hate,False,False,False,True,True,True
Comments chadivi masthu enjoy chesthunna nenaithe,non-hate,hate,hate,hate,False,False,False,False,False,False
ఆ వైట్ డ్రెస్ లో చూస్తుంటే విజయవాడ పెద్దపులి వంగవీటి మోహన్ రంగా ను చూసినట్టుంది అన్న,non-hate,non-hate,non-hate,hate,False,True,True,True,True,False
Ttr dongal trs pata leaders,hate,hate,hate,hate,False,False,False,True,True,True
