id,true_label,condition,text,prediction,confidence,probability_hate,probability_non_hate
0,non-hate,original,స్త్రీలను వీధిలోకి లగకంది పవన్ గారు చూస్తే ఆయనకి పార్టీ కి చెడ్డ పేరు వస్తుంది,non-hate,0.5696145896380618,0.4303854103619382,0.5696145896380618
1,hate,original,Gudha paguldegale,hate,0.5705103377850524,0.5705103377850524,0.42948966221494755
2,non-hate,original,Nijanga ilanti extraordinary persons untaru,hate,0.5191615523206066,0.5191615523206066,0.48083844767939343
3,non-hate,original,నాకు ఇంటర్నెట్ మొబైల్ డేటా లేదు అండి ఇందులోనుంచి డబ్బులు వస్తే ఏపించుకుందాం అని చూస్తున్న... మాములుగా లేదు అనుదీప్ గారి పంచెస్,non-hate,0.5674053691336872,0.4325946308663128,0.5674053691336872
4,non-hate,original,AP ki manchi rojulu vasthundhi,hate,0.5443617494585293,0.5443617494585293,0.45563825054147067
5,non-hate,original,Ayithe life politician kavali ra Babu.,hate,0.5379863449801027,0.5379863449801027,0.46201365501989733
6,hate,original,KTR:Nannu erri puk cheshavu gah kadhara revanth,hate,0.5938844999950701,0.5938844999950701,0.4061155000049299
7,non-hate,original,Youtube vedios konni follow ayyedhanni tharwatha BB house lo koncham negitive feel ayya ippudu chustunte badha anipistundhi very good dancer All the Best for your future Shanmukh 💐,hate,0.5375965348571401,0.5375965348571401,0.4624034651428599
8,hate,original,Recharge aipothey data ela vastadhi ra erri puka,hate,0.5817111874915608,0.5817111874915608,0.41828881250843924
9,hate,original,vadu donga nuuv yadava,hate,0.5882341450579116,0.5882341450579116,0.41176585494208834
10,non-hate,original,సంస్కారవంతమైన కుటుంబం,non-hate,0.5550099337353992,0.4449900662646008,0.5550099337353992
11,non-hate,original,ప్రజా సమస్యల పరిష్కారంపై దృష్టి పెట్టండి,non-hate,0.5842707462902338,0.4157292537097662,0.5842707462902338
12,hate,original,Waste gadu Natraj is very bad behaviour,hate,0.5338853766827081,0.5338853766827081,0.4661146233172919
13,hate,original,Kanisam okka wicket kooda teeyaledu waste galu,hate,0.5858880796829706,0.5858880796829706,0.4141119203170294
14,hate,original,"Amit Shaw ki slippers vesthu bathukuthunnadu, telugu vaari gowravaanni gujarat gadidhala dhaggara thaakattu pettesthunnadu..",hate,0.559073321771423,0.559073321771423,0.44092667822857695
15,hate,original,jihah khan sucide ki karanam sooraj altanchdi sulli bhai mafia support free vare ammailtho dengithunaru,hate,0.5776215967045135,0.5776215967045135,0.4223784032954864
16,non-hate,original,"Police vallu cheppindi antha nijamena, poorthi enquiry ayina tharavatha nuvvu vallanu criminals Ani cheppu brother.",hate,0.5620849921739071,0.5620849921739071,0.437915007826093
17,non-hate,original,ప్రతి సీన్... ప్రతీ షాట్....మతి పోతుంది లోపల awesome,non-hate,0.6016118706782881,0.39838812932171186,0.6016118706782881
18,non-hate,original,Janabha.peregutunaru.vupadhe.udhyogalu.karuve.vundhe.,hate,0.5702993648446688,0.5702993648446688,0.42970063515533113
19,non-hate,original,మళ్ళీ మళ్ళీ రిపీట్ చేస్తూ చూస్తున్న వాళ్లు ఎంతమంది ఉన్నారు...️,non-hate,0.5879048829357393,0.4120951170642607,0.5879048829357393
20,non-hate,original,entha cute couple abbaa..!!,hate,0.5030198457331135,0.5030198457331135,0.49698015426688646
21,non-hate,original,Allu Arjun cinema ki pranam esatadu,hate,0.5262904103145424,0.5262904103145424,0.4737095896854576
22,hate,original,తెలివిగలవాళ్లని అనుకుంటాంగానీ కాదు అదృష్టం ఏమూలో ఏడుస్తుంది ఇట్లాంటి  వాళ్ళకి. జనాలతో తిట్టించుకుంటే కాని నిద్ర పట్టదు,non-hate,0.5769268457730841,0.42307315422691594,0.5769268457730841
23,non-hate,original,కడిగేయండి మీరు సమాజాన్ని!  నాకు బాధగానే ఉంది గురువుగారు.,non-hate,0.585403918662886,0.414596081337114,0.585403918662886
24,non-hate,original,"God bless your relation madam, జై సుధీర్ అన్న",non-hate,0.5655740720384508,0.4344259279615492,0.5655740720384508
25,hate,original,Ammai ni pattukoni kavalissindhi konuko ani anta vurukuntunda,hate,0.5700291031673845,0.5700291031673845,0.4299708968326155
26,non-hate,original,"శుక్రవారం శుక్రవారం స్టేషన్ కి వచ్చి సంతకం
పెట్టు",non-hate,0.5698512250621599,0.4301487749378401,0.5698512250621599
27,non-hate,original,ఎందరో  మహాను బావులు  వుంటారు వాళ్లు ఊరికెనే ఉండరు,non-hate,0.5778111059514889,0.4221888940485111,0.5778111059514889
28,hate,original,Nuv annantha mathrana Harsha Sai midha abimanam thaggadu ra,hate,0.5699732374225439,0.5699732374225439,0.4300267625774561
29,non-hate,original,నీతి నిజాయితీ లకు మారు పేరుగా నిలిచిన వ్యక్తి ఆళ్ళ రామకృష్ణారెడ్డి. అమరావతి రైతులకోసం నిజమైన పోరాటం చేసిన వ్యక్తి. ఆయన పదికాలాలపాటు చల్లగా ఉండాలి.,non-hate,0.5892856966779147,0.41071430332208525,0.5892856966779147
30,hate,original,వచ్చిందయ్యా మహా పతివ్రత.... అనసూయ అంటేనే నిలువెల్లా బూతు..... ఈమె చెబుతుంది నీతులు... తూ..... సిగ్గుమాలిన జన్మ,non-hate,0.572269931831943,0.42773006816805703,0.572269931831943
31,hate,original,Vedoka pulkagadu vinikanna Prakash Raj better,hate,0.5581264589182667,0.5581264589182667,0.44187354108173327
32,hate,original,Na modda la expressions,hate,0.5474450980212602,0.5474450980212602,0.45255490197873977
33,hate,original,Arey ni bondha ra chetha na kodaka,hate,0.5902546543697904,0.5902546543697904,0.40974534563020965
34,hate,original,Vediki Gudda baga balisindi anukunta..Balayya babu meeda jokes endukura ep,hate,0.5575878727232318,0.5575878727232318,0.44241212727676815
35,hate,original,Veelu vedi over action,hate,0.5303143601104207,0.5303143601104207,0.46968563988957934
36,non-hate,original,ఏముంది పదవికోసం గుధ్ధ కూడా నాకేస్తారు ఈ రాజకీయ రాబందులు,non-hate,0.5359676610824083,0.46403233891759166,0.5359676610824083
37,hate,original,Yadava Veshalu taginchukunte Baguntadi,hate,0.5457248054742527,0.5457248054742527,0.45427519452574733
38,non-hate,original,ప్రతిపక్షాలు సామాన్యుడిని ఎదగనివ్వరు పేద ప్రజలకి ఇల్లులు కడుతుంటే ఇప్పుడు వాళ్లు వచ్చి ఎలా కడుతున్నారు చూస్తారట ంగా ఉంది అతని నుంచి పేద ప్రజలకి ఇళ్ల పట్టాలు పంపిణీ చేయడానికి వీలు లేదంటూ ఆయన స్టేజెస్ కూర్చున్నాడు అంటే ఇతను కంపు చేయడానికి ప్రయత్నించేస్తున్నాడు జగనన్న లబ్ధిదారులు ఇటువంటివి జరిగినప్పుడు బయటకు వచ్చి మీ తాలూకా మనసులో ఉండే మాటను వాళ్లకి తెలియపరచండి,non-hate,0.5816370202121307,0.4183629797878693,0.5816370202121307
39,hate,original,Ore ni veshalu api pani chusko,hate,0.5843628737732119,0.5843628737732119,0.41563712622678806
40,hate,original,priyanka arul mohan gudda chaala sexy vuntadhi dani panga chachi dengali,hate,0.588425793302231,0.588425793302231,0.411574206697769
41,non-hate,original,Devudimida jokulu vesina avamanichina chala nasta potaru vinayakudito pettukokuda power full god,hate,0.5760704718566041,0.5760704718566041,0.42392952814339585
42,hate,original,Nuvvo moddaganivi andhuke aapesnav,hate,0.5802791217038168,0.5802791217038168,0.4197208782961832
43,hate,original,amarica andatho madam perigi kotukuntundi urikine,hate,0.5809120980493829,0.5809120980493829,0.4190879019506171
44,non-hate,original,చాలా మంచి మూవీ అన్న ...మీరు రియాక్ట్ అవుతావ్ అనుకున్న అన్న ..నువ్వు సూపర్ లాయర్ అన్న,non-hate,0.6054197699315932,0.3945802300684068,0.6054197699315932
45,hate,original,Idi RTC Conducter ha leka Inka bustand lo emaina chesinda,hate,0.5710983582209637,0.5710983582209637,0.4289016417790364
46,hate,original,Krittika Garu Vadine Chepu tho Kothandi Live Lo....,hate,0.5409878937310326,0.5409878937310326,0.4590121062689673
47,hate,original,ఇంక ఆపుర నాయనా... అక్కడ చూయించు...,non-hate,0.58493183364141,0.41506816635859,0.58493183364141
48,non-hate,original,మీ ఫ్యామిలీ లో నాకు నచ్చింది నువ్వు అన్న.. కరెక్ట్ గా మాట్లాడుతావ్..,non-hate,0.6047859608641071,0.3952140391358929,0.6047859608641071
49,hate,original,Suma garu koncham thagichuko,hate,0.5798707450042283,0.5798707450042283,0.4201292549957717
50,hate,original,Orey adhiga guddha mue,hate,0.5809607246286119,0.5809607246286119,0.419039275371388
51,hate,original,"Orey  jaffa bul bul,go and buffalo muddilo paduko",hate,0.5551016936219255,0.5551016936219255,0.44489830637807454
52,non-hate,original,Hanu raghavapudi love story ante super immersive ga untadi,hate,0.5348792522250594,0.5348792522250594,0.46512074777494067
53,hate,original,chillar party lu Anne okkatyna modi ji ni next pm modi ji yogi baba ni,hate,0.5520337251354313,0.5520337251354313,0.4479662748645687
54,non-hate,original,Jayamu jayamu chandranna jayamu neeku chandranna,hate,0.5509990341861266,0.5509990341861266,0.44900096581387344
55,hate,original,Aaku puuku theliyandhi kuda judge aipoindhi,hate,0.5844940618591135,0.5844940618591135,0.4155059381408866
56,hate,original,SHOES  Amithsha modi kinda Oodigam chey..,hate,0.5432573016244109,0.5432573016244109,0.4567426983755892
57,non-hate,original,​raani pramadam raani no problem.. next tym bjp ki vote veyandi telangana prajalara,hate,0.5527257339797353,0.5527257339797353,0.44727426602026465
58,non-hate,original,Ee madya kaalamlo vochina films lo naaku idhi baaga nachindi,hate,0.5601479896519621,0.5601479896519621,0.4398520103480379
59,hate,original,"Evidence unna mla kodukuni arrest cheyaledhu, police lu ki dammu ledhu",hate,0.5725599580044031,0.5725599580044031,0.42744004199559693
60,hate,original,Veedu aadi gaadu maaradu veediki stage cleaning pani ivvandi,hate,0.5639906028760174,0.5639906028760174,0.43600939712398257
61,non-hate,original,E movie Gurinchi okkadu negative ga matladina vaadu terrorist ayyi undali..,hate,0.5645824655877524,0.5645824655877524,0.4354175344122476
62,non-hate,original,Kaasta అమ్మ నన్న పైన ప్రేమ కలిగి vundandi bro,non-hate,0.5190667109403315,0.4809332890596685,0.5190667109403315
63,hate,original,Kulaaa pechhe fuuga undeanana,hate,0.5685731306627017,0.5685731306627017,0.43142686933729835
64,hate,original,Are Babu niku endukura,hate,0.5627393837509301,0.5627393837509301,0.43726061624906987
65,non-hate,original,"Intaki Rahul evadabba, sir indirect ga Congress Rahul Gandhi ki hint istunda kalsipodamani",hate,0.5715503959809385,0.5715503959809385,0.42844960401906157
66,non-hate,original,"This should be  a good lesson for youngsters.  Moral is "" జీవితం లో గెలుపుకి బందు మిత్రులు ఎక్క్కువ, కాని ఓటమి ఎప్పుడు అనాదే""",non-hate,0.5506975791574729,0.44930242084252714,0.5506975791574729
67,non-hate,original,Vaddu Bangaram nuvvu happy ga vundali,hate,0.5477591736702005,0.5477591736702005,0.45224082632979945
68,non-hate,original,"kani, ekkuva cheste alasata, weakness, body peragaka povadam, teenage lo tarvata kuda face paina gaddalu pimples ravadam nijam...better keep it two-three times a week..get busy and focus on your studies and career guys.",hate,0.5397518967319003,0.5397518967319003,0.46024810326809973
69,hate,original,Chempa pagilddemo,hate,0.5642362256739726,0.5642362256739726,0.43576377432602736
70,non-hate,original,వాడి అసలు రూపం అదే  ఎవరిని ఎప్పుడు వాడుకుని వదిలేయాలో వాడి కంటే ఏ రాజకీయ నాయకుడికి తెలియదు,non-hate,0.5610709265816893,0.43892907341831067,0.5610709265816893
71,non-hate,original,మీ ఇద్దరి వల్ల తెలంగాణ జనాలకి ఏమన్న ఉపయోగం ఉందా చెప్పు,non-hate,0.5903054838481804,0.4096945161518196,0.5903054838481804
72,hate,original,asla murmu president ela ayindhi india parvu poyindhi ni karra mokham eskoni,hate,0.5827242592029405,0.5827242592029405,0.41727574079705954
73,non-hate,original,Etuvanti interviews kadhaa manaki kavalsinavi,hate,0.5347947571695206,0.5347947571695206,0.4652052428304793
74,non-hate,original,శర్మ గారు చెప్పిన ది నిజమా అబద్దమా అని చెప్పే ధైర్యం వీళ్లకు లేదు,non-hate,0.5816675289637792,0.41833247103622084,0.5816675289637792
75,non-hate,original,nani anna meru great,hate,0.5708300449541707,0.5708300449541707,0.42916995504582933
76,non-hate,original,నువ్వు తెరాస పార్టీ ..ఉంపుడు గత్తేనె కదా రా నువ్వు,non-hate,0.5571081940437703,0.4428918059562297,0.5571081940437703
77,hate,original,మేడం కు ఉక్క పోస్తునట్టుంది సంకలో బాడీ వేసుకుంది,non-hate,0.5632226119426589,0.4367773880573411,0.5632226119426589
78,hate,original,ప్రపంచంలో అతిపెద్ద అవినీతి పార్టీ టిఅర్ యస్ కెసిఆర్,non-hate,0.5591532449358105,0.44084675506418947,0.5591532449358105
79,non-hate,original,ఇలాంటి సెలబ్రిటీలు ఇలా షోష్ కు రావాలి sir,non-hate,0.5944861010618347,0.40551389893816525,0.5944861010618347
80,non-hate,original,"Arey Babu Memu chinnappati nunchi chiru fans, pls don't hurt us, first chiru next evarina maaku",hate,0.5450436022374541,0.5450436022374541,0.45495639776254587
81,non-hate,original,"eii yevudra veedu, andanga vunnav antunnadu, akka antunnadu",hate,0.5819412668653846,0.5819412668653846,0.4180587331346154
82,non-hate,original,arey shankar ga nvvu kcr sanka nakaku ra,hate,0.5744149974197783,0.5744149974197783,0.42558500258022164
83,non-hate,original,ఎవడి స్టైల్ వాడిది... దేవరకొండ స్టైల్ దేవరకొండ ది అంతే ఇంట్లో తప్పేముంది... వినిపిస్తుంది చెప్పనా.,non-hate,0.571750692800726,0.428249307199274,0.571750692800726
84,non-hate,original,పవన్ కళ్యాణ్ గారు   తమ్ముడు.... మోహన్ బాబు అనే సరికి  అన్నయ్య చిరంజీవి గారు చిన్నపిల్లోడిలా నవ్వుతుంటే ఎంత ఎంత అందగా ఉన్నాడో అన్నయ్య,non-hate,0.5796347757266447,0.4203652242733553,0.5796347757266447
85,hate,original,Veedu am pikaledu ani telusu,hate,0.5656308146618063,0.5656308146618063,0.43436918533819363
86,non-hate,original,"Nenu vunnanu,nenu vinnanu,nenu chusanu.... all are eligible for the Oscar level performance",hate,0.5018800597527316,0.5018800597527316,0.49811994024726836
87,non-hate,original,పోన్లే పాపం కష్టపడ్డదానికి కొంచెం అయిన ప్రతిఫలం దక్కింది …. కళ్ళు నెత్తికెక్కించుకోకుండా ఒదిగి ఉంటే మంచి Future ఉండొచ్చు,non-hate,0.5893656508093204,0.41063434919067965,0.5893656508093204
88,hate,original,rgv gadu canipovali vadi chettabandi ayina chestha,hate,0.5955274597326436,0.5955274597326436,0.4044725402673564
89,non-hate,original,Papam bhayya babi ki potta abbam ga vundhi,hate,0.5874313986671761,0.5874313986671761,0.4125686013328239
90,hate,original,Chala ibandi pettavu anna Nuvvu maa Chiru garini,hate,0.5806645377438536,0.5806645377438536,0.4193354622561464
91,non-hate,original,సూపర్ rk గారు చాలా మంచి ప్రోగ్రాం,non-hate,0.5713136867090594,0.42868631329094065,0.5713136867090594
92,non-hate,original,భారత దేశంలో పాలన చేతకాని సీఎం పాలన చేత కాక వేరే వాళ్ళని విమర్శించే ఏకైక సీఎం మన బతాల పోషెటి,non-hate,0.556602336346616,0.44339766365338396,0.556602336346616
93,non-hate,original,e rashtraniki jarige prathi anyayam gurinchi niswardhanga matlade ekaika vyakti meere saar,hate,0.56477281986659,0.56477281986659,0.43522718013341
94,hate,original,ananaya panadey vi nimma dabbalu lanti payalu,hate,0.5822368627172165,0.5822368627172165,0.4177631372827835
95,hate,original,chetha ra babu  NTV,hate,0.5446009775397103,0.5446009775397103,0.4553990224602898
96,hate,original,Hi ra T.R.S. kukka…,hate,0.5286028342065923,0.5286028342065923,0.4713971657934077
97,hate,original,Fans ki respect Ivvslira arye ntira,hate,0.5643818613906488,0.5643818613906488,0.43561813860935117
98,non-hate,original,"first aa ammai family ki security ivvandi.., night night emaina jaragochu...",hate,0.5550232246727047,0.5550232246727047,0.44497677532729524
99,non-hate,original,మీలాంటి వారు వుంటే ఆడపిల్లలకు చాలా ధర్మం జరుగుతుంది సార్,non-hate,0.5902209617073051,0.4097790382926949,0.5902209617073051
100,hate,original,Ayanni okasari kodithey meeru laksha sarlu chupisthunnaru emkavali meeku,hate,0.5774032478294777,0.5774032478294777,0.4225967521705222
101,non-hate,original,Thank you RRR TDP ki bratkinchadamulo mi krushi marvalenidi CBN gariku,hate,0.5672047750529393,0.5672047750529393,0.4327952249470607
102,hate,original,గుధ్ధ బలిసి కొట్టుకుంటున్నవే,non-hate,0.5657786339758106,0.43422136602418937,0.5657786339758106
103,hate,original,inkaa saavaledhu le vaadu baane sacchaadu yedhavakanipisthoone vundhigaa,hate,0.5863772776272518,0.5863772776272518,0.4136227223727482
104,non-hate,original,"Manaki  ibbandi ochinappudu koncham  sahinchatam
Kastam ochinappudu koncham bharinchadam
 Anandham vachinappudu koncham panchadam",hate,0.5486757665551174,0.5486757665551174,0.45132423344488265
105,non-hate,original,​trs party lo telangana kosam poradina valle unnara poratam ki vyatirekam ga unnollani ministers ala chesinaru..gurivinda ginja ki kinda unna macha kanapadadu,hate,0.5702305015060798,0.5702305015060798,0.42976949849392015
106,non-hate,original,Mahesh anna… disappointed with this movie..next movie hit avvali…,non-hate,0.5015954764730659,0.4984045235269341,0.5015954764730659
107,hate,original,"Jagan ni poguthunnava, leka mingutunnava...indirect ga jagan secret lu ani cheptunnav.",hate,0.5230546042862612,0.5230546042862612,0.47694539571373884
108,non-hate,original,Samudramlo alalu aagavu Harsha Anna ki anna meeda prema chavadi,hate,0.5671924406786893,0.5671924406786893,0.43280755932131065
109,hate,original,lanja puk managment valla ma warner mamali vadi velipoyaru,hate,0.5892874280548515,0.5892874280548515,0.4107125719451485
110,hate,original,ఫస్ట్ నీతులు చెప్పావు కదా డబ్బు వద్దని ఇప్పుడు ఎందుకు తీసుకోమంటున్నావ్..,non-hate,0.5798138884349701,0.42018611156502994,0.5798138884349701
111,non-hate,original,సూపర్ అన్న నీ వీడియోస్ నీ మాటలు అంటే నాకు చాలా ఇష్టం అందుకే నీ ఛానల్ సబ్స్క్రైబ్,non-hate,0.5924362234163432,0.40756377658365683,0.5924362234163432
112,non-hate,original,"BJP TRS iddaru dosthlu le , bayatiki ivanni dramalu",hate,0.5561352846042061,0.5561352846042061,0.44386471539579386
113,hate,original,మంగ్లీ పాడిన పాటలు అన్నీ ఒకేలాగనే అనిపిస్తున్నాయి పెద్ద డిఫరెంట్ ఏమీ లేదు,non-hate,0.5941924890989332,0.4058075109010668,0.5941924890989332
114,hate,original,Yem matladuthunnav ra? Naralu kattai poiniy Neeku lekkalenduku ra ayya? Weekend politician,hate,0.5698114725265961,0.5698114725265961,0.4301885274734038
115,non-hate,original,మీరు చరిత్రలో నీలుస్తరు బ్రో Hand's off to Your help full to poor people.,non-hate,0.5289375245556072,0.47106247544439284,0.5289375245556072
116,non-hate,original,Smile chudanidhe venakki thaggavu bro nuvvu,hate,0.5894675047843878,0.5894675047843878,0.41053249521561225
117,non-hate,original,Pichola gurinchi vinadame gane direct ga epudu e video lo chustuna ...,hate,0.5292970236544651,0.5292970236544651,0.47070297634553493
118,hate,original,rechipothunnaru adhikaram lo unnaru ani ahamkara dhorani,hate,0.5619274411061667,0.5619274411061667,0.43807255889383334
119,hate,original,Title leak ayithe entiii leak avakapothe entiii....maku enti yee golaaa....title entooo mee build up entooo,hate,0.5394547288649632,0.5394547288649632,0.46054527113503685
120,non-hate,original,Die hard fan frm Kerala  Nenu choosina pedha actor uh Tollywood lo Pawan Garuu,hate,0.5398892123849504,0.5398892123849504,0.46011078761504964
121,non-hate,original,Naa drustilo pspk garu Devudu,hate,0.5579128664626909,0.5579128664626909,0.4420871335373091
122,non-hate,original,ముందు రాజా సింగ్ ను కాపాడండి అప్పుడే మీ పార్టీపై ప్రజల్లో నమ్మకం ఏర్పడుతుంది,non-hate,0.5931025735644729,0.40689742643552707,0.5931025735644729
123,hate,original,పోయే కాలం దగ్గర పడింది దేనికి,non-hate,0.548481560152166,0.451518439847834,0.548481560152166
124,hate,original,"Yerri paapalam manam , samanya prajalu",hate,0.5492351757650933,0.5492351757650933,0.4507648242349067
125,non-hate,original,"Dr YNM
1 month ago
ఇందులో మనం పెద్దగా ఆలోచించాల్సిన అవసరం లేదు. అంతా కాలం మహిమ.ఏదో ఒకరోజు కాలం ఆయనకు ఇవ్వవలసిన గిఫ్ట్ తప్పకుండా ఇస్తుంది. చేసిన కర్మలు అనుభవించక తప్పదు.. సోనియా గాంధీ అయినా, మోదీ అయినా, చంద్రబాబు నాయుడు అయినా, జగన్ అయినా.. కాలం అంతే..",non-hate,0.5903138574756371,0.40968614252436286,0.5903138574756371
126,hate,original,తట్టా బుట్టా సర్దుకొని రెడీ గుండు జగన్ రెడ్డి టైం అయిపోయింది,non-hate,0.5724685172170634,0.4275314827829366,0.5724685172170634
127,hate,original,Jagan eppatiki CM avvaledu raasi pettukoo....ha ....,hate,0.5327966961814551,0.5327966961814551,0.4672033038185449
128,non-hate,original,"Mega star ane person , definitely evadu oppukunna oppukokapoyinaa inspiration to many people long live sir",hate,0.5258873624062491,0.5258873624062491,0.4741126375937509
129,hate,original,జారిపోతానయి..కొంచెం గట్టిగా ముడి వేయి,non-hate,0.5805648304169763,0.41943516958302374,0.5805648304169763
130,non-hate,original,తాగ్గి వాగుతుంది పాప ఈమె చిలకలూరపేటలో రికార్డింగ్ డాన్స్రు,non-hate,0.5928805509890045,0.4071194490109955,0.5928805509890045
131,hate,original,"Nattu ga , neku manishiki undalsina lakshanam okkati kooda ledhu kadha ra.",hate,0.5677614353371653,0.5677614353371653,0.4322385646628347
132,hate,original,ap lo road la ki aa dikku ledh malla metro endhi mawa,hate,0.592442379933792,0.592442379933792,0.407557620066208
133,hate,original,Yedichav le copy cat veshalu nuvvu,hate,0.5883818626282583,0.5883818626282583,0.4116181373717417
134,non-hate,original,"వాళ్లు ఈ జీవితం లో కూడ ఫలక్నామ ప్యాలస్ లో బోజనం చేసివుండకపోదురు,నువ్వు గ్రేట్ బ్రో",non-hate,0.5723375430881279,0.4276624569118721,0.5723375430881279
135,non-hate,original,Ede antha fack news,hate,0.5461636688687209,0.5461636688687209,0.4538363311312791
136,non-hate,original,"చాలా బాగా explain చేశారు బ్రదర్. Small correction మూలాధార, ఆజ్ఞ చక్ర, సహస్రార",non-hate,0.5726510435979234,0.4273489564020766,0.5726510435979234
137,non-hate,original,Allu aravind garilo manchi actor vunnaru hilarious,hate,0.5246754721509175,0.5246754721509175,0.47532452784908247
138,non-hate,original,ee kalam ammailu ki dabbuli vunte chaalu anukuntaru,hate,0.5727923804797537,0.5727923804797537,0.4272076195202464
139,hate,original,Rahul dravid vadi moddalo selection  asla chahal hi endhuku tesukole,hate,0.5742713167772671,0.5742713167772671,0.425728683222733
140,non-hate,original,జనం. కూడా. మారిపోతే.  చాలా బాగున్ను కదా,non-hate,0.5878681943882088,0.4121318056117912,0.5878681943882088
141,non-hate,original,పూరి చూస్తే చాలా బాధ గా ఉంది ...ఒక్క మంచి డైరెక్టర్ ఇలాంటి మూవీస్ తియ్యడం ఏంటి ...i love you పూరి sir... వేరే హీరో తో మూవీ తియ్యి Anna,non-hate,0.5944464037796574,0.4055535962203426,0.5944464037796574
142,non-hate,original,pedavallaku apadha vasthe ventene velli sahayam chese goppa leaders komatireddy brother's  dammunna leader rajanna ma balam ma dhairyam ma pranam komatireddy brothers,hate,0.5665622813744488,0.5665622813744488,0.43343771862555125
143,non-hate,original,Aada Paduchula Usuru thagili Yellow party nasanam kavali.,hate,0.5669701282499913,0.5669701282499913,0.4330298717500087
144,hate,original,jagan amma vadi dabbulu pettali nanna gudda lo nunchi leppali,hate,0.5876224220343998,0.5876224220343998,0.41237757796560015
145,non-hate,original,ప్రతి పాట అరపు ఎక్కువగా ఉంటుంది ఎందుకో అన్ని పాటలు ఒకేలా ఉన్నాయి.,non-hate,0.5879773322892503,0.4120226677107497,0.5879773322892503
146,non-hate,original,పూరి sir liger movie black baster మీకు all the best sir,non-hate,0.5113607064914858,0.4886392935085142,0.5113607064914858
147,non-hate,original,Mamulu ga evvaledhu ga anchor anna,hate,0.5796041513773995,0.5796041513773995,0.42039584862260043
148,hate,original,అరటి బొదలు అనంగా విన్నాను. ఇప్పుడు శ్రీముఖివి చూశాను.,non-hate,0.5708535365141713,0.42914646348582874,0.5708535365141713
149,non-hate,original,ఇదీ ఒక ప్లాన్ ప్రకారం జరిగినట్టు ఉంది భలే సీన్,non-hate,0.577452684028688,0.422547315971312,0.577452684028688
150,non-hate,original,Kcr bsp valu enni eastunaru month ki Nek,hate,0.5810644102338822,0.5810644102338822,0.41893558976611783
151,non-hate,original,Abbo iragadesindi song vere level,hate,0.5386971689054241,0.5386971689054241,0.4613028310945759
152,hate,original,bro delete cheyakapothey ma fans ninnu degenutharu,hate,0.5711556001375893,0.5711556001375893,0.4288443998624108
153,hate,original,ఇంత కరువులో ఉన్నరేంటిరా.,non-hate,0.5827429525893113,0.4172570474106887,0.5827429525893113
154,non-hate,original,Vinayaka chavithi subhakanshalu Harsha sai,hate,0.5540609939493174,0.5540609939493174,0.4459390060506826
155,non-hate,original,A B N  MD రాధాకృష్ణ గారి కి  చుక్కలు చూపించిన   ''K A పాల్ గారు'' మీరు సూపర్ సార్ నీ మాటల్లో నిజాయితీ కల్పిస్తుంది..,non-hate,0.5730780927177156,0.4269219072822844,0.5730780927177156
156,non-hate,original,Avinash మంచోడు బ్రో episode mottham choodu just నాగబాబు అనమని చెప్పాడు అంటా బ్రో episode lo...,non-hate,0.5345541040295826,0.4654458959704174,0.5345541040295826
157,hate,original,Pastors అందరికీ ఒక మనవి.దయచేసి ఈ విధమైన debates వెళ్ళి Christianity కీ ఉన్న విలువ తగ్గించవదు.,non-hate,0.567545896259602,0.43245410374039805,0.567545896259602
158,hate,original,Pichi pattinattundi peekey ki. A P arachekam jaragabothundhi ani anipistundhi naku,hate,0.5692096525690971,0.5692096525690971,0.43079034743090294
159,non-hate,original,ఇలా చేస్తే దేశం పరువు పోతుంది దయ చేసి దేశం పరువు తీయదు,non-hate,0.5718152031232856,0.4281847968767144,0.5718152031232856
160,non-hate,original,మంచి ఆన్సర్ ఇచ్చారు బ్రో,non-hate,0.5659005166918111,0.4340994833081889,0.5659005166918111
161,non-hate,original,JD garu mee lanti Genuine persons Pavan gariki support ga unte baguntundi sir,hate,0.5547739720327332,0.5547739720327332,0.44522602796726685
162,non-hate,original,ఎంత ముద్దుగుందో చాలా బాగున్నావ్ బంగారం,non-hate,0.5908103414353991,0.4091896585646009,0.5908103414353991
163,hate,original,Nuvu Am speaker ra babu,hate,0.5459707122575812,0.5459707122575812,0.4540292877424188
164,hate,original,ఎంతమంది డ్యాన్స్ మాస్టర్ లు వచ్చినా ప్రభుదేవా మాస్టర్ లాగా వేయలేరు,non-hate,0.5927586027444978,0.40724139725550224,0.5927586027444978
165,hate,original,DNR still old school...  Kalam tho Marakapote evaru aina kala gharbham lo kalisipotaru.,hate,0.5461521775884703,0.5461521775884703,0.45384782241152966
166,non-hate,original,ప్రభాస్ గారు అనుష్క గారు మీరు తొందరగా పెళ్లి చేసుకోండి,non-hate,0.6084445676085861,0.3915554323914139,0.6084445676085861
167,non-hate,original,కొంచెంకూడ హీరో అనే పొగరు లేదు గ్రేట్ సార్ మీరు,non-hate,0.5846082269749625,0.4153917730250375,0.5846082269749625
168,hate,original,Nani inkosari pk speech chudu ... Sollu kakunda raise chesina points gurinchi matladu... Sannasivenuv no doubt,hate,0.5263616643647697,0.5263616643647697,0.4736383356352303
169,hate,original,mohan babu oppukunna oppukokapoyina chiranjeevi peddankanni vachchina gouravam m taggipodu,hate,0.5148898792915735,0.5148898792915735,0.4851101207084265
170,hate,original,Atlunttadhi palanadu thitlantte sarrigga deggutam,hate,0.5845104285162708,0.5845104285162708,0.41548957148372917
171,hate,original,Sontha Peru meda registration chey leka piyadu,hate,0.5730406070872436,0.5730406070872436,0.42695939291275636
172,non-hate,original,"Hi harsha....happy vinayaka chavithi,  life long nuv happy ga undalani............aa devunni korukuntunna sai......may god bless u  harsha.",hate,0.5186922092273224,0.5186922092273224,0.4813077907726776
173,hate,original,సార్ కెసిఆర్ గారు విషయాలను పూసగుచ్చినట్లు చెప్తున్నారు మాధవ రెడ్డి నయీమ్ ల సంబంధించిన వివరంగా మాట్లాడడానికి ఇబ్బంది పడుతున్నారు మీరు కూడా హండ్రెడ్ పర్సెంట్  ఫేక్,non-hate,0.5490895392235589,0.45091046077644115,0.5490895392235589
174,hate,original,"Maatalu jagratha rooja .alaga janam ,kodukulu antunnavv mari antha gb voddu",hate,0.5761652489806531,0.5761652489806531,0.42383475101934687
175,non-hate,original,jani anna RC annatho kalisi hero ga cheste choodaalani vundhi,hate,0.5537919758938239,0.5537919758938239,0.44620802410617616
176,hate,original,జగన్మోహన్ రెడ్డి వల్ల పిల్లలు బాగా చూసుకున్నాడు అని యాంకర్ వాగు తోంది వాళ్ళ పిల్లల్ని కాక నీ పిల్లలు బాగా చూసుకుంటారు,non-hate,0.5907364962728393,0.4092635037271607,0.5907364962728393
177,hate,original,"ఆపరా.... నువ్వు ఒక అమ్మాయి తో నీచంగా వ్యవహరించి, వెనక నుంచి గట్టిగా పట్టుకుందా మనుకున్నా అని నీ character lose చేసుకున్నావ్... ఎవడెం చేస్తాడు?",non-hate,0.580822655213156,0.419177344786844,0.580822655213156
178,hate,original,Ni moham ante kada,hate,0.5583927766364429,0.5583927766364429,0.44160722336355707
179,non-hate,original,ni news ni over action ki dandam ra babu,hate,0.5607619254989636,0.5607619254989636,0.43923807450103636
180,non-hate,original,అన్నా కాస్త జాగ్రత్త... వాళ్లే అనుకోని లోపల  నుండి దేంతోనన్న విసిరేరు... కాస్త గ్యాప్ ఇచ్చి పోతండే... Love you Anna... నీ కష్టం వృధా కాదు,non-hate,0.5738671291850233,0.42613287081497675,0.5738671291850233
181,non-hate,original,ఈ ప్రోమో చూసినంత సేపు నా మొహంలో చిరునవ్వు ఆగలేదు.,non-hate,0.5838098669005575,0.4161901330994425,0.5838098669005575
182,hate,original,Vizag News reporter overaction chestunadu,hate,0.5217355598413314,0.5217355598413314,0.4782644401586686
183,hate,original,మీ నడుము కేక ఆంటీ,non-hate,0.5452893433395555,0.4547106566604445,0.5452893433395555
184,hate,original,కళ్ళల్లో నుంచి కామం కారిపోతుంది,non-hate,0.5967259613322504,0.4032740386677496,0.5967259613322504
185,non-hate,original,ఆదర్శమైన పొలిటికల్ లీడర్ అయితే రాజకీయ సన్యాసం తీసుకుంటనని చెప్పారు. ఏమైంది,non-hate,0.5882435222019344,0.41175647779806557,0.5882435222019344
186,non-hate,original,జై జనసేన మన పార్టీ గెలవాలని మనస్పూర్తిగా కోరుకుంటున్న,non-hate,0.6081632126176014,0.3918367873823986,0.6081632126176014
187,non-hate,original,దేశానికి పనికొచ్చే ఇటువంటి వారు నొప్పి లేకుండానే ప్రాణాలను వదులుతారు,non-hate,0.5811628216980481,0.4188371783019519,0.5811628216980481
188,non-hate,original,Good అండి గీత కృష్ణ గారూ మంచి. ఇంటర్వ్యు,non-hate,0.5765144970180522,0.42348550298194776,0.5765144970180522
189,hate,original,Pichi hospital lo join avara ayomayam,hate,0.552021529858554,0.552021529858554,0.44797847014144593
190,hate,original,​BJP lo seat kosam baga chesav le stunt,hate,0.5398768914408038,0.5398768914408038,0.46012310855919625
191,hate,original,రౌడీ టిడిపి,non-hate,0.5173771352557563,0.48262286474424365,0.5173771352557563
192,non-hate,original,"అవసరం అయినప్పుడు ప్రాణాలు కి తెగించి పోరాడుతారు మన ఆంద్రప్రదేశ్ పోలీసులు, ఫారెస్ట్ ఆఫీసర్స్. గ్రేట్",non-hate,0.5919177940222102,0.40808220597778977,0.5919177940222102
193,non-hate,original,He is genuine person అందుకే లోకల్ చిల్లర నాయకులు అంతా కలిసి వాడిని టార్గెట్ చేశారు,non-hate,0.5770902094704419,0.4229097905295581,0.5770902094704419
194,non-hate,original,కార్తికేయన్ 2 Congratulations ఫర్ బిగ్ రెస్పాన్స్ ఫ్రమ్ పవన్ కళ్యాణ్ అన్న,non-hate,0.5936164844767978,0.4063835155232022,0.5936164844767978
195,hate,original,Vedhavalu Vedhavalu anni chotla vunnaru..inka janalani yedipinchadam tappa,hate,0.5473614116525851,0.5473614116525851,0.45263858834741494
196,non-hate,original,చంద్రబాబు శివుడు లాంటి వాడు.. విషాన్ని కూడా తనలోకి తీసుకుంటాడు...ఇక ఇలాంటివి ఒక లెక్కే కాదు..,non-hate,0.5914496268286287,0.40855037317137133,0.5914496268286287
197,non-hate,original,jai rgv jai puri,hate,0.536338269874298,0.536338269874298,0.463661730125702
198,non-hate,original,సోదరులు ఎంత గొడవ ఉన్న ఎవడన్నా తమ్ముడిని ఏమన్నా అంటే రక్తం ఊరుకోదు. అలాగే భారతీయులు కూడా ఉండాలని గొప్పగా చూపించిన రాజమౌళి గారికి ధన్యవాదాలు,non-hate,0.5912942341712596,0.4087057658287404,0.5912942341712596
199,non-hate,original,"తెలంగాణ ఉద్యమ గీతాల నుండి, మాస్ గీతాల మీదికి రూట్ మార్చిన మంగ్లీ",non-hate,0.5735031501231358,0.4264968498768642,0.5735031501231358
200,hate,original,Exams lo vundey vallani invigilators antaru adi kuda teleedhu Veeedu minister chesadu.... karmara babu chi.... Thuppas na kodaka,hate,0.5615911576208427,0.5615911576208427,0.43840884237915734
201,hate,original,pk inka ka pauk ap lo jokers,hate,0.5735282256091041,0.5735282256091041,0.42647177439089595
202,hate,original,తెలుగు బాయ్ ఫ్రెండ్ కావాలీ,non-hate,0.5847054016556668,0.41529459834433324,0.5847054016556668
203,hate,original,Bochu pikanddii,hate,0.5809882762247076,0.5809882762247076,0.4190117237752924
204,hate,original,దీనమ్మ దీని కి ఇంకా ఏం పనిలేదా..,non-hate,0.5775684729803539,0.42243152701964615,0.5775684729803539
205,hate,original,Em kanapadathunnayi bokka,hate,0.5805810551016324,0.5805810551016324,0.4194189448983677
206,hate,original,Manu garu meru involve avvakandi chala chiraku ga vuntundhi,hate,0.5462289115967248,0.5462289115967248,0.4537710884032752
207,hate,original,Konda gani over action kompamunchindi,hate,0.5645409210899031,0.5645409210899031,0.43545907891009694
208,non-hate,original,రమణ గారు సూపర్ గా పాడేరు మళ్లి మళ్లి వినాలి అనిపిస్తుంది మీకు అ దేవుడు ఇంక మంచి స్తాయిలో వుంచాలి అని కోరుకుంటాను,non-hate,0.5847883440693675,0.4152116559306325,0.5847883440693675
209,non-hate,original,Aaa Voice lo unna rajasa yogame vere level Jai Prabhas Anna,hate,0.5438216352555547,0.5438216352555547,0.45617836474444523
210,non-hate,original,"Jetla
​INDIA ni developed cheyadam evarivalla kadani thelisipoindi prajalaki.....unnodi inka unnntha lenodiki inka lenantha....life tho brathakali thappadu",hate,0.553540492052329,0.553540492052329,0.4464595079476709
211,non-hate,original,Anna super bro,hate,0.5279099503566109,0.5279099503566109,0.4720900496433891
212,hate,original,Self dabba yekkuva indhi Nagababu nevu ne bussu lu thoo,hate,0.5890290560711255,0.5890290560711255,0.4109709439288744
213,hate,original,teenmmar mallana kcr cheppu nakutadhu,hate,0.5908527983864124,0.5908527983864124,0.40914720161358764
214,hate,original,Veelu chesadi gymnastics malla vale dhani dance anukuntaru,hate,0.563309390290412,0.563309390290412,0.4366906097095879
215,hate,original,పెద్ద పీఠాధిపతి లాగా అందరికి ఆశీర్వాదం ఇస్తున్నాడుగా,non-hate,0.5783323735826268,0.4216676264173732,0.5783323735826268
216,non-hate,original,వాడు ఏదో జోక్ చేస్తే అది నువ్వు నమ్మడమే నా,non-hate,0.5513275775362914,0.44867242246370864,0.5513275775362914
217,non-hate,original,Pspk vachi photo dhigudham antey aa excitement ey veru adhi clear ga nivetha face lo kanipisthunadhi,hate,0.5809241052666658,0.5809241052666658,0.4190758947333342
218,hate,original,RGV effect valla Puri cinemalu anni dobbayi.,hate,0.529468670490294,0.529468670490294,0.470531329509706
219,hate,original,ఇలాంటి వీడియోస్ చేస్తుంటే మీ ఫ్యామిలీ లో ఆడవాళ్లు గుర్తుకు వస్తలేరా రా..బ్లూ బ్యాచ్ గా.. దాన్ని తన్నాలి ఫస్ట్ ఈలాంటి వీడియో కీ ఒప్పుకున్నందుకు,non-hate,0.5583160736723161,0.44168392632768394,0.5583160736723161
220,non-hate,original,గుండెల పైన కాదు గుండె లోపల వున్నారు సర్ మీరు,non-hate,0.5848029784015434,0.4151970215984566,0.5848029784015434
221,non-hate,original,మాములుగా లేదు ట్విస్ట్ సూపర్ అహ కెవ్వు కేక,non-hate,0.5489062976449466,0.4510937023550534,0.5489062976449466
222,non-hate,original,ఇలా ఏమి లేకుండా ఉన్న ఏకైక నాయకుడు... Apj abdul kalam gaaru మాత్రమే,non-hate,0.5258119485297942,0.4741880514702058,0.5258119485297942
223,hate,original,yogi baba ram rahim sistudu edharu adava vallaki respect eyyaru edharu pedha langa gallu,hate,0.5776278730214495,0.5776278730214495,0.4223721269785505
224,non-hate,original,గాడ్ బ్లెస్స్ యు సమంత సిస్టర్,non-hate,0.5983347565390641,0.4016652434609359,0.5983347565390641
225,non-hate,original,ఇటువంటి కథలు పడ్తానే ధిక్కు లేకుండా పోయింది,non-hate,0.5735839885656728,0.42641601143432717,0.5735839885656728
226,non-hate,original,మీకు వంద నమస్కారాలు రా బాబు,non-hate,0.5892976531489823,0.4107023468510177,0.5892976531489823
227,hate,original,Ravi anna oudi ounte nani vamsi anil kumar ambanti lanti vaalu noru lepevaru kaademo,hate,0.5838823358148333,0.5838823358148333,0.41611766418516666
228,hate,original,ముందు అరెస్ట్ చేయండి.. మీడియా ముద్దు తీసుకురండి రా...,non-hate,0.5828201458547312,0.4171798541452688,0.5828201458547312
229,hate,original,vd overconfidence valla ciniema dengindhi,hate,0.5627204889943453,0.5627204889943453,0.4372795110056546
230,hate,original,Andra prajalaku siggu undali sontha amma nu chellini patinchukoleni vadu Meemanli chusukuntadu,hate,0.5716965085488956,0.5716965085488956,0.4283034914511043
231,hate,original,Vijay devarakonda hype tho dhamal.  Jr NTR next turn. Meeru akashaniki ethe antha great actor emi kaadu..,hate,0.5477820562473596,0.5477820562473596,0.4522179437526404
232,hate,original,Mere brathukulu inthey eka. Nasanayam aaipotai,hate,0.5753660628673363,0.5753660628673363,0.42463393713266373
233,hate,original,Meeru moosukunte baguntadi,hate,0.572713426905251,0.572713426905251,0.42728657309474904
234,hate,original,Meeru mi over action apandra babu,hate,0.5482565173424829,0.5482565173424829,0.4517434826575171
235,non-hate,original,అంత చిరాగ్గా వుంటే.. స్టేజ్ మీద కి ఎందుకెల్లార్ సార్,non-hate,0.5902783627534958,0.40972163724650423,0.5902783627534958
236,hate,original,pm modi ni pakisthan ki tarmidengali jai kcr mere next pm,hate,0.5726853709227215,0.5726853709227215,0.42731462907727846
237,non-hate,original,బయటకు గేంటేసారు ఒక్కసారి లైవ్ ప్రోగ్రాం నుండి అంతే పాస్ట్ గా పైకి లేచాడు చూపించావు ఓటమి లో కూడా ఎలా పైకి రావాలో అని,non-hate,0.5605982305818652,0.4394017694181348,0.5605982305818652
238,non-hate,original,Nayakudu ela undali God bless you sir,hate,0.5261843815511527,0.5261843815511527,0.4738156184488473
239,hate,original,bjp malli ade double game maatladutondi....amaravathi meeda,hate,0.5507274849542003,0.5507274849542003,0.4492725150457996
240,hate,original,Nvvy nee build up,hate,0.5348402616836023,0.5348402616836023,0.4651597383163976
241,hate,original,Banisa La unnaru kadara meeru me overacting,hate,0.551022016303631,0.551022016303631,0.44897798369636904
242,hate,original,andukokune vaalu laga vunnaru meru natho comparision na,hate,0.5844674805016415,0.5844674805016415,0.41553251949835845
243,hate,original,Lancham antunaru anam garu...... inthaku mundu your government ilagey chesinda...,hate,0.5431884473010377,0.5431884473010377,0.45681155269896234
244,non-hate,original,పరుచూరి గోపాల కృష్ణ గారి కి నమస్తే మిమ్ములను మొదటిసారి భార్గవ రాముడి సినిమాలో చూసాను సూపర్ వెరైటీ యాక్షన్ సార్,non-hate,0.5684462788578782,0.43155372114212176,0.5684462788578782
245,hate,original,Ma campus ee bro lanjoduku,hate,0.5485441019536451,0.5485441019536451,0.4514558980463549
246,hate,original,"Ipl ki best mana palyers , international matches enduku waste",hate,0.5490068524795929,0.5490068524795929,0.4509931475204071
247,non-hate,original,Dnr sampadinchalani anukunte today ciniema field lo ewaru sariporu mahanubavudu daring man,hate,0.5671503693091304,0.5671503693091304,0.4328496306908696
248,hate,original,preity zinta oka bazzar kukka team tesukovadam kuda radu,hate,0.5882024777438127,0.5882024777438127,0.41179752225618727
249,hate,original,shankar ninnu bjp kukka kottinattu kodutaru,hate,0.5644814901762334,0.5644814901762334,0.4355185098237666
250,non-hate,original,సార్ మిమల్ని చూస్తుంటే కొండంత దైర్యం వస్తుంది,non-hate,0.5784733492717626,0.42152665072823736,0.5784733492717626
251,non-hate,original,మీ ఎంట్రీ వచ్చినపుడు నితిన్ అన్న భయపడుతున్నాడు,non-hate,0.587456818277359,0.41254318172264104,0.587456818277359
252,hate,original,నేను ఓపెనహార్ట్ విత్ RK తప్పక చూస్తుంటా.  ఇంత దరిద్రపు ఇంటర్వ్యూ పెట్టకుండా వుండాల్సింది.  తేనె పూసినకత్తి,non-hate,0.5856299255956328,0.41437007440436724,0.5856299255956328
253,hate,original,Ne bathukula sulli net nenu dengina vadu esthada recharge aipothe,hate,0.60161847653045,0.60161847653045,0.39838152346954997
254,non-hate,original,బ్లాక్ సారీ లో బాగుంది,non-hate,0.5850669209390488,0.4149330790609512,0.5850669209390488
255,non-hate,original,ఆయన పిట్టకథలను బాగా enjoy చేస్తాం... అంతర్లీనంగా ఓక అద్భుతవేదాంతవాక్యం చెబుతారు దానిని వదిలేస్తాం.. అదీమనం. “దేవుడు ఒక్కడే.. నీ మఠం కానంతమాత్రాన వేరేవారిని దూషించనవసరణలేదు.”,non-hate,0.5753774683699222,0.4246225316300778,0.5753774683699222
256,hate,original,Buthula saka mantri ....,hate,0.553385860469055,0.553385860469055,0.446614139530945
257,non-hate,original,Aatla vastai Anna niku enni telivi tetalu oka cinema thi anna,hate,0.5595378421151169,0.5595378421151169,0.44046215788488313
258,hate,original,Paramboku ias officers ni vetiki kcr Jagan tesku vachi AP Telangana lo pedtaru,hate,0.5706063612004455,0.5706063612004455,0.4293936387995545
259,hate,original,Endhuku ante vallu chetha lanchodukulu bro,hate,0.5851680088485863,0.5851680088485863,0.41483199115141367
260,hate,original,raja singh kalthi maal ammutharu and rowdy gunda,hate,0.5682205068596028,0.5682205068596028,0.4317794931403972
261,non-hate,original,"ర్మ కోసం చూసాను ,మొదటిసారి అతను ఒక హీరో అభిమాని ఎలా ఉల్లాసంగా స్టేజి పై మాట్లాడుతారో అలా అనిపించారు",non-hate,0.5966463950641404,0.4033536049358596,0.5966463950641404
262,hate,original,Rai అతను ఉద్యోగం correct గా చేస్తున్నాడు ఎందుకు ర నాయకులు అందురు కలిసి నిందలు వేస్తారు... నిజాయితీ పని చేస్తే ఎవరికీ నచ్చదు..ఛీ,non-hate,0.5771384416143877,0.42286155838561235,0.5771384416143877
263,non-hate,original,Ee video chusintarvatha mee meeda respect perigindi,hate,0.5559244474105085,0.5559244474105085,0.44407555258949155
264,hate,original,Chavu Nenu avadu apadu,hate,0.5746836574654721,0.5746836574654721,0.4253163425345279
265,hate,original,RK Garu neku interview cheyadam rakapoty miskuni veray vallaku chance evvandi niku respect evvadam teledu,hate,0.5878609193624504,0.5878609193624504,0.4121390806375495
266,non-hate,original,Ee momment ki nizam gaa aricham,hate,0.5647666548338424,0.5647666548338424,0.43523334516615764
267,non-hate,original,Inthamandi abhmaninchali ante entha adrushtam chesuko undali,hate,0.5750735173150003,0.5750735173150003,0.42492648268499966
268,non-hate,original,Paristhithulu maree intha pagabattesayenti,hate,0.5785585653732752,0.5785585653732752,0.42144143462672484
269,non-hate,original,మాతృ భాష తెలుగు అంటే అంత లోకువా    పక్క రాష్ట్రాల వాళ్ళు వారి మాతృ భాష కి ఎంత గౌరవం ఇచ్చు కుంటారో చూసి నేర్చుకోండి,non-hate,0.5635800780696258,0.43641992193037416,0.5635800780696258
270,hate,original,Lakshalu lakshalu fees lu dengina,hate,0.5463472516010561,0.5463472516010561,0.45365274839894393
271,non-hate,original,ఇది కూడా పిచ్చి డాన్సులు కి ఒప్పేసుకుంది. తు దీనమ్మ. ఆడది అంటే గౌరవం పోతోంది.,non-hate,0.5687428177121577,0.43125718228784227,0.5687428177121577
272,hate,original,Arey sollu comedy apandraaaa,hate,0.5631133625594626,0.5631133625594626,0.43688663744053735
273,non-hate,original,Green dress sis super ga chesaru,hate,0.5610025690759793,0.5610025690759793,0.43899743092402066
274,hate,original,"Me ఇద్దరు వల్ల ఏపీ లో ఆడవాళ్ళ పరువు పోయింది, పదవి కోసం ఎంతకైనా దిగజారే బ్రతుకులు మీవి",non-hate,0.5686198480329444,0.4313801519670556,0.5686198480329444
275,hate,original,oka ammai vi vundhi natho argue chesthava puku mosukoni inti panulu cheyi,hate,0.5828238351424929,0.5828238351424929,0.4171761648575071
276,non-hate,original,నిజానికి ప్రజల కోసం పోరాడుతున్న ఏకైక నాయకుడు రేవంత్ రెడ్డి గారు,non-hate,0.5813806693926242,0.4186193306073758,0.5813806693926242
277,hate,original,prathi chethanakoduku viratkohli ni anetode lavdapuk gallu,hate,0.5864135321899827,0.5864135321899827,0.4135864678100173
278,hate,original,Movie matram modda gudisi potadhiii pakkaa,hate,0.591482494452357,0.591482494452357,0.408517505547643
279,hate,original,roja ninnu choosthey nak guddalo edo nakuladhi nuuvu ni barrey guntu,hate,0.5985519483196386,0.5985519483196386,0.4014480516803613
280,hate,original,Nuv dancer va chiii sigguledhu Neku,hate,0.5906928874725865,0.5906928874725865,0.40930711252741353
281,hate,original,Tokka kooda oppukonu,hate,0.5811688553122139,0.5811688553122139,0.4188311446877862
282,non-hate,original,"అభివృద్ధి, సంక్షేమం రెండు చూడగల చంద్రబాబు వల్లే రాష్ట్రనికి మంచి జరుగుతుందనేది ముమ్మాటికి నిజం",non-hate,0.5818493908512133,0.41815060914878666,0.5818493908512133
283,non-hate,original,Bahubali time antha Baganey Unnav Anna . Tharwatha ee sahoo ki radhe shyam nachinatlu frnds tho sitting uu food padypoyav Anna ..Ayina sarey darling ee no one,hate,0.5649508861521186,0.5649508861521186,0.4350491138478814
284,hate,original,"Frank ga cheppalante evari personal life valladi...
Meru chesthundi enti mari
Peruki pedda news channels... Avasaramayina news vadilesi sodhi news lu cheppatle....Apudu mimmalni alage anali ga
Enta sepu cinema valla personals lo, leda social media peru cheppi
Netizenlu troll chesthunaru anatam... Controversy lani pani kattukuni crete cheytam...ila sodhi news ee kani paniki vachevi epudyna cheppara ra?
Scrap media channels....",hate,0.5512944094066616,0.5512944094066616,0.4487055905933383
285,non-hate,original,Hema kuturu chala chala baguntadi chala suma show lo chusanu,hate,0.5653078197440307,0.5653078197440307,0.4346921802559694
286,hate,original,women ki respect ledhu malla vadu oka yogi malla ha modda cm kurchi lo vundhi,hate,0.5922076529797586,0.5922076529797586,0.4077923470202414
287,non-hate,original,నువ్ హీరో అవతావు అన్న అంత స్టయిల్  వుంది నిలో ఇది రియల్ మాట,non-hate,0.5709784534394834,0.4290215465605166,0.5709784534394834
288,hate,original,Nice baaga dhimpav Anchor bro.,hate,0.5560466273770199,0.5560466273770199,0.44395337262298007
289,hate,original,చార్మి పూర్తిగా కుదేలు నాకు ఇంకో la కనిపించింది,non-hate,0.5685265929528839,0.4314734070471161,0.5685265929528839
290,hate,original,ery pappa la tho comedy very pappa la uanttadhi dhodhu dhodhey,hate,0.5770605192999927,0.5770605192999927,0.4229394807000073
291,non-hate,original,వెంకీ మామ ఫ్యాన్స్ జై వెంకీ మామ,non-hate,0.5892961672269398,0.4107038327730602,0.5892961672269398
292,non-hate,original,"Babu gogineni garu, suereb ga Chepparu",hate,0.5636392527696354,0.5636392527696354,0.43636074723036455
293,non-hate,original,Bangaram lanti wife failure kuda supporting ga undi kani veedu vini veshalu,hate,0.5211640036099575,0.5211640036099575,0.4788359963900425
294,hate,original,బాగా చదివినవ్ గా రాసుకుని మరీ.. మధ్యలో మన భార్యలు అన్నావ్ చూడు,non-hate,0.5759503884475541,0.4240496115524459,0.5759503884475541
295,hate,original,బానిస కట్టప్పలు బయటకి వచ్చారు..ఇక జగన్ కి భజన చెయ్యడానికి..,non-hate,0.5728583427227225,0.4271416572772775,0.5728583427227225
296,non-hate,original,పాప చేతికి కత్తి ఇచ్చే సీన్ ఎన్నిసార్లు చూసినా కళ్ళలో నీళ్లు తిరుగుతున్నాయి... Great thought by director,non-hate,0.5810090790818627,0.4189909209181373,0.5810090790818627
297,non-hate,original,మెగాస్టార్ చిరంజీవి గారు అప్పటికి ఇప్పటికి ఎప్పటికీ లెజెండరీ ఆక్టర్ in world,non-hate,0.6001646638333714,0.3998353361666286,0.6001646638333714
298,non-hate,original,In direct reshmi ke kiss aadiga du sudheer bhaiyya,hate,0.5611036853196469,0.5611036853196469,0.438896314680353
299,non-hate,original,సంక్రాంతికి రాబోతున్న చిరంజీవి గారి సినిమా మరియు బాలకృష్ణ గారి సినిమా మంచి విజయం సాధించాలని కోరుకుంటూ,non-hate,0.6041136655677669,0.3958863344322331,0.6041136655677669
300,non-hate,original,సూపర్ అన్న జై పవన్ కళ్యాణ్ జై జనసేన నెక్స్ట్ సీఎం పవన్ కళ్యాణ్ గారే,non-hate,0.6023078426303901,0.39769215736960994,0.6023078426303901
301,hate,original,appude amindi mundundi musallapanda chudu ra,hate,0.5830595561745311,0.5830595561745311,0.4169404438254689
302,non-hate,original,Veedu gelisthe telangana people dhi kuda adhe situation,hate,0.5771923208903503,0.5771923208903503,0.42280767910964967
303,hate,original,Dhusta chaathuryam!  Meeru ilantivi enni chesina em pikalerra!,hate,0.564408571057894,0.564408571057894,0.435591428942106
304,non-hate,original,Helping nature kuda vundaali apude manishiki viluva,hate,0.5661688850735247,0.5661688850735247,0.43383111492647536
305,hate,original,మరదే తెలిసి తెలిసి నిప్పుల్లో చేతులు పెట్టడం అంటే,non-hate,0.5622879945685934,0.43771200543140665,0.5622879945685934
306,non-hate,original,Mr. Bandi అసలు 2019 కి ముందు ని అస్థి ఎంత ఇప్పుడు నీ ఆస్థి ఎంత..,non-hate,0.570637742756644,0.42936225724335597,0.570637742756644
307,hate,original,Anchor be like: pichi na kdklni andharu ikkade unnaru,hate,0.5516436783572995,0.5516436783572995,0.4483563216427004
308,non-hate,original,"Megastar tho dutt garu 4movies theesthey 3 industry hits.charan janvi tho thwaraga jvas 2 thiyyandi
Dutt garu",hate,0.5437377955006488,0.5437377955006488,0.4562622044993511
309,non-hate,original,E bjp oil rates increase chesi vanta cheyali ante kastam undi anna,hate,0.547619654600122,0.547619654600122,0.45238034539987804
310,non-hate,original,ప్రజల తరపున ఇంత సుదీర్ఘ పోరాటం చేసి తాను గెలిచి మమ్మల్ని గెలిపించిన దిలీప్ సుంకర గారికి హృదయ పూర్వక శుభాకాంక్షలు...జై భీమ్ ...జై భారత్...,non-hate,0.6021745913847475,0.3978254086152525,0.6021745913847475
311,non-hate,original,Vijay Devarakonda fans ekkada thagedhele,hate,0.5624387617288162,0.5624387617288162,0.43756123827118376
312,non-hate,original,మహేష్ బాబు ల వుండ్ సితార పాప చాలా క్యూట్ గా ఉంది,non-hate,0.5884921130739554,0.41150788692604456,0.5884921130739554
313,hate,original,Povee pukuu mundaa,hate,0.5807643580920381,0.5807643580920381,0.419235641907962
314,non-hate,original,"poyi central appulu chudu, hunger index, inflation, poverty, unemployment etc Telangana lo least unemployment and development is peaking up rapidly.",hate,0.5329833633500705,0.5329833633500705,0.4670166366499296
315,hate,original,లంజాకొడుకులు లంజముండల జోకులా ఇవి నా కొడకల్లారా,non-hate,0.5632464969694492,0.4367535030305508,0.5632464969694492
316,hate,original,shaq modda ante vunnavu ra kevin neku enduku affair,hate,0.5811147637191598,0.5811147637191598,0.4188852362808401
317,non-hate,original,నా ఊపిరి ఉన్నంతవరకు నా ఓటు మీకే అన్నా,non-hate,0.5793192203270762,0.42068077967292383,0.5793192203270762
318,non-hate,original,Prathi scene prathi shot u mind pothundhi Amma baboy Awesome script selection,hate,0.5373928044289699,0.5373928044289699,0.46260719557103014
319,hate,original,Idendayya idi Mariiii ila thayarayyaru Dandaalu ra ayya,hate,0.5697398464990358,0.5697398464990358,0.4302601535009642
320,non-hate,original,special respect for Indian cricket thanks for ( international board of Australia),non-hate,0.5081027032085851,0.4918972967914149,0.5081027032085851
321,non-hate,original,Cheppedhi em lekapoina ha hm ani anna parledhu vallatho matladali anthee,hate,0.5777563982670832,0.5777563982670832,0.4222436017329168
322,non-hate,original,Gudivada king true leader,hate,0.527454312094031,0.527454312094031,0.47254568790596896
323,hate,original,siggu vundali amma jagan lanti erripuk kanna anduku,hate,0.565004257684102,0.565004257684102,0.434995742315898
324,non-hate,original,All the best annya aaa..ni Hard work apudu ki waste kadhu sir jai janasena,hate,0.5536394768651786,0.5536394768651786,0.44636052313482144
325,non-hate,original,అప్పట్లో సునీల్ కోసమే డైలాగ్స్ ఉండేవి ఇపుడు ఆలా లెవ్,non-hate,0.5868810351416136,0.4131189648583864,0.5868810351416136
326,non-hate,original,వావ్ మీ డాన్స్ సూపర్ సూపర్,non-hate,0.586642558731262,0.41335744126873797,0.586642558731262
327,non-hate,original,వారు ఎవరితో పెట్టుకుంటే మీకెందుకుసార్.మీరు రోడ్లు ఎందుకు ఇయ్యలేదు? ప్రాజెక్టులు ఎందుకు కట్టడం లేదు? ఎందుకు ఇంత అప్పులు చేస్తున్నారు మద్యపాన నిషేధం ఎందుకు చేయలేదు? కంపెనీలు ఎందుకు తీసుకురావడం లేదు?,non-hate,0.5660520821572147,0.4339479178427853,0.5660520821572147
328,hate,original,సిగ్గు సరం వున్న వాళ్ళు ఎవరు వీడి సినిమాలకు పొకడదు ..... ఏంట్రా ఆ బాషా ...,non-hate,0.5723019763781091,0.4276980236218909,0.5723019763781091
329,hate,original,po ra pichi kukka . siggu ledhu em ledhu asla manishi vey na,hate,0.5829161239987384,0.5829161239987384,0.4170838760012616
330,non-hate,original,Ilanti MLA Anni niyojaka vargallo enduku leru!!!,hate,0.5534034737147342,0.5534034737147342,0.4465965262852658
331,non-hate,original,Full video please bayya,hate,0.5150883137693958,0.5150883137693958,0.4849116862306042
332,hate,original,తొడలు... అస్సలు ఉన్నాయి,non-hate,0.5789098609096794,0.42109013909032056,0.5789098609096794
333,non-hate,original,Dress bavundi kaani phone poyindi,hate,0.5408135307720643,0.5408135307720643,0.45918646922793566
334,hate,original,ఎందుకు రికార్డింగ్ డాన్స్ వాళ్ళకి విలువ లేదు అంటే... ఇలాంటి మాటలు... వెకిలి చేష్టలు వల్లే...,non-hate,0.5761791442259876,0.4238208557740124,0.5761791442259876
335,non-hate,original,అసలు ఇంగ్లీషు సినిమాలు లోనే ఇలాంటి పదాలు ఉంటాయి.,non-hate,0.5794652215713508,0.42053477842864917,0.5794652215713508
336,hate,original,ముందు ముందు స్పష్టం గా బూతులు మాట్లాడేస్తారు ఏమో,non-hate,0.5692622152761292,0.4307377847238708,0.5692622152761292
337,hate,original,Anduke film dobbindii,hate,0.5678844000756256,0.5678844000756256,0.4321155999243744
338,hate,original,kallu pathukoni sanka kannidhi meru,hate,0.5721759188754887,0.5721759188754887,0.42782408112451137
339,non-hate,original,Ade matani dukuduga cheppandi. Siva garu kanabadatharu maku. Voice belaga vundi.,hate,0.5667642867300066,0.5667642867300066,0.43323571326999344
340,hate,original,ఇదేంటీ ఇలా నడుస్తుంది,non-hate,0.5449693205901623,0.45503067940983766,0.5449693205901623
341,non-hate,original,కోహ్లీ కి అనుకులం గా మరియు ఫామ్ లో ఉన్నపుడు 3 icc cups అందించినా ధోని గౌరవంగా కెప్టెన్సీ వదులుకున్నాడు..అందరు రిటైర్మెంట్ తరవాత లెజెండ్స్ అయ్యరు కానీ కోహ్లి క్రికెట్ అడుతునే లెజెండ్ స్థాయీ నీ అందుకున్నాడు..కోహ్లీ స్టేయి వాడు కెప్టెన్సీ కోసం ఇలా గొడవపడటం వల్ల ప్రపంచ స్థాయీ అభిమనులున్నా కోహ్లి తానా స్థాయిని తాగించుకున్నవాడు అవ్వుతాడు..కోహ్లి winning persentage యెక్కువున్నా..IPL.కాని,non-hate,0.5743597193352017,0.4256402806647983,0.5743597193352017
342,hate,original,Areyy vanni mental hospital loo join cheyyadraaa,hate,0.5572562874037774,0.5572562874037774,0.4427437125962226
343,hate,original,Nijame lanjalara ammavadipuku degichukoniki thisukunara,hate,0.5641115983304927,0.5641115983304927,0.4358884016695072
344,non-hate,original,"చాలా అద్భుతంగా మ్యూజిక్ డాన్స్ స్టెప్ రిసల్ట్ సూపర్,,",non-hate,0.5757335949855,0.42426640501449997,0.5757335949855
345,non-hate,original,అనిల్ గానీ వాయిస్ వింటే నాకు ఎక్కడో కలుది.... విడు విని మాటలు...వెస్ట్ న కొంది,non-hate,0.5680800048708443,0.4319199951291557,0.5680800048708443
346,non-hate,original,అసలు హారన్ కొట్టకపోతే ట్రైన్ ఇప్పట్లో రాదని అర్థం,non-hate,0.5759099339722633,0.4240900660277367,0.5759099339722633
347,hate,original,first koja johar ni india nunchi tarmidengithe sangam pedha pothadhi,hate,0.582917532882903,0.582917532882903,0.417082467117097
348,non-hate,original,Ending naku tears vachai  bro. Harsh sai real hero. God bless u brother.,hate,0.5226650765344045,0.5226650765344045,0.4773349234655954
349,non-hate,original,Sometimes nuvvu vacchinanduku chala feel avutunna ninnu ilanti position lo vunchina naaa lanti die hard fans ni chustunte anna,hate,0.5529523919788553,0.5529523919788553,0.44704760802114474
350,hate,original,roja oka noru vunna pichi lanja noru vundhaani edho edho matladthi,hate,0.5792453766926521,0.5792453766926521,0.4207546233073479
351,hate,original,Eema em peekindhi ra judge la pettaru,hate,0.5876224318701919,0.5876224318701919,0.412377568129808
352,non-hate,original,Avnu nenu mimmalni chusanu chaala sarl,hate,0.5642109569800366,0.5642109569800366,0.43578904301996335
353,hate,original,Modda gudisipotav bollywood content lamti movies tistey,hate,0.5553034622381963,0.5553034622381963,0.4446965377618038
354,hate,original,Picha Na Kodaka!! Vinipisthunda Ra Vijay Ga !!,hate,0.532534821145744,0.532534821145744,0.467465178854256
355,hate,original,Poyakalam deggara padinappudu alage chestharu,hate,0.5619447243785485,0.5619447243785485,0.4380552756214516
356,hate,original,సంకనాకిస్తుంది... ఇది కూడా నిజమే,non-hate,0.5837157834368425,0.4162842165631575,0.5837157834368425
357,hate,original,Arey howle Nizamabad MP Pasupu bord Edhi be Nv esukunna Angi lagu kudha Cangress icchindhe and TELANGANA icchindhi kuda Cangress A meeru cheppe Digital India lo ni AAdhar card kuda Cangress tecchindhe,hate,0.5611561381660037,0.5611561381660037,0.4388438618339963
358,hate,original,"Tickets rates thagginchaali..appudey janaalu theatre ki vastaaru.. Budget peruguthondhantey dhaanikkaranam producers e... Heroes budget, north Indian heroines, valla staff ni mepaali ivvanni thadisi mopodavuthunnayi",hate,0.5594168942647837,0.5594168942647837,0.4405831057352163
359,non-hate,original,First telangana gurunchi edvu  jai bjp,hate,0.5660235709126258,0.5660235709126258,0.43397642908737416
360,hate,original,"విద్వేషాల ,వైషమ్యాలు గురించి బీజేపీ మాట్లాడటం....",non-hate,0.5773926647199998,0.42260733528000016,0.5773926647199998
361,hate,original,వీడికి ఇంత మంది అవసరమా వోవర్ కూడా,non-hate,0.5597211910132314,0.44027880898676863,0.5597211910132314
362,hate,original,"అలీ siggundali నీకు, sanskaram లేదు నీకు, నవ్వుతూ ఉన్న so called celebrities ki నవ్వు ఎలా వస్తుందో",non-hate,0.5469568647584273,0.4530431352415727,0.5469568647584273
363,hate,original,Gee bajaru chillara dhaniki baga hype icharu kadha ra thu,hate,0.5792904719845697,0.5792904719845697,0.4207095280154302
364,hate,original,nehru amman denga ni valla india pakistan godava inka vundhi,hate,0.5838678637409812,0.5838678637409812,0.4161321362590188
365,non-hate,original,ఆలోచన చేస్తున్నాం డ్రామా రావ్ ఈసారి మిమ్మల్ని ఓడించాలి అని,non-hate,0.588667772583009,0.41133222741699105,0.588667772583009
366,hate,original,Arey badcaw recharge iypothe data ala osthundhr rah,hate,0.5640253826873557,0.5640253826873557,0.4359746173126443
367,hate,original,ఒరేయ్ ముసిల్డాన్ని కూడా వదల వారా,non-hate,0.5621730029491518,0.43782699705084815,0.5621730029491518
368,hate,original,sharmila nuvvu ooriki ki poyi record dancelu cheskho,hate,0.5673686575738812,0.5673686575738812,0.43263134242611884
369,hate,original,Veedi maatalaku yentha mandi kodathaaru veeni,hate,0.5759516352509217,0.5759516352509217,0.4240483647490783
370,non-hate,original,Are యాదవ ల్లా రా megastar తరవాత పవన్ కళ్యాణ్ రా  చిరు సర్ ఆయన Vera leval జై బాలయ్య,non-hate,0.5527896335223955,0.4472103664776045,0.5527896335223955
371,non-hate,original,Ennisarlu chusina chudalanipinche great scene idi,hate,0.5384218331280455,0.5384218331280455,0.4615781668719546
372,non-hate,original,సూపర్ డ్యాన్స్ మాస్టర్ జానీ,non-hate,0.5850189791325267,0.41498102086747335,0.5850189791325267
373,hate,original,Ammai ni pattukoni kavalissindhi konuko ani anta vurukuntunda,hate,0.5700291009457026,0.5700291009457026,0.4299708990542975
374,hate,original,నీలాంటోళ్లు పాలమ్మిన వాళ్లు చాలామంది ఉన్నారు వాళ్ళకి ఎందుకు రావడం లేదు అదృష్టం .... అన్ని దొంగ పనులు చేసినవ్,non-hate,0.5761241114346587,0.4238758885653413,0.5761241114346587
375,non-hate,original,Ee styles and mannerisms present andaru vaduthunnaru mana industry lo,hate,0.557230144668576,0.557230144668576,0.442769855331424
376,non-hate,original,"నేను చూసిన వేలాది ఫన్నీ వీడియోలల్లనే టాప్ 1 లేడీ ఆక్షన్ వీడియో ఇది .,,,అమ్మాయి ఆక్షన్ సూపర్",non-hate,0.5854719902889278,0.4145280097110722,0.5854719902889278
377,non-hate,original,elaanti sannasi matalu vinalani maku ledu mundu sari ga matladu mariyada ichi puchukovale anthegani Telangana slag Ani memilage matladtha mante vere partila telanganollu kada,hate,0.5838460223833564,0.5838460223833564,0.4161539776166436
378,non-hate,original,Sir Arun Kumar garu meeku hrudayapurvaka namaskaramulu.sir nenu kuda Kapil chit lo chit one L.. vesanu .chit purti ayipoyindi.nene kakunda ma brother cheta friends cheta kuda veyinchaanu.but ippariki amont ivvatam ledu.amont adigite danilone fixid deposit cheyyamantunnaru. consumer court ki velte baguntunda.plz salaha istarani aasisunnanu,hate,0.5529248136516096,0.5529248136516096,0.4470751863483904
379,hate,original,మోహన్ బాబు గారు కొన్ని ప్రశ్నలకు సమాధానం చెప్పలేక బిక్కమొహం వేశాడు. నీళ్లు నములుతున్నాడు,non-hate,0.5754329540958615,0.4245670459041385,0.5754329540958615
380,hate,original,Roja niku minister ichindhi ha shaka ki nayam cheystav ani. Cheera lu pampala miku antey anam garu cutdrawer lu pampala annadu saripoyindha. Power unnantha varaku baganey untundhi.,hate,0.5857162907201866,0.5857162907201866,0.4142837092798134
381,hate,original,Ee over action ke... Sankaa naakadu.. Kada. Ayinaa buddi raa ledu,hate,0.5615478032050134,0.5615478032050134,0.43845219679498665
382,non-hate,original,Orey baffun gaa college fees lu thakkuvva chesthee nee mukaniki adi chaluu,hate,0.5798664260043248,0.5798664260043248,0.4201335739956752
383,hate,original,BJP Sanka naku teenmar vartalu,hate,0.5543075929981855,0.5543075929981855,0.4456924070018145
384,non-hate,original,Rip sir.... ఆత్మ కి శాంతి కలగాలని కోరుకుంటున్నాను....మన దేశంలో ఉన్నది ఇలాంటి బడా పారిశ్రామికవేత్తలు సార్.,non-hate,0.5858178982027764,0.4141821017972236,0.5858178982027764
385,non-hate,original,ఇటువంటోళ్లు మంత్రులుగా ఉండడం తెలంగాణ చేసిన దురదృష్టం,non-hate,0.580981069598074,0.41901893040192595,0.580981069598074
386,hate,original,Twaralo telugollanta pichollawutaaru,hate,0.5736460350808613,0.5736460350808613,0.4263539649191387
387,non-hate,original,Next generation chala strong ga prepare chesthunnaru,hate,0.5252666064184676,0.5252666064184676,0.47473339358153244
388,non-hate,original,వామ్మో సూపర్ చిట్టి thalli ️ ఆక్షన్ కే ప్రాణం పోసెల అన్నవ్ రా mummy,non-hate,0.5646798247545239,0.43532017524547606,0.5646798247545239
389,non-hate,original,కుత్త పగులుద్ది ఎవడైనా(any party/any other fans) ఎన్టీఆర్ అన్న ని తక్కువ చేసి మాట్లాడితే,non-hate,0.5575403060707744,0.4424596939292256,0.5575403060707744
390,hate,original,Edi over action,hate,0.5319825549630401,0.5319825549630401,0.4680174450369598
391,hate,original,"Chi chi neeku anchoring evadu nerponchondo....farmers ni arrest chesinaru ante...safety ki antava,intha dikkumaalina answer emina vuntada asalu,ante anyayam jarigindi Ani chepte arrest lu chestaru,ala arrest cheyyadam correct antava nv",hate,0.5605384058675251,0.5605384058675251,0.4394615941324748
392,non-hate,original,గెటప్ శీను వావ్ సూపర్ మాన్ మెగాస్టార్ బాడీ లాంగ్వేజ్ యాస్ ఇట్ ఇస్ దించేసావు సూపర్,non-hate,0.5733590236967614,0.4266409763032386,0.5733590236967614
393,non-hate,original,Sudheer ni timingi timing anna,hate,0.5410909468533914,0.5410909468533914,0.45890905314660857
394,non-hate,original,తెలుగు లో ఉన్నా అన్ని వ్లోగ్ ఛానెల్ వాళ్లని ఏసుకున్న NTB ఆన్న కి ధన్యవాదాలు..,non-hate,0.5697912719698149,0.43020872803018506,0.5697912719698149
395,hate,original,అబద్ధానికి పెద్ద నోరు ఉంటుంది,non-hate,0.5635380904991775,0.43646190950082253,0.5635380904991775
396,non-hate,original,"ఘడ్డగా మరీ మనావర్ గానికి కూడా చెప్పు హిందూ దేవుళ్ళ పైన జోకులు చేయొద్దని, మరి వాని షో కు పర్మిషన్ ఇవ్వకుంటే ఇవన్నీ కాకుండె కదా",non-hate,0.562278408100679,0.437721591899321,0.562278408100679
397,non-hate,original,ఎందుకు sir అయిపోయిన పెళ్లికి మేళాలు!!! వదిలేయండి sir. ఇద్దరూ ఇలా తిట్టుకోవడం జనాలకి వినోదం అయిపోయింది sir,non-hate,0.572685271181587,0.42731472881841304,0.572685271181587
398,hate,original,itlantivi ఎందుకు చేస్తారండి meeru rotta cinemalu matrame chestaru sir meeru... any way .. ayina meerante naakistam sir,hate,0.5116228982900517,0.5116228982900517,0.4883771017099483
399,hate,original,ఇష్టం లేని జాబ్ చేస్తునట్టు ఉంది ప్రభాస్ ఫేస్,non-hate,0.5900775379561637,0.4099224620438363,0.5900775379561637
400,non-hate,original,Power star.....anedi oka brand....evadu padithe vadu power star kadu...kaledu...king okkade power star okkale...only powerful power star pavan Kalyan okkade,hate,0.519775046342386,0.519775046342386,0.4802249536576139
401,non-hate,original,Maa allu aravind gari comedy super allu sir plz meeru movies loo act cheyandi,hate,0.5326224309816167,0.5326224309816167,0.46737756901838334
402,hate,original,ఇనుము ఇనుముని️ కాదు ఎనుము ఎనుముని అనాలి,non-hate,0.55580376674716,0.44419623325283997,0.55580376674716
403,hate,original,malla manchi erri puku vodu,hate,0.5907142730442105,0.5907142730442105,0.4092857269557895
404,hate,original,పేదవాడు కి  జగన్ గారు  ఎ మంచి  పని చేస్తున్న  దానికి  కోర్టులో  కేసులు పెట్టి  న.  బొల్లి గాడు కీ  ఓటు ఎవరు వెయరు,non-hate,0.5559559766202892,0.44404402337971083,0.5559559766202892
405,hate,original,Dance raani dhanni dance judge ga pettaru,hate,0.5388036449768572,0.5388036449768572,0.4611963550231428
406,non-hate,original,Chala ante chala bagundi bro,hate,0.5636258240351932,0.5636258240351932,0.4363741759648068
407,non-hate,original,Are o nuvvu sollu aapu thammi,hate,0.5789133000555613,0.5789133000555613,0.42108669994443876
408,non-hate,original,నోటి తెగులు అని రాసావ్ కదరా. మీ ఛానల్ కన్నా నోటి తెగులు ఎవరికీ ఉంటాది.,non-hate,0.5758479143251196,0.4241520856748804,0.5758479143251196
409,non-hate,original,friendly ga annadu,hate,0.5441980129478209,0.5441980129478209,0.4558019870521791
410,hate,original,పొరపాటున మళ్ళీ గానీ రాజశేఖర్ రెడ్డి గారు వస్తె కుర్చీ పొద్దని తీసుకెళ్ళి కూర్చోబెట్టడు,non-hate,0.5849623826508057,0.4150376173491943,0.5849623826508057
411,non-hate,original,వాళ్లూ ఎలా ఉంటే మనకు ఎందుకు వాళ్ళ సొంతవిశాయలు,non-hate,0.571619190205075,0.428380809794925,0.571619190205075
412,non-hate,original,"Ycp lo meeru emi cheyaleru
Jsp lo neeku nachhinattu vundavachhu",hate,0.5736960411283234,0.5736960411283234,0.42630395887167655
413,hate,original,పవన్ కళ్యాణ్ మూవీస్ లో హీరో... రాజకీయం లో ' 0',non-hate,0.5928024127064847,0.4071975872935153,0.5928024127064847
414,non-hate,original,మొత్తం చూసా నిజాయతీ గా వున్నాయి ప్రశ్నలు జవాబులు..సూపర్ బై రెడ్డి సిద్దార్థ్ రెడ్డి,non-hate,0.587330880931661,0.41266911906833903,0.587330880931661
415,non-hate,original,"RK గారు, సగం మీరే మాట్లాడేస్తున్నారు, దయచేసి అవతలివాళ్ళని పూర్తి గా మాట్లాడనీయండి.",non-hate,0.5888972678808684,0.4111027321191316,0.5888972678808684
416,non-hate,original,Manchu family ki inka respect undi ante adi only nee valle manoj anna,hate,0.5555777776911981,0.5555777776911981,0.44442222230880196
417,non-hate,original,Godfather మరో  Pan India Block buster coming soon జై చిరంజీవ,non-hate,0.5454665264375119,0.4545334735624881,0.5454665264375119
418,non-hate,original,Meku kuda manchi bavisath unntadi,hate,0.5669613993766627,0.5669613993766627,0.43303860062333727
419,hate,original,"Bhuthulu gurinchi, double meanings gurinchi nuv matladodhu anusuya plz",hate,0.5574037369220881,0.5574037369220881,0.44259626307791183
420,non-hate,original,ఎన్ని సార్లు చూసిన చూడాలని అనిపించే speech,non-hate,0.5713294053014655,0.4286705946985345,0.5713294053014655
421,non-hate,original,Evadiki vadu acting eraga tistunnaru,hate,0.5702342414885679,0.5702342414885679,0.42976575851143206
422,non-hate,original,Manchu Family Paruvu kapade Manishi Nuvvu Okkade anna,hate,0.5381772666222648,0.5381772666222648,0.4618227333777351
423,hate,original,నువ్వు ఒక్క రోజు జబర్దస్త్ లో బాలయ్య బాబుతో ఫోన్లో మాట్లాడలేదా వే,non-hate,0.5850645624511115,0.4149354375488885,0.5850645624511115
424,non-hate,original,మేము ప్రజలకి ఫలానాది చేస్తామని చెప్పుకొని ప్రజల్లోకి రావాలి ఏ బొక్క లేదు వచ్చి ఏం పీకుతారు,non-hate,0.5685855753157165,0.4314144246842835,0.5685855753157165
425,non-hate,original,ఇంత పరిజ్ఞానం ఉన్న సీఎం ఆంధ్రకి సీఎం కావడం ఎన్నో జన్మల పుణ్యం,non-hate,0.5791077212656406,0.4208922787343594,0.5791077212656406
426,hate,original,లైక్ లు కొట్టేవాళ్ళు ఎక్కువా కానీ ఓట్లు వేసేవాళ్ళు చాలా తక్కువా,non-hate,0.5881520265601811,0.41184797343981894,0.5881520265601811
427,non-hate,original,Ka pal garu miru super,hate,0.5755590369095189,0.5755590369095189,0.4244409630904811
428,non-hate,original,క్షవరం అయితే గానీ వివరం తెలియదు లెండి.... పృధ్వీ గారు,non-hate,0.584667594563757,0.41533240543624295,0.584667594563757
429,non-hate,original,ప్రషు వాళ్ళ డాడీకి ఒక లైక్ కొట్టండి,non-hate,0.5727644793583245,0.42723552064167547,0.5727644793583245
430,hate,original,Aaa cheera etthi guddalo pettara be nee mogga ni,hate,0.5940963689847368,0.5940963689847368,0.40590363101526317
431,non-hate,original,"రమేష్ మాస్టర్ డ్యాన్స్ ప్రాక్టీస్ సూపర్, ఇదీ పద్దతి",non-hate,0.5738469278700775,0.4261530721299225,0.5738469278700775
432,hate,original,Neelanti  vallu  valla  nijame ayina devunuki  avamanam jarukutundhi,hate,0.5590676756846851,0.5590676756846851,0.440932324315315
433,non-hate,original,కోడలు పిల్ల మా కొడుకు నీ పెళ్లి చేసుకుంటావా కట్నం ఏం వొద్దు మేమే ఇష్టము కావాలంటే,non-hate,0.5497701611398719,0.45022983886012813,0.5497701611398719
434,hate,original,Anchor be like: pichi na kdklni andharu ikkade unnaru,hate,0.5516436731672283,0.5516436731672283,0.4483563268327717
435,non-hate,original,అసలు ఏం ఉంది రా అక్కడ పొట్ట ఒకటి ఉంది అక్కడ,non-hate,0.5644245232451767,0.43557547675482333,0.5644245232451767
436,non-hate,original,meeku assalu em matladalo kuda telidhu edo vaagaali vaaguthaaru nv pedda leader vi nv cheppindhe nijam enduku paniki maalina debate lu,hate,0.5828004722882354,0.5828004722882354,0.41719952771176455
437,non-hate,original,"మల్లారెడ్డి అంతడబ్బు రేవంత్ రెడ్డికి ఇచ్చారు అంటే...  మల్లారెడ్డి ఎన్ని వేల కోట్ల డబ్బు అవినీతిగా సంపాదించి ఉంటాడు...
సక్రమంగా సంపదిస్తే ఎవ్వరికి ఇవ్వనవసరం ఉండదుగా....
రేవంత్ ఒక్కడికె కాదు..ప్రజలందరికీ నీ అవినీతి డబ్బు పంచాలి..
అప్పుడు ఎవ్వడు బ్లాక్ మెల్ చేయడు.",non-hate,0.5892662635505487,0.4107337364494513,0.5892662635505487
438,hate,original,oka ammai vi vundhi natho argue chesthava puku mosukoni inti panulu cheyi,hate,0.5828238351424929,0.5828238351424929,0.4171761648575071
439,hate,original,Antha energy guddhalo nundi vastundi,hate,0.5648061818508461,0.5648061818508461,0.4351938181491539
440,hate,original,bonda uma kukka esaga mafia king,hate,0.5685581087803169,0.5685581087803169,0.4314418912196832
441,hate,original,Padavi kosam penta ina tintadu,hate,0.575636814584443,0.575636814584443,0.424363185415557
442,hate,original,Kcpd men's kutha chnpi paddengutha,hate,0.5732482344589624,0.5732482344589624,0.4267517655410375
443,hate,original,Veedemma veedi lssge waste dhi,hate,0.577327664654592,0.577327664654592,0.4226723353454081
444,hate,original,vijay mallya nirav modi kapadindhi bjp malla ha baate shah gadu nak emtelidhu antaru,hate,0.5975577669836027,0.5975577669836027,0.4024422330163973
445,hate,original,కేసీఆర్ కేబినెట్లో మీటింగ్ లేదు బొచ్చు లేదు,non-hate,0.5789712555562954,0.42102874444370464,0.5789712555562954
446,hate,original,"atleast akkadaina vudyogam vacchindi,chaala mandiki adi sampadinche scene ledu le bro",hate,0.5666976288553107,0.5666976288553107,0.43330237114468934
447,hate,original,Ee Rashmi ki roju rojuki dhebbalu gattigaane gudhuthunnaru,hate,0.5599185239620035,0.5599185239620035,0.4400814760379965
448,hate,original,Rayalaseema simham paritala Ravi telugurashtrala devudu NTR but family members of both have utterly failed to carry the legacy of these both in their respective range and categories,hate,0.5104518782910659,0.5104518782910659,0.48954812170893414
449,hate,original,Antha fake ey solu galu baga ekuva ayaru,hate,0.5819718807767744,0.5819718807767744,0.4180281192232255
450,non-hate,original,"Mustache kosam wait chesi untadu,inni rojulu ee video cheyadaniki,enthaina ne dedication ki hats off bro",hate,0.5328141558204642,0.5328141558204642,0.46718584417953574
451,non-hate,original,ఈ సినిమా మంచి విజయం సాధించాలి అని ఎంతమంది కోరుకుంటున్నారు.,non-hate,0.610567733664824,0.389432266335176,0.610567733664824
452,hate,original,"రాష్ట్ర విభజన హామీ ప్రకారం రైల్వే జోన్, ప్రత్యేక హోదా, చెన్నై విశాఖపట్నం సీ కారిడార్, స్టీల్ ప్లాంట్ పునరుద్దరణ మొదలగు హామీలు మిగిలే ఉన్నాయి",non-hate,0.5695505491021982,0.43044945089780184,0.5695505491021982
453,hate,original,Kama kukka,hate,0.5434862231580575,0.5434862231580575,0.45651377684194255
454,non-hate,original,కు డాన్స్ రాదు అనే స్టేజ్ నుండి డాన్స్ అంటే ఇది రా అనే రేంజ్ కి వచ్చావు జాని అన్నా,non-hate,0.5711804023672709,0.42881959763272914,0.5711804023672709
455,hate,original,తాత నీకు 60 పాప కీ 25యెందీరా మాకు ఈ దరిద్రమ్...?️️️,non-hate,0.566022447424003,0.433977552575997,0.566022447424003
456,non-hate,original,Kasta padithe eppudu pratipalam untundi.. congratulations,hate,0.5538429034161529,0.5538429034161529,0.446157096583847
457,hate,original,Sulli ra,hate,0.5384906219898791,0.5384906219898791,0.46150937801012093
458,non-hate,original,4 lo second di tisi 1 ki 2 ki madyalo pedite 4 avtundi order saripotadi,hate,0.5645324274967229,0.5645324274967229,0.43546757250327706
459,non-hate,original,Nivetha konni interviews lo aa time lo Rajinikanth garithi movie chestunna idem peddha movie kanattu matladindhi.she was not greatful to act in PSPK's movie.,hate,0.5330824048573946,0.5330824048573946,0.4669175951426054
460,hate,original,Charmi ki Edo ayindi navvaleka sachipothundi,hate,0.5756630217280929,0.5756630217280929,0.4243369782719071
461,hate,original,దయచేసి ఎవరైనా ముందు వీడిని మెంటల్ హాస్పిటల్ కి తీసుకువెళ్లండి వీడు ఎవరెవరిని ఏం మాట్లాడుతుందో అర్థం కావట్లేదు ఈ నా కొడుక్కి పిచ్చి పట్టింది,non-hate,0.5395954631830575,0.4604045368169425,0.5395954631830575
462,non-hate,original,పవన్ కుపరువుపొటమే నితికిఎతిరెకంగపొరడుతునడు అయనకుమచిదికదు  జగన్ నిలంటొడుకదు జగన్ దేవుడులంటివడు,non-hate,0.544738996687752,0.45526100331224795,0.544738996687752
463,non-hate,original,The great honest true leader Pawan Kalyan sir cm kavali nyayam jaruguthundhi ap prajalaki sir,hate,0.5387443805280352,0.5387443805280352,0.4612556194719648
464,non-hate,original,"Pelli meeda naku chala dreams, respect vundedhi itlanti interviews chusinappudalla pelli chesukokunda vundadame manchidi anipistundhi",hate,0.5412980471373438,0.5412980471373438,0.45870195286265625
465,non-hate,original,Mari atluntadhi krithi brm  thoni  andham ante minimam atta,hate,0.5808298006572148,0.5808298006572148,0.41917019934278527
466,non-hate,original,హ్యట్సాఫ్ పోలీస్ సర్,non-hate,0.5818653675717376,0.41813463242826243,0.5818653675717376
467,non-hate,original,నా బంగారం... ఆ నవ్వులోనే ఉంది అన్న మా సంతోషం,non-hate,0.5818234767994112,0.41817652320058885,0.5818234767994112
468,hate,original,Ree babu Nani GA neku eaduku Ra avasaram  vajaya Sai  chappali ha visayam nevu eaduku neku avasaram eamiti,hate,0.576970713595213,0.576970713595213,0.423029286404787
469,non-hate,original,రాజు గారు మీరు సూపర్ సార్ బాహుబలి రఘు రామ్ రాజ్ సూపర్ సార్ పులి అంటే మీరు సార్,non-hate,0.6056884468508983,0.3943115531491017,0.6056884468508983
470,non-hate,original,మీరు కొనుడు కాదు సారు నీ బిడ్డలాంటి ప్రజలు కొనాలి,non-hate,0.5795225223620467,0.4204774776379533,0.5795225223620467
471,non-hate,original,కింగ్ ఇస్ బ్యాక్,non-hate,0.5505891379260031,0.44941086207399694,0.5505891379260031
472,non-hate,original,Nani fans ante mamoluga undadhu mari super love you nani love you,hate,0.5332548046973363,0.5332548046973363,0.4667451953026637
473,hate,original,Niku yevadu ra cheyyamannadu,hate,0.5698802594991546,0.5698802594991546,0.4301197405008454
474,hate,original,E vedio chusi nenu chesukovaalsi vastundi inkaa chaalu,hate,0.5454922994564546,0.5454922994564546,0.45450770054354533
475,non-hate,original,Full clarity tho unnaru and correct ga chepparu ... movies lo fan following veru ...real life lo fan following veru ..,hate,0.5141062038260102,0.5141062038260102,0.4858937961739898
476,non-hate,original,కాపీ కాకుండా వేరే ట్రై చేసే సూపర్ విజయం నీదే పిల్లి డుడ్,non-hate,0.5675606932959338,0.43243930670406616,0.5675606932959338
477,non-hate,original,Village  పిల్ల  నీవు super,non-hate,0.5148485095151738,0.4851514904848262,0.5148485095151738
478,non-hate,original,దత్తపుత్రుడికి ఇంకా సిగ్గు రాలేదు,non-hate,0.5672436790487934,0.43275632095120664,0.5672436790487934
479,non-hate,original,ఇంత తెలివైన ముఖ్యమంత్రి ని ఎన్నుకున్నారు,non-hate,0.5862869112763582,0.41371308872364176,0.5862869112763582
480,hate,original,Waste fellow he did nothing for telengana,hate,0.5058580567508482,0.5058580567508482,0.4941419432491519
481,non-hate,original,Vaadu feel avvadu... Vaadi answer ki nuv avthav,hate,0.5705328566609176,0.5705328566609176,0.4294671433390824
482,non-hate,original,కల్యాణ్ దిలీప్ సుంకర గారు చాలా చక్కగా వివరించారు. ధన్యవాదాలు.,non-hate,0.6046586425745301,0.39534135742546994,0.6046586425745301
483,hate,original,nuvvu poyyi modi modda cheku mms oka great econmist ani prapamcham anukondhi antanu lekunte india ledhu,hate,0.5853917774765425,0.5853917774765425,0.41460822252345747
484,hate,original,ఆమె నీ తల్లి అయితే ఇలాగే చేస్తావా,non-hate,0.5784278164124375,0.42157218358756254,0.5784278164124375
485,hate,original,",విస్వక్ గాడికి బాగా ఎక్కువైంది.ఇది మంచి పద్ధతి కాదు",non-hate,0.5706388002264375,0.42936119977356246,0.5706388002264375
486,non-hate,original,ఇంత ఫిట్ బాడీ ఉండి అప్పు అన్న అల మరణించడం బాధగా ఉంది,non-hate,0.5712617349982746,0.4287382650017254,0.5712617349982746
487,hate,original,Shooting leka mind dobbindi .court should consider this issue .if students take him as inspiration then what will happen. Is it correct .pls consider it,hate,0.5020975158984669,0.5020975158984669,0.4979024841015332
488,hate,original,Sketch వేసింది ఎవరో కూడా చెప్పండి (దమ్ము ఉంటే),non-hate,0.5765325425062506,0.42346745749374937,0.5765325425062506
489,non-hate,original,"The courage to be disliked"" ee book summary cheyyandi anna.",hate,0.5289432274169878,0.5289432274169878,0.4710567725830122
490,hate,original,Ntr kadhu bey ntr garu give respect,hate,0.5612825613175787,0.5612825613175787,0.4387174386824213
491,non-hate,original,ఎక్కడికి పోతోంది మన సంస్కృతి,non-hate,0.5553193352186795,0.4446806647813205,0.5553193352186795
492,non-hate,original,పోనీ ఆంధ్రప్రదేశ్ కు separate కరెన్సీ నోటు పెట్టీ నోట్లు గుద్దు జగన్ అన్న గాంధి గారి ఫొటో బదులు నీ ఫొటో పెట్టు అన్న,non-hate,0.5566752120284268,0.44332478797157315,0.5566752120284268
493,non-hate,original,Super Madam  dance  chala bagavesaru,hate,0.5268012725709392,0.5268012725709392,0.4731987274290608
494,hate,original,జగన్ శరీరంలో అణువు అణువు రొజక్కకు బాగా తెలిసినట్లుందే,non-hate,0.5647840311103363,0.43521596888966374,0.5647840311103363
495,hate,original,"తల్లి నువ్వు నవ్వొద్దు, ఆ ముఖంలో మూతి తప్ప ఏమి కనిపించదు మాకు",non-hate,0.5720079440886247,0.42799205591137535,0.5720079440886247
496,hate,original,Teeskelli railway station loo padeyandi,hate,0.5508276408894706,0.5508276408894706,0.4491723591105294
497,non-hate,original,డబ్బా రాయుడు మన పెద రాయుడు మొత్తం మీద మేక పోతు గాంభీర్యం కనపర్చాడు ఫసక్,non-hate,0.5774145631363581,0.4225854368636419,0.5774145631363581
498,non-hate,original,మీరు మీ లాంటి వారు రాష్ట్ర నికి చాలా అవసరం,non-hate,0.5624061388717606,0.4375938611282394,0.5624061388717606
499,non-hate,original,కాదన్నా నవ్వి నవ్వి చచ్చిపోతే ఎవరు రెస్పాన్సిబిలిటీ అన్నా సూపర్ అన్న,non-hate,0.5995873372274889,0.4004126627725111,0.5995873372274889
500,non-hate,original,Super settiandi voice to video,hate,0.5297422714325606,0.5297422714325606,0.4702577285674394
501,hate,original,Over action apandi raa Babu,hate,0.5490793940128491,0.5490793940128491,0.4509206059871509
502,non-hate,original,అన్నయ్య వదిన. ఎప్పుడు హ్యాపీ గా వుండాలి,non-hate,0.5887110670899772,0.4112889329100228,0.5887110670899772
503,hate,original,Picchodini interview endhuku chesthunnaru may be TRP kosama,hate,0.5623805994011304,0.5623805994011304,0.43761940059886967
504,non-hate,original,ఈ పాట విన్నపుడల్లా SPB గారే మళ్ళీ తిరిగొచ్చి పాడారు అనిపిస్తుంది,non-hate,0.5971721969253474,0.4028278030746526,0.5971721969253474
505,hate,original,కోతులు దిగేదానికి ఇంత bulid up aaa,non-hate,0.5256069502692641,0.4743930497307359,0.5256069502692641
506,non-hate,original,Punch veyyalantay...Sunil anna tharuvathayee...yavarina...,hate,0.5374426490216933,0.5374426490216933,0.46255735097830675
507,hate,original,"jai kumar next nee amma nee ,sisters nee andharni petti prank thesthadu vadu wait",hate,0.5629979377172274,0.5629979377172274,0.4370020622827726
508,hate,original,Elagaina vastadu mee dhulaa thirustadu.,hate,0.5683390916130413,0.5683390916130413,0.43166090838695875
509,hate,original,కంట్లో దురద పెట్టింది కాబట్టి సరిపోయింది,non-hate,0.5466866719663465,0.45331332803365354,0.5466866719663465
510,hate,original,Raja Singh nuvvu ni karra tagubthu mokam neeku mokham nuvvu mla ela ayyavu,hate,0.5846280362746331,0.5846280362746331,0.4153719637253669
511,non-hate,original,"Manchi cinema ni prathi okkaru aadaristaru,all the best nikhil, have a bright future",hate,0.5329001015668302,0.5329001015668302,0.46709989843316974
512,non-hate,original,నువ్వు చాలా చాలా బాగున్నావు. పర్ఫెక్ట్ గా ఉన్నావ్.. మీరు నాకు నచ్చారు,non-hate,0.614780735801422,0.385219264198578,0.614780735801422
513,hate,original,Vedi nathinakodaka,hate,0.5787367189212222,0.5787367189212222,0.4212632810787777
514,hate,original,Meeru Gopi Goda meeda pilli anna maata edava,hate,0.5727133948360501,0.5727133948360501,0.42728660516394984
515,non-hate,original,Naku prabhas anna ento rana anna kuda antey,hate,0.5736526768936143,0.5736526768936143,0.42634732310638573
516,non-hate,original,Ilantivi kaadha ee generation ki inspiring untadhi...plz do more,hate,0.5513247155140191,0.5513247155140191,0.448675284485981
517,non-hate,original,పోలీస్ ఫారెస్ట్ డిపార్ట్మెంట్ 2కలసి పోరాడారు పాపం దాని బారి నుండి ప్రజల్ని,non-hate,0.5727854109707163,0.42721458902928366,0.5727854109707163
518,hate,original,భజన భజన బ్యాచ్ ఎక్కువ అయిపోయారు పవర్ స్టార్ కి పాపం,non-hate,0.5863158677532126,0.41368413224678735,0.5863158677532126
519,hate,original,నోరు ముయ్. వాడు పరిపాలనా చేతగాని వాళ్లకి అన్న... అంతే.,non-hate,0.5705460683851014,0.42945393161489864,0.5705460683851014
520,hate,original,"Paritala nu nuvve sampinavu raa nennu gaali, vaana devudu sampeedu",hate,0.5739854098862521,0.5739854098862521,0.42601459011374787
521,hate,original,Washing powder NIRMA neevu maa mukyamantri awadam maa KARRMA,hate,0.5557211930223472,0.5557211930223472,0.44427880697765276
522,hate,original,​political fit kakapothe bayapadatam endukandi,hate,0.5835486723093501,0.5835486723093501,0.4164513276906499
523,hate,original,Peetha … idokA Lavada lo buildup,hate,0.5596234785440826,0.5596234785440826,0.44037652145591744
524,hate,original,Marea srihan pakkana moddagudvala,hate,0.5890823027277232,0.5890823027277232,0.4109176972722768
525,hate,original,Rey arripuku adhi munda sollu apu ra,hate,0.5826613283025694,0.5826613283025694,0.41733867169743055
526,hate,original,ఇలా వాగే ఛీ అని పరిశ్రమ పెద్దలు దూరంగా పెట్ట రు మహేష్ మళ్ళీ దరిద్రని మళ్ళీ స్టేజీ మీదకు తెచ్చాడు 20సం చిరు చాలా నష్టపోయారు,non-hate,0.5769264393553903,0.42307356064460966,0.5769264393553903
527,non-hate,original,Me kastam palinchali sir,hate,0.5674756050183444,0.5674756050183444,0.4325243949816556
528,hate,original,మొత్తానికి యూట్యూబ్ నే కాపురం చేయరా మీకు మా బుద్ధిలకు మానాల్లో లేదు,non-hate,0.5479220183814079,0.45207798161859214,0.5479220183814079
529,hate,original,Audience be like :- Bengu ! Athi bengaku,hate,0.5312298517848716,0.5312298517848716,0.4687701482151284
530,non-hate,original,ఎంత నవ్వు వచ్చిందో .  సూపర్ స్పీచ్ అన్న.,non-hate,0.5903962064891352,0.40960379351086484,0.5903962064891352
531,non-hate,original,40 సంవత్సరాలు రాజకీయ అనుభవం,non-hate,0.5448692553415213,0.4551307446584787,0.5448692553415213
532,hate,original,ఓహో ఈ నిజాయితీపరుడైన రవి ప్రకాష్ లో పవన్ లక్షణాలు ఉన్నాయా,non-hate,0.6024406332930736,0.3975593667069264,0.6024406332930736
533,hate,original,West mokalu motham judge laa,hate,0.5592159322448061,0.5592159322448061,0.44078406775519385
534,hate,original,Dhani pandhi moham chusi shock avuthada,hate,0.5741229055636312,0.5741229055636312,0.42587709443636873
535,hate,original,ni pellam puku denugutha  ma anna annavu ante,hate,0.596140764422326,0.596140764422326,0.40385923557767406
536,non-hate,original,liger movi బాగుంది but హీరో కి నత్తి ఎక్కువ గా ఉండడం వల్ల సినిమా పోయింది అంతే,non-hate,0.5586401507678936,0.44135984923210636,0.5586401507678936
537,non-hate,original,బ్యూటిఫుల్ మేడం,non-hate,0.5813820765749851,0.4186179234250149,0.5813820765749851
538,hate,original,Are meru marara dappukottu kovam,hate,0.5867413123946659,0.5867413123946659,0.4132586876053342
539,non-hate,original,దాన్ని పేరు ఏంటి ఐడి ఏంటి చపూ బ్రదర్,non-hate,0.5840829551994562,0.4159170448005438,0.5840829551994562
540,non-hate,original,సాక్షి అంటేనే అబద్దలకు care of address,non-hate,0.5307720793210984,0.4692279206789016,0.5307720793210984
541,non-hate,original,"అప్పట్లో dirctors కి, కంటెంట్ రైటర్స్ కి ఉన్న హ్యూమర్ సైన్స్ ఇప్పుడు ఎవరికీ లేదు.",non-hate,0.5806231364885371,0.41937686351146286,0.5806231364885371
542,non-hate,original,ఎవ్వరు చెయ్యలేని గొప్ప పని మీరు చేశారన్న మీరు గ్రేట్ అన్నా,non-hate,0.5911447882446716,0.40885521175532835,0.5911447882446716
543,non-hate,original,మీరు చెప్పే టాపిక్ వల్ల ఉపయోగం చాలా ఉంది!,non-hate,0.5935100079150968,0.4064899920849032,0.5935100079150968
544,hate,original,"Fingerprint mallareddy
Pedda donga na kodku",hate,0.5792994042474213,0.5792994042474213,0.4207005957525786
545,hate,original,ఇపుడు కూడ తన తప్పులు ఒప్పుకోవటం లేదు.. pichi munda,non-hate,0.5456466903826069,0.45435330961739306,0.5456466903826069
546,hate,original,entandi pusukunna antha pedha Mata anesav,hate,0.5628334968553117,0.5628334968553117,0.4371665031446883
547,hate,original,rgv ki siggu ledhu ammail ni oka sex doll laga choostahru,hate,0.5872830374101282,0.5872830374101282,0.4127169625898718
548,hate,original,Antha perfect ga ayithae raledhu but try chesaru kadha that's more important,hate,0.5565568962181869,0.5565568962181869,0.44344310378181306
549,non-hate,original,​debate la lo paalgone TRS naayakulaku edhutivaarini maatladaneeyakapovadam samskaaram kaadhu.,hate,0.5727411317044487,0.5727411317044487,0.42725886829555126
550,hate,original,Party paranga vaduu. Godameeda pilli laga kuda vaddu ra howla,hate,0.5925633730970536,0.5925633730970536,0.4074366269029464
551,non-hate,original,చాలా బాగుంది బ్రో. చిన్నపుడు ఇవి అన్ని మేము చేసాము బ్రో చాలా హ్యాపీ గా ఉంది ఈ సిరీస్ చూస్తుంటే. Best of luck bro.,non-hate,0.5927367461827568,0.40726325381724315,0.5927367461827568
552,hate,original,నేనూ రెండు ట్రై చేసాను సమ్మగా ఉంది,non-hate,0.5743137387481261,0.4256862612518739,0.5743137387481261
553,hate,original,Modda gudu aithyy,hate,0.5701813611751043,0.5701813611751043,0.4298186388248957
554,hate,original,అన్ని తెలుసు పోలీస్ లకు యూనిఫామ్ ఉందన్న అహంకారం  చట్టం తెలిసిన వాడు తప్పు చేస్తే తాట తీయండి అడ్వకేట్  హక్కుల కోసం ప్రజల తరఫున పోరాడండి,non-hate,0.5453573022058696,0.45464269779413036,0.5453573022058696
555,non-hate,original,Muslims hindu devullanu entha thittina parledhu... Kaani hinduvulu  Mee devudini thidithe thappenti,hate,0.5633067743812799,0.5633067743812799,0.43669322561872015
556,hate,original,Pilichi pettinchukuntaru ga....TV9 ki eemadhya sarada ayindi...,hate,0.532747580118295,0.532747580118295,0.467252419881705
557,non-hate,original,ప్రతి ఒక ఇంటర్వ్యూ లో చాలా కూల్ గా మాట్లాడతారు. నిజాలు నిర్భయంగా చెబుతాడు. ఎవడన్నా ఏమన్నా అనుకొని నేను చెప్పేది చెప్తా అనుకునే వ్యక్తి RGV...,non-hate,0.573695606521765,0.426304393478235,0.573695606521765
558,hate,original,అన్నయ్య అనే పిలుపు విని వెనక్కి తిరిగాడు,non-hate,0.5735323255022892,0.42646767449771084,0.5735323255022892
559,hate,original,alsa janalu erripuk galu jagan ni cm cheyadam enti,hate,0.5751870920769544,0.5751870920769544,0.42481290792304555
560,hate,original,అందుకే 400 అమ్మాయిలతో sex చేశాడు,non-hate,0.5375880198620195,0.46241198013798046,0.5375880198620195
561,non-hate,original,Mulapeta lo 2 years chadhukuna,hate,0.5584954521696115,0.5584954521696115,0.44150454783038856
562,hate,original,Chance esti champidengala vunnadu aunty ne,hate,0.5711590103563571,0.5711590103563571,0.42884098964364287
563,hate,original,"100% literacy rate unna kerala lo ne janalu gorrelu la unte, migilin rashtrallo unna janalu paristhiti emito...... I feel ashamed being part of this type of public",hate,0.5314169165434259,0.5314169165434259,0.46858308345657407
564,non-hate,original,"Prabhas ki super jodi,,,arabian bread vastundi",hate,0.5531040716630673,0.5531040716630673,0.44689592833693276
565,non-hate,original,Acting super undhi ga bro just story lo dammu ledh,hate,0.5503043504811986,0.5503043504811986,0.44969564951880137
566,non-hate,original,ఇద్దరూ చాలా బాగున్నారు sooooo క్యూట్,non-hate,0.5710521173855415,0.4289478826144585,0.5710521173855415
567,hate,original,ఎందుకు అల్యసాO చేస్తునవు పేటక,non-hate,0.5427229902168764,0.4572770097831236,0.5427229902168764
568,hate,original,Vadapav gaadu icc trophy elaa win aiythadoo neenu chusthaa,hate,0.5732898129293309,0.5732898129293309,0.42671018707066916
569,non-hate,original,అన్నయ్య చెబుతుంటే నోరు ఊరిపోతున్నాది....,non-hate,0.5967418695993411,0.40325813040065894,0.5967418695993411
570,hate,original,మహానుభావుడివి సార్ నువ్వు. మేడం గారు మికో నమస్కారం. ఇద్దరు సరిపోయారు. నిజాన్ని నిర్భయంగా,non-hate,0.5822125231319165,0.4177874768680835,0.5822125231319165
571,hate,original,నువ్వు వెస్ట్ దానివి దొమ్మరి దాన ఇది ఏంటిదే,non-hate,0.5619616412465058,0.4380383587534942,0.5619616412465058
572,non-hate,original,"ntha brainwashed gorrelu chesthunnaru, inko vargam enti ante bjp bots SSR influencers ga mari yuvatha ni thappu thovva pattisthunnaru a",hate,0.5757562738424944,0.5757562738424944,0.42424372615750566
573,hate,original,Car top medhega kurchuni vachindhi mee araganta auntymedha kurchuni kaadhu ga me fans tega feel aypothu support chestnaaru manchi aatagaadivey,hate,0.591095322688989,0.591095322688989,0.40890467731101093
574,non-hate,original,"Shiva gari smile ki fidaa..mee anchoring super sir..nenu macha cheppe Answers kante meru iche smile ne chusthu undipoyanu..your voice,  your style of anchoring awaysome",hate,0.5484514966225728,0.5484514966225728,0.45154850337742725
575,non-hate,original,Cut paste... video cut aaeindhi,hate,0.5172051271431011,0.5172051271431011,0.482794872856899
576,hate,original,samantha oka trigubothu lanja chai lanti mogudu vadilesindhi,hate,0.5857115392518908,0.5857115392518908,0.4142884607481092
577,non-hate,original,"Legendary అంటేనే ntr, anr, తర్వాత చిరు.  ఆయన సినిమాలు నిజజీవితానికి అద్దం పడతాయి. యువతకు దిశానిర్దేశం చేస్తాయి. ఎవడో ఏదో అన్నంత మాత్రాన legend కాకుండా పోతారా",non-hate,0.5822254461550282,0.41777455384497175,0.5822254461550282
578,hate,original,bandi sanjay gadu amit shah kukka vadu poyi vadi kaalu nakutaru,hate,0.5856060185199922,0.5856060185199922,0.41439398148000783
579,non-hate,original,Murkulani evaru emi cheyaleru...,hate,0.5466807736773909,0.5466807736773909,0.4533192263226091
580,non-hate,original,Ee video chusintarvatha mee meeda respect perigindi,hate,0.5559244474105085,0.5559244474105085,0.44407555258949155
581,hate,original,హోమ్ మినిస్టర్ 2000% UNFIT... ఆమెకి ఉన్న తెలివి కి Village member కే ఎక్కువ,non-hate,0.5504775643369674,0.4495224356630326,0.5504775643369674
582,hate,original,అంటే జగన్ కు భయపడుతూనే ఉంటారు,non-hate,0.5767701030382986,0.42322989696170144,0.5767701030382986
583,non-hate,original,సిస్టర్ నువ్వు చాలా బాగా చేసావ్ అమ్మ నీలో టాలెంట్ మామూలుగా లేదు.,non-hate,0.5831765517961396,0.4168234482038604,0.5831765517961396
584,hate,original,kcr dhi barrey karrey mukku vadu waste pm ki,hate,0.5928605362109698,0.5928605362109698,0.40713946378903015
585,hate,original,Orey manam cinemalu chudabatte vallu luxury ga brathukunnaru ra,hate,0.5500402308166782,0.5500402308166782,0.4499597691833218
586,non-hate,original,Life lo okasri ina kalavli darling ninnu,hate,0.5735193445127141,0.5735193445127141,0.42648065548728586
587,hate,original,ఏదో పెట్టేదని లేక అడిగింది,non-hate,0.5471416301394906,0.4528583698605094,0.5471416301394906
588,hate,original,Erripuku matalu baga matladathavu ra adhi nuvvu,hate,0.5694110889588828,0.5694110889588828,0.43058891104111713
589,non-hate,original,Vammo mamulodivi kadu swamy Nuvvu,hate,0.5574946409644272,0.5574946409644272,0.4425053590355728
590,non-hate,original,Movie lo content chala bagundi evvadu apaledu movie ni dilraju kuda,hate,0.5587375973751105,0.5587375973751105,0.44126240262488947
591,non-hate,original,Yenta mandhi stars vunna PAWAN KALYAN YE  POWER STAR,hate,0.5412975150596955,0.5412975150596955,0.4587024849403046
592,hate,original,Adhikaram vunte thuglak gadu emaina chesasthadu,hate,0.5721523453226247,0.5721523453226247,0.4278476546773753
593,hate,original,sia vinadaniki notlo motham petta vuntau padutadhi,hate,0.5838593238946848,0.5838593238946848,0.41614067610531524
594,hate,original,niku family undi gah ra jagratamma venkata,hate,0.5716044847854801,0.5716044847854801,0.4283955152145199
595,hate,original,కొన్ని ఆంధ్ర పందులకి బురదలోనే (ycp)ఆనందం...ఏం చేస్తాం పంది జాతి కదా అట్లాగే ఉంటది,non-hate,0.5564846474453173,0.44351535255468266,0.5564846474453173
596,non-hate,original,అన్నా నెక్స్ట్ మూవీ ఇంకా గట్టిగా కొట్టాలి... ఆల్ ది బెస్ట్,non-hate,0.5970273318961341,0.4029726681038659,0.5970273318961341
597,non-hate,original,మ్యూజిక్ చాలా చాలా బాగుంది..,non-hate,0.6127041708045741,0.38729582919542593,0.6127041708045741
598,non-hate,original,చీర కట్టుకుంటే చాలు ఎవరికైనా ఒక హుందాతనం వచ్చేస్తుంది.,non-hate,0.5863733720066091,0.4136266279933909,0.5863733720066091
599,hate,original,ముందు arrest చెయ్యండి. వాడు షికారు చేస్తున్నాడు. వాడు ఎందుకు మీడియా ముందుకు రాలేదు.,non-hate,0.5756532658360899,0.4243467341639101,0.5756532658360899
600,non-hate,original,ఒక్క ఎక్ష్ప్రెషన్తొ  మొత్తం నడిపించినవ్ నువ్వు నిజంగా లెజండ్ అన్న,non-hate,0.597276067511232,0.40272393248876803,0.597276067511232
601,hate,original,ఏంది రా మాకు ఈ సోది నీ ఎపిసోడ్,non-hate,0.565960120996917,0.43403987900308305,0.565960120996917
602,non-hate,original,డిజిల్ బదులు మందు కొడితే సరిపోతుంది,non-hate,0.5683389315988544,0.4316610684011456,0.5683389315988544
603,hate,original,ఆ పటుకోవడం లోపలికి వెళ్లి పటుకొర బాబూ రూంలో కూర్చుని పనిచేసేయి,non-hate,0.5637059280646303,0.43629407193536973,0.5637059280646303
604,hate,original,పెట్టింది పది వేలు.. లాగేది 10కోట్లు,non-hate,0.5573424053595873,0.44265759464041265,0.5573424053595873
605,non-hate,original,నెక్స్ట్ కార్తికేయ 3 మాత్రం సముద్రం లో ఉన్న ద్వారక నగరం మిస్టరీ ...Vere level  లో ఉంటది...,non-hate,0.5630674322024649,0.4369325677975351,0.5630674322024649
606,non-hate,original,One and only Mega star .....Potthi leyru....Raleyru,hate,0.5226441947504809,0.5226441947504809,0.47735580524951915
607,non-hate,original,జయహో రాజాసింగ్ భారత్ మాత కి జై,non-hate,0.570077640960148,0.429922359039852,0.570077640960148
608,hate,original,Re charge ayepothe Ela ra Google open avrhundu,hate,0.5686046771110785,0.5686046771110785,0.43139532288892146
609,non-hate,original,Anna mee Spandhana bagundhi,hate,0.5484321493999554,0.5484321493999554,0.45156785060004456
610,non-hate,original,ఈడిని చూసాక....మన సంపు మీద చాలా గౌరవం పెరిగింది...,non-hate,0.5936592460371417,0.4063407539628583,0.5936592460371417
611,hate,original,"ఇది లంజలా రాజ్యం..,. కలియుగం లో లంజేలే నీతులు చెబుతారు",non-hate,0.5576849741809168,0.4423150258190832,0.5576849741809168
612,hate,original,"Paytm kukkalu ekkada, idi kuda cbn gare plan chesaru antaremooo",hate,0.5837254849954905,0.5837254849954905,0.41627451500450946
613,hate,original,Edi lanja kabate ela janalanu chedakodutundi,hate,0.5800939431423573,0.5800939431423573,0.41990605685764265
614,hate,original,kodali nani  koja na koduku mla lankadhnulu okati levu,hate,0.5874371367964869,0.5874371367964869,0.4125628632035131
615,non-hate,original,study chesi kcr em pikindu velumundra ayina pm position lo undu that is modi,hate,0.5775644526475734,0.5775644526475734,0.4224355473524266
616,hate,original,Pilla puk comedy,hate,0.5521274861119617,0.5521274861119617,0.4478725138880383
617,non-hate,original,గెటప్ సీను acting యెంత మందికి nacchindi అద్భుతం super,non-hate,0.5580023561220369,0.44199764387796314,0.5580023561220369
618,non-hate,original,అక్క నీ పాట ప్రతి ఒక్కటి అదిరిపోతుంది,non-hate,0.5811406270993497,0.41885937290065034,0.5811406270993497
619,hate,original,vachanu anuko gudda paligipodhi,hate,0.5938399809391071,0.5938399809391071,0.40616001906089294
620,non-hate,original,శేఖర్ మాస్టర్ గారు అండ్ శ్రీముఖి గారు మీ డ్యాన్స్ బాగా అదిరింది,non-hate,0.5945163955776612,0.4054836044223388,0.5945163955776612
621,hate,original,A 1 చిల్లర రాజకీయాలు అపు...... ముందు ఇంట్లో వున్న మహీళలకు న్యాయం చేయమను.... అక్కా చెల్లెళ్ళు చేబుతారు A1 Bach ki,non-hate,0.5645433423329733,0.4354566576670267,0.5645433423329733
622,non-hate,original,అల్లు అర్జున్ కి ఏక్కడో సూడి ఉ౦ది.multitalent వున్నోడు అల్లు అర్జున్ ఒక్కడే ఇన్ ఇ౦డియా,non-hate,0.5719598114514841,0.4280401885485159,0.5719598114514841
623,non-hate,original,ఓన్లీ  బై రెడ్డి సిద్ధార్థ రెడ్డి అన్నయ్య కోసం చూసినవాళ్లు like me....,non-hate,0.5803446029347539,0.4196553970652461,0.5803446029347539
624,non-hate,original,రేవంతన్న ఇచ్చిన షాక్ కి మల్లారెడ్డి కి పిచ్చి పట్టినట్టు ఉంది,non-hate,0.5758605624246104,0.42413943757538963,0.5758605624246104
625,hate,original,"రాష్ట్రాన్ని నకించేసి తల్లి, కుతురు సైడ్ అయిపోయారు",non-hate,0.5796281656636397,0.4203718343363603,0.5796281656636397
626,hate,original,ఛీ దీనమ్మ ఎందుకు రా వీడు,non-hate,0.5492154480947146,0.45078455190528544,0.5492154480947146
627,non-hate,original,నిను చూస్తుంటే KGF సినిమాలో RACKY బాయ్ గుర్తుకు వస్తున్నాడు,non-hate,0.5524005579594249,0.4475994420405751,0.5524005579594249
628,hate,original,Me Bathukulu yenduku ra,hate,0.5654049769935576,0.5654049769935576,0.4345950230064423
629,hate,original,అబ్బా బొడ్డు ఇంత పెద్దగా ఉంటే బొక్క సముద్రం లాగా ఉంటాదేమో?,non-hate,0.5896430376548911,0.4103569623451089,0.5896430376548911
630,non-hate,original,Hii Bagunnara Harsha Sai garu  meku. Mee team members ki happy vinayaka chavithi,hate,0.5413353678493129,0.5413353678493129,0.45866463215068703
631,non-hate,original,మీరు దేవుడు సార్,non-hate,0.5691790376880184,0.43082096231198164,0.5691790376880184
632,non-hate,original,Aat..... tatha on fire,hate,0.5130822747605945,0.5130822747605945,0.4869177252394054
633,hate,original,punju vachi pitta ni dengithey nenu commentry chepijry ala vuntadhi # punjuunggamer,hate,0.5807109085125575,0.5807109085125575,0.4192890914874426
634,non-hate,original,"Abboo siggulekundaa vadu matladina matalu okkadu kuda levaledu ikkada..
Just for hate in Modi how much low can go anywhere",hate,0.5587034436895407,0.5587034436895407,0.4412965563104593
635,hate,original,Evadra erri puukodu vaadu.. Duplicate gild eskuni show dhenguthunnadu,hate,0.5868341322438295,0.5868341322438295,0.41316586775617054
636,non-hate,original,Aallu eellu andaru okkate,hate,0.5503904929382644,0.5503904929382644,0.4496095070617357
637,non-hate,original,రష్మిది అని చెప్పి ఆది లేకపోతే అలుగుతుంది స్త్రీల పరువుతీస్తున్నది,non-hate,0.5594837567230874,0.44051624327691263,0.5594837567230874
638,hate,original,Leak endhi ra secret aaa dhii,hate,0.5714469427031879,0.5714469427031879,0.42855305729681215
639,non-hate,original,Anna  plz pellichesuko sir age 43 plz anna,hate,0.5369975546285916,0.5369975546285916,0.46300244537140844
640,non-hate,original,ఆహా సూపర్ mr khan హిందూ దేవతలను అన్న వారితో కూడా క్షమాపణ చెప్పించండి అప్పుడే మీ నిజాయితీ ని నమ్ముతా.,non-hate,0.5910505225661752,0.4089494774338248,0.5910505225661752
641,hate,original,Chala worst ga undi,hate,0.5370383670042855,0.5370383670042855,0.4629616329957144
642,hate,original,kcr niku baga ekkuva ayidhi anni moukni cm avvu next karre mukku ki cm endhuku ra lanje boss,hate,0.5989511257175195,0.5989511257175195,0.4010488742824804
643,non-hate,original,Nu Track medha untey enni sarlu horn kottidhi ???,hate,0.57957539836788,0.57957539836788,0.42042460163212
644,hate,original,సిగ్గు లేకుండా తిరుగుతున్నారు ఎమ్ ఆబివుద్ది చేశారని తిరురుగుతున్నారు,non-hate,0.5788051036699893,0.4211948963300107,0.5788051036699893
645,non-hate,original,Miss u sirr.... నిజాన్ని సినిమా లో చక్కగా చూపించారు.... గ్రేట్ లెజెండ్,non-hate,0.5828062818781519,0.41719371812184813,0.5828062818781519
646,non-hate,original,ఈ పాదయాత్ర అయిపోయిన  తర్వాత ఆ 80 కంటెర్నర్లు అసలు ఉండడానికి ఇళ్లు లేనివారికి ఇవ్వండి,non-hate,0.5547579941740381,0.44524200582596185,0.5547579941740381
647,hate,original,Mentel gadini tesuku vachi kurcho pettukunnaru enti anker garu,hate,0.5829590469476035,0.5829590469476035,0.4170409530523965
648,hate,original,ఈ అమ్మాయి సిగ్గు లేకుండా ఇంకా కావరింగ్ ఒకటి,non-hate,0.5713569597176651,0.4286430402823349,0.5713569597176651
649,hate,original,నిమాటలు కడుపుకి అనం తినేవాడు ఎవరు నమరు జై హర్ష జై హర్ష హర్ష,non-hate,0.5874029275512894,0.4125970724487106,0.5874029275512894
650,hate,original,nupur sharama  rape cheshi dengutha,hate,0.5856034772141461,0.5856034772141461,0.4143965227858539
651,non-hate,original,Acting super undhi ga bro just story lo dammu ledh,hate,0.5503043504811986,0.5503043504811986,0.44969564951880137
652,hate,original,అన్ని తెలుగు ప్రాంతాల నాయకులు ఇలానే వున్నారు... లోఫర్స్.... తప్పు మనది... మనకు సిగ్గుండాలి ఇలాంటి నాయకులను ఎన్నుకున్నందుకు...తు…,non-hate,0.5838923217323819,0.4161076782676181,0.5838923217323819
653,non-hate,original,"Broooooooooooooooo  chala mandiki untai pailsu, neku vachindi movie lo chancesu pola adiri pola , all the best bro",hate,0.5403495029362264,0.5403495029362264,0.45965049706377364
654,hate,original,me koduku ki eva ra poka,hate,0.5907125063497587,0.5907125063497587,0.4092874936502413
655,hate,original,అన్ని ఇచ్చేయాల్సింది బ్రదర్ ఒంటి మీద ఏమి లేకుండా sigu lenu edava laga,non-hate,0.5097092870256154,0.49029071297438465,0.5097092870256154
656,non-hate,original,"పాలు, పెరుగు, పువ్వులు కెసిఆర్ ఫామ్ హౌస్ లో అమ్మినవ్ అది అందరికి తెలిసిన విషయమే",non-hate,0.5796207114053926,0.4203792885946074,0.5796207114053926
657,hate,original,Ramu inner peeling : night ki gunta tho dengulata ki set ipoyindi,hate,0.5713082176921562,0.5713082176921562,0.42869178230784377
658,non-hate,original,Enti Puri nuvvu entha knowledge gain chestavu.,hate,0.5569184608585152,0.5569184608585152,0.4430815391414849
659,hate,original,Apara thagubothu abbati,hate,0.5731741294340882,0.5731741294340882,0.4268258705659118
660,non-hate,original,రోజు ఈ సాంగ్ వింటాను నా రింగ్ టోన్ ఇదే అన్న సూపర్ సాంగ్,non-hate,0.5789112677010774,0.42108873229892263,0.5789112677010774
661,non-hate,original,ఇంత చక్కటి సినిమా తీసినందు మీకు ఎలా కృతజ్ఞతలు చెప్పాలో అర్థం కావటం లెదు.. ఈ  classic movie చరిత్ర lo నిలిచిపోతుంది,non-hate,0.5895669104670228,0.4104330895329772,0.5895669104670228
662,non-hate,original,Samantha script selection lo acting scope roles choose cheskuntundi,hate,0.5292736651861074,0.5292736651861074,0.4707263348138926
663,hate,original,నువ్వు ఏమి పని మీద వచ్చావు నువ్వు ఏది matlduthunvu ముందు mlc ni arest చెయ్యండి,non-hate,0.5178431097758988,0.48215689022410124,0.5178431097758988
664,hate,original,Evadentha echaru neeku dabbulu bewerse yadavalraa,hate,0.5900662415473146,0.5900662415473146,0.40993375845268537
665,hate,original,"Assaminchani suryudu ma paritala ravanna, champi chindhi nuvu nikodukey, andukey ni maranam uhathitham.",hate,0.5868765599859169,0.5868765599859169,0.41312344001408313
666,non-hate,original,ఒక ప్రజా ప్రతినిధి హోదాలో ఉండి ఇంత దిగజారి మాట్లాడే సంస్కృతి ఈ మధ్య చాలా ఎక్కువైంది,non-hate,0.5761628480821354,0.42383715191786464,0.5761628480821354
667,non-hate,original,Super concept inka music chala bagundhi short film kuda chala bagundhi,hate,0.5386273256586587,0.5386273256586587,0.4613726743413414
668,non-hate,original,sky kohili valle india semis ki vachindhi,hate,0.5669875393492472,0.5669875393492472,0.43301246065075283
669,non-hate,original,వీడు పోటీచేస్తే వార్డు నెంబర్ కూడా గెలవడు వీడు చంద్రబాబు నాయుడు గారిని టార్గెట్ పెట్టుకొని తెలంగాణలో చెంప దెబ్బలు తిన్నాడు,non-hate,0.5391374204652455,0.4608625795347545,0.5391374204652455
670,non-hate,original,Nivu kcr tho thov ra chilka,hate,0.5729854039541837,0.5729854039541837,0.42701459604581626
671,non-hate,original,Babulake Baabu Super star Mahesh Baabu,non-hate,0.5101565428496324,0.4898434571503676,0.5101565428496324
672,non-hate,original,Anna nv thopu neki sati yevaru leru,hate,0.5904377343668816,0.5904377343668816,0.40956226563311837
673,hate,original,రోజ నువ్వూ ఆ ఇకలు పికడనికి తప్పా దేనికి పనికిరావు,non-hate,0.5546715306194938,0.4453284693805062,0.5546715306194938
674,non-hate,original,BJY chaala manchi concept,hate,0.5361582382103979,0.5361582382103979,0.4638417617896021
675,hate,original,Idhi language class aa Leda mimicry artist class aa,hate,0.5296962660220335,0.5296962660220335,0.4703037339779666
676,non-hate,original,Nuvvu king mawa,hate,0.562656709004105,0.562656709004105,0.43734329099589503
677,hate,original,Arey budder khan nuvvu asalu,hate,0.5680173214396158,0.5680173214396158,0.43198267856038414
678,non-hate,original,మహేష్ బాబు ఈ రేంజ్ లో నవ్వడం ఇప్పటి వరకు ఇదే మొదటి సారి. Big thanks to Sathi anna.,non-hate,0.5750208783464485,0.42497912165355145,0.5750208783464485
679,hate,original,జనాలు లేరు బోచ్చు లేరు అంతా అంబక్,non-hate,0.5661135122896291,0.43388648771037086,0.5661135122896291
680,hate,original,"​వైసీపీ, బిజేపి ఒకటే. రెండు పార్టీలు understandig.జగన్ గారు ఇక్కడ గట్టిగా అరిస్తే అపోజిషన్ రేపు డిబేట్ లో సీఎం గారు అడగలేదు అని అంటారు.అంతకు మించి ఏమీ లేదు.",non-hate,0.5807478808185644,0.41925211918143557,0.5807478808185644
681,hate,original,"90ml సీఎం, నీకు హిందువులు అంటే ఎందుకు అంత చులకన,",non-hate,0.5780759535280501,0.4219240464719499,0.5780759535280501
682,hate,original,Ila suitcaselu petti mosam cheyatam kanna afrer results vachaka prize money la petti untey best ga endhuko ee mosalu,hate,0.576338823980028,0.576338823980028,0.42366117601997194
683,hate,original,Ycp Gunda na kodakalara randra chuskundham,hate,0.5854415394899632,0.5854415394899632,0.41455846051003675
684,non-hate,original,From recent 3 months iam addicted to your videos anna. Your way of explaining and slang is very nice,non-hate,0.5110876047174618,0.48891239528253816,0.5110876047174618
685,non-hate,original,​pavan anna madagudu ra ani cheppa,hate,0.5808674195901756,0.5808674195901756,0.4191325804098244
686,non-hate,original,నీ ఇంటర్వ్యూ అన్నిటిలో నాకు నచ్చిన ఇంటర్వ్యూ ఇది ఒక్కటే అన్న,non-hate,0.5757691257687535,0.4242308742312465,0.5757691257687535
687,hate,original,"ఆంధ్రప్రదేశ్ కొండలు, గుట్టలు కబ్జా మాఫియా డాన్ జగ్గు భాయ్",non-hate,0.5644062174712576,0.43559378252874237,0.5644062174712576
688,hate,original,Paniki malina chana,hate,0.5690437875028218,0.5690437875028218,0.43095621249717814
689,non-hate,original,ఈ పాట అంటే ఎంతమందికి ఇష్టం,non-hate,0.5810912041979905,0.41890879580200946,0.5810912041979905
690,hate,original,Stage ekkithe chalu sollu,hate,0.5693605992493682,0.5693605992493682,0.4306394007506318
691,hate,original,"Starting lo full cover aiye vesedi dresses, rating kosam ippudu Air free",hate,0.5515119035474935,0.5515119035474935,0.44848809645250653
692,hate,original,memu videos chusthe kani meku annam kuda dorakadhu alantappudu mammilini yedavalu ni chesi anukoku ra nayana sollu apu,hate,0.5973488676695058,0.5973488676695058,0.40265113233049427
693,non-hate,original,Porapatuna cinema bagaledu janalu raledu ante paristiti Vijay:Intlo padukovalsinde,hate,0.5728077680054255,0.5728077680054255,0.4271922319945744
694,non-hate,original,అప్పుడు రాజకీయ ఎదుగుదలకు కారకులయిన అద్వానీ గార్ని అవమానించారు. ఇప్పుడు పదవీవిరమణ చేసిన కోవింద్ గారిని అవమానించారు. న్యాయమా మోదీ గారు.,non-hate,0.5885249955180143,0.4114750044819857,0.5885249955180143
695,hate,original,చిరంజీవి గారు  ఇష్టం లేనప్పుడు  ఆయనతో  ఎందుకు వాయ్స్  ఓవర్ ఎందుకు చేయుంచుకున్నారు మీ సినిమాలో.,non-hate,0.5948751323749207,0.40512486762507927,0.5948751323749207
696,hate,original,దీనమ్మ రోజ ని ఎవడికైనా చూపించండి రా,non-hate,0.583595884786571,0.416404115213429,0.583595884786571
697,non-hate,original,"మేూడి డ్రేస్ ఖరీదు 15 లక్షలు , ఓక్కోక్క  డ్రెస్ కరిదు మరి ఇంత డబ్బు ఎక్కడినుంచి వచ్చాయమ్మ",non-hate,0.560430266178825,0.43956973382117503,0.560430266178825
698,hate,original,Net I pothe google lo ela search chestav ra bevakoof,hate,0.5595090004922098,0.5595090004922098,0.44049099950779025
699,non-hate,original,అంబేద్కర్ విలువ మీకు తెలిసినట్టుగా రిజర్వేషన్ తీసుకున్న వ్యక్తులకి తెలియలేదు కనీసం ఇది చూసిన తర్వాత అయినా తెలుస్తుంది,non-hate,0.578483834433502,0.42151616556649796,0.578483834433502
700,hate,original,గుడివాడ ప్రజలు ఆలోచన పరులు కానంత వరకు దేవుడు కూడా బాగు చేయలేడు వేడవలకూ పదవులు.,non-hate,0.553828624962691,0.44617137503730897,0.553828624962691
701,non-hate,original,మీరు సూపర్ మేడం పట్టుదల ఉంటే ఏదైనా సాధించవచ్చు అని మీరు నిరూపించారు,non-hate,0.5905904281600748,0.4094095718399252,0.5905904281600748
702,hate,original,ఇది frankness నీ బొంద.... అనాగరికం.... సభ్యత సంస్కారం లేని ఒక సైకో వీడు.... గుహల్లో జీవించాల్సిన వాడు.,non-hate,0.5675551764267504,0.43244482357324965,0.5675551764267504
703,non-hate,original,ప్రభుత్వ సొమ్ము ఒక్క రూపాయి కూడా వెనుక  వేసుకోలేదంటే అది APJ అబ్దుల్ కలామ్,non-hate,0.5810377989603539,0.4189622010396461,0.5810377989603539
704,non-hate,original,"డెవిల్ మూవీ కూడా Blockbuster నీకింకా తప్పదు దిగ్విజయం... నందమూరి 3 స్టార్స్  జై ఎన్టీఆర్, జై బాలయ్య, జై రామ్...... జై నందమూరి",non-hate,0.6042687736190814,0.3957312263809186,0.6042687736190814
705,non-hate,original,Andhariki rajamouli rgv inspiration emo naku meere inspiration.....words can do more than action....mee laga knowledge gain cheyyali sir nenu,hate,0.5426677072241521,0.5426677072241521,0.4573322927758479
706,non-hate,original,Bagunnavu chai and pallavi,hate,0.5471763134615422,0.5471763134615422,0.4528236865384578
707,hate,original,కరోనా వచ్చి జనాల్ని ఒక రకంగా సంపుతుంటే.,non-hate,0.5674943389628863,0.43250566103711374,0.5674943389628863
708,hate,original,ఆడు చూసి చూసి రోజా పక్కన కూర్చుంటాడేమే అనుకున్నా.,non-hate,0.5816517075314895,0.41834829246851046,0.5816517075314895
709,non-hate,original,నువ్వు మాట్లాడేది తప్పు. అన్న గురించి ఎంతైనా చెప్పుకో వచ్చు కానీ మోహన్ బాబు గారిని తమ్ముడు అని మాట్లాడడం ఏమాత్రం కరెక్ట్ కాదు. వాళ్ళ కొడుకులు కూడా సీరియస్ అయితే ఎంత పరిస్తితి ఏంటీ.,non-hate,0.588931396896027,0.411068603103973,0.588931396896027
710,non-hate,original,"ఇంత అందంగా ఎలా అంది మీరు
మీలానే మీ స్వరం కూడా చాల అందంగా ఉంది",non-hate,0.5894947037665218,0.4105052962334782,0.5894947037665218
711,non-hate,original,Power star ante movies and acting kadu real star only,hate,0.5231595040432814,0.5231595040432814,0.4768404959567186
712,non-hate,original,"Inko rendu padithey, aa migatha dula kuda theerpoddi Uday Kiran 2",hate,0.5792969491784039,0.5792969491784039,0.42070305082159604
713,non-hate,original,అంతరించి పోతున్న ఆరోగ్యావంతమైన హాస్యాన్ని తట్టి లేపిన సాత్విక్....,non-hate,0.5549015555112357,0.44509844448876434,0.5549015555112357
714,non-hate,original,ఇటువంటి చావు రావాలంటే ఎంత పుణ్యం చేసి ఉండాలో     మీ ఆత్మకు శాంతి కలగాలని కోరుకుంటున్నాను,non-hate,0.5857906057181202,0.41420939428187975,0.5857906057181202
715,non-hate,original,బాలయ్య బాబు అభిమానిని ఈ సినిమా పెద్ద ఇటు కొట్టాలని మనస్పూర్తిగా కోరుకుంటున్నాను జై బాలయ్య జై చిరంజీవ,non-hate,0.6048131744447042,0.39518682555529583,0.6048131744447042
716,hate,original,tweet:enduku kumail najaini  gudda chaal rangaluo vuntadhi kumail: enduku mi amma lipstick vunthadhi,hate,0.5611239064682649,0.5611239064682649,0.4388760935317351
717,non-hate,original,నువ్వు పడింది మంచి గాఉంది బ్రో,non-hate,0.5799040134357784,0.42009598656422165,0.5799040134357784
718,non-hate,original,అన్నా చాలా ఇంప్రూవ్ అయ్యావ్.... సూపర్,non-hate,0.6052605342786846,0.39473946572131535,0.6052605342786846
719,hate,original,E roju e liger movie chusa uttar flop movie jeevitham meedha virakthi puttipoyindhi,hate,0.5594586483344526,0.5594586483344526,0.4405413516655475
720,non-hate,original,"తన స్వయం కృషి తో కష్టపడి, తన నటనతో ప్రేక్షకుల హృదయాల్లో చెరగని ముద్ర వేసుకున్న మన మెగాస్టార్ చిరంజీవి",non-hate,0.6063413018970614,0.39365869810293863,0.6063413018970614
721,non-hate,original,Samantha acting matram ichipadesindhi thrill chestadhi second half fantastic anthe,hate,0.5510081666951095,0.5510081666951095,0.44899183330489045
722,non-hate,original,Harsha anna ni kalavaali okkasaraina,hate,0.5719567637318244,0.5719567637318244,0.4280432362681756
723,non-hate,original,Industry లో ఒక్క remark కూడా లేని ఫ్యామిలీ ఏదైనా ఉందా అంటే అది One And Only Victory Venky Anna Gaari Family Superb Raana Anna,non-hate,0.5298074550078621,0.4701925449921379,0.5298074550078621
724,non-hate,original,gorantla madav issues side chyadaniki jenasena ni kelikaru yeppatu lane,hate,0.568564322361403,0.568564322361403,0.431435677638597
725,hate,original,Mee Ayya Farmhouse Unte Mee ML Lu Appudaina Mee Ayyani Chusindra Lolly ga,hate,0.53562751771569,0.53562751771569,0.46437248228431005
726,hate,original,వీడియో తీసినాను కొట్టాల వీన్ని కొట్టాల దాని కింద వేసి కొట్టాల,non-hate,0.5660413203938784,0.43395867960612156,0.5660413203938784
727,hate,original,నేను రోజూ అనసూయను ఉహించు కుంటు కొడుతున్న,non-hate,0.5584061692677302,0.44159383073226977,0.5584061692677302
728,non-hate,original,"""నంబి నారాయణ"" గారికి జరిగిన అన్యాయం చూస్తుంటే చాలా బాధ వేస్తుంది, ""నంబి నారాయణ"" గారి త్యాగానికి మా హృదయపూర్వక ""పాదాభి వందనాలు""",non-hate,0.6006341502725564,0.3993658497274436,0.6006341502725564
729,non-hate,original,నిజంగా ఈ లవ్ స్టోరీ ఏంది భై  శీనన్న ఏడిచే సీన్ సూపర్,non-hate,0.5793142617418667,0.42068573825813327,0.5793142617418667
730,non-hate,original,Super tammudu,hate,0.5256797586207023,0.5256797586207023,0.4743202413792977
731,hate,original,owasi bro's nupur raja singh ni pakistan ledha andaman ko tarmidengali #the people who  divide india,hate,0.5635875107469736,0.5635875107469736,0.43641248925302645
732,non-hate,original,ఇందులో ఒక్క నిజం ఉంది... లైఫ్ సాఫీగా జరిగేవాళ్ళు బయట పాడారు.. ఎందుకు అంటే వాళ్లకి అవకాశాలు ఉన్నాయి కాబట్టి..,non-hate,0.6022211126517167,0.39777888734828326,0.6022211126517167
733,non-hate,original,పోలీస్ వేవస్థలో మీలాంటి SP లు ఉంటే పోలీస్ లపై  గౌరవం పెరుగుతుంది సార్...మీలాంటి SP మా తెలంగాణా లో కూడా రావాలి సార్,non-hate,0.5969953188702986,0.40300468112970145,0.5969953188702986
734,non-hate,original,మీరు ఆ స్థాయిలో ఉండి కూడా మీ స్నేహితుని పరిచయం చేయడం ఆనందకరం,non-hate,0.5876425942387844,0.4123574057612156,0.5876425942387844
735,non-hate,original,Alaanti goppollaki ilaanti goppolle pudatharu..,hate,0.5654689141358107,0.5654689141358107,0.43453108586418937
736,non-hate,original,బాగున్నారు తల్లి కొడుకులు స్టోరీ,non-hate,0.5795777591962389,0.4204222408037611,0.5795777591962389
737,hate,original,"ద్రోహం చేసింది,నిజంగా ఏపీ ఉసురు బీజేపీకి,మోడీకి తగులుతుంది.",non-hate,0.570637159671318,0.429362840328682,0.570637159671318
738,non-hate,original,చాలా యూట్యూబ్ చానల్లలో మీరు చెప్పిన గరికపాటి వారి అభిప్రాయం ప్రచారమౌతున్నది. వాటి కింద కామెంటులను సినిమా రంగం వారు చదివితే ప్రజాభిప్రాయం తెలుస్తోంది. ఏమైనా అనుకోని అనుకుంటే ఒకనాడు వారి భార్యాపిల్లలపై అదే ప్రభావం పడవచ్చు. చివరగా బుధ్ధి చెబుతుంది…,non-hate,0.5864807515517606,0.4135192484482394,0.5864807515517606
739,non-hate,original,తెలుగు రాష్ట్రాలకి మంచి మంచి నాయకులు దొరికారు సినిమాలు వెళ్లనవసరం లేదు వాళ్ళే సినిమా చూపిస్తారు మంచి కాలక్షేపం,non-hate,0.5982236330730698,0.4017763669269302,0.5982236330730698
740,hate,original,Power Lo undi evaru ra vedava,hate,0.5542670300008365,0.5542670300008365,0.4457329699991635
741,hate,original,Waste gaadu ali,hate,0.5413233945540885,0.5413233945540885,0.4586766054459115
742,hate,original,​pawalagadi gorrelaki avesam thappa alochana ledhu,hate,0.5926735132954497,0.5926735132954497,0.40732648670455035
743,hate,original,Mundhu RTC Buses lo students entha ibbandhi padivelthunnaru chudandii valla hanging conditions you have to notice everything,hate,0.5498765891784756,0.5498765891784756,0.45012341082152435
744,non-hate,original,హర్ష..! నీ మనసులగే... నీ రూపం కూడా అందంగా ఉంది......,non-hate,0.6048677650169422,0.39513223498305783,0.6048677650169422
745,hate,original,Pila nibha star vijgay overkonda guddakonda,hate,0.566102254019544,0.566102254019544,0.4338977459804561
746,non-hate,original,Ede poindi kaadu manaki,hate,0.5773665510020081,0.5773665510020081,0.422633448997992
747,hate,original,ఆపు రా డ్రామా రావు అన్ని సొల్లు కబుర్లు,non-hate,0.5736727309772827,0.42632726902271734,0.5736727309772827
748,non-hate,original,చాలా బాగా చెప్పారు అన్న.. మొదటి ఉదాహరణ వుంది అది మాత్రం.... మామూలుగా లేదు... సూపర్ అసలు,non-hate,0.6032301794973958,0.39676982050260423,0.6032301794973958
749,hate,original,Hero lu remuneration taggisthe dil raju rates penchi collections motham mingesthadanta….funny fellow,hate,0.5560100659512143,0.5560100659512143,0.44398993404878573
750,hate,original,​Ap state nu sarwa nasanam chesaru,hate,0.5644386261847796,0.5644386261847796,0.4355613738152204
751,non-hate,original,Logically what u said is exactly right.. Appreciated the way you explained the concepts of government and other way of ruling.. Good.. Keep it up dear..,non-hate,0.5349770234262222,0.4650229765737778,0.5349770234262222
752,non-hate,original,"రైతు బంద్ వల్ల ఎవరికీ లాభంరా  నాయన, ఎవరికీ ఏకువా భూమి ఉంటే వాడికే ఏకువ లాభం, నువ్వు నీ బ్రోకర్  జర్నలిజం",non-hate,0.5684743045277966,0.43152569547220343,0.5684743045277966
753,hate,original,Arey drama rao apura Ne sollu,hate,0.5728367423230283,0.5728367423230283,0.4271632576769717
754,hate,original,వేణు స్వామీ మీ మాటలు అన్నీ అబద్దం.,non-hate,0.5879158345398761,0.41208416546012394,0.5879158345398761
755,non-hate,original,ఏం అదృష్టం స్వామి అన్న నే ఫోన్ touch చేసింది.. లక్కీ,non-hate,0.5957857235004596,0.40421427649954045,0.5957857235004596
756,non-hate,original,చిరుత looks adhurs,non-hate,0.5172812412521687,0.4827187587478313,0.5172812412521687
757,hate,original,Madhi sommu ea kadha vochesthadhi,hate,0.5704268031158484,0.5704268031158484,0.4295731968841516
758,non-hate,original,అనిల్ కుమార్ గారిది తప్పలేదు కానీ ఇలాంటి సమస్యలు కూడా  రాష్ట్రంలో ఉన్నాయి అని బాగా తెలియజేసారు.,non-hate,0.5904623844362656,0.40953761556373436,0.5904623844362656
759,hate,original,Sorry to say but chinna events ki velthe ilaney jarugutundi..,hate,0.5378320040342461,0.5378320040342461,0.4621679959657539
760,hate,original,తెలివైన మూర్ఖుడు... RGV,non-hate,0.5580759143373258,0.44192408566267416,0.5580759143373258
761,hate,original,"రోజా ఆంటీ కి బాగా తెలుసు జలగ మొన రెడ్డి కి వెంట్రుకలు ఎక్కడ, ఎక్కడ ఉన్నాయో",non-hate,0.5826045147566362,0.4173954852433638,0.5826045147566362
762,hate,original,karan johar asla modda levadu anta andukey ammaila mataladuthaane vunatru,hate,0.5879268248978349,0.5879268248978349,0.41207317510216507
763,non-hate,original,​yuddham vadhu please for lokham lo shanthi vunchadhi,hate,0.5588577015388291,0.5588577015388291,0.4411422984611709
764,non-hate,original,Niku cheppada kohili one day adanu ani,hate,0.5772092630905832,0.5772092630905832,0.4227907369094169
765,non-hate,original,KCR ni chusi Vallabhai patel anukunnademo.,hate,0.5029667433405416,0.5029667433405416,0.49703325665945847
766,non-hate,original,great raa baabu movies loki  vellipoyava ra baabu,hate,0.5734406743980953,0.5734406743980953,0.4265593256019047
767,non-hate,original,Telugu tamil industry la ki break dance nerpindhe prabhudeva..meru evergreen dancer sir,hate,0.5403665791532619,0.5403665791532619,0.45963342084673803
768,hate,original,Pora kukka,hate,0.5509608747304995,0.5509608747304995,0.44903912526950046
769,hate,original,Nvvu first e channel dheni kosam pettinav kcr kosama peoples ki emaina prayojanam vundhara entha sepu kcr sanka nakuthunnav,hate,0.5872695833442388,0.5872695833442388,0.41273041665576116
770,hate,original,narottam mishra peddha langa ram setu movie ban cheyamantaru deniki movie peru lo ram vundhi ani,hate,0.5716355727539417,0.5716355727539417,0.4283644272460582
771,non-hate,original,హమ్మయ్య.. ఇప్పటికి ఒక మంచి వీడియో చేశావు తల్లి,non-hate,0.6001121714028,0.39988782859719996,0.6001121714028
772,hate,original,ఇలాంటివి చేస్తేనే మీకు 2019 లో బొక్క పడింది.,non-hate,0.5780605049325981,0.4219394950674019,0.5780605049325981
773,non-hate,original,Ram entra babu intha andamga undau super,hate,0.5611548942292637,0.5611548942292637,0.4388451057707363
774,non-hate,original,కంట్లో దురద పెట్టింది కాబట్టి సరిపోయింది,non-hate,0.5466866710722703,0.4533133289277297,0.5466866710722703
775,hate,original,ఏక్కడకి పోయండి ఈ మహిళా కమిషన్,non-hate,0.5845591164610296,0.41544088353897035,0.5845591164610296
776,non-hate,original,నువ్వు కాదయ్యా హీరో నీ యనకాల ఉంది చూడు పులి సోను సూద్ సార్,non-hate,0.5601144778724618,0.4398855221275382,0.5601144778724618
777,hate,original,jagan gabbu gadu cbn pettina manchi padakalu ni tolagichi auto valla ki 10000rs esthunnaru,hate,0.5844595148261333,0.5844595148261333,0.4155404851738667
778,hate,original,Desaani dochokotaaniki eeyanaki emi takkuvayindita,hate,0.5598888285756832,0.5598888285756832,0.44011117142431677
779,hate,original,​a bayam unte villu paripala tinnaga cheste sari ponu,hate,0.578564549901446,0.578564549901446,0.42143545009855404
780,hate,original,Telugu industry na modda kudavandi ra,hate,0.5671913732621513,0.5671913732621513,0.4328086267378487
781,non-hate,original,Sister...Nelanti vaallu thaluchukuntey condecterley kaadhu collectorlu avthaaru...kalaakarulavtharu....neku suport chestunna ne family ki..A P S R T C ki ne tharupuna Thanks cheptunna,hate,0.5571595219790932,0.5571595219790932,0.4428404780209068
782,non-hate,original,Nenu aite Jabardast show chudadam manesanu TV 5 ABN channels lo debates vchinaka,hate,0.5606787719282849,0.5606787719282849,0.43932122807171514
783,non-hate,original,Mahesh smile ...pure soul,hate,0.5029484735719102,0.5029484735719102,0.4970515264280898
784,non-hate,original,Madam meeru good questions aduguthunnaru,hate,0.5209856112739404,0.5209856112739404,0.47901438872605967
785,hate,original,𝙋𝙪𝙠𝙪 𝙙𝙖𝙣𝙜𝙞𝙩𝙝𝙝𝙖,non-hate,0.5049325401218846,0.4950674598781154,0.5049325401218846
786,non-hate,original,మీరు మాకు దూరం అవ్వడం మా దురదృష్టం,non-hate,0.5854116190488311,0.4145883809511689,0.5854116190488311
787,hate,original,Amma pai joke enty raaa..... Avulagallraa,hate,0.551465888829653,0.551465888829653,0.448534111170347
788,non-hate,original,తాను ఇంతకు ముందే చెప్పాడు నేను ఇలా videos చేయడానికి కారణం అందరూ inspire అవ్వాలి అని,non-hate,0.5801036063660879,0.41989639363391207,0.5801036063660879
789,hate,original,Chi yentra makikarma,hate,0.565306538424811,0.565306538424811,0.43469346157518896
790,non-hate,original,తమ్ముడు నువ్వు సూపర్ నిజాన్ని ఈలాగే నిర్బయంగా చెప్పు ఎవ్వనికి భయపడకు,non-hate,0.5958787014163875,0.40412129858361245,0.5958787014163875
791,non-hate,original,"RK గారు మీకు, మీ టీం కి దన్యవాదాలు, సుతి మెత్తగా ప్రశ్నలు వర్ణించారు  అహంకారికి ...అహంకారం కాస్త తగ్గినట్లు అనిపిస్తొంది",non-hate,0.5842851081011091,0.4157148918988909,0.5842851081011091
792,hate,original,Mundhu veeni interview chesthunna channel vallani thannali,hate,0.5531497538302796,0.5531497538302796,0.44685024616972036
793,non-hate,original,గ్రేట్ పర్ఫామెన్స్ సిస్ క్రింది టైల్స్ స్లిప్ అవుతున్న బలన్స్ చేసుకొని పెర్ఫెక్ట్ గా డాన్స్ వేసావ్ సూపర్,non-hate,0.5749599813403763,0.4250400186596237,0.5749599813403763
794,hate,original,erri puk moody valla srh playoffs ki pole,hate,0.5788526539582663,0.5788526539582663,0.4211473460417336
795,non-hate,original,త్వరలోనే పవన్ కళ్యాణ్ గారు ముఖ్యమంత్రి కాబోతున్నారు,non-hate,0.5947511282800143,0.4052488717199857,0.5947511282800143
796,non-hate,original,Best లీడర్ and best పోలీస్.ప్రవీణ్ కుమార్ సర్,non-hate,0.5685259270143103,0.43147407298568974,0.5685259270143103
797,non-hate,original,Comments chadivi masthu enjoy chesthunna nenaithe,hate,0.5669289972112562,0.5669289972112562,0.4330710027887438
798,non-hate,original,ఆ వైట్ డ్రెస్ లో చూస్తుంటే విజయవాడ పెద్దపులి వంగవీటి మోహన్ రంగా ను చూసినట్టుంది అన్న,non-hate,0.5643504022095661,0.4356495977904339,0.5643504022095661
799,hate,original,Ttr dongal trs pata leaders,hate,0.5596442746572239,0.5596442746572239,0.4403557253427761
0,non-hate,romanized,strIlanu vIdhiloki lagakaMdi pavan gAru chUste Ayanaki pArTI ki chèDDa peru vastuMdi,hate,0.5669256982126999,0.5669256982126999,0.4330743017873001
1,hate,romanized,Gudha paguldegale,hate,0.5705103193883607,0.5705103193883607,0.4294896806116393
2,non-hate,romanized,Nijanga ilanti extraordinary persons untaru,hate,0.51916154053893,0.51916154053893,0.48083845946106996
3,non-hate,romanized,nAku iMTarnèT mòbail DeTA ledu aMDi iMdulonuMchi Dabbulu vaste epiMchukuMdAM ani chUstunna... mAmulugA ledu anudIp gAri paMchès,hate,0.5589023219325742,0.5589023219325742,0.4410976780674259
4,non-hate,romanized,AP ki manchi rojulu vasthundhi,hate,0.5443617329537744,0.5443617329537744,0.45563826704622556
5,non-hate,romanized,Ayithe life politician kavali ra Babu.,hate,0.537986338214008,0.537986338214008,0.462013661785992
6,hate,romanized,KTR:Nannu erri puk cheshavu gah kadhara revanth,hate,0.5938844879199787,0.5938844879199787,0.4061155120800212
7,non-hate,romanized,Youtube vedios konni follow ayyedhanni tharwatha BB house lo koncham negitive feel ayya ippudu chustunte badha anipistundhi very good dancer All the Best for your future Shanmukh 💐,hate,0.5375964921429022,0.5375964921429022,0.4624035078570978
8,hate,romanized,Recharge aipothey data ela vastadhi ra erri puka,hate,0.5817111903285623,0.5817111903285623,0.41828880967143767
9,hate,romanized,vadu donga nuuv yadava,hate,0.5882341541627387,0.5882341541627387,0.4117658458372612
10,non-hate,romanized,saMskAravaMtamaina kuTuMbaM,hate,0.5399318079832156,0.5399318079832156,0.46006819201678434
11,non-hate,romanized,prajA samasyala pariShkAraMpai dRRiShTi pèTTaMDi,hate,0.5484859038581205,0.5484859038581205,0.4515140961418795
12,hate,romanized,Waste gadu Natraj is very bad behaviour,hate,0.5338853695428605,0.5338853695428605,0.4661146304571395
13,hate,romanized,Kanisam okka wicket kooda teeyaledu waste galu,hate,0.5858880742867838,0.5858880742867838,0.41411192571321626
14,hate,romanized,"Amit Shaw ki slippers vesthu bathukuthunnadu, telugu vaari gowravaanni gujarat gadidhala dhaggara thaakattu pettesthunnadu..",hate,0.5590733312242786,0.5590733312242786,0.44092666877572134
15,hate,romanized,jihah khan sucide ki karanam sooraj altanchdi sulli bhai mafia support free vare ammailtho dengithunaru,hate,0.5776215887359237,0.5776215887359237,0.42237841126407627
16,non-hate,romanized,"Police vallu cheppindi antha nijamena, poorthi enquiry ayina tharavatha nuvvu vallanu criminals Ani cheppu brother.",hate,0.5620849794546592,0.5620849794546592,0.4379150205453408
17,non-hate,romanized,prati sIn... pratI ShAT....mati potuMdi lopala awesome,hate,0.5398711482180285,0.5398711482180285,0.46012885178197144
18,non-hate,romanized,Janabha.peregutunaru.vupadhe.udhyogalu.karuve.vundhe.,hate,0.5702993647017482,0.5702993647017482,0.42970063529825175
19,non-hate,romanized,maLLI maLLI ripIT chestU chUstunna vALlu èMtamaMdi unnAru...️,hate,0.5409734626834033,0.5409734626834033,0.45902653731659676
20,non-hate,romanized,entha cute couple abbaa..!!,hate,0.5030198429503703,0.5030198429503703,0.4969801570496298
21,non-hate,romanized,Allu Arjun cinema ki pranam esatadu,hate,0.5262904235976776,0.5262904235976776,0.47370957640232236
22,hate,romanized,tèlivigalavALlani anukuMTAMgAnI kAdu adRRiShTaM emUlo eDustuMdi iTlAMTi  vALLaki. janAlato tiTTiMchukuMTe kAni nidra paTTadu,hate,0.5554570031304895,0.5554570031304895,0.4445429968695105
23,non-hate,romanized,kaDigeyaMDi mIru samAjAnni!  nAku bAdhagAne uMdi guruvugAru.,hate,0.5560790341663475,0.5560790341663475,0.4439209658336525
24,non-hate,romanized,"God bless your relation madam, jai sudhIr anna",hate,0.5187305398749927,0.5187305398749927,0.48126946012500726
25,hate,romanized,Ammai ni pattukoni kavalissindhi konuko ani anta vurukuntunda,hate,0.5700291009457026,0.5700291009457026,0.4299708990542975
26,non-hate,romanized,"shukravAraM shukravAraM sTeShan ki vachchi saMtakaM
pèTTu",hate,0.542234249943954,0.542234249943954,0.45776575005604603
27,non-hate,romanized,èMdaro  mahAnu bAvulu  vuMTAru vALlu Urikène uMDaru,hate,0.5561877950959331,0.5561877950959331,0.4438122049040669
28,hate,romanized,Nuv annantha mathrana Harsha Sai midha abimanam thaggadu ra,hate,0.5699732324579592,0.5699732324579592,0.4300267675420409
29,non-hate,romanized,nIti nijAyitI laku mAru perugA nilichina vyakti ALLa rAmakRRiShNArèDDi. amarAvati raitulakosaM nijamaina porATaM chesina vyakti. Ayana padikAlAlapATu challagA uMDAli.,hate,0.5521179758133741,0.5521179758133741,0.44788202418662587
30,hate,romanized,vachchiMdayyA mahA pativrata.... anasUya aMTene niluvèllA bUtu..... Imè chèbutuMdi nItulu... tU..... siggumAlina janma,hate,0.5507872105672461,0.5507872105672461,0.4492127894327539
31,hate,romanized,Vedoka pulkagadu vinikanna Prakash Raj better,hate,0.5581264755517206,0.5581264755517206,0.4418735244482794
32,hate,romanized,Na modda la expressions,hate,0.5474450980212602,0.5474450980212602,0.45255490197873977
33,hate,romanized,Arey ni bondha ra chetha na kodaka,hate,0.5902546543697904,0.5902546543697904,0.40974534563020965
34,hate,romanized,Vediki Gudda baga balisindi anukunta..Balayya babu meeda jokes endukura ep,hate,0.5575878727232318,0.5575878727232318,0.44241212727676815
35,hate,romanized,Veelu vedi over action,hate,0.5303143601104207,0.5303143601104207,0.46968563988957934
36,non-hate,romanized,emuMdi padavikosaM gudhdha kUDA nAkestAru I rAjakIya rAbaMdulu,hate,0.5700820048546117,0.5700820048546117,0.4299179951453883
37,hate,romanized,Yadava Veshalu taginchukunte Baguntadi,hate,0.5457248054742527,0.5457248054742527,0.45427519452574733
38,non-hate,romanized,pratipakShAlu sAmAnyuDini èdaganivvaru peda prajalaki illulu kaDutuMTe ippuDu vALlu vachchi èlA kaDutunnAru chUstAraTa MgA uMdi atani nuMchi peda prajalaki iLla paTTAlu paMpiNI cheyaDAniki vIlu ledaMTU Ayana sTejès kUrchunnADu aMTe itanu kaMpu cheyaDAniki prayatniMchestunnADu jagananna labdhidArulu iTuvaMTivi jariginappuDu bayaTaku vachchi mI tAlUkA manasulo uMDe mATanu vALlaki tèliyaparachaMDi,hate,0.5601348572301954,0.5601348572301954,0.43986514276980465
39,hate,romanized,Ore ni veshalu api pani chusko,hate,0.5843628737732119,0.5843628737732119,0.41563712622678806
40,hate,romanized,priyanka arul mohan gudda chaala sexy vuntadhi dani panga chachi dengali,hate,0.588425793302231,0.588425793302231,0.411574206697769
41,non-hate,romanized,Devudimida jokulu vesina avamanichina chala nasta potaru vinayakudito pettukokuda power full god,hate,0.5760704718566041,0.5760704718566041,0.42392952814339585
42,hate,romanized,Nuvvo moddaganivi andhuke aapesnav,hate,0.5802791217038168,0.5802791217038168,0.4197208782961832
43,hate,romanized,amarica andatho madam perigi kotukuntundi urikine,hate,0.5809120980493829,0.5809120980493829,0.4190879019506171
44,non-hate,romanized,chAlA maMchi mUvI anna ...mIru riyAkT avutAv anukunna anna ..nuvvu sUpar lAyar anna,hate,0.5458565381235301,0.5458565381235301,0.45414346187647
45,hate,romanized,Idi RTC Conducter ha leka Inka bustand lo emaina chesinda,hate,0.5710983582209637,0.5710983582209637,0.4289016417790364
46,hate,romanized,Krittika Garu Vadine Chepu tho Kothandi Live Lo....,hate,0.5409878937310326,0.5409878937310326,0.4590121062689673
47,hate,romanized,iMka Apura nAyanA... akkaDa chUyiMchu...,hate,0.5450476219505942,0.5450476219505942,0.45495237804940586
48,non-hate,romanized,mI phyAmilI lo nAku nachchiMdi nuvvu anna.. karèkT gA mATlADutAv..,hate,0.55646217147911,0.55646217147911,0.4435378285208899
49,hate,romanized,Suma garu koncham thagichuko,hate,0.5798707450042283,0.5798707450042283,0.4201292549957717
50,hate,romanized,Orey adhiga guddha mue,hate,0.5809607246286119,0.5809607246286119,0.419039275371388
51,hate,romanized,"Orey  jaffa bul bul,go and buffalo muddilo paduko",hate,0.5551016936219255,0.5551016936219255,0.44489830637807454
52,non-hate,romanized,Hanu raghavapudi love story ante super immersive ga untadi,hate,0.5348792522250594,0.5348792522250594,0.46512074777494067
53,hate,romanized,chillar party lu Anne okkatyna modi ji ni next pm modi ji yogi baba ni,hate,0.5520337251354313,0.5520337251354313,0.4479662748645687
54,non-hate,romanized,Jayamu jayamu chandranna jayamu neeku chandranna,hate,0.5509990341861266,0.5509990341861266,0.44900096581387344
55,hate,romanized,Aaku puuku theliyandhi kuda judge aipoindhi,hate,0.5844940618591135,0.5844940618591135,0.4155059381408866
56,hate,romanized,SHOES  Amithsha modi kinda Oodigam chey..,hate,0.5432573016244109,0.5432573016244109,0.4567426983755892
57,non-hate,romanized,​raani pramadam raani no problem.. next tym bjp ki vote veyandi telangana prajalara,hate,0.552725741733991,0.552725741733991,0.4472742582660089
58,non-hate,romanized,Ee madya kaalamlo vochina films lo naaku idhi baaga nachindi,hate,0.5601479896519621,0.5601479896519621,0.4398520103480379
59,hate,romanized,"Evidence unna mla kodukuni arrest cheyaledhu, police lu ki dammu ledhu",hate,0.5725599580044031,0.5725599580044031,0.42744004199559693
60,hate,romanized,Veedu aadi gaadu maaradu veediki stage cleaning pani ivvandi,hate,0.5639906028760174,0.5639906028760174,0.43600939712398257
61,non-hate,romanized,E movie Gurinchi okkadu negative ga matladina vaadu terrorist ayyi undali..,hate,0.5645824655877524,0.5645824655877524,0.4354175344122476
62,non-hate,romanized,Kaasta amma nanna paina prema kaligi vundandi bro,hate,0.5419708739516393,0.5419708739516393,0.4580291260483606
63,hate,romanized,Kulaaa pechhe fuuga undeanana,hate,0.5685731306627017,0.5685731306627017,0.43142686933729835
64,hate,romanized,Are Babu niku endukura,hate,0.5627393837509301,0.5627393837509301,0.43726061624906987
65,non-hate,romanized,"Intaki Rahul evadabba, sir indirect ga Congress Rahul Gandhi ki hint istunda kalsipodamani",hate,0.5715503959809385,0.5715503959809385,0.42844960401906157
66,non-hate,romanized,"This should be  a good lesson for youngsters.  Moral is "" jIvitaM lo gèlupuki baMdu mitrulu èkkkuva, kAni oTami èppuDu anAde""",hate,0.5384724171217683,0.5384724171217683,0.46152758287823176
67,non-hate,romanized,Vaddu Bangaram nuvvu happy ga vundali,hate,0.5477591736702005,0.5477591736702005,0.45224082632979945
68,non-hate,romanized,"kani, ekkuva cheste alasata, weakness, body peragaka povadam, teenage lo tarvata kuda face paina gaddalu pimples ravadam nijam...better keep it two-three times a week..get busy and focus on your studies and career guys.",hate,0.5397518967319003,0.5397518967319003,0.46024810326809973
69,hate,romanized,Chempa pagilddemo,hate,0.5642362256739726,0.5642362256739726,0.43576377432602736
70,non-hate,romanized,vADi asalu rUpaM ade  èvarini èppuDu vADukuni vadileyAlo vADi kaMTe e rAjakIya nAyakuDiki tèliyadu,hate,0.5724298590295664,0.5724298590295664,0.42757014097043355
71,non-hate,romanized,mI iddari valla tèlaMgANa janAlaki emanna upayogaM uMdA chèppu,hate,0.5700531047104698,0.5700531047104698,0.4299468952895302
72,hate,romanized,asla murmu president ela ayindhi india parvu poyindhi ni karra mokham eskoni,hate,0.5827242592029405,0.5827242592029405,0.41727574079705954
73,non-hate,romanized,Etuvanti interviews kadhaa manaki kavalsinavi,hate,0.5347947571695206,0.5347947571695206,0.4652052428304793
74,non-hate,romanized,sharma gAru chèppina di nijamA abaddamA ani chèppe dhairyaM vILlaku ledu,hate,0.5561258189073904,0.5561258189073904,0.44387418109260957
75,non-hate,romanized,nani anna meru great,hate,0.5708300449541707,0.5708300449541707,0.42916995504582933
76,non-hate,romanized,nuvvu tèrAsa pArTI ..uMpuDu gattenè kadA rA nuvvu,hate,0.5634523057004428,0.5634523057004428,0.43654769429955725
77,hate,romanized,meDaM ku ukka postunaTTuMdi saMkalo bADI vesukuMdi,hate,0.5811092122923154,0.5811092122923154,0.4188907877076846
78,hate,romanized,prapaMchaMlo atipèdda avinIti pArTI Tiar yas kèsiAr,hate,0.5567916783461774,0.5567916783461774,0.4432083216538226
79,non-hate,romanized,ilAMTi sèlabriTIlu ilA ShoSh ku rAvAli sir,hate,0.5553799399979855,0.5553799399979855,0.4446200600020145
80,non-hate,romanized,"Arey Babu Memu chinnappati nunchi chiru fans, pls don't hurt us, first chiru next evarina maaku",hate,0.5450436066707715,0.5450436066707715,0.45495639332922855
81,non-hate,romanized,"eii yevudra veedu, andanga vunnav antunnadu, akka antunnadu",hate,0.5819412662720138,0.5819412662720138,0.41805873372798613
82,non-hate,romanized,arey shankar ga nvvu kcr sanka nakaku ra,hate,0.574415003531866,0.574415003531866,0.4255849964681339
83,non-hate,romanized,èvaDi sTail vADidi... devarakòMDa sTail devarakòMDa di aMte iMTlo tappemuMdi... vinipistuMdi chèppanA.,hate,0.5388793018388668,0.5388793018388668,0.4611206981611332
84,non-hate,romanized,pavan kaLyAN gAru   tammuDu.... mohan bAbu ane sariki  annayya chiraMjIvi gAru chinnapilloDilA navvutuMTe èMta èMta aMdagA unnADo annayya,hate,0.5462929936810369,0.5462929936810369,0.4537070063189631
85,hate,romanized,Veedu am pikaledu ani telusu,hate,0.565630833302297,0.565630833302297,0.4343691666977029
86,non-hate,romanized,"Nenu vunnanu,nenu vinnanu,nenu chusanu.... all are eligible for the Oscar level performance",hate,0.5018800676347563,0.5018800676347563,0.4981199323652436
87,non-hate,romanized,ponle pApaM kaShTapaDDadAniki kòMchèM ayina pratiphalaM dakkiMdi …. kaLLu nèttikèkkiMchukokuMDA òdigi uMTe maMchi Future uMDòchchu,hate,0.5545739837926775,0.5545739837926775,0.44542601620732253
88,hate,romanized,rgv gadu canipovali vadi chettabandi ayina chestha,hate,0.5955274677371982,0.5955274677371982,0.4044725322628017
89,non-hate,romanized,Papam bhayya babi ki potta abbam ga vundhi,hate,0.5874314165438157,0.5874314165438157,0.41256858345618425
90,hate,romanized,Chala ibandi pettavu anna Nuvvu maa Chiru garini,hate,0.5806645298469972,0.5806645298469972,0.4193354701530028
91,non-hate,romanized,sUpar rk gAru chAlA maMchi progrAM,hate,0.5526986992232423,0.5526986992232423,0.44730130077675767
92,non-hate,romanized,bhArata deshaMlo pAlana chetakAni sIèM pAlana cheta kAka vere vALLani vimarshiMche ekaika sIèM mana batAla poShèTi,hate,0.5551045249473392,0.5551045249473392,0.44489547505266086
93,non-hate,romanized,e rashtraniki jarige prathi anyayam gurinchi niswardhanga matlade ekaika vyakti meere saar,hate,0.5647728478222566,0.5647728478222566,0.43522715217774344
94,hate,romanized,ananaya panadey vi nimma dabbalu lanti payalu,hate,0.5822368413819057,0.5822368413819057,0.4177631586180944
95,hate,romanized,chetha ra babu  NTV,hate,0.5446009782523276,0.5446009782523276,0.4553990217476725
96,hate,romanized,Hi ra T.R.S. kukka…,hate,0.5286028342065923,0.5286028342065923,0.4713971657934077
97,hate,romanized,Fans ki respect Ivvslira arye ntira,hate,0.5643818613906488,0.5643818613906488,0.43561813860935117
98,non-hate,romanized,"first aa ammai family ki security ivvandi.., night night emaina jaragochu...",hate,0.5550232246727047,0.5550232246727047,0.44497677532729524
99,non-hate,romanized,mIlAMTi vAru vuMTe ADapillalaku chAlA dharmaM jarugutuMdi sAr,hate,0.5593266958038364,0.5593266958038364,0.4406733041961636
100,hate,romanized,Ayanni okasari kodithey meeru laksha sarlu chupisthunnaru emkavali meeku,hate,0.5774032478294777,0.5774032478294777,0.4225967521705222
101,non-hate,romanized,Thank you RRR TDP ki bratkinchadamulo mi krushi marvalenidi CBN gariku,hate,0.5672047750529393,0.5672047750529393,0.4327952249470607
102,hate,romanized,gudhdha balisi kòTTukuMTunnave,hate,0.5762999439314522,0.5762999439314522,0.4237000560685478
103,hate,romanized,inkaa saavaledhu le vaadu baane sacchaadu yedhavakanipisthoone vundhigaa,hate,0.5863772776272518,0.5863772776272518,0.4136227223727482
104,non-hate,romanized,"Manaki  ibbandi ochinappudu koncham  sahinchatam
Kastam ochinappudu koncham bharinchadam
 Anandham vachinappudu koncham panchadam",hate,0.5486757665551174,0.5486757665551174,0.45132423344488265
105,non-hate,romanized,​trs party lo telangana kosam poradina valle unnara poratam ki vyatirekam ga unnollani ministers ala chesinaru..gurivinda ginja ki kinda unna macha kanapadadu,hate,0.5702305015060798,0.5702305015060798,0.42976949849392015
106,non-hate,romanized,Mahesh anna… disappointed with this movie..next movie hit avvali…,non-hate,0.5015954764730659,0.4984045235269341,0.5015954764730659
107,hate,romanized,"Jagan ni poguthunnava, leka mingutunnava...indirect ga jagan secret lu ani cheptunnav.",hate,0.5230546042862612,0.5230546042862612,0.47694539571373884
108,non-hate,romanized,Samudramlo alalu aagavu Harsha Anna ki anna meeda prema chavadi,hate,0.5671924406786893,0.5671924406786893,0.43280755932131065
109,hate,romanized,lanja puk managment valla ma warner mamali vadi velipoyaru,hate,0.5892874280548515,0.5892874280548515,0.4107125719451485
110,hate,romanized,phasT nItulu chèppAvu kadA Dabbu vaddani ippuDu èMduku tIsukomaMTunnAv..,hate,0.5580767897463867,0.5580767897463867,0.4419232102536133
111,non-hate,romanized,sUpar anna nI vIDiyos nI mATalu aMTe nAku chAlA iShTaM aMduke nI ChAnal sabskraib,hate,0.550799418059225,0.550799418059225,0.4492005819407749
112,non-hate,romanized,"BJP TRS iddaru dosthlu le , bayatiki ivanni dramalu",hate,0.5561352846042061,0.5561352846042061,0.44386471539579386
113,hate,romanized,maMglI pADina pATalu annI òkelAgane anipistunnAyi pèdda DipharèMT emI ledu,hate,0.5582999655776792,0.5582999655776792,0.4417000344223207
114,hate,romanized,Yem matladuthunnav ra? Naralu kattai poiniy Neeku lekkalenduku ra ayya? Weekend politician,hate,0.5698114725265961,0.5698114725265961,0.4301885274734038
115,non-hate,romanized,mIru charitralo nIlustaru bro Hand's off to Your help full to poor people.,hate,0.5292874813842483,0.5292874813842483,0.47071251861575164
116,non-hate,romanized,Smile chudanidhe venakki thaggavu bro nuvvu,hate,0.5894675047843878,0.5894675047843878,0.41053249521561225
117,non-hate,romanized,Pichola gurinchi vinadame gane direct ga epudu e video lo chustuna ...,hate,0.5292970236544651,0.5292970236544651,0.47070297634553493
118,hate,romanized,rechipothunnaru adhikaram lo unnaru ani ahamkara dhorani,hate,0.5619274411061667,0.5619274411061667,0.43807255889383334
119,hate,romanized,Title leak ayithe entiii leak avakapothe entiii....maku enti yee golaaa....title entooo mee build up entooo,hate,0.5394547288649632,0.5394547288649632,0.46054527113503685
120,non-hate,romanized,Die hard fan frm Kerala  Nenu choosina pedha actor uh Tollywood lo Pawan Garuu,hate,0.5398892123849504,0.5398892123849504,0.46011078761504964
121,non-hate,romanized,Naa drustilo pspk garu Devudu,hate,0.5579128664626909,0.5579128664626909,0.4420871335373091
122,non-hate,romanized,muMdu rAjA siMg nu kApADaMDi appuDe mI pArTIpai prajallo nammakaM erpaDutuMdi,hate,0.563262437116833,0.563262437116833,0.436737562883167
123,hate,romanized,poye kAlaM daggara paDiMdi deniki,hate,0.5740007981885793,0.5740007981885793,0.42599920181142076
124,hate,romanized,"Yerri paapalam manam , samanya prajalu",hate,0.5492351757650933,0.5492351757650933,0.4507648242349067
125,non-hate,romanized,"Dr YNM
1 month ago
iMdulo manaM pèddagA AlochiMchAlsina avasaraM ledu. aMtA kAlaM mahima.edo òkaroju kAlaM Ayanaku ivvavalasina giphT tappakuMDA istuMdi. chesina karmalu anubhaviMchaka tappadu.. soniyA gAMdhI ayinA, modI ayinA, chaMdrabAbu nAyuDu ayinA, jagan ayinA.. kAlaM aMte..",hate,0.5555942118156625,0.5555942118156625,0.4444057881843375
126,hate,romanized,taTTA buTTA sardukòni rèDI guMDu jagan rèDDi TaiM ayipoyiMdi,hate,0.5622380739497537,0.5622380739497537,0.43776192605024633
127,hate,romanized,Jagan eppatiki CM avvaledu raasi pettukoo....ha ....,hate,0.5327966961814551,0.5327966961814551,0.4672033038185449
128,non-hate,romanized,"Mega star ane person , definitely evadu oppukunna oppukokapoyinaa inspiration to many people long live sir",hate,0.5258873679623258,0.5258873679623258,0.4741126320376742
129,hate,romanized,jAripotAnayi..kòMchèM gaTTigA muDi veyi,hate,0.5508050481386813,0.5508050481386813,0.4491949518613188
130,non-hate,romanized,tAggi vAgutuMdi pApa Imè chilakalUrapeTalo rikArDiMg DAnsru,hate,0.5489030043368524,0.5489030043368524,0.45109699566314765
131,hate,romanized,"Nattu ga , neku manishiki undalsina lakshanam okkati kooda ledhu kadha ra.",hate,0.5677614546616749,0.5677614546616749,0.4322385453383251
132,hate,romanized,ap lo road la ki aa dikku ledh malla metro endhi mawa,hate,0.5924423800968746,0.5924423800968746,0.4075576199031255
133,hate,romanized,Yedichav le copy cat veshalu nuvvu,hate,0.5883818392948628,0.5883818392948628,0.41161816070513724
134,non-hate,romanized,"vALlu I jIvitaM lo kUDa phalaknAma pyAlas lo bojanaM chesivuMDakapoduru,nuvvu greT bro",hate,0.5686758547352128,0.5686758547352128,0.43132414526478724
135,non-hate,romanized,Ede antha fack news,hate,0.5461636692847924,0.5461636692847924,0.4538363307152076
136,non-hate,romanized,"chAlA bAgA explain cheshAru bradar. Small correction mUlAdhAra, Aj~na chakra, sahasrAra",hate,0.5462244164035789,0.5462244164035789,0.4537755835964211
137,non-hate,romanized,Allu aravind garilo manchi actor vunnaru hilarious,hate,0.5246754738224332,0.5246754738224332,0.4753245261775668
138,non-hate,romanized,ee kalam ammailu ki dabbuli vunte chaalu anukuntaru,hate,0.5727923832113027,0.5727923832113027,0.42720761678869734
139,hate,romanized,Rahul dravid vadi moddalo selection  asla chahal hi endhuku tesukole,hate,0.5742713080605881,0.5742713080605881,0.4257286919394118
140,non-hate,romanized,janaM. kUDA. mAripote.  chAlA bAgunnu kadA,hate,0.5569165769589774,0.5569165769589774,0.44308342304102255
141,non-hate,romanized,pUri chUste chAlA bAdha gA uMdi ...òkka maMchi DairèkTar ilAMTi mUvIs tiyyaDaM eMTi ...i love you pUri sir... vere hIro to mUvI tiyyi Anna,hate,0.5346601274861694,0.5346601274861694,0.4653398725138306
142,non-hate,romanized,pedavallaku apadha vasthe ventene velli sahayam chese goppa leaders komatireddy brother's  dammunna leader rajanna ma balam ma dhairyam ma pranam komatireddy brothers,hate,0.5665622813222573,0.5665622813222573,0.4334377186777428
143,non-hate,romanized,Aada Paduchula Usuru thagili Yellow party nasanam kavali.,hate,0.5669701239171889,0.5669701239171889,0.4330298760828111
144,hate,romanized,jagan amma vadi dabbulu pettali nanna gudda lo nunchi leppali,hate,0.5876224280913416,0.5876224280913416,0.4123775719086585
145,non-hate,romanized,prati pATa arapu èkkuvagA uMTuMdi èMduko anni pATalu òkelA unnAyi.,hate,0.5405484620096461,0.5405484620096461,0.4594515379903539
146,non-hate,romanized,pUri sir liger movie black baster mIku all the best sir,hate,0.5189974775794794,0.5189974775794794,0.48100252242052055
147,non-hate,romanized,Mamulu ga evvaledhu ga anchor anna,hate,0.5796041486499224,0.5796041486499224,0.4203958513500777
148,hate,romanized,araTi bòdalu anaMgA vinnAnu. ippuDu shrImukhivi chUshAnu.,hate,0.5472830077246007,0.5472830077246007,0.45271699227539935
149,non-hate,romanized,idI òka plAn prakAraM jariginaTTu uMdi bhale sIn,hate,0.5536127123734375,0.5536127123734375,0.44638728762656255
150,non-hate,romanized,Kcr bsp valu enni eastunaru month ki Nek,hate,0.5810644020758527,0.5810644020758527,0.41893559792414725
151,non-hate,romanized,Abbo iragadesindi song vere level,hate,0.5386971550834272,0.5386971550834272,0.4613028449165728
152,hate,romanized,bro delete cheyakapothey ma fans ninnu degenutharu,hate,0.5711556001901559,0.5711556001901559,0.4288443998098442
153,hate,romanized,iMta karuvulo unnareMTirA.,hate,0.5475527419396626,0.5475527419396626,0.4524472580603373
154,non-hate,romanized,Vinayaka chavithi subhakanshalu Harsha sai,hate,0.5540610129480394,0.5540610129480394,0.4459389870519605
155,non-hate,romanized,A B N  MD rAdhAkRRiShNa gAri ki  chukkalu chUpiMchina   ''K A pAl gAru'' mIru sUpar sAr nI mATallo nijAyitI kalpistuMdi..,hate,0.5425986027335605,0.5425986027335605,0.4574013972664394
156,non-hate,romanized,Avinash maMchoDu bro episode mottham choodu just nAgabAbu anamani chèppADu aMTA bro episode lo...,hate,0.5509715039847984,0.5509715039847984,0.4490284960152016
157,hate,romanized,Pastors aMdarikI òka manavi.dayachesi I vidhamaina debates vèLLi Christianity kI unna viluva taggiMchavadu.,hate,0.5566593204842423,0.5566593204842423,0.44334067951575773
158,hate,romanized,Pichi pattinattundi peekey ki. A P arachekam jaragabothundhi ani anipistundhi naku,hate,0.5692096434207198,0.5692096434207198,0.4307903565792802
159,non-hate,romanized,ilA cheste deshaM paruvu potuMdi daya chesi deshaM paruvu tIyadu,hate,0.569285844851174,0.569285844851174,0.4307141551488261
160,non-hate,romanized,maMchi Ansar ichchAru bro,hate,0.5631288440550204,0.5631288440550204,0.43687115594497955
161,non-hate,romanized,JD garu mee lanti Genuine persons Pavan gariki support ga unte baguntundi sir,hate,0.554773973590323,0.554773973590323,0.44522602640967696
162,non-hate,romanized,èMta mudduguMdo chAlA bAgunnAv baMgAraM,hate,0.5478312020631222,0.5478312020631222,0.45216879793687775
163,hate,romanized,Nuvu Am speaker ra babu,hate,0.5459707010999737,0.5459707010999737,0.45402929890002625
164,hate,romanized,èMtamaMdi DyAns mAsTar lu vachchinA prabhudevA mAsTar lAgA veyaleru,hate,0.537530371902277,0.537530371902277,0.4624696280977229
165,hate,romanized,DNR still old school...  Kalam tho Marakapote evaru aina kala gharbham lo kalisipotaru.,hate,0.5461521657332985,0.5461521657332985,0.4538478342667015
166,non-hate,romanized,prabhAs gAru anuShka gAru mIru tòMdaragA pèLli chesukoMDi,hate,0.5585750732214176,0.5585750732214176,0.4414249267785824
167,non-hate,romanized,kòMchèMkUDa hIro ane pògaru ledu greT sAr mIru,hate,0.5429748818543103,0.5429748818543103,0.4570251181456897
168,hate,romanized,Nani inkosari pk speech chudu ... Sollu kakunda raise chesina points gurinchi matladu... Sannasivenuv no doubt,hate,0.5263616619664027,0.5263616619664027,0.47363833803359734
169,hate,romanized,mohan babu oppukunna oppukokapoyina chiranjeevi peddankanni vachchina gouravam m taggipodu,hate,0.5148898635578835,0.5148898635578835,0.48511013644211654
170,hate,romanized,Atlunttadhi palanadu thitlantte sarrigga deggutam,hate,0.5845104245439161,0.5845104245439161,0.41548957545608395
171,hate,romanized,Sontha Peru meda registration chey leka piyadu,hate,0.5730405853124014,0.5730405853124014,0.42695941468759857
172,non-hate,romanized,"Hi harsha....happy vinayaka chavithi,  life long nuv happy ga undalani............aa devunni korukuntunna sai......may god bless u  harsha.",hate,0.5186922035535012,0.5186922035535012,0.4813077964464988
173,hate,romanized,sAr kèsiAr gAru viShayAlanu pUsaguchchinaTlu chèptunnAru mAdhava rèDDi nayIm la saMbaMdhiMchina vivaraMgA mATlADaDAniki ibbaMdi paDutunnAru mIru kUDA haMDrèD parsèMT  phek,hate,0.5537830984182899,0.5537830984182899,0.4462169015817102
174,hate,romanized,"Maatalu jagratha rooja .alaga janam ,kodukulu antunnavv mari antha gb voddu",hate,0.5761652519211821,0.5761652519211821,0.42383474807881794
175,non-hate,romanized,jani anna RC annatho kalisi hero ga cheste choodaalani vundhi,hate,0.5537919647450356,0.5537919647450356,0.4462080352549645
176,hate,romanized,jaganmohan rèDDi valla pillalu bAgA chUsukunnADu ani yAMkar vAgu toMdi vALLa pillalni kAka nI pillalu bAgA chUsukuMTAru,hate,0.5628173728944479,0.5628173728944479,0.43718262710555217
177,hate,romanized,"AparA.... nuvvu òka ammAyi to nIchaMgA vyavahariMchi, vènaka nuMchi gaTTigA paTTukuMdA manukunnA ani nI character lose chesukunnAv... èvaDèM chestADu?",hate,0.5544075422214602,0.5544075422214602,0.44559245777853984
178,hate,romanized,Ni moham ante kada,hate,0.5583927901351755,0.5583927901351755,0.4416072098648245
179,non-hate,romanized,ni news ni over action ki dandam ra babu,hate,0.5607619183506238,0.5607619183506238,0.4392380816493762
180,non-hate,romanized,annA kAsta jAgratta... vALle anukoni lopala  nuMDi deMtonanna visireru... kAsta gyAp ichchi potaMDe... Love you Anna... nI kaShTaM vRRidhA kAdu,hate,0.5612323636079746,0.5612323636079746,0.43876763639202543
181,non-hate,romanized,I promo chUsinaMta sepu nA mòhaMlo chirunavvu Agaledu.,hate,0.5539873762355754,0.5539873762355754,0.4460126237644246
182,hate,romanized,Vizag News reporter overaction chestunadu,hate,0.521735570132045,0.521735570132045,0.47826442986795503
183,hate,romanized,mI naDumu keka AMTI,hate,0.579424656874256,0.579424656874256,0.42057534312574396
184,hate,romanized,kaLLallo nuMchi kAmaM kAripotuMdi,hate,0.560736598619237,0.560736598619237,0.4392634013807631
185,non-hate,romanized,Adarshamaina pòliTikal lIDar ayite rAjakIya sanyAsaM tIsukuMTanani chèppAru. emaiMdi,hate,0.5478453078131926,0.5478453078131926,0.4521546921868073
186,non-hate,romanized,jai janasena mana pArTI gèlavAlani manaspUrtigA korukuMTunna,hate,0.556365394010768,0.556365394010768,0.443634605989232
187,non-hate,romanized,deshAniki panikòchche iTuvaMTi vAru nòppi lekuMDAne prANAlanu vadulutAru,hate,0.5664659606220268,0.5664659606220268,0.43353403937797325
188,non-hate,romanized,Good aMDi gIta kRRiShNa gArU maMchi. iMTarvyu,hate,0.5432017128259969,0.5432017128259969,0.45679828717400306
189,hate,romanized,Pichi hospital lo join avara ayomayam,hate,0.5520214926765896,0.5520214926765896,0.4479785073234103
190,hate,romanized,​BJP lo seat kosam baga chesav le stunt,hate,0.5398768838063808,0.5398768838063808,0.4601231161936193
191,hate,romanized,rauDI TiDipi,hate,0.5486482625908082,0.5486482625908082,0.4513517374091917
192,non-hate,romanized,"avasaraM ayinappuDu prANAlu ki tègiMchi porADutAru mana AMdrapradesh polIsulu, phArèsT AphIsars. greT",hate,0.5584597907848657,0.5584597907848657,0.44154020921513426
193,non-hate,romanized,He is genuine person aMduke lokal chillara nAyakulu aMtA kalisi vADini TArgèT cheshAru,hate,0.546156451258841,0.546156451258841,0.453843548741159
194,non-hate,romanized,kArtikeyan 2 Congratulations phar big rèspAns phram pavan kaLyAN anna,hate,0.542082541475206,0.542082541475206,0.45791745852479404
195,hate,romanized,Vedhavalu Vedhavalu anni chotla vunnaru..inka janalani yedipinchadam tappa,hate,0.5473613948217788,0.5473613948217788,0.4526386051782212
196,non-hate,romanized,chaMdrabAbu shivuDu lAMTi vADu.. viShAnni kUDA tanaloki tIsukuMTADu...ika ilAMTivi òka lèkke kAdu..,hate,0.5664446201658712,0.5664446201658712,0.43355537983412884
197,non-hate,romanized,jai rgv jai puri,hate,0.5363382544637605,0.5363382544637605,0.46366174553623957
198,non-hate,romanized,sodarulu èMta gòDava unna èvaDannA tammuDini emannA aMTe raktaM Urukodu. alAge bhAratIyulu kUDA uMDAlani gòppagA chUpiMchina rAjamauLi gAriki dhanyavAdAlu,hate,0.5516706823152349,0.5516706823152349,0.44832931768476514
199,non-hate,romanized,"tèlaMgANa udyama gItAla nuMDi, mAs gItAla mIdiki rUT mArchina maMglI",hate,0.5443940941791215,0.5443940941791215,0.45560590582087845
200,hate,romanized,Exams lo vundey vallani invigilators antaru adi kuda teleedhu Veeedu minister chesadu.... karmara babu chi.... Thuppas na kodaka,hate,0.5615911681147894,0.5615911681147894,0.4384088318852107
201,hate,romanized,pk inka ka pauk ap lo jokers,hate,0.5735282147714902,0.5735282147714902,0.4264717852285098
202,hate,romanized,tèlugu bAy phrèMD kAvAlI,hate,0.5518584539097959,0.5518584539097959,0.448141546090204
203,hate,romanized,Bochu pikanddii,hate,0.5809882878038678,0.5809882878038678,0.4190117121961322
204,hate,romanized,dInamma dIni ki iMkA eM paniledA..,hate,0.5475627025744659,0.5475627025744659,0.45243729742553407
205,hate,romanized,Em kanapadathunnayi bokka,hate,0.5805810426698181,0.5805810426698181,0.4194189573301819
206,hate,romanized,Manu garu meru involve avvakandi chala chiraku ga vuntundhi,hate,0.5462289080228617,0.5462289080228617,0.45377109197713833
207,hate,romanized,Konda gani over action kompamunchindi,hate,0.5645409300317364,0.5645409300317364,0.43545906996826356
208,non-hate,romanized,ramaNa gAru sUpar gA pADeru maLli maLli vinAli anipistuMdi mIku a devuDu iMka maMchi stAyilo vuMchAli ani korukuMTAnu,hate,0.572520190296618,0.572520190296618,0.42747980970338195
209,non-hate,romanized,Aaa Voice lo unna rajasa yogame vere level Jai Prabhas Anna,hate,0.5438216183746143,0.5438216183746143,0.45617838162538576
210,non-hate,romanized,"Jetla
​INDIA ni developed cheyadam evarivalla kadani thelisipoindi prajalaki.....unnodi inka unnntha lenodiki inka lenantha....life tho brathakali thappadu",hate,0.5535404726901015,0.5535404726901015,0.44645952730989846
211,non-hate,romanized,Anna super bro,hate,0.52790994373406,0.52790994373406,0.47209005626594003
212,hate,romanized,Self dabba yekkuva indhi Nagababu nevu ne bussu lu thoo,hate,0.589029058762697,0.589029058762697,0.41097094123730304
213,hate,romanized,teenmmar mallana kcr cheppu nakutadhu,hate,0.5908527998841213,0.5908527998841213,0.40914720011587863
214,hate,romanized,Veelu chesadi gymnastics malla vale dhani dance anukuntaru,hate,0.5633093805074645,0.5633093805074645,0.43669061949253557
215,hate,romanized,pèdda pIThAdhipati lAgA aMdariki AshIrvAdaM istunnADugA,hate,0.5487438048499342,0.5487438048499342,0.45125619515006576
216,non-hate,romanized,vADu edo jok cheste adi nuvvu nammaDame nA,hate,0.5736026083142016,0.5736026083142016,0.4263973916857983
217,non-hate,romanized,Pspk vachi photo dhigudham antey aa excitement ey veru adhi clear ga nivetha face lo kanipisthunadhi,hate,0.5809241047482101,0.5809241047482101,0.4190758952517899
218,hate,romanized,RGV effect valla Puri cinemalu anni dobbayi.,hate,0.5294686508841979,0.5294686508841979,0.470531349115802
219,hate,romanized,ilAMTi vIDiyos chestuMTe mI phyAmilI lo ADavALlu gurtuku vastalerA rA..blU byAch gA.. dAnni tannAli phasT IlAMTi vIDiyo kI òppukunnaMduku,hate,0.5492050862208466,0.5492050862208466,0.45079491377915343
220,non-hate,romanized,guMDèla paina kAdu guMDè lopala vunnAru sar mIru,hate,0.5761761890878351,0.5761761890878351,0.4238238109121649
221,non-hate,romanized,mAmulugA ledu TvisT sUpar aha kèvvu keka,hate,0.5664160481640402,0.5664160481640402,0.43358395183595977
222,non-hate,romanized,ilA emi lekuMDA unna ekaika nAyakuDu... Apj abdul kalam gaaru mAtrame,hate,0.5713285652359998,0.5713285652359998,0.42867143476400016
223,hate,romanized,yogi baba ram rahim sistudu edharu adava vallaki respect eyyaru edharu pedha langa gallu,hate,0.577627845851145,0.577627845851145,0.42237215414885504
224,non-hate,romanized,gAD blèss yu samaMta sisTar,hate,0.5551264855243943,0.5551264855243943,0.4448735144756057
225,non-hate,romanized,iTuvaMTi kathalu paDtAne dhikku lekuMDA poyiMdi,hate,0.5828329810867265,0.5828329810867265,0.4171670189132734
226,non-hate,romanized,mIku vaMda namaskArAlu rA bAbu,hate,0.5594774973134602,0.5594774973134602,0.44052250268653975
227,hate,romanized,Ravi anna oudi ounte nani vamsi anil kumar ambanti lanti vaalu noru lepevaru kaademo,hate,0.5838823358148333,0.5838823358148333,0.41611766418516666
228,hate,romanized,muMdu arèsT cheyaMDi.. mIDiyA muddu tIsukuraMDi rA...,hate,0.5598151686566888,0.5598151686566888,0.44018483134331116
229,hate,romanized,vd overconfidence valla ciniema dengindhi,hate,0.5627204889943453,0.5627204889943453,0.4372795110056546
230,hate,romanized,Andra prajalaku siggu undali sontha amma nu chellini patinchukoleni vadu Meemanli chusukuntadu,hate,0.571696521562006,0.571696521562006,0.428303478437994
231,hate,romanized,Vijay devarakonda hype tho dhamal.  Jr NTR next turn. Meeru akashaniki ethe antha great actor emi kaadu..,hate,0.547782049738124,0.547782049738124,0.4522179502618759
232,hate,romanized,Mere brathukulu inthey eka. Nasanayam aaipotai,hate,0.5753660628673363,0.5753660628673363,0.42463393713266373
233,hate,romanized,Meeru moosukunte baguntadi,hate,0.572713426905251,0.572713426905251,0.42728657309474904
234,hate,romanized,Meeru mi over action apandra babu,hate,0.5482565173424829,0.5482565173424829,0.4517434826575171
235,non-hate,romanized,aMta chirAggA vuMTe.. sTej mIda ki èMdukèllAr sAr,hate,0.5357433695573062,0.5357433695573062,0.4642566304426939
236,hate,romanized,pm modi ni pakisthan ki tarmidengali jai kcr mere next pm,hate,0.5726853709227215,0.5726853709227215,0.42731462907727846
237,non-hate,romanized,bayaTaku geMTesAru òkkasAri laiv progrAM nuMDi aMte pAsT gA paiki lechADu chUpiMchAvu oTami lo kUDA èlA paiki rAvAlo ani,hate,0.5697521839631787,0.5697521839631787,0.43024781603682133
238,non-hate,romanized,Nayakudu ela undali God bless you sir,hate,0.5261843815511527,0.5261843815511527,0.4738156184488473
239,hate,romanized,bjp malli ade double game maatladutondi....amaravathi meeda,hate,0.5507274849542003,0.5507274849542003,0.4492725150457996
240,hate,romanized,Nvvy nee build up,hate,0.5348402616836023,0.5348402616836023,0.4651597383163976
241,hate,romanized,Banisa La unnaru kadara meeru me overacting,hate,0.551022016303631,0.551022016303631,0.44897798369636904
242,hate,romanized,andukokune vaalu laga vunnaru meru natho comparision na,hate,0.5844674805016415,0.5844674805016415,0.41553251949835845
243,hate,romanized,Lancham antunaru anam garu...... inthaku mundu your government ilagey chesinda...,hate,0.5431884473010377,0.5431884473010377,0.45681155269896234
244,non-hate,romanized,paruchUri gopAla kRRiShNa gAri ki namaste mimmulanu mòdaTisAri bhArgava rAmuDi sinimAlo chUsAnu sUpar vèraiTI yAkShan sAr,hate,0.5550243382666751,0.5550243382666751,0.44497566173332487
245,hate,romanized,Ma campus ee bro lanjoduku,hate,0.5485441019536451,0.5485441019536451,0.4514558980463549
246,hate,romanized,"Ipl ki best mana palyers , international matches enduku waste",hate,0.5490068524795929,0.5490068524795929,0.4509931475204071
247,non-hate,romanized,Dnr sampadinchalani anukunte today ciniema field lo ewaru sariporu mahanubavudu daring man,hate,0.5671503693091304,0.5671503693091304,0.4328496306908696
248,hate,romanized,preity zinta oka bazzar kukka team tesukovadam kuda radu,hate,0.5882024777438127,0.5882024777438127,0.41179752225618727
249,hate,romanized,shankar ninnu bjp kukka kottinattu kodutaru,hate,0.5644814901762334,0.5644814901762334,0.4355185098237666
250,non-hate,romanized,sAr mimalni chUstuMTe kòMDaMta dairyaM vastuMdi,hate,0.5538783929967177,0.5538783929967177,0.44612160700328235
251,non-hate,romanized,mI èMTrI vachchinapuDu nitin anna bhayapaDutunnADu,hate,0.5549831279280188,0.5549831279280188,0.4450168720719812
252,hate,romanized,nenu opènahArT vit RK tappaka chUstuMTA.  iMta daridrapu iMTarvyU pèTTakuMDA vuMDAlsiMdi.  tenè pUsinakatti,hate,0.5537818947505209,0.5537818947505209,0.4462181052494791
253,hate,romanized,Ne bathukula sulli net nenu dengina vadu esthada recharge aipothe,hate,0.60161847653045,0.60161847653045,0.39838152346954997
254,non-hate,romanized,blAk sArI lo bAguMdi,hate,0.5447944966293525,0.5447944966293525,0.45520550337064747
255,non-hate,romanized,Ayana piTTakathalanu bAgA enjoy chestAM... aMtarlInaMgA oka adbhutavedAMtavAkyaM chèbutAru dAnini vadilestAM.. adImanaM. “devuDu òkkaDe.. nI maThaM kAnaMtamAtrAna verevArini dUShiMchanavasaraNaledu.”,hate,0.5467049428599364,0.5467049428599364,0.4532950571400635
256,hate,romanized,Buthula saka mantri ....,hate,0.55338587335293,0.55338587335293,0.44661412664707
257,non-hate,romanized,Aatla vastai Anna niku enni telivi tetalu oka cinema thi anna,hate,0.5595378434870025,0.5595378434870025,0.44046215651299747
258,hate,romanized,Paramboku ias officers ni vetiki kcr Jagan tesku vachi AP Telangana lo pedtaru,hate,0.5706063541915134,0.5706063541915134,0.42939364580848666
259,hate,romanized,Endhuku ante vallu chetha lanchodukulu bro,hate,0.5851680065957949,0.5851680065957949,0.414831993404205
260,hate,romanized,raja singh kalthi maal ammutharu and rowdy gunda,hate,0.5682204995655424,0.5682204995655424,0.43177950043445756
261,non-hate,romanized,"rma kosaM chUsAnu ,mòdaTisAri atanu òka hIro abhimAni èlA ullAsaMgA sTeji pai mATlADutAro alA anipiMchAru",hate,0.5433159454015961,0.5433159454015961,0.45668405459840383
262,hate,romanized,Rai atanu udyogaM correct gA chestunnADu èMduku ra nAyakulu aMduru kalisi niMdalu vestAru... nijAyitI pani cheste èvarikI nachchadu..ChI,hate,0.5398344882897919,0.5398344882897919,0.4601655117102081
263,non-hate,romanized,Ee video chusintarvatha mee meeda respect perigindi,hate,0.5559244410179436,0.5559244410179436,0.4440755589820564
264,hate,romanized,Chavu Nenu avadu apadu,hate,0.5746836555327829,0.5746836555327829,0.4253163444672171
265,hate,romanized,RK Garu neku interview cheyadam rakapoty miskuni veray vallaku chance evvandi niku respect evvadam teledu,hate,0.5878609162962734,0.5878609162962734,0.41213908370372665
266,non-hate,romanized,Ee momment ki nizam gaa aricham,hate,0.5647666598680543,0.5647666598680543,0.43523334013194576
267,non-hate,romanized,Inthamandi abhmaninchali ante entha adrushtam chesuko undali,hate,0.5750735263174176,0.5750735263174176,0.42492647368258235
268,non-hate,romanized,Paristhithulu maree intha pagabattesayenti,hate,0.5785585644399811,0.5785585644399811,0.42144143556001895
269,non-hate,romanized,mAtRRi bhASha tèlugu aMTe aMta lokuvA    pakka rAShTrAla vALLu vAri mAtRRi bhASha ki èMta gauravaM ichchu kuMTAro chUsi nerchukoMDi,hate,0.5468913805752973,0.5468913805752973,0.4531086194247027
270,hate,romanized,Lakshalu lakshalu fees lu dengina,hate,0.5463472657733366,0.5463472657733366,0.45365273422666336
271,non-hate,romanized,idi kUDA pichchi DAnsulu ki òppesukuMdi. tu dInamma. ADadi aMTe gauravaM potoMdi.,hate,0.5600121023188946,0.5600121023188946,0.43998789768110536
272,hate,romanized,Arey sollu comedy apandraaaa,hate,0.5631133625594626,0.5631133625594626,0.43688663744053735
273,non-hate,romanized,Green dress sis super ga chesaru,hate,0.5610025690759793,0.5610025690759793,0.43899743092402066
274,hate,romanized,"Me iddaru valla epI lo ADavALLa paruvu poyiMdi, padavi kosaM èMtakainA digajAre bratukulu mIvi",hate,0.5670632673483722,0.5670632673483722,0.4329367326516278
275,hate,romanized,oka ammai vi vundhi natho argue chesthava puku mosukoni inti panulu cheyi,hate,0.5828238351424929,0.5828238351424929,0.4171761648575071
276,non-hate,romanized,nijAniki prajala kosaM porADutunna ekaika nAyakuDu revaMt rèDDi gAru,hate,0.5617495751382624,0.5617495751382624,0.43825042486173765
277,hate,romanized,prathi chethanakoduku viratkohli ni anetode lavdapuk gallu,hate,0.5864135321899827,0.5864135321899827,0.4135864678100173
278,hate,romanized,Movie matram modda gudisi potadhiii pakkaa,hate,0.591482494452357,0.591482494452357,0.408517505547643
279,hate,romanized,roja ninnu choosthey nak guddalo edo nakuladhi nuuvu ni barrey guntu,hate,0.5985519483196386,0.5985519483196386,0.4014480516803613
280,hate,romanized,Nuv dancer va chiii sigguledhu Neku,hate,0.5906928874725865,0.5906928874725865,0.40930711252741353
281,hate,romanized,Tokka kooda oppukonu,hate,0.5811688553122139,0.5811688553122139,0.4188311446877862
282,non-hate,romanized,"abhivRRiddhi, saMkShemaM rèMDu chUDagala chaMdrabAbu valle rAShTraniki maMchi jarugutuMdanedi mummATiki nijaM",hate,0.5695980867647549,0.5695980867647549,0.4304019132352451
283,non-hate,romanized,Bahubali time antha Baganey Unnav Anna . Tharwatha ee sahoo ki radhe shyam nachinatlu frnds tho sitting uu food padypoyav Anna ..Ayina sarey darling ee no one,hate,0.5649508861521186,0.5649508861521186,0.4350491138478814
284,hate,romanized,"Frank ga cheppalante evari personal life valladi...
Meru chesthundi enti mari
Peruki pedda news channels... Avasaramayina news vadilesi sodhi news lu cheppatle....Apudu mimmalni alage anali ga
Enta sepu cinema valla personals lo, leda social media peru cheppi
Netizenlu troll chesthunaru anatam... Controversy lani pani kattukuni crete cheytam...ila sodhi news ee kani paniki vachevi epudyna cheppara ra?
Scrap media channels....",hate,0.5512944094066616,0.5512944094066616,0.4487055905933383
285,non-hate,romanized,Hema kuturu chala chala baguntadi chala suma show lo chusanu,hate,0.5653078197440307,0.5653078197440307,0.4346921802559694
286,hate,romanized,women ki respect ledhu malla vadu oka yogi malla ha modda cm kurchi lo vundhi,hate,0.5922076529797586,0.5922076529797586,0.4077923470202414
287,non-hate,romanized,nuv hIro avatAvu anna aMta sTayil  vuMdi nilo idi riyal mATa,hate,0.5722964103003569,0.5722964103003569,0.42770358969964306
288,hate,romanized,Nice baaga dhimpav Anchor bro.,hate,0.5560466478895936,0.5560466478895936,0.4439533521104064
289,hate,romanized,chArmi pUrtigA kudelu nAku iMko la kanipiMchiMdi,hate,0.5587883653282165,0.5587883653282165,0.4412116346717835
290,hate,romanized,ery pappa la tho comedy very pappa la uanttadhi dhodhu dhodhey,hate,0.5770605272202374,0.5770605272202374,0.42293947277976257
291,non-hate,romanized,vèMkI mAma phyAns jai vèMkI mAma,hate,0.5244258794052676,0.5244258794052676,0.4755741205947324
292,non-hate,romanized,"Babu gogineni garu, suereb ga Chepparu",hate,0.5636392599740232,0.5636392599740232,0.4363607400259768
293,non-hate,romanized,Bangaram lanti wife failure kuda supporting ga undi kani veedu vini veshalu,hate,0.5211639749064756,0.5211639749064756,0.47883602509352446
294,hate,romanized,bAgA chadivinav gA rAsukuni marI.. madhyalo mana bhAryalu annAv chUDu,hate,0.5621952378639379,0.5621952378639379,0.4378047621360622
295,hate,romanized,bAnisa kaTTappalu bayaTaki vachchAru..ika jagan ki bhajana chèyyaDAniki..,hate,0.5557327652105496,0.5557327652105496,0.4442672347894504
296,non-hate,romanized,pApa chetiki katti ichche sIn ènnisArlu chUsinA kaLLalo nILlu tirugutunnAyi... Great thought by director,hate,0.5441487720312352,0.5441487720312352,0.45585122796876476
297,non-hate,romanized,mègAsTAr chiraMjIvi gAru appaTiki ippaTiki èppaTikI lèjèMDarI AkTar in world,hate,0.5357160625622317,0.5357160625622317,0.46428393743776825
298,non-hate,romanized,In direct reshmi ke kiss aadiga du sudheer bhaiyya,hate,0.5611036948973291,0.5611036948973291,0.4388963051026708
299,non-hate,romanized,saMkrAMtiki rAbotunna chiraMjIvi gAri sinimA mariyu bAlakRRiShNa gAri sinimA maMchi vijayaM sAdhiMchAlani korukuMTU,hate,0.5454968284919495,0.5454968284919495,0.4545031715080505
300,non-hate,romanized,sUpar anna jai pavan kaLyAN jai janasena nèksT sIèM pavan kaLyAN gAre,hate,0.5383156211899357,0.5383156211899357,0.4616843788100643
301,hate,romanized,appude amindi mundundi musallapanda chudu ra,hate,0.5830595783171668,0.5830595783171668,0.41694042168283324
302,non-hate,romanized,Veedu gelisthe telangana people dhi kuda adhe situation,hate,0.5771923314618914,0.5771923314618914,0.4228076685381085
303,hate,romanized,Dhusta chaathuryam!  Meeru ilantivi enni chesina em pikalerra!,hate,0.564408570313206,0.564408570313206,0.43559142968679393
304,non-hate,romanized,Helping nature kuda vundaali apude manishiki viluva,hate,0.5661688886102033,0.5661688886102033,0.4338311113897967
305,hate,romanized,marade tèlisi tèlisi nippullo chetulu pèTTaDaM aMTe,hate,0.5609442815123534,0.5609442815123534,0.4390557184876466
306,non-hate,romanized,Mr. Bandi asalu 2019 ki muMdu ni asthi èMta ippuDu nI Asthi èMta..,hate,0.5474893465253373,0.5474893465253373,0.4525106534746627
307,hate,romanized,Anchor be like: pichi na kdklni andharu ikkade unnaru,hate,0.5516436731672283,0.5516436731672283,0.4483563268327717
308,non-hate,romanized,"Megastar tho dutt garu 4movies theesthey 3 industry hits.charan janvi tho thwaraga jvas 2 thiyyandi
Dutt garu",hate,0.5437377942598434,0.5437377942598434,0.4562622057401567
309,non-hate,romanized,E bjp oil rates increase chesi vanta cheyali ante kastam undi anna,hate,0.5476196388225018,0.5476196388225018,0.45238036117749825
310,non-hate,romanized,prajala tarapuna iMta sudIrgha porATaM chesi tAnu gèlichi mammalni gèlipiMchina dilIp suMkara gAriki hRRidaya pUrvaka shubhAkAMkShalu...jai bhIm ...jai bhArat...,hate,0.5665652776422987,0.5665652776422987,0.43343472235770125
311,non-hate,romanized,Vijay Devarakonda fans ekkada thagedhele,hate,0.5624387709502134,0.5624387709502134,0.4375612290497865
312,non-hate,romanized,maheSh bAbu la vuMD sitAra pApa chAlA kyUT gA uMdi,hate,0.5593511997277021,0.5593511997277021,0.44064880027229797
313,hate,romanized,Povee pukuu mundaa,hate,0.5807643365766529,0.5807643365766529,0.41923566342334706
314,non-hate,romanized,"poyi central appulu chudu, hunger index, inflation, poverty, unemployment etc Telangana lo least unemployment and development is peaking up rapidly.",hate,0.5329833650609425,0.5329833650609425,0.46701663493905754
315,hate,romanized,laMjAkòDukulu laMjamuMDala jokulA ivi nA kòDakallArA,hate,0.5513667430640783,0.5513667430640783,0.4486332569359217
316,hate,romanized,shaq modda ante vunnavu ra kevin neku enduku affair,hate,0.5811147818230726,0.5811147818230726,0.41888521817692737
317,non-hate,romanized,nA Upiri unnaMtavaraku nA oTu mIke annA,hate,0.5609456689891463,0.5609456689891463,0.4390543310108536
318,non-hate,romanized,Prathi scene prathi shot u mind pothundhi Amma baboy Awesome script selection,hate,0.5373928100117273,0.5373928100117273,0.46260718998827266
319,hate,romanized,Idendayya idi Mariiii ila thayarayyaru Dandaalu ra ayya,hate,0.5697398454409475,0.5697398454409475,0.4302601545590526
320,non-hate,romanized,special respect for Indian cricket thanks for ( international board of Australia),non-hate,0.5081027054337175,0.4918972945662825,0.5081027054337175
321,non-hate,romanized,Cheppedhi em lekapoina ha hm ani anna parledhu vallatho matladali anthee,hate,0.5777564099724208,0.5777564099724208,0.42224359002757916
322,non-hate,romanized,Gudivada king true leader,hate,0.527454324696312,0.527454324696312,0.47254567530368796
323,hate,romanized,siggu vundali amma jagan lanti erripuk kanna anduku,hate,0.5650042552234683,0.5650042552234683,0.4349957447765317
324,non-hate,romanized,All the best annya aaa..ni Hard work apudu ki waste kadhu sir jai janasena,hate,0.5536394823549005,0.5536394823549005,0.44636051764509954
325,non-hate,romanized,appaTlo sunIl kosame DailAgs uMDevi ipuDu AlA lèv,hate,0.5595516695835528,0.5595516695835528,0.44044833041644715
326,non-hate,romanized,vAv mI DAns sUpar sUpar,hate,0.5340919792817096,0.5340919792817096,0.46590802071829046
327,non-hate,romanized,vAru èvarito pèTTukuMTe mIkèMdukusAr.mIru roDlu èMduku iyyaledu? prAjèkTulu èMduku kaTTaDaM ledu? èMduku iMta appulu chestunnAru madyapAna niShedhaM èMduku cheyaledu? kaMpènIlu èMduku tIsukurAvaDaM ledu?,hate,0.5459631510980889,0.5459631510980889,0.45403684890191115
328,hate,romanized,siggu saraM vunna vALLu èvaru vIDi sinimAlaku pòkaDadu ..... eMTrA A bAShA ...,hate,0.5375102374599257,0.5375102374599257,0.46248976254007435
329,hate,romanized,po ra pichi kukka . siggu ledhu em ledhu asla manishi vey na,hate,0.5829161150503404,0.5829161150503404,0.41708388494965964
330,non-hate,romanized,Ilanti MLA Anni niyojaka vargallo enduku leru!!!,hate,0.5534034612028232,0.5534034612028232,0.44659653879717676
331,non-hate,romanized,Full video please bayya,hate,0.5150882997824452,0.5150882997824452,0.4849117002175548
332,hate,romanized,tòDalu... assalu unnAyi,hate,0.5195459628485433,0.5195459628485433,0.4804540371514567
333,non-hate,romanized,Dress bavundi kaani phone poyindi,hate,0.5408135051456173,0.5408135051456173,0.4591864948543827
334,hate,romanized,èMduku rikArDiMg DAns vALLaki viluva ledu aMTe... ilAMTi mATalu... vèkili cheShTalu valle...,hate,0.5494322431021365,0.5494322431021365,0.45056775689786355
335,non-hate,romanized,asalu iMglIShu sinimAlu lone ilAMTi padAlu uMTAyi.,hate,0.555416656185652,0.555416656185652,0.444583343814348
336,hate,romanized,muMdu muMdu spaShTaM gA bUtulu mATlADestAru emo,hate,0.5483244939473251,0.5483244939473251,0.451675506052675
337,hate,romanized,Anduke film dobbindii,hate,0.5678844000756256,0.5678844000756256,0.4321155999243744
338,hate,romanized,kallu pathukoni sanka kannidhi meru,hate,0.5721759188754887,0.5721759188754887,0.42782408112451137
339,non-hate,romanized,Ade matani dukuduga cheppandi. Siva garu kanabadatharu maku. Voice belaga vundi.,hate,0.5667642867300066,0.5667642867300066,0.43323571326999344
340,hate,romanized,ideMTI ilA naDustuMdi,hate,0.552269641579473,0.552269641579473,0.447730358420527
341,non-hate,romanized,kohlI ki anukulaM gA mariyu phAm lo unnapuDu 3 icc cups aMdiMchinA dhoni gauravaMgA kèpTènsI vadulukunnADu..aMdaru riTairmèMT taravAta lèjèMDs ayyaru kAnI kohli krikèT aDutune lèjèMD sthAyI nI aMdukunnADu..kohlI sTeyi vADu kèpTènsI kosaM ilA gòDavapaDaTaM valla prapaMcha sthAyI abhimanulunnA kohli tAnA sthAyini tAgiMchukunnavADu avvutADu..kohli winning persentage yèkkuvunnA..IPL.kAni,hate,0.5504468090596084,0.5504468090596084,0.4495531909403916
342,hate,romanized,Areyy vanni mental hospital loo join cheyyadraaa,hate,0.5572562874037774,0.5572562874037774,0.4427437125962226
343,hate,romanized,Nijame lanjalara ammavadipuku degichukoniki thisukunara,hate,0.5641115983304927,0.5641115983304927,0.4358884016695072
344,non-hate,romanized,"chAlA adbhutaMgA myUjik DAns sTèp risalT sUpar,,",hate,0.5347048670292985,0.5347048670292985,0.46529513297070146
345,non-hate,romanized,anil gAnI vAyis viMTe nAku èkkaDo kaludi.... viDu vini mATalu...vèsT na kòMdi,hate,0.5500460964602316,0.5500460964602316,0.44995390353976833
346,non-hate,romanized,asalu hAran kòTTakapote Train ippaTlo rAdani arthaM,hate,0.5530746508183825,0.5530746508183825,0.4469253491816175
347,hate,romanized,first koja johar ni india nunchi tarmidengithe sangam pedha pothadhi,hate,0.582917532882903,0.582917532882903,0.417082467117097
348,non-hate,romanized,Ending naku tears vachai  bro. Harsh sai real hero. God bless u brother.,hate,0.5226650765344045,0.5226650765344045,0.4773349234655954
349,non-hate,romanized,Sometimes nuvvu vacchinanduku chala feel avutunna ninnu ilanti position lo vunchina naaa lanti die hard fans ni chustunte anna,hate,0.5529523919788553,0.5529523919788553,0.44704760802114474
350,hate,romanized,roja oka noru vunna pichi lanja noru vundhaani edho edho matladthi,hate,0.5792453766926521,0.5792453766926521,0.4207546233073479
351,hate,romanized,Eema em peekindhi ra judge la pettaru,hate,0.5876224318701919,0.5876224318701919,0.412377568129808
352,non-hate,romanized,Avnu nenu mimmalni chusanu chaala sarl,hate,0.5642109569800366,0.5642109569800366,0.43578904301996335
353,hate,romanized,Modda gudisipotav bollywood content lamti movies tistey,hate,0.5553034622381963,0.5553034622381963,0.4446965377618038
354,hate,romanized,Picha Na Kodaka!! Vinipisthunda Ra Vijay Ga !!,hate,0.532534821145744,0.532534821145744,0.467465178854256
355,hate,romanized,Poyakalam deggara padinappudu alage chestharu,hate,0.5619447243785485,0.5619447243785485,0.4380552756214516
356,hate,romanized,saMkanAkistuMdi... idi kUDA nijame,hate,0.5513704546101204,0.5513704546101204,0.44862954538987965
357,hate,romanized,Arey howle Nizamabad MP Pasupu bord Edhi be Nv esukunna Angi lagu kudha Cangress icchindhe and TELANGANA icchindhi kuda Cangress A meeru cheppe Digital India lo ni AAdhar card kuda Cangress tecchindhe,hate,0.5611561381660037,0.5611561381660037,0.4388438618339963
358,hate,romanized,"Tickets rates thagginchaali..appudey janaalu theatre ki vastaaru.. Budget peruguthondhantey dhaanikkaranam producers e... Heroes budget, north Indian heroines, valla staff ni mepaali ivvanni thadisi mopodavuthunnayi",hate,0.5594168942647837,0.5594168942647837,0.4405831057352163
359,non-hate,romanized,First telangana gurunchi edvu  jai bjp,hate,0.5660235709126258,0.5660235709126258,0.43397642908737416
360,hate,romanized,"vidveShAla ,vaiShamyAlu guriMchi bIjepI mATlADaTaM....",hate,0.5455043228410095,0.5455043228410095,0.45449567715899053
361,hate,romanized,vIDiki iMta maMdi avasaramA vovar kUDA,hate,0.560071450420341,0.560071450420341,0.43992854957965893
362,hate,romanized,"alI siggundali nIku, sanskaram ledu nIku, navvutU unna so called celebrities ki navvu èlA vastuMdo",hate,0.5719493114539906,0.5719493114539906,0.4280506885460094
363,hate,romanized,Gee bajaru chillara dhaniki baga hype icharu kadha ra thu,hate,0.5792904719845697,0.5792904719845697,0.4207095280154302
364,hate,romanized,nehru amman denga ni valla india pakistan godava inka vundhi,hate,0.5838678637409812,0.5838678637409812,0.4161321362590188
365,non-hate,romanized,Alochana chestunnAM DrAmA rAv IsAri mimmalni oDiMchAli ani,hate,0.5495883302836413,0.5495883302836413,0.4504116697163587
366,hate,romanized,Arey badcaw recharge iypothe data ala osthundhr rah,hate,0.5640253826873557,0.5640253826873557,0.4359746173126443
367,hate,romanized,òrey musilDAnni kUDA vadala vArA,hate,0.5600131437561426,0.5600131437561426,0.4399868562438573
368,hate,romanized,sharmila nuvvu ooriki ki poyi record dancelu cheskho,hate,0.5673686575738812,0.5673686575738812,0.43263134242611884
369,hate,romanized,Veedi maatalaku yentha mandi kodathaaru veeni,hate,0.5759516352509217,0.5759516352509217,0.4240483647490783
370,non-hate,romanized,Are yAdava llA rA megastar taravAta pavan kaLyAN rA  chiru sar Ayana Vera leval jai bAlayya,hate,0.5654330816647373,0.5654330816647373,0.4345669183352628
371,non-hate,romanized,Ennisarlu chusina chudalanipinche great scene idi,hate,0.5384218331280455,0.5384218331280455,0.4615781668719546
372,non-hate,romanized,sUpar DyAns mAsTar jAnI,hate,0.534256020119975,0.534256020119975,0.465743979880025
373,hate,romanized,Ammai ni pattukoni kavalissindhi konuko ani anta vurukuntunda,hate,0.5700291009457026,0.5700291009457026,0.4299708990542975
374,hate,romanized,nIlAMToLlu pAlammina vALlu chAlAmaMdi unnAru vALLaki èMduku rAvaDaM ledu adRRiShTaM .... anni dòMga panulu chesinav,hate,0.5388429156214272,0.5388429156214272,0.4611570843785728
375,non-hate,romanized,Ee styles and mannerisms present andaru vaduthunnaru mana industry lo,hate,0.557230144668576,0.557230144668576,0.442769855331424
376,non-hate,romanized,"nenu chUsina velAdi phannI vIDiyolallane TAp 1 leDI AkShan vIDiyo idi .,,,ammAyi AkShan sUpar",hate,0.5497435661417615,0.5497435661417615,0.45025643385823855
377,non-hate,romanized,elaanti sannasi matalu vinalani maku ledu mundu sari ga matladu mariyada ichi puchukovale anthegani Telangana slag Ani memilage matladtha mante vere partila telanganollu kada,hate,0.5838460223833564,0.5838460223833564,0.4161539776166436
378,non-hate,romanized,Sir Arun Kumar garu meeku hrudayapurvaka namaskaramulu.sir nenu kuda Kapil chit lo chit one L.. vesanu .chit purti ayipoyindi.nene kakunda ma brother cheta friends cheta kuda veyinchaanu.but ippariki amont ivvatam ledu.amont adigite danilone fixid deposit cheyyamantunnaru. consumer court ki velte baguntunda.plz salaha istarani aasisunnanu,hate,0.5529248136516096,0.5529248136516096,0.4470751863483904
379,hate,romanized,mohan bAbu gAru kònni prashnalaku samAdhAnaM chèppaleka bikkamòhaM veshADu. nILlu namulutunnADu,hate,0.552138097103263,0.552138097103263,0.447861902896737
380,hate,romanized,Roja niku minister ichindhi ha shaka ki nayam cheystav ani. Cheera lu pampala miku antey anam garu cutdrawer lu pampala annadu saripoyindha. Power unnantha varaku baganey untundhi.,hate,0.5857162907201866,0.5857162907201866,0.4142837092798134
381,hate,romanized,Ee over action ke... Sankaa naakadu.. Kada. Ayinaa buddi raa ledu,hate,0.5615478032050134,0.5615478032050134,0.43845219679498665
382,non-hate,romanized,Orey baffun gaa college fees lu thakkuvva chesthee nee mukaniki adi chaluu,hate,0.5798664260043248,0.5798664260043248,0.4201335739956752
383,hate,romanized,BJP Sanka naku teenmar vartalu,hate,0.5543075929981855,0.5543075929981855,0.4456924070018145
384,non-hate,romanized,Rip sir.... Atma ki shAMti kalagAlani korukuMTunnAnu....mana deshaMlo unnadi ilAMTi baDA pArishrAmikavettalu sAr.,hate,0.5556002110476674,0.5556002110476674,0.44439978895233256
385,non-hate,romanized,iTuvaMToLlu maMtrulugA uMDaDaM tèlaMgANa chesina duradRRiShTaM,hate,0.5517733746867801,0.5517733746867801,0.44822662531321994
386,hate,romanized,Twaralo telugollanta pichollawutaaru,hate,0.5736460350808613,0.5736460350808613,0.4263539649191387
387,non-hate,romanized,Next generation chala strong ga prepare chesthunnaru,hate,0.5252666064184676,0.5252666064184676,0.47473339358153244
388,non-hate,romanized,vAmmo sUpar chiTTi thalli ️ AkShan ke prANaM posèla annav rA mummy,hate,0.5602106151734574,0.5602106151734574,0.43978938482654256
389,non-hate,romanized,kutta paguluddi èvaDainA(any party/any other fans) ènTIAr anna ni takkuva chesi mATlADite,hate,0.5526507887814347,0.5526507887814347,0.44734921121856525
390,hate,romanized,Edi over action,hate,0.5319825549630401,0.5319825549630401,0.4680174450369598
391,hate,romanized,"Chi chi neeku anchoring evadu nerponchondo....farmers ni arrest chesinaru ante...safety ki antava,intha dikkumaalina answer emina vuntada asalu,ante anyayam jarigindi Ani chepte arrest lu chestaru,ala arrest cheyyadam correct antava nv",hate,0.5605384058675251,0.5605384058675251,0.4394615941324748
392,non-hate,romanized,gèTap shInu vAv sUpar mAn mègAsTAr bADI lAMgvej yAs iT is diMchesAvu sUpar,hate,0.5448855775191288,0.5448855775191288,0.45511442248087114
393,non-hate,romanized,Sudheer ni timingi timing anna,hate,0.5410909468533914,0.5410909468533914,0.45890905314660857
394,non-hate,romanized,tèlugu lo unnA anni vlog ChAnèl vALlani esukunna NTB Anna ki dhanyavAdAlu..,hate,0.5463454381723774,0.5463454381723774,0.4536545618276226
395,hate,romanized,abaddhAniki pèdda noru uMTuMdi,hate,0.571117320927885,0.571117320927885,0.428882679072115
396,non-hate,romanized,"ghaDDagA marI manAvar gAniki kUDA chèppu hiMdU devuLLa paina jokulu cheyòddani, mari vAni Sho ku parmiShan ivvakuMTe ivannI kAkuMDè kadA",hate,0.5722810711081912,0.5722810711081912,0.4277189288918088
397,non-hate,romanized,èMduku sir ayipoyina pèLliki meLAlu!!! vadileyaMDi sir. iddarU ilA tiTTukovaDaM janAlaki vinodaM ayipoyiMdi sir,hate,0.5654472291493005,0.5654472291493005,0.4345527708506995
398,hate,romanized,itlantivi èMduku chestAraMDi meeru rotta cinemalu matrame chestaru sir meeru... any way .. ayina meerante naakistam sir,hate,0.542973681297519,0.542973681297519,0.45702631870248106
399,hate,romanized,iShTaM leni jAb chestunaTTu uMdi prabhAs phes,hate,0.5632238235442301,0.5632238235442301,0.43677617645576994
400,non-hate,romanized,Power star.....anedi oka brand....evadu padithe vadu power star kadu...kaledu...king okkade power star okkale...only powerful power star pavan Kalyan okkade,hate,0.519775046342386,0.519775046342386,0.4802249536576139
401,non-hate,romanized,Maa allu aravind gari comedy super allu sir plz meeru movies loo act cheyandi,hate,0.5326224309816167,0.5326224309816167,0.46737756901838334
402,hate,romanized,inumu inumuni️ kAdu ènumu ènumuni anAli,hate,0.541167921635211,0.541167921635211,0.458832078364789
403,hate,romanized,malla manchi erri puku vodu,hate,0.5907142730442105,0.5907142730442105,0.4092857269557895
404,hate,romanized,pedavADu ki  jagan gAru  è maMchi  pani chestunna  dAniki  korTulo  kesulu pèTTi  na.  bòlli gADu kI  oTu èvaru vèyaru,hate,0.5688262277544057,0.5688262277544057,0.4311737722455943
405,hate,romanized,Dance raani dhanni dance judge ga pettaru,hate,0.5388036449768572,0.5388036449768572,0.4611963550231428
406,non-hate,romanized,Chala ante chala bagundi bro,hate,0.5636258240351932,0.5636258240351932,0.4363741759648068
407,non-hate,romanized,Are o nuvvu sollu aapu thammi,hate,0.5789133000555613,0.5789133000555613,0.42108669994443876
408,non-hate,romanized,noTi tègulu ani rAsAv kadarA. mI ChAnal kannA noTi tègulu èvarikI uMTAdi.,hate,0.5506074061908306,0.5506074061908306,0.44939259380916935
409,non-hate,romanized,friendly ga annadu,hate,0.5441980129478209,0.5441980129478209,0.4558019870521791
410,hate,romanized,pòrapATuna maLLI gAnI rAjashekhar rèDDi gAru vastè kurchI pòddani tIsukèLLi kUrchobèTTaDu,hate,0.5470512306544899,0.5470512306544899,0.45294876934551004
411,non-hate,romanized,vALlU èlA uMTe manaku èMduku vALLa sòMtavishAyalu,hate,0.5445980333864604,0.5445980333864604,0.45540196661353954
412,non-hate,romanized,"Ycp lo meeru emi cheyaleru
Jsp lo neeku nachhinattu vundavachhu",hate,0.5736960411283234,0.5736960411283234,0.42630395887167655
413,hate,romanized,pavan kaLyAN mUvIs lo hIro... rAjakIyaM lo ' 0',hate,0.537132213699977,0.537132213699977,0.46286778630002307
414,non-hate,romanized,mòttaM chUsA nijAyatI gA vunnAyi prashnalu javAbulu..sUpar bai rèDDi siddArth rèDDi,hate,0.5446767251407765,0.5446767251407765,0.45532327485922347
415,non-hate,romanized,"RK gAru, sagaM mIre mATlADestunnAru, dayachesi avatalivALLani pUrti gA mATlADanIyaMDi.",hate,0.5548514923340568,0.5548514923340568,0.4451485076659432
416,non-hate,romanized,Manchu family ki inka respect undi ante adi only nee valle manoj anna,hate,0.5555777845406522,0.5555777845406522,0.4444222154593478
417,non-hate,romanized,Godfather maro  Pan India Block buster coming soon jai chiraMjIva,hate,0.5178343751535297,0.5178343751535297,0.4821656248464703
418,non-hate,romanized,Meku kuda manchi bavisath unntadi,hate,0.5669614183644023,0.5669614183644023,0.4330385816355977
419,hate,romanized,"Bhuthulu gurinchi, double meanings gurinchi nuv matladodhu anusuya plz",hate,0.5574037434919294,0.5574037434919294,0.4425962565080705
420,non-hate,romanized,ènni sArlu chUsina chUDAlani anipiMche speech,hate,0.5507487751514191,0.5507487751514191,0.4492512248485809
421,non-hate,romanized,Evadiki vadu acting eraga tistunnaru,hate,0.5702342648095834,0.5702342648095834,0.4297657351904166
422,non-hate,romanized,Manchu Family Paruvu kapade Manishi Nuvvu Okkade anna,hate,0.5381772646328198,0.5381772646328198,0.46182273536718027
423,hate,romanized,nuvvu òkka roju jabardast lo bAlayya bAbuto phonlo mATlADaledA ve,hate,0.5435391083288849,0.5435391083288849,0.45646089167111514
424,non-hate,romanized,memu prajalaki phalAnAdi chestAmani chèppukòni prajalloki rAvAli e bòkka ledu vachchi eM pIkutAru,hate,0.54333371158228,0.54333371158228,0.4566662884177199
425,non-hate,romanized,iMta parij~nAnaM unna sIèM AMdhraki sIèM kAvaDaM ènno janmala puNyaM,hate,0.5441965051241802,0.5441965051241802,0.45580349487581984
426,hate,romanized,laik lu kòTTevALLu èkkuvA kAnI oTlu vesevALLu chAlA takkuvA,hate,0.5526789855427541,0.5526789855427541,0.4473210144572459
427,non-hate,romanized,Ka pal garu miru super,hate,0.5755590285147856,0.5755590285147856,0.42444097148521437
428,non-hate,romanized,kShavaraM ayite gAnI vivaraM tèliyadu lèMDi.... pRRidhvI gAru,hate,0.5427043277399531,0.5427043277399531,0.45729567226004686
429,non-hate,romanized,praShu vALLa DADIki òka laik kòTTaMDi,hate,0.5605940515780521,0.5605940515780521,0.43940594842194797
430,hate,romanized,Aaa cheera etthi guddalo pettara be nee mogga ni,hate,0.5940963701560925,0.5940963701560925,0.4059036298439075
431,non-hate,romanized,"rameSh mAsTar DyAns prAkTIs sUpar, idI paddati",hate,0.5426826048679294,0.5426826048679294,0.4573173951320706
432,hate,romanized,Neelanti  vallu  valla  nijame ayina devunuki  avamanam jarukutundhi,hate,0.5590676756846851,0.5590676756846851,0.440932324315315
433,non-hate,romanized,koDalu pilla mA kòDuku nI pèLli chesukuMTAvA kaTnaM eM vòddu meme iShTamu kAvAlaMTe,hate,0.5568665405739031,0.5568665405739031,0.443133459426097
434,hate,romanized,Anchor be like: pichi na kdklni andharu ikkade unnaru,hate,0.5516436731672283,0.5516436731672283,0.4483563268327717
435,non-hate,romanized,asalu eM uMdi rA akkaDa pòTTa òkaTi uMdi akkaDa,hate,0.5489342913889113,0.5489342913889113,0.4510657086110887
436,non-hate,romanized,meeku assalu em matladalo kuda telidhu edo vaagaali vaaguthaaru nv pedda leader vi nv cheppindhe nijam enduku paniki maalina debate lu,hate,0.5828004722882354,0.5828004722882354,0.41719952771176455
437,non-hate,romanized,"mallArèDDi aMtaDabbu revaMt rèDDiki ichchAru aMTe...  mallArèDDi ènni vela koTla Dabbu avinItigA saMpAdiMchi uMTADu...
sakramaMgA saMpadiste èvvariki ivvanavasaraM uMDadugA....
revaMt òkkaDikè kAdu..prajalaMdarikI nI avinIti Dabbu paMchAli..
appuDu èvvaDu blAk mèl cheyaDu.",hate,0.5482863633778559,0.5482863633778559,0.45171363662214414
438,hate,romanized,oka ammai vi vundhi natho argue chesthava puku mosukoni inti panulu cheyi,hate,0.5828238351424929,0.5828238351424929,0.4171761648575071
439,hate,romanized,Antha energy guddhalo nundi vastundi,hate,0.5648061818508461,0.5648061818508461,0.4351938181491539
440,hate,romanized,bonda uma kukka esaga mafia king,hate,0.5685581087803169,0.5685581087803169,0.4314418912196832
441,hate,romanized,Padavi kosam penta ina tintadu,hate,0.575636814584443,0.575636814584443,0.424363185415557
442,hate,romanized,Kcpd men's kutha chnpi paddengutha,hate,0.5732482344589624,0.5732482344589624,0.4267517655410375
443,hate,romanized,Veedemma veedi lssge waste dhi,hate,0.577327664654592,0.577327664654592,0.4226723353454081
444,hate,romanized,vijay mallya nirav modi kapadindhi bjp malla ha baate shah gadu nak emtelidhu antaru,hate,0.5975577669836027,0.5975577669836027,0.4024422330163973
445,hate,romanized,kesIAr kebinèTlo mITiMg ledu bòchchu ledu,hate,0.5614769619514306,0.5614769619514306,0.43852303804856935
446,hate,romanized,"atleast akkadaina vudyogam vacchindi,chaala mandiki adi sampadinche scene ledu le bro",hate,0.5666976288553107,0.5666976288553107,0.43330237114468934
447,hate,romanized,Ee Rashmi ki roju rojuki dhebbalu gattigaane gudhuthunnaru,hate,0.5599185239620035,0.5599185239620035,0.4400814760379965
448,hate,romanized,Rayalaseema simham paritala Ravi telugurashtrala devudu NTR but family members of both have utterly failed to carry the legacy of these both in their respective range and categories,hate,0.5104518821948234,0.5104518821948234,0.48954811780517665
449,hate,romanized,Antha fake ey solu galu baga ekuva ayaru,hate,0.5819718937934049,0.5819718937934049,0.41802810620659514
450,non-hate,romanized,"Mustache kosam wait chesi untadu,inni rojulu ee video cheyadaniki,enthaina ne dedication ki hats off bro",hate,0.5328141419876737,0.5328141419876737,0.4671858580123262
451,non-hate,romanized,I sinimA maMchi vijayaM sAdhiMchAli ani èMtamaMdi korukuMTunnAru.,hate,0.5468461577327792,0.5468461577327792,0.4531538422672207
452,hate,romanized,"rAShTra vibhajana hAmI prakAraM railve jon, pratyeka hodA, chènnai vishAkhapaTnaM sI kAriDAr, sTIl plAMT punaruddaraNa mòdalagu hAmIlu migile unnAyi",hate,0.5445179745184794,0.5445179745184794,0.45548202548152067
453,hate,romanized,Kama kukka,hate,0.5434862295736608,0.5434862295736608,0.4565137704263392
454,non-hate,romanized,ku DAns rAdu ane sTej nuMDi DAns aMTe idi rA ane reMj ki vachchAvu jAni annA,hate,0.5697187163927693,0.5697187163927693,0.4302812836072308
455,hate,romanized,tAta nIku 60 pApa kI 25yèMdIrA mAku I daridram...?️️️,hate,0.5405555080753378,0.5405555080753378,0.4594444919246622
456,non-hate,romanized,Kasta padithe eppudu pratipalam untundi.. congratulations,hate,0.5538428741935983,0.5538428741935983,0.44615712580640166
457,hate,romanized,Sulli ra,hate,0.5384906413133945,0.5384906413133945,0.46150935868660553
458,non-hate,romanized,4 lo second di tisi 1 ki 2 ki madyalo pedite 4 avtundi order saripotadi,hate,0.5645324427725367,0.5645324427725367,0.4354675572274634
459,non-hate,romanized,Nivetha konni interviews lo aa time lo Rajinikanth garithi movie chestunna idem peddha movie kanattu matladindhi.she was not greatful to act in PSPK's movie.,hate,0.5330824026076664,0.5330824026076664,0.46691759739233357
460,hate,romanized,Charmi ki Edo ayindi navvaleka sachipothundi,hate,0.5756630035998019,0.5756630035998019,0.42433699640019806
461,hate,romanized,dayachesi èvarainA muMdu vIDini mèMTal hAspiTal ki tIsukuvèLlaMDi vIDu èvarèvarini eM mATlADutuMdo arthaM kAvaTledu I nA kòDukki pichchi paTTiMdi,hate,0.5504762376079761,0.5504762376079761,0.44952376239202385
462,non-hate,romanized,pavan kuparuvupòTame nitikiètirèkaMgapòraDutunaDu ayanakumachidikadu  jagan nilaMTòDukadu jagan devuDulaMTivaDu,hate,0.5476446196979388,0.5476446196979388,0.4523553803020613
463,non-hate,romanized,The great honest true leader Pawan Kalyan sir cm kavali nyayam jaruguthundhi ap prajalaki sir,hate,0.5387443797436464,0.5387443797436464,0.4612556202563535
464,non-hate,romanized,"Pelli meeda naku chala dreams, respect vundedhi itlanti interviews chusinappudalla pelli chesukokunda vundadame manchidi anipistundhi",hate,0.5412980573877293,0.5412980573877293,0.45870194261227065
465,non-hate,romanized,Mari atluntadhi krithi brm  thoni  andham ante minimam atta,hate,0.5808298006572148,0.5808298006572148,0.41917019934278527
466,non-hate,romanized,hyaTsAph polIs sar,hate,0.5295883851707274,0.5295883851707274,0.47041161482927263
467,non-hate,romanized,nA baMgAraM... A navvulone uMdi anna mA saMtoShaM,hate,0.5433987350099516,0.5433987350099516,0.4566012649900484
468,hate,romanized,Ree babu Nani GA neku eaduku Ra avasaram  vajaya Sai  chappali ha visayam nevu eaduku neku avasaram eamiti,hate,0.5769707155245063,0.5769707155245063,0.42302928447549376
469,non-hate,romanized,rAju gAru mIru sUpar sAr bAhubali raghu rAm rAj sUpar sAr puli aMTe mIru sAr,hate,0.5454937939443857,0.5454937939443857,0.4545062060556143
470,non-hate,romanized,mIru kònuDu kAdu sAru nI biDDalAMTi prajalu kònAli,hate,0.5535341054168113,0.5535341054168113,0.4464658945831888
471,non-hate,romanized,kiMg is byAk,hate,0.5269417348786629,0.5269417348786629,0.47305826512133714
472,non-hate,romanized,Nani fans ante mamoluga undadhu mari super love you nani love you,hate,0.5332548046973363,0.5332548046973363,0.4667451953026637
473,hate,romanized,Niku yevadu ra cheyyamannadu,hate,0.5698802594991546,0.5698802594991546,0.4301197405008454
474,hate,romanized,E vedio chusi nenu chesukovaalsi vastundi inkaa chaalu,hate,0.5454922994564546,0.5454922994564546,0.45450770054354533
475,non-hate,romanized,Full clarity tho unnaru and correct ga chepparu ... movies lo fan following veru ...real life lo fan following veru ..,hate,0.5141062038260102,0.5141062038260102,0.4858937961739898
476,non-hate,romanized,kApI kAkuMDA vere Trai chese sUpar vijayaM nIde pilli DuD,hate,0.5569216815269302,0.5569216815269302,0.44307831847306983
477,non-hate,romanized,Village  pilla  nIvu super,hate,0.5654459354102879,0.5654459354102879,0.4345540645897122
478,non-hate,romanized,dattaputruDiki iMkA siggu rAledu,hate,0.5660363441783921,0.5660363441783921,0.4339636558216079
479,non-hate,romanized,iMta tèlivaina mukhyamaMtri ni ènnukunnAru,hate,0.5570820474462916,0.5570820474462916,0.4429179525537083
480,hate,romanized,Waste fellow he did nothing for telengana,hate,0.5058580567508482,0.5058580567508482,0.4941419432491519
481,non-hate,romanized,Vaadu feel avvadu... Vaadi answer ki nuv avthav,hate,0.5705328566609176,0.5705328566609176,0.4294671433390824
482,non-hate,romanized,kalyAN dilIp suMkara gAru chAlA chakkagA vivariMchAru. dhanyavAdAlu.,hate,0.5636744107058721,0.5636744107058721,0.4363255892941279
483,hate,romanized,nuvvu poyyi modi modda cheku mms oka great econmist ani prapamcham anukondhi antanu lekunte india ledhu,hate,0.5853917877708872,0.5853917877708872,0.41460821222911276
484,hate,romanized,Amè nI talli ayite ilAge chestAvA,hate,0.544233078754735,0.544233078754735,0.45576692124526497
485,hate,romanized,",visvak gADiki bAgA èkkuvaiMdi.idi maMchi paddhati kAdu",hate,0.5584000415121556,0.5584000415121556,0.4415999584878444
486,non-hate,romanized,iMta phiT bADI uMDi appu anna ala maraNiMchaDaM bAdhagA uMdi,hate,0.5580660077436526,0.5580660077436526,0.4419339922563474
487,hate,romanized,Shooting leka mind dobbindi .court should consider this issue .if students take him as inspiration then what will happen. Is it correct .pls consider it,hate,0.5020975123350896,0.5020975123350896,0.4979024876649104
488,hate,romanized,Sketch vesiMdi èvaro kUDA chèppaMDi (dammu uMTe),hate,0.5535284423150728,0.5535284423150728,0.44647155768492724
489,non-hate,romanized,"The courage to be disliked"" ee book summary cheyyandi anna.",hate,0.5289432274169878,0.5289432274169878,0.4710567725830122
490,hate,romanized,Ntr kadhu bey ntr garu give respect,hate,0.5612825613175787,0.5612825613175787,0.4387174386824213
491,non-hate,romanized,èkkaDiki potoMdi mana saMskRRiti,hate,0.5485423480084932,0.5485423480084932,0.45145765199150684
492,non-hate,romanized,ponI AMdhrapradesh ku separate karènsI noTu pèTTI noTlu guddu jagan anna gAMdhi gAri phòTo badulu nI phòTo pèTTu anna,hate,0.5617540600292479,0.5617540600292479,0.4382459399707521
493,non-hate,romanized,Super Madam  dance  chala bagavesaru,hate,0.5268012725709392,0.5268012725709392,0.4731987274290608
494,hate,romanized,jagan sharIraMlo aNuvu aNuvu ròjakkaku bAgA tèlisinaTluMde,hate,0.5420443838995106,0.5420443838995106,0.4579556161004894
495,hate,romanized,"talli nuvvu navvòddu, A mukhaMlo mUti tappa emi kanipiMchadu mAku",hate,0.5501861596263257,0.5501861596263257,0.44981384037367433
496,hate,romanized,Teeskelli railway station loo padeyandi,hate,0.5508276408894706,0.5508276408894706,0.4491723591105294
497,non-hate,romanized,DabbA rAyuDu mana pèda rAyuDu mòttaM mIda meka potu gAMbhIryaM kanaparchADu phasak,hate,0.5655299048607925,0.5655299048607925,0.43447009513920753
498,non-hate,romanized,mIru mI lAMTi vAru rAShTra niki chAlA avasaraM,hate,0.5471583993511451,0.5471583993511451,0.452841600648855
499,non-hate,romanized,kAdannA navvi navvi chachchipote èvaru rèspAnsibiliTI annA sUpar anna,hate,0.5534146846344512,0.5534146846344512,0.44658531536554885
500,non-hate,romanized,Super settiandi voice to video,hate,0.5297422714325606,0.5297422714325606,0.4702577285674394
501,hate,romanized,Over action apandi raa Babu,hate,0.5490793940128491,0.5490793940128491,0.4509206059871509
502,non-hate,romanized,annayya vadina. èppuDu hyApI gA vuMDAli,hate,0.5575329357433427,0.5575329357433427,0.4424670642566572
503,hate,romanized,Picchodini interview endhuku chesthunnaru may be TRP kosama,hate,0.5623805994011304,0.5623805994011304,0.43761940059886967
504,non-hate,romanized,I pATa vinnapuDallA SPB gAre maLLI tirigòchchi pADAru anipistuMdi,hate,0.5566147746435981,0.5566147746435981,0.44338522535640185
505,hate,romanized,kotulu digedAniki iMta bulid up aaa,hate,0.5676036440225287,0.5676036440225287,0.43239635597747134
506,non-hate,romanized,Punch veyyalantay...Sunil anna tharuvathayee...yavarina...,hate,0.5374426490216933,0.5374426490216933,0.46255735097830675
507,hate,romanized,"jai kumar next nee amma nee ,sisters nee andharni petti prank thesthadu vadu wait",hate,0.5629979371450133,0.5629979371450133,0.43700206285498666
508,hate,romanized,Elagaina vastadu mee dhulaa thirustadu.,hate,0.5683390916130413,0.5683390916130413,0.43166090838695875
509,hate,romanized,kaMTlo durada pèTTiMdi kAbaTTi saripoyiMdi,hate,0.5596633777636357,0.5596633777636357,0.44033662223636433
510,hate,romanized,Raja Singh nuvvu ni karra tagubthu mokam neeku mokham nuvvu mla ela ayyavu,hate,0.5846280436010001,0.5846280436010001,0.41537195639899993
511,non-hate,romanized,"Manchi cinema ni prathi okkaru aadaristaru,all the best nikhil, have a bright future",hate,0.5329001015668302,0.5329001015668302,0.46709989843316974
512,non-hate,romanized,nuvvu chAlA chAlA bAgunnAvu. parphèkT gA unnAv.. mIru nAku nachchAru,hate,0.5572953154243889,0.5572953154243889,0.4427046845756111
513,hate,romanized,Vedi nathinakodaka,hate,0.5787367119248547,0.5787367119248547,0.42126328807514535
514,hate,romanized,Meeru Gopi Goda meeda pilli anna maata edava,hate,0.5727133951938903,0.5727133951938903,0.42728660480610964
515,non-hate,romanized,Naku prabhas anna ento rana anna kuda antey,hate,0.5736526803127631,0.5736526803127631,0.42634731968723694
516,non-hate,romanized,Ilantivi kaadha ee generation ki inspiring untadhi...plz do more,hate,0.5513247221392918,0.5513247221392918,0.44867527786070815
517,non-hate,romanized,polIs phArèsT DipArTmèMT 2kalasi porADAru pApaM dAni bAri nuMDi prajalni,hate,0.5588526542477337,0.5588526542477337,0.44114734575226633
518,hate,romanized,bhajana bhajana byAch èkkuva ayipoyAru pavar sTAr ki pApaM,hate,0.5625449666413975,0.5625449666413975,0.4374550333586024
519,hate,romanized,noru muy. vADu paripAlanA chetagAni vALlaki anna... aMte.,hate,0.5691795435465914,0.5691795435465914,0.43082045645340866
520,hate,romanized,"Paritala nu nuvve sampinavu raa nennu gaali, vaana devudu sampeedu",hate,0.5739854050242671,0.5739854050242671,0.4260145949757329
521,hate,romanized,Washing powder NIRMA neevu maa mukyamantri awadam maa KARRMA,hate,0.5557211885922895,0.5557211885922895,0.4442788114077105
522,hate,romanized,​political fit kakapothe bayapadatam endukandi,hate,0.5835486888307782,0.5835486888307782,0.4164513111692219
523,hate,romanized,Peetha … idokA Lavada lo buildup,hate,0.5596234779704854,0.5596234779704854,0.44037652202951466
524,hate,romanized,Marea srihan pakkana moddagudvala,hate,0.5890822756295573,0.5890822756295573,0.41091772437044277
525,hate,romanized,Rey arripuku adhi munda sollu apu ra,hate,0.5826613203154536,0.5826613203154536,0.4173386796845464
526,hate,romanized,ilA vAge ChI ani parishrama pèddalu dUraMgA pèTTa ru maheSh maLLI daridrani maLLI sTejI mIdaku tèchchADu 20saM chiru chAlA naShTapoyAru,hate,0.5504901295916755,0.5504901295916755,0.44950987040832446
527,non-hate,romanized,Me kastam palinchali sir,hate,0.56747562318717,0.56747562318717,0.43252437681282996
528,hate,romanized,mòttAniki yUTyUb ne kApuraM cheyarA mIku mA buddhilaku mAnAllo ledu,hate,0.5439217155283378,0.5439217155283378,0.45607828447166215
529,hate,romanized,Audience be like :- Bengu ! Athi bengaku,hate,0.531229868287872,0.531229868287872,0.46877013171212806
530,non-hate,romanized,èMta navvu vachchiMdo .  sUpar spIch anna.,hate,0.5494061942782154,0.5494061942782154,0.4505938057217846
531,non-hate,romanized,40 saMvatsarAlu rAjakIya anubhavaM,hate,0.553010820208472,0.553010820208472,0.446989179791528
532,hate,romanized,oho I nijAyitIparuDaina ravi prakASh lo pavan lakShaNAlu unnAyA,hate,0.5620868542909863,0.5620868542909863,0.43791314570901374
533,hate,romanized,West mokalu motham judge laa,hate,0.5592159181302685,0.5592159181302685,0.44078408186973156
534,hate,romanized,Dhani pandhi moham chusi shock avuthada,hate,0.5741228795003206,0.5741228795003206,0.4258771204996794
535,hate,romanized,ni pellam puku denugutha  ma anna annavu ante,hate,0.5961407615525676,0.5961407615525676,0.4038592384474324
536,non-hate,romanized,liger movi bAguMdi but hIro ki natti èkkuva gA uMDaDaM valla sinimA poyiMdi aMte,hate,0.5634348198947527,0.5634348198947527,0.4365651801052472
537,non-hate,romanized,byUTiphul meDaM,hate,0.5376833231336267,0.5376833231336267,0.46231667686637334
538,hate,romanized,Are meru marara dappukottu kovam,hate,0.5867413013141388,0.5867413013141388,0.4132586986858612
539,non-hate,romanized,dAnni peru eMTi aiDi eMTi chapU bradar,hate,0.5584888683213597,0.5584888683213597,0.4415111316786403
540,non-hate,romanized,sAkShi aMTene abaddalaku care of address,hate,0.5437485554016843,0.5437485554016843,0.4562514445983156
541,non-hate,romanized,"appaTlo dirctors ki, kaMTèMT raiTars ki unna hyUmar sains ippuDu èvarikI ledu.",hate,0.5367803048194214,0.5367803048194214,0.4632196951805786
542,non-hate,romanized,èvvaru chèyyaleni gòppa pani mIru cheshAranna mIru greT annA,hate,0.5527067361147254,0.5527067361147254,0.4472932638852746
543,non-hate,romanized,mIru chèppe TApik valla upayogaM chAlA uMdi!,hate,0.5514018240089339,0.5514018240089339,0.4485981759910661
544,hate,romanized,"Fingerprint mallareddy
Pedda donga na kodku",hate,0.5792994202378321,0.5792994202378321,0.4207005797621679
545,hate,romanized,ipuDu kUDa tana tappulu òppukovaTaM ledu.. pichi munda,hate,0.5320844084351366,0.5320844084351366,0.4679155915648634
546,hate,romanized,entandi pusukunna antha pedha Mata anesav,hate,0.562833474709739,0.562833474709739,0.43716652529026107
547,hate,romanized,rgv ki siggu ledhu ammail ni oka sex doll laga choostahru,hate,0.5872830327561176,0.5872830327561176,0.41271696724388246
548,hate,romanized,Antha perfect ga ayithae raledhu but try chesaru kadha that's more important,hate,0.5565569057737636,0.5565569057737636,0.44344309422623646
549,non-hate,romanized,​debate la lo paalgone TRS naayakulaku edhutivaarini maatladaneeyakapovadam samskaaram kaadhu.,hate,0.5727411336270476,0.5727411336270476,0.42725886637295246
550,hate,romanized,Party paranga vaduu. Godameeda pilli laga kuda vaddu ra howla,hate,0.59256336517455,0.59256336517455,0.40743663482545
551,non-hate,romanized,chAlA bAguMdi bro. chinnapuDu ivi anni memu chesAmu bro chAlA hyApI gA uMdi I sirIs chUstuMTe. Best of luck bro.,hate,0.5424216748602054,0.5424216748602054,0.4575783251397946
552,hate,romanized,nenU rèMDu Trai chesAnu sammagA uMdi,hate,0.558486459179386,0.558486459179386,0.441513540820614
553,hate,romanized,Modda gudu aithyy,hate,0.5701813527674093,0.5701813527674093,0.4298186472325907
554,hate,romanized,anni tèlusu polIs laku yUniphAm uMdanna ahaMkAraM  chaTTaM tèlisina vADu tappu cheste tATa tIyaMDi aDvakeT  hakkula kosaM prajala taraphuna porADaMDi,hate,0.5675096818977798,0.5675096818977798,0.4324903181022201
555,non-hate,romanized,Muslims hindu devullanu entha thittina parledhu... Kaani hinduvulu  Mee devudini thidithe thappenti,hate,0.5633067686297968,0.5633067686297968,0.43669323137020316
556,hate,romanized,Pilichi pettinchukuntaru ga....TV9 ki eemadhya sarada ayindi...,hate,0.5327475720660231,0.5327475720660231,0.4672524279339769
557,non-hate,romanized,prati òka iMTarvyU lo chAlA kUl gA mATlADatAru. nijAlu nirbhayaMgA chèbutADu. èvaDannA emannA anukòni nenu chèppedi chèptA anukune vyakti RGV...,hate,0.5428470540460604,0.5428470540460604,0.4571529459539397
558,hate,romanized,annayya ane pilupu vini vènakki tirigADu,hate,0.5808815736922158,0.5808815736922158,0.4191184263077842
559,hate,romanized,alsa janalu erripuk galu jagan ni cm cheyadam enti,hate,0.5751870835753301,0.5751870835753301,0.42481291642466995
560,hate,romanized,aMduke 400 ammAyilato sex cheshADu,hate,0.5611667194818659,0.5611667194818659,0.43883328051813403
561,non-hate,romanized,Mulapeta lo 2 years chadhukuna,hate,0.5584954521696115,0.5584954521696115,0.44150454783038856
562,hate,romanized,Chance esti champidengala vunnadu aunty ne,hate,0.5711590103563571,0.5711590103563571,0.42884098964364287
563,hate,romanized,"100% literacy rate unna kerala lo ne janalu gorrelu la unte, migilin rashtrallo unna janalu paristhiti emito...... I feel ashamed being part of this type of public",hate,0.5314169165434259,0.5314169165434259,0.46858308345657407
564,non-hate,romanized,"Prabhas ki super jodi,,,arabian bread vastundi",hate,0.5531040716630673,0.5531040716630673,0.44689592833693276
565,non-hate,romanized,Acting super undhi ga bro just story lo dammu ledh,hate,0.5503043504811986,0.5503043504811986,0.44969564951880137
566,non-hate,romanized,iddarU chAlA bAgunnAru sooooo kyUT,hate,0.5533773201071017,0.5533773201071017,0.44662267989289833
567,hate,romanized,èMduku alyasAO chestunavu peTaka,hate,0.5584998148551608,0.5584998148551608,0.4415001851448392
568,hate,romanized,Vadapav gaadu icc trophy elaa win aiythadoo neenu chusthaa,hate,0.5732898129293309,0.5732898129293309,0.42671018707066916
569,non-hate,romanized,annayya chèbutuMTe noru UripotunnAdi....,hate,0.562406922456226,0.562406922456226,0.43759307754377397
570,hate,romanized,mahAnubhAvuDivi sAr nuvvu. meDaM gAru miko namaskAraM. iddaru saripoyAru. nijAnni nirbhayaMgA,hate,0.5542400201512927,0.5542400201512927,0.44575997984870736
571,hate,romanized,nuvvu vèsT dAnivi dòmmari dAna idi eMTide,hate,0.5527097206514177,0.5527097206514177,0.44729027934858234
572,non-hate,romanized,"ntha brainwashed gorrelu chesthunnaru, inko vargam enti ante bjp bots SSR influencers ga mari yuvatha ni thappu thovva pattisthunnaru a",hate,0.5757562738424944,0.5757562738424944,0.42424372615750566
573,hate,romanized,Car top medhega kurchuni vachindhi mee araganta auntymedha kurchuni kaadhu ga me fans tega feel aypothu support chestnaaru manchi aatagaadivey,hate,0.591095322688989,0.591095322688989,0.40890467731101093
574,non-hate,romanized,"Shiva gari smile ki fidaa..mee anchoring super sir..nenu macha cheppe Answers kante meru iche smile ne chusthu undipoyanu..your voice,  your style of anchoring awaysome",hate,0.5484514966225728,0.5484514966225728,0.45154850337742725
575,non-hate,romanized,Cut paste... video cut aaeindhi,hate,0.5172051271431011,0.5172051271431011,0.482794872856899
576,hate,romanized,samantha oka trigubothu lanja chai lanti mogudu vadilesindhi,hate,0.5857115530286523,0.5857115530286523,0.41428844697134765
577,non-hate,romanized,"Legendary aMTene ntr, anr, tarvAta chiru.  Ayana sinimAlu nijajIvitAniki addaM paDatAyi. yuvataku dishAnirdeshaM chestAyi. èvaDo edo annaMta mAtrAna legend kAkuMDA potArA",hate,0.555636006912539,0.555636006912539,0.44436399308746094
578,hate,romanized,bandi sanjay gadu amit shah kukka vadu poyi vadi kaalu nakutaru,hate,0.5856060264593916,0.5856060264593916,0.4143939735406084
579,non-hate,romanized,Murkulani evaru emi cheyaleru...,hate,0.5466807930558539,0.5466807930558539,0.45331920694414607
580,non-hate,romanized,Ee video chusintarvatha mee meeda respect perigindi,hate,0.5559244410179436,0.5559244410179436,0.4440755589820564
581,hate,romanized,hom minisTar 2000% UNFIT... Amèki unna tèlivi ki Village member ke èkkuva,hate,0.553631125762084,0.553631125762084,0.44636887423791605
582,hate,romanized,aMTe jagan ku bhayapaDutUne uMTAru,hate,0.5666009354558252,0.5666009354558252,0.43339906454417476
583,non-hate,romanized,sisTar nuvvu chAlA bAgA chesAv amma nIlo TAlèMT mAmUlugA ledu.,hate,0.5492055261009148,0.5492055261009148,0.45079447389908517
584,hate,romanized,kcr dhi barrey karrey mukku vadu waste pm ki,hate,0.5928605286308141,0.5928605286308141,0.40713947136918593
585,hate,romanized,Orey manam cinemalu chudabatte vallu luxury ga brathukunnaru ra,hate,0.5500402198805927,0.5500402198805927,0.44995978011940724
586,non-hate,romanized,Life lo okasri ina kalavli darling ninnu,hate,0.5735193323105187,0.5735193323105187,0.42648066768948134
587,hate,romanized,edo pèTTedani leka aDigiMdi,hate,0.5512682603440968,0.5512682603440968,0.44873173965590324
588,hate,romanized,Erripuku matalu baga matladathavu ra adhi nuvvu,hate,0.5694110995750032,0.5694110995750032,0.4305889004249968
589,non-hate,romanized,Vammo mamulodivi kadu swamy Nuvvu,hate,0.557494624698128,0.557494624698128,0.442505375301872
590,non-hate,romanized,Movie lo content chala bagundi evvadu apaledu movie ni dilraju kuda,hate,0.5587375869432817,0.5587375869432817,0.4412624130567183
591,non-hate,romanized,Yenta mandhi stars vunna PAWAN KALYAN YE  POWER STAR,hate,0.5412974933837376,0.5412974933837376,0.45870250661626244
592,hate,romanized,Adhikaram vunte thuglak gadu emaina chesasthadu,hate,0.5721523453226247,0.5721523453226247,0.4278476546773753
593,hate,romanized,sia vinadaniki notlo motham petta vuntau padutadhi,hate,0.5838593238946848,0.5838593238946848,0.41614067610531524
594,hate,romanized,niku family undi gah ra jagratamma venkata,hate,0.5716044847854801,0.5716044847854801,0.4283955152145199
595,hate,romanized,kònni AMdhra paMdulaki buradalone (ycp)AnaMdaM...eM chestAM paMdi jAti kadA aTlAge uMTadi,hate,0.5595140847649214,0.5595140847649214,0.44048591523507863
596,non-hate,romanized,annA nèksT mUvI iMkA gaTTigA kòTTAli... Al di bèsT,hate,0.5358294863648488,0.5358294863648488,0.46417051363515116
597,non-hate,romanized,myUjik chAlA chAlA bAguMdi..,hate,0.5259657376607187,0.5259657376607187,0.47403426233928125
598,non-hate,romanized,chIra kaTTukuMTe chAlu èvarikainA òka huMdAtanaM vachchestuMdi.,hate,0.5536021823002046,0.5536021823002046,0.44639781769979536
599,hate,romanized,muMdu arrest chèyyaMDi. vADu ShikAru chestunnADu. vADu èMduku mIDiyA muMduku rAledu.,hate,0.5518920293273564,0.5518920293273564,0.4481079706726436
600,non-hate,romanized,òkka èkShprèShantò  mòttaM naDipiMchinav nuvvu nijaMgA lèjaMD anna,hate,0.5538647814537039,0.5538647814537039,0.4461352185462961
601,hate,romanized,eMdi rA mAku I sodi nI èpisoD,hate,0.5504723953043097,0.5504723953043097,0.4495276046956903
602,non-hate,romanized,Dijil badulu maMdu kòDite saripotuMdi,hate,0.5752767505207896,0.5752767505207896,0.4247232494792103
603,hate,romanized,A paTukovaDaM lopaliki vèLli paTukòra bAbU rUMlo kUrchuni panicheseyi,hate,0.5609667767676187,0.5609667767676187,0.43903322323238125
604,hate,romanized,pèTTiMdi padi velu.. lAgedi 10koTlu,hate,0.5531313645308206,0.5531313645308206,0.44686863546917943
605,non-hate,romanized,nèksT kArtikeya 3 mAtraM samudraM lo unna dvAraka nagaraM misTarI ...Vere level  lo uMTadi...,hate,0.5465490999147797,0.5465490999147797,0.45345090008522027
606,non-hate,romanized,One and only Mega star .....Potthi leyru....Raleyru,hate,0.5226441947504809,0.5226441947504809,0.47735580524951915
607,non-hate,romanized,jayaho rAjAsiMg bhArat mAta ki jai,hate,0.5472907511147291,0.5472907511147291,0.4527092488852709
608,hate,romanized,Re charge ayepothe Ela ra Google open avrhundu,hate,0.5686046816199994,0.5686046816199994,0.4313953183800005
609,non-hate,romanized,Anna mee Spandhana bagundhi,hate,0.5484321768313292,0.5484321768313292,0.4515678231686709
610,non-hate,romanized,IDini chUsAka....mana saMpu mIda chAlA gauravaM pèrigiMdi...,hate,0.5436984682700539,0.5436984682700539,0.45630153172994614
611,hate,romanized,"idi laMjalA rAjyaM..,. kaliyugaM lo laMjele nItulu chèbutAru",hate,0.5560516742770538,0.5560516742770538,0.44394832572294624
612,hate,romanized,"Paytm kukkalu ekkada, idi kuda cbn gare plan chesaru antaremooo",hate,0.5837254969158642,0.5837254969158642,0.4162745030841358
613,hate,romanized,Edi lanja kabate ela janalanu chedakodutundi,hate,0.5800939406252541,0.5800939406252541,0.41990605937474595
614,hate,romanized,kodali nani  koja na koduku mla lankadhnulu okati levu,hate,0.5874371435706196,0.5874371435706196,0.41256285642938034
615,non-hate,romanized,study chesi kcr em pikindu velumundra ayina pm position lo undu that is modi,hate,0.5775644454683728,0.5775644454683728,0.42243555453162723
616,hate,romanized,Pilla puk comedy,hate,0.5521274777367089,0.5521274777367089,0.4478725222632911
617,non-hate,romanized,gèTap sInu acting yèMta maMdiki nacchindi adbhutaM super,hate,0.556912463071457,0.556912463071457,0.443087536928543
618,non-hate,romanized,akka nI pATa prati òkkaTi adiripotuMdi,hate,0.5767539120993674,0.5767539120993674,0.4232460879006325
619,hate,romanized,vachanu anuko gudda paligipodhi,hate,0.5938399909827221,0.5938399909827221,0.40616000901727795
620,non-hate,romanized,shekhar mAsTar gAru aMD shrImukhi gAru mI DyAns bAgA adiriMdi,hate,0.5453356773893677,0.5453356773893677,0.4546643226106323
621,hate,romanized,A 1 chillara rAjakIyAlu apu...... muMdu iMTlo vunna mahILalaku nyAyaM cheyamanu.... akkA chèllèLLu chebutAru A1 Bach ki,hate,0.5593079569966151,0.5593079569966151,0.440692043003385
622,non-hate,romanized,allu arjun ki ekkaDo sUDi u0di.multitalent vunnoDu allu arjun òkkaDe in i0DiyA,hate,0.5476338086407321,0.5476338086407321,0.4523661913592679
623,non-hate,romanized,onlI  bai rèDDi siddhArtha rèDDi annayya kosaM chUsinavALlu like me....,hate,0.5513576466203348,0.5513576466203348,0.4486423533796652
624,non-hate,romanized,revaMtanna ichchina ShAk ki mallArèDDi ki pichchi paTTinaTTu uMdi,hate,0.5638465315001343,0.5638465315001343,0.4361534684998657
625,hate,romanized,"rAShTrAnni nakiMchesi talli, kuturu saiD ayipoyAru",hate,0.5495015005188495,0.5495015005188495,0.45049849948115056
626,hate,romanized,ChI dInamma èMduku rA vIDu,hate,0.5457561337659388,0.5457561337659388,0.4542438662340612
627,non-hate,romanized,ninu chUstuMTe KGF sinimAlo RACKY bAy gurtuku vastunnADu,hate,0.5564523876582691,0.5564523876582691,0.4435476123417309
628,hate,romanized,Me Bathukulu yenduku ra,hate,0.5654049769935576,0.5654049769935576,0.4345950230064423
629,hate,romanized,abbA bòDDu iMta pèddagA uMTe bòkka samudraM lAgA uMTAdemo?,hate,0.5440197502921205,0.5440197502921205,0.4559802497078796
630,non-hate,romanized,Hii Bagunnara Harsha Sai garu  meku. Mee team members ki happy vinayaka chavithi,hate,0.5413353678493129,0.5413353678493129,0.45866463215068703
631,non-hate,romanized,mIru devuDu sAr,hate,0.5592914686210708,0.5592914686210708,0.4407085313789291
632,non-hate,romanized,Aat..... tatha on fire,hate,0.5130822747605945,0.5130822747605945,0.4869177252394054
633,hate,romanized,punju vachi pitta ni dengithey nenu commentry chepijry ala vuntadhi # punjuunggamer,hate,0.5807109085125575,0.5807109085125575,0.4192890914874426
634,non-hate,romanized,"Abboo siggulekundaa vadu matladina matalu okkadu kuda levaledu ikkada..
Just for hate in Modi how much low can go anywhere",hate,0.5587034436895407,0.5587034436895407,0.4412965563104593
635,hate,romanized,Evadra erri puukodu vaadu.. Duplicate gild eskuni show dhenguthunnadu,hate,0.5868341322438295,0.5868341322438295,0.41316586775617054
636,non-hate,romanized,Aallu eellu andaru okkate,hate,0.5503904929382644,0.5503904929382644,0.4496095070617357
637,non-hate,romanized,raShmidi ani chèppi Adi lekapote alugutuMdi strIla paruvutIstunnadi,hate,0.577080899192175,0.577080899192175,0.4229191008078251
638,hate,romanized,Leak endhi ra secret aaa dhii,hate,0.5714469427031879,0.5714469427031879,0.42855305729681215
639,non-hate,romanized,Anna  plz pellichesuko sir age 43 plz anna,hate,0.5369975546285916,0.5369975546285916,0.46300244537140844
640,non-hate,romanized,AhA sUpar mr khan hiMdU devatalanu anna vArito kUDA kShamApaNa chèppiMchaMDi appuDe mI nijAyitI ni nammutA.,hate,0.5619460174960409,0.5619460174960409,0.4380539825039591
641,hate,romanized,Chala worst ga undi,hate,0.5370383511089925,0.5370383511089925,0.46296164889100755
642,hate,romanized,kcr niku baga ekkuva ayidhi anni moukni cm avvu next karre mukku ki cm endhuku ra lanje boss,hate,0.5989511267827698,0.5989511267827698,0.4010488732172302
643,non-hate,romanized,Nu Track medha untey enni sarlu horn kottidhi ???,hate,0.5795753980885137,0.5795753980885137,0.4204246019114864
644,hate,romanized,siggu lekuMDA tirugutunnAru èm Abivuddi cheshArani tirurugutunnAru,hate,0.5717189111552965,0.5717189111552965,0.42828108884470345
645,non-hate,romanized,Miss u sirr.... nijAnni sinimA lo chakkagA chUpiMchAru.... greT lèjèMD,hate,0.5401604577943661,0.5401604577943661,0.45983954220563394
646,non-hate,romanized,I pAdayAtra ayipoyina  tarvAta A 80 kaMTèrnarlu asalu uMDaDAniki iLlu lenivAriki ivvaMDi,hate,0.5673059099759441,0.5673059099759441,0.4326940900240559
647,hate,romanized,Mentel gadini tesuku vachi kurcho pettukunnaru enti anker garu,hate,0.5829590485247855,0.5829590485247855,0.41704095147521447
648,hate,romanized,I ammAyi siggu lekuMDA iMkA kAvariMg òkaTi,hate,0.5557148917357189,0.5557148917357189,0.4442851082642811
649,hate,romanized,nimATalu kaDupuki anaM tinevADu èvaru namaru jai harSha jai harSha harSha,hate,0.5625993591456084,0.5625993591456084,0.4374006408543916
650,hate,romanized,nupur sharama  rape cheshi dengutha,hate,0.5856034785930478,0.5856034785930478,0.41439652140695216
651,non-hate,romanized,Acting super undhi ga bro just story lo dammu ledh,hate,0.5503043533451045,0.5503043533451045,0.4496956466548955
652,hate,romanized,anni tèlugu prAMtAla nAyakulu ilAne vunnAru... lophars.... tappu manadi... manaku sigguMDAli ilAMTi nAyakulanu ènnukunnaMduku...tu…,hate,0.5481602084584876,0.5481602084584876,0.45183979154151244
653,non-hate,romanized,"Broooooooooooooooo  chala mandiki untai pailsu, neku vachindi movie lo chancesu pola adiri pola , all the best bro",hate,0.5403495138555174,0.5403495138555174,0.4596504861444825
654,hate,romanized,me koduku ki eva ra poka,hate,0.590712510052408,0.590712510052408,0.40928748994759206
655,hate,romanized,anni ichcheyAlsiMdi bradar òMTi mIda emi lekuMDA sigu lenu edava laga,hate,0.5828848102734681,0.5828848102734681,0.41711518972653194
656,non-hate,romanized,"pAlu, pèrugu, puvvulu kèsiAr phAm haus lo amminav adi aMdariki tèlisina viShayame",hate,0.5734388951796208,0.5734388951796208,0.4265611048203792
657,hate,romanized,Ramu inner peeling : night ki gunta tho dengulata ki set ipoyindi,hate,0.5713082225665422,0.5713082225665422,0.4286917774334577
658,non-hate,romanized,Enti Puri nuvvu entha knowledge gain chestavu.,hate,0.5569184728855845,0.5569184728855845,0.44308152711441556
659,hate,romanized,Apara thagubothu abbati,hate,0.5731741137415225,0.5731741137415225,0.4268258862584775
660,non-hate,romanized,roju I sAMg viMTAnu nA riMg Ton ide anna sUpar sAMg,hate,0.5423613522212862,0.5423613522212862,0.45763864777871377
661,non-hate,romanized,iMta chakkaTi sinimA tIsinaMdu mIku èlA kRRitaj~natalu chèppAlo arthaM kAvaTaM lèdu.. I  classic movie charitra lo nilichipotuMdi,hate,0.5486766825352913,0.5486766825352913,0.45132331746470866
662,non-hate,romanized,Samantha script selection lo acting scope roles choose cheskuntundi,hate,0.5292736704547212,0.5292736704547212,0.4707263295452788
663,hate,romanized,nuvvu emi pani mIda vachchAvu nuvvu edi matlduthunvu muMdu mlc ni arest chèyyaMDi,hate,0.5893758624217713,0.5893758624217713,0.4106241375782287
664,hate,romanized,Evadentha echaru neeku dabbulu bewerse yadavalraa,hate,0.5900662436574606,0.5900662436574606,0.4099337563425394
665,hate,romanized,"Assaminchani suryudu ma paritala ravanna, champi chindhi nuvu nikodukey, andukey ni maranam uhathitham.",hate,0.5868765516612834,0.5868765516612834,0.4131234483387166
666,non-hate,romanized,òka prajA pratinidhi hodAlo uMDi iMta digajAri mATlADe saMskRRiti I madhya chAlA èkkuvaiMdi,hate,0.5564647036906211,0.5564647036906211,0.44353529630937893
667,non-hate,romanized,Super concept inka music chala bagundhi short film kuda chala bagundhi,hate,0.5386273152452596,0.5386273152452596,0.4613726847547404
668,non-hate,romanized,sky kohili valle india semis ki vachindhi,hate,0.5669875280951588,0.5669875280951588,0.4330124719048411
669,non-hate,romanized,vIDu poTIcheste vArDu nèMbar kUDA gèlavaDu vIDu chaMdrabAbu nAyuDu gArini TArgèT pèTTukòni tèlaMgANalo chèMpa dèbbalu tinnADu,hate,0.5526971321571007,0.5526971321571007,0.4473028678428993
670,non-hate,romanized,Nivu kcr tho thov ra chilka,hate,0.5729853975638899,0.5729853975638899,0.4270146024361101
671,non-hate,romanized,Babulake Baabu Super star Mahesh Baabu,non-hate,0.5101565452086345,0.4898434547913655,0.5101565452086345
672,non-hate,romanized,Anna nv thopu neki sati yevaru leru,hate,0.5904377233029955,0.5904377233029955,0.4095622766970045
673,hate,romanized,roja nuvvU A ikalu pikaDaniki tappA deniki panikirAvu,hate,0.567632813606903,0.567632813606903,0.432367186393097
674,non-hate,romanized,BJY chaala manchi concept,hate,0.5361582135994925,0.5361582135994925,0.46384178640050755
675,hate,romanized,Idhi language class aa Leda mimicry artist class aa,hate,0.5296962735164301,0.5296962735164301,0.4703037264835699
676,non-hate,romanized,Nuvvu king mawa,hate,0.5626567052769786,0.5626567052769786,0.4373432947230214
677,hate,romanized,Arey budder khan nuvvu asalu,hate,0.5680173315569537,0.5680173315569537,0.4319826684430464
678,non-hate,romanized,maheSh bAbu I reMj lo navvaDaM ippaTi varaku ide mòdaTi sAri. Big thanks to Sathi anna.,hate,0.5432929721336845,0.5432929721336845,0.4567070278663154
679,hate,romanized,janAlu leru bochchu leru aMtA aMbak,hate,0.5631459439848224,0.5631459439848224,0.43685405601517757
680,hate,romanized,"​vaisIpI, bijepi òkaTe. rèMDu pArTIlu understandig.jagan gAru ikkaDa gaTTigA ariste apojiShan repu DibeT lo sIèM gAru aDagaledu ani aMTAru.aMtaku miMchi emI ledu.",hate,0.5598974598223526,0.5598974598223526,0.4401025401776474
681,hate,romanized,"90ml sIèM, nIku hiMduvulu aMTe èMduku aMta chulakana,",hate,0.5490381761831784,0.5490381761831784,0.4509618238168216
682,hate,romanized,Ila suitcaselu petti mosam cheyatam kanna afrer results vachaka prize money la petti untey best ga endhuko ee mosalu,hate,0.5763388209214109,0.5763388209214109,0.4236611790785891
683,hate,romanized,Ycp Gunda na kodakalara randra chuskundham,hate,0.5854415334277427,0.5854415334277427,0.4145584665722573
684,non-hate,romanized,From recent 3 months iam addicted to your videos anna. Your way of explaining and slang is very nice,non-hate,0.5110876129532229,0.4889123870467771,0.5110876129532229
685,non-hate,romanized,​pavan anna madagudu ra ani cheppa,hate,0.580867437222081,0.580867437222081,0.41913256277791894
686,non-hate,romanized,nI iMTarvyU anniTilo nAku nachchina iMTarvyU idi òkkaTe anna,hate,0.5478787563818891,0.5478787563818891,0.4521212436181109
687,hate,romanized,"AMdhrapradesh kòMDalu, guTTalu kabjA mAphiyA DAn jaggu bhAy",hate,0.5529705469866053,0.5529705469866053,0.44702945301339475
688,hate,romanized,Paniki malina chana,hate,0.5690437756657277,0.5690437756657277,0.4309562243342723
689,non-hate,romanized,I pATa aMTe èMtamaMdiki iShTaM,hate,0.5323783647682641,0.5323783647682641,0.467621635231736
690,hate,romanized,Stage ekkithe chalu sollu,hate,0.5693605959563621,0.5693605959563621,0.4306394040436378
691,hate,romanized,"Starting lo full cover aiye vesedi dresses, rating kosam ippudu Air free",hate,0.5515119137280906,0.5515119137280906,0.44848808627190934
692,hate,romanized,memu videos chusthe kani meku annam kuda dorakadhu alantappudu mammilini yedavalu ni chesi anukoku ra nayana sollu apu,hate,0.5973488809168559,0.5973488809168559,0.40265111908314405
693,non-hate,romanized,Porapatuna cinema bagaledu janalu raledu ante paristiti Vijay:Intlo padukovalsinde,hate,0.5728077691655544,0.5728077691655544,0.4271922308344456
694,non-hate,romanized,appuDu rAjakIya èdugudalaku kArakulayina advAnI gArni avamAniMchAru. ippuDu padavIviramaNa chesina koviMd gArini avamAniMchAru. nyAyamA modI gAru.,hate,0.5602845928058544,0.5602845928058544,0.43971540719414565
695,hate,romanized,chiraMjIvi gAru  iShTaM lenappuDu  Ayanato  èMduku vAys  ovar èMduku cheyuMchukunnAru mI sinimAlo.,hate,0.5454142837837872,0.5454142837837872,0.45458571621621274
696,hate,romanized,dInamma roja ni èvaDikainA chUpiMchaMDi rA,hate,0.546154166676279,0.546154166676279,0.45384583332372097
697,non-hate,romanized,"meUDi Dres kharIdu 15 lakShalu , okkokka  Drès karidu mari iMta Dabbu èkkaDinuMchi vachchAyamma",hate,0.5643993876579296,0.5643993876579296,0.4356006123420703
698,hate,romanized,Net I pothe google lo ela search chestav ra bevakoof,hate,0.5595089946441869,0.5595089946441869,0.4404910053558131
699,non-hate,romanized,aMbedkar viluva mIku tèlisinaTTugA rijarveShan tIsukunna vyaktulaki tèliyaledu kanIsaM idi chUsina tarvAta ayinA tèlustuMdi,hate,0.5609561026416379,0.5609561026416379,0.4390438973583621
700,hate,romanized,guDivADa prajalu Alochana parulu kAnaMta varaku devuDu kUDA bAgu cheyaleDu veDavalakU padavulu.,hate,0.5597705597223012,0.5597705597223012,0.44022944027769884
701,non-hate,romanized,mIru sUpar meDaM paTTudala uMTe edainA sAdhiMchavachchu ani mIru nirUpiMchAru,hate,0.5633827689925393,0.5633827689925393,0.43661723100746075
702,hate,romanized,idi frankness nI bòMda.... anAgarikaM.... sabhyata saMskAraM leni òka saiko vIDu.... guhallo jIviMchAlsina vADu.,hate,0.5437505396371505,0.5437505396371505,0.45624946036284947
703,non-hate,romanized,prabhutva sòmmu òkka rUpAyi kUDA vènuka  vesukoledaMTe adi APJ abdul kalAm,hate,0.5538776082507599,0.5538776082507599,0.4461223917492401
704,non-hate,romanized,"Dèvil mUvI kUDA Blockbuster nIkiMkA tappadu digvijayaM... naMdamUri 3 sTArs  jai ènTIAr, jai bAlayya, jai rAm...... jai naMdamUri",hate,0.5331718763699769,0.5331718763699769,0.4668281236300231
705,non-hate,romanized,Andhariki rajamouli rgv inspiration emo naku meere inspiration.....words can do more than action....mee laga knowledge gain cheyyali sir nenu,hate,0.5426676915181659,0.5426676915181659,0.45733230848183415
706,non-hate,romanized,Bagunnavu chai and pallavi,hate,0.5471763129181726,0.5471763129181726,0.45282368708182735
707,hate,romanized,karonA vachchi janAlni òka rakaMgA saMputuMTe.,hate,0.5472548181492329,0.5472548181492329,0.45274518185076706
708,hate,romanized,ADu chUsi chUsi rojA pakkana kUrchuMTADeme anukunnA.,hate,0.5613502157250526,0.5613502157250526,0.4386497842749474
709,non-hate,romanized,nuvvu mATlADedi tappu. anna guriMchi èMtainA chèppuko vachchu kAnI mohan bAbu gArini tammuDu ani mATlADaDaM emAtraM karèkT kAdu. vALLa kòDukulu kUDA sIriyas ayite èMta paristiti eMTI.,hate,0.5632379426142428,0.5632379426142428,0.43676205738575724
710,non-hate,romanized,"iMta aMdaMgA èlA aMdi mIru
mIlAne mI svaraM kUDA chAla aMdaMgA uMdi",hate,0.5411632739515481,0.5411632739515481,0.45883672604845194
711,non-hate,romanized,Power star ante movies and acting kadu real star only,hate,0.5231594970229352,0.5231594970229352,0.47684050297706476
712,non-hate,romanized,"Inko rendu padithey, aa migatha dula kuda theerpoddi Uday Kiran 2",hate,0.5792969618223488,0.5792969618223488,0.4207030381776512
713,non-hate,romanized,aMtariMchi potunna ArogyAvaMtamaina hAsyAnni taTTi lepina sAtvik....,hate,0.5586237772054594,0.5586237772054594,0.4413762227945406
714,non-hate,romanized,iTuvaMTi chAvu rAvAlaMTe èMta puNyaM chesi uMDAlo     mI Atmaku shAMti kalagAlani korukuMTunnAnu,hate,0.5689014158166414,0.5689014158166414,0.43109858418335856
715,non-hate,romanized,bAlayya bAbu abhimAnini I sinimA pèdda iTu kòTTAlani manaspUrtigA korukuMTunnAnu jai bAlayya jai chiraMjIva,hate,0.554793695712326,0.554793695712326,0.44520630428767405
716,hate,romanized,tweet:enduku kumail najaini  gudda chaal rangaluo vuntadhi kumail: enduku mi amma lipstick vunthadhi,hate,0.5611239135872195,0.5611239135872195,0.43887608641278053
717,non-hate,romanized,nuvvu paDiMdi maMchi gAuMdi bro,hate,0.5609003454720813,0.5609003454720813,0.4390996545279186
718,non-hate,romanized,annA chAlA iMprUv ayyAv.... sUpar,hate,0.5312135321933917,0.5312135321933917,0.4687864678066083
719,hate,romanized,E roju e liger movie chusa uttar flop movie jeevitham meedha virakthi puttipoyindhi,hate,0.559458637195356,0.559458637195356,0.4405413628046439
720,non-hate,romanized,"tana svayaM kRRiShi to kaShTapaDi, tana naTanato prekShakula hRRidayAllo chèragani mudra vesukunna mana mègAsTAr chiraMjIvi",hate,0.5592404410079086,0.5592404410079086,0.44075955899209135
721,non-hate,romanized,Samantha acting matram ichipadesindhi thrill chestadhi second half fantastic anthe,hate,0.551008164965751,0.551008164965751,0.44899183503424905
722,non-hate,romanized,Harsha anna ni kalavaali okkasaraina,hate,0.5719567637822346,0.5719567637822346,0.4280432362177654
723,non-hate,romanized,Industry lo òkka remark kUDA leni phyAmilI edainA uMdA aMTe adi One And Only Victory Venky Anna Gaari Family Superb Raana Anna,hate,0.5322325342583771,0.5322325342583771,0.4677674657416228
724,non-hate,romanized,gorantla madav issues side chyadaniki jenasena ni kelikaru yeppatu lane,hate,0.568564349091812,0.568564349091812,0.43143565090818803
725,hate,romanized,Mee Ayya Farmhouse Unte Mee ML Lu Appudaina Mee Ayyani Chusindra Lolly ga,hate,0.5356275168182457,0.5356275168182457,0.4643724831817543
726,hate,romanized,vIDiyo tIsinAnu kòTTAla vInni kòTTAla dAni kiMda vesi kòTTAla,hate,0.5447636942173556,0.5447636942173556,0.4552363057826444
727,hate,romanized,nenu rojU anasUyanu uhiMchu kuMTu kòDutunna,hate,0.5653452992222011,0.5653452992222011,0.4346547007777989
728,non-hate,romanized,"""naMbi nArAyaNa"" gAriki jarigina anyAyaM chUstuMTe chAlA bAdha vestuMdi, ""naMbi nArAyaNa"" gAri tyAgAniki mA hRRidayapUrvaka ""pAdAbhi vaMdanAlu""",hate,0.5504766764210541,0.5504766764210541,0.44952332357894587
729,non-hate,romanized,nijaMgA I lav sTorI eMdi bhai  shInanna eDiche sIn sUpar,hate,0.5454447196177579,0.5454447196177579,0.4545552803822421
730,non-hate,romanized,Super tammudu,hate,0.5256797738346459,0.5256797738346459,0.47432022616535413
731,hate,romanized,owasi bro's nupur raja singh ni pakistan ledha andaman ko tarmidengali #the people who  divide india,hate,0.5635875141182466,0.5635875141182466,0.4364124858817534
732,non-hate,romanized,iMdulo òkka nijaM uMdi... laiph sAphIgA jarigevALLu bayaTa pADAru.. èMduku aMTe vALlaki avakAshAlu unnAyi kAbaTTi..,hate,0.5556785827901098,0.5556785827901098,0.4443214172098902
733,non-hate,romanized,polIs vevasthalo mIlAMTi SP lu uMTe polIs lapai  gauravaM pèrugutuMdi sAr...mIlAMTi SP mA tèlaMgANA lo kUDA rAvAli sAr,hate,0.5441226717635358,0.5441226717635358,0.4558773282364642
734,non-hate,romanized,mIru A sthAyilo uMDi kUDA mI snehituni parichayaM cheyaDaM AnaMdakaraM,hate,0.5499764071107706,0.5499764071107706,0.45002359288922944
735,non-hate,romanized,Alaanti goppollaki ilaanti goppolle pudatharu..,hate,0.5654689088631663,0.5654689088631663,0.43453109113683375
736,non-hate,romanized,bAgunnAru talli kòDukulu sTorI,hate,0.5389066479129665,0.5389066479129665,0.4610933520870335
737,hate,romanized,"drohaM chesiMdi,nijaMgA epI usuru bIjepIki,moDIki tagulutuMdi.",hate,0.5501428982255823,0.5501428982255823,0.44985710177441773
738,non-hate,romanized,chAlA yUTyUb chAnallalo mIru chèppina garikapATi vAri abhiprAyaM prachAramautunnadi. vATi kiMda kAmèMTulanu sinimA raMgaM vAru chadivite prajAbhiprAyaM tèlustoMdi. emainA anukoni anukuMTe òkanADu vAri bhAryApillalapai ade prabhAvaM paDavachchu. chivaragA budhdhi chèbutuMdi…,hate,0.560689135243954,0.560689135243954,0.4393108647560459
739,non-hate,romanized,tèlugu rAShTrAlaki maMchi maMchi nAyakulu dòrikAru sinimAlu vèLlanavasaraM ledu vALLe sinimA chUpistAru maMchi kAlakShepaM,hate,0.5467658058056917,0.5467658058056917,0.4532341941943084
740,hate,romanized,Power Lo undi evaru ra vedava,hate,0.5542670335716744,0.5542670335716744,0.44573296642832566
741,hate,romanized,Waste gaadu ali,hate,0.5413233829046805,0.5413233829046805,0.4586766170953195
742,hate,romanized,​pawalagadi gorrelaki avesam thappa alochana ledhu,hate,0.5926735120943106,0.5926735120943106,0.40732648790568937
743,hate,romanized,Mundhu RTC Buses lo students entha ibbandhi padivelthunnaru chudandii valla hanging conditions you have to notice everything,hate,0.549876577601766,0.549876577601766,0.45012342239823405
744,non-hate,romanized,harSha..! nI manasulage... nI rUpaM kUDA aMdaMgA uMdi......,hate,0.534456966168809,0.534456966168809,0.46554303383119094
745,hate,romanized,Pila nibha star vijgay overkonda guddakonda,hate,0.5661022459638627,0.5661022459638627,0.43389775403613734
746,non-hate,romanized,Ede poindi kaadu manaki,hate,0.5773665546470894,0.5773665546470894,0.42263344535291064
747,hate,romanized,Apu rA DrAmA rAvu anni sòllu kaburlu,hate,0.5554019400604309,0.5554019400604309,0.44459805993956913
748,non-hate,romanized,chAlA bAgA chèppAru anna.. mòdaTi udAharaNa vuMdi adi mAtraM.... mAmUlugA ledu... sUpar asalu,hate,0.5402982706157646,0.5402982706157646,0.4597017293842354
749,hate,romanized,Hero lu remuneration taggisthe dil raju rates penchi collections motham mingesthadanta….funny fellow,hate,0.5560100590337265,0.5560100590337265,0.4439899409662736
750,hate,romanized,​Ap state nu sarwa nasanam chesaru,hate,0.5644386326261535,0.5644386326261535,0.4355613673738465
751,non-hate,romanized,Logically what u said is exactly right.. Appreciated the way you explained the concepts of government and other way of ruling.. Good.. Keep it up dear..,non-hate,0.5349770304858181,0.46502296951418187,0.5349770304858181
752,non-hate,romanized,"raitu baMd valla èvarikI lAbhaMrA  nAyana, èvarikI ekuvA bhUmi uMTe vADike ekuva lAbhaM, nuvvu nI brokar  jarnalijaM",hate,0.5595320604334078,0.5595320604334078,0.4404679395665922
753,hate,romanized,Arey drama rao apura Ne sollu,hate,0.5728367423230283,0.5728367423230283,0.4271632576769717
754,hate,romanized,veNu svAmI mI mATalu annI abaddaM.,hate,0.5465067591677835,0.5465067591677835,0.4534932408322166
755,non-hate,romanized,eM adRRiShTaM svAmi anna ne phon touch chesiMdi.. lakkI,hate,0.5556098852400213,0.5556098852400213,0.44439011475997875
756,non-hate,romanized,chiruta looks adhurs,hate,0.5417883279737958,0.5417883279737958,0.45821167202620416
757,hate,romanized,Madhi sommu ea kadha vochesthadhi,hate,0.5704268031158484,0.5704268031158484,0.4295731968841516
758,non-hate,romanized,anil kumAr gAridi tappaledu kAnI ilAMTi samasyalu kUDA  rAShTraMlo unnAyi ani bAgA tèliyajesAru.,hate,0.5655144451332407,0.5655144451332407,0.4344855548667593
759,hate,romanized,Sorry to say but chinna events ki velthe ilaney jarugutundi..,hate,0.5378320040342461,0.5378320040342461,0.4621679959657539
760,hate,romanized,tèlivaina mUrkhuDu... RGV,hate,0.5483720444456565,0.5483720444456565,0.45162795555434354
761,hate,romanized,"rojA AMTI ki bAgA tèlusu jalaga mòna rèDDi ki vèMTrukalu èkkaDa, èkkaDa unnAyo",hate,0.5473786150533358,0.5473786150533358,0.45262138494666415
762,hate,romanized,karan johar asla modda levadu anta andukey ammaila mataladuthaane vunatru,hate,0.5879268248978349,0.5879268248978349,0.41207317510216507
763,non-hate,romanized,​yuddham vadhu please for lokham lo shanthi vunchadhi,hate,0.5588577015388291,0.5588577015388291,0.4411422984611709
764,non-hate,romanized,Niku cheppada kohili one day adanu ani,hate,0.5772092630905832,0.5772092630905832,0.4227907369094169
765,non-hate,romanized,KCR ni chusi Vallabhai patel anukunnademo.,hate,0.5029667433405416,0.5029667433405416,0.49703325665945847
766,non-hate,romanized,great raa baabu movies loki  vellipoyava ra baabu,hate,0.5734406743980953,0.5734406743980953,0.4265593256019047
767,non-hate,romanized,Telugu tamil industry la ki break dance nerpindhe prabhudeva..meru evergreen dancer sir,hate,0.5403665791532619,0.5403665791532619,0.45963342084673803
768,hate,romanized,Pora kukka,hate,0.5509608747304995,0.5509608747304995,0.44903912526950046
769,hate,romanized,Nvvu first e channel dheni kosam pettinav kcr kosama peoples ki emaina prayojanam vundhara entha sepu kcr sanka nakuthunnav,hate,0.5872695833442388,0.5872695833442388,0.41273041665576116
770,hate,romanized,narottam mishra peddha langa ram setu movie ban cheyamantaru deniki movie peru lo ram vundhi ani,hate,0.5716355727539417,0.5716355727539417,0.4283644272460582
771,non-hate,romanized,hammayya.. ippaTiki òka maMchi vIDiyo cheshAvu talli,hate,0.5433164743972005,0.5433164743972005,0.4566835256027995
772,hate,romanized,ilAMTivi chestene mIku 2019 lo bòkka paDiMdi.,hate,0.5415197560611716,0.5415197560611716,0.45848024393882836
773,non-hate,romanized,Ram entra babu intha andamga undau super,hate,0.5611548942292637,0.5611548942292637,0.4388451057707363
774,non-hate,romanized,kaMTlo durada pèTTiMdi kAbaTTi saripoyiMdi,hate,0.559663400422148,0.559663400422148,0.440336599577852
775,hate,romanized,ekkaDaki poyaMDi I mahiLA kamiShan,hate,0.5797301925189777,0.5797301925189777,0.4202698074810223
776,non-hate,romanized,nuvvu kAdayyA hIro nI yanakAla uMdi chUDu puli sonu sUd sAr,hate,0.5710435013837802,0.5710435013837802,0.4289564986162198
777,hate,romanized,jagan gabbu gadu cbn pettina manchi padakalu ni tolagichi auto valla ki 10000rs esthunnaru,hate,0.5844595148261333,0.5844595148261333,0.4155404851738667
778,hate,romanized,Desaani dochokotaaniki eeyanaki emi takkuvayindita,hate,0.5598888285756832,0.5598888285756832,0.44011117142431677
779,hate,romanized,​a bayam unte villu paripala tinnaga cheste sari ponu,hate,0.578564549901446,0.578564549901446,0.42143545009855404
780,hate,romanized,Telugu industry na modda kudavandi ra,hate,0.5671913732621513,0.5671913732621513,0.4328086267378487
781,non-hate,romanized,Sister...Nelanti vaallu thaluchukuntey condecterley kaadhu collectorlu avthaaru...kalaakarulavtharu....neku suport chestunna ne family ki..A P S R T C ki ne tharupuna Thanks cheptunna,hate,0.5571595219790932,0.5571595219790932,0.4428404780209068
782,non-hate,romanized,Nenu aite Jabardast show chudadam manesanu TV 5 ABN channels lo debates vchinaka,hate,0.5606787719282849,0.5606787719282849,0.43932122807171514
783,non-hate,romanized,Mahesh smile ...pure soul,hate,0.5029484735719102,0.5029484735719102,0.4970515264280898
784,non-hate,romanized,Madam meeru good questions aduguthunnaru,hate,0.5209856217639589,0.5209856217639589,0.4790143782360411
785,hate,romanized,𝙋𝙪𝙠𝙪 𝙙𝙖𝙣𝙜𝙞𝙩𝙝𝙝𝙖,non-hate,0.5049325305200952,0.49506746947990476,0.5049325305200952
786,non-hate,romanized,mIru mAku dUraM avvaDaM mA duradRRiShTaM,hate,0.5391793606746935,0.5391793606746935,0.4608206393253064
787,hate,romanized,Amma pai joke enty raaa..... Avulagallraa,hate,0.5514659085362672,0.5514659085362672,0.44853409146373285
788,non-hate,romanized,tAnu iMtaku muMde chèppADu nenu ilA videos cheyaDAniki kAraNaM aMdarU inspire avvAli ani,hate,0.5620620006747203,0.5620620006747203,0.4379379993252796
789,hate,romanized,Chi yentra makikarma,hate,0.5653065318576072,0.5653065318576072,0.4346934681423929
790,non-hate,romanized,tammuDu nuvvu sUpar nijAnni IlAge nirbayaMgA chèppu èvvaniki bhayapaDaku,hate,0.5637808348944999,0.5637808348944999,0.43621916510550013
791,non-hate,romanized,"RK gAru mIku, mI TIM ki danyavAdAlu, suti mèttagA prashnalu varNiMchAru  ahaMkAriki ...ahaMkAraM kAsta tagginaTlu anipistòMdi",hate,0.5479559101744227,0.5479559101744227,0.45204408982557737
792,hate,romanized,Mundhu veeni interview chesthunna channel vallani thannali,hate,0.5531497578185381,0.5531497578185381,0.44685024218146185
793,non-hate,romanized,greT parphAmèns sis kriMdi Tails slip avutunna balans chesukòni pèrphèkT gA DAns vesAv sUpar,hate,0.5459510881541763,0.5459510881541763,0.4540489118458237
794,hate,romanized,erri puk moody valla srh playoffs ki pole,hate,0.5788526530079292,0.5788526530079292,0.4211473469920708
795,non-hate,romanized,tvaralone pavan kaLyAN gAru mukhyamaMtri kAbotunnAru,hate,0.5547796662996175,0.5547796662996175,0.4452203337003825
796,non-hate,romanized,Best lIDar and best polIs.pravIN kumAr sar,hate,0.539400588539267,0.539400588539267,0.460599411460733
797,non-hate,romanized,Comments chadivi masthu enjoy chesthunna nenaithe,hate,0.5669290152655682,0.5669290152655682,0.4330709847344319
798,non-hate,romanized,A vaiT Drès lo chUstuMTe vijayavADa pèddapuli vaMgavITi mohan raMgA nu chUsinaTTuMdi anna,hate,0.5632488199419108,0.5632488199419108,0.43675118005808916
799,hate,romanized,Ttr dongal trs pata leaders,hate,0.5596442730971976,0.5596442730971976,0.4403557269028025
0,non-hate,telugu_script,స్త్రీలను వీధిలోకి లగకంది పవన్ గారు చూస్తే ఆయనకి పార్టీ కి చెడ్డ పేరు వస్తుంది,non-hate,0.5696146056377366,0.4303853943622634,0.5696146056377366
1,hate,telugu_script,Gుధ పగుల్దేగలే,non-hate,0.5609038967593278,0.43909610324067216,0.5609038967593278
2,non-hate,telugu_script,ణిజన్గ ఇలన్తి extraordinary persons ఉన్తరు,non-hate,0.5573518810367452,0.44264811896325484,0.5573518810367452
3,non-hate,telugu_script,నాకు ఇంటర్నెట్ మొబైల్ డేటా లేదు అండి ఇందులోనుంచి డబ్బులు వస్తే ఏపించుకుందాం అని చూస్తున్న... మాములుగా లేదు అనుదీప్ గారి పంచెస్,non-hate,0.5674053769168286,0.4325946230831714,0.5674053769168286
4,non-hate,telugu_script,ఆP కి మన్చి రోజులు వస్థున్ధి,non-hate,0.5457264121750754,0.45427358782492455,0.5457264121750754
5,non-hate,telugu_script,ఆయిథే life పోలితిచిఅన్ కవలి ర Bఅబు.,non-hate,0.5390272162067228,0.4609727837932772,0.5390272162067228
6,hate,telugu_script,K్ట్ఱ్:ణన్ను ఏర్రి పుక్ చేశవు గహ్ కధర రేవన్థ్,non-hate,0.519006139115565,0.48099386088443497,0.519006139115565
7,non-hate,telugu_script,Youtube వేదిఓస్ కోన్ని follow అయ్యేధన్ని థర్వథ BB హోఉసే లో కోన్చమ్ నేగితివే fీల్ అయ్య ఇప్పుదు చుస్తున్తే బధ అనిపిస్తున్ధి very good దన్చేర్ All the Best fోర్ యోఉర్ future షన్ముఖ్ 💐,non-hate,0.5242435463821974,0.4757564536178026,0.5242435463821974
8,hate,telugu_script,Recharge ఐపోథేయ్ data ఏల వస్తధి ర ఏర్రి పుక,non-hate,0.5440509211411115,0.45594907885888847,0.5440509211411115
9,hate,telugu_script,వదు దోన్గ నూవ్ యదవ,non-hate,0.5304096281767683,0.4695903718232317,0.5304096281767683
10,non-hate,telugu_script,సంస్కారవంతమైన కుటుంబం,non-hate,0.5550099175142283,0.44499008248577165,0.5550099175142283
11,non-hate,telugu_script,ప్రజా సమస్యల పరిష్కారంపై దృష్టి పెట్టండి,non-hate,0.584270729550655,0.41572927044934505,0.584270729550655
12,hate,telugu_script,Wఅస్తే గదు ణత్రజ్ is very bad బేహవిఓఉర్,non-hate,0.5385335114626633,0.46146648853733674,0.5385335114626633
13,hate,telugu_script,Kనిసమ్ ఓక్క విచ్కేత్ కూద తీయలేదు వస్తే గలు,non-hate,0.551172990614379,0.44882700938562103,0.551172990614379
14,hate,telugu_script,"ఆమిత్ షవ్ కి స్లిప్పేర్స్ వేస్థు బథుకుథున్నదు, తేలుగు వారి గోవ్రవాన్ని గుజరత్ గదిధల ధగ్గర థాకత్తు పేత్తేస్థున్నదు..",non-hate,0.544742082426667,0.455257917573333,0.544742082426667
15,hate,telugu_script,జిహహ్ ఖన్ సుచిదే కి కరనమ్ సూరజ్ అల్తన్చ్ది సుల్లి భై మfిఅ support free వరే అమ్మైల్థో దేన్గిథునరు,non-hate,0.5509598612147083,0.4490401387852917,0.5509598612147083
16,non-hate,telugu_script,"Police వల్లు చేప్పిన్ది అన్థ నిజమేన, పూర్థి ఏన్qుఇర్య్ అయిన థరవథ నువ్వు వల్లను చ్రిమినల్స్ ఆని చేప్పు brother.",non-hate,0.5452224269594375,0.45477757304056254,0.5452224269594375
17,non-hate,telugu_script,ప్రతి సీన్... ప్రతీ షాట్॥॥మతి పోతుంది లోపల awesome,non-hate,0.5846664961955003,0.41533350380449974,0.5846664961955003
18,non-hate,telugu_script,zనభ।పేరేగుతునరు।వుపధే।ఉధ్యోగలు।కరువే।వున్ధే.,non-hate,0.5503407275320885,0.4496592724679115,0.5503407275320885
19,non-hate,telugu_script,మౡ మౡ రిపీట్ చేస్తూ చూస్తున్న వాళ్లు ఎంతమంది ఉన్నారు...️,non-hate,0.5828263739339089,0.4171736260660911,0.5828263739339089
20,non-hate,telugu_script,ఏన్థ చుతే చోఉప్లే అబ్బా..!!,non-hate,0.5784414316821183,0.42155856831788174,0.5784414316821183
21,non-hate,telugu_script,ఆల్లు ఆర్జున్ చినేమ కి ప్రనమ్ ఏసతదు,non-hate,0.5702808547999569,0.42971914520004306,0.5702808547999569
22,hate,telugu_script,తెలివిగలవాళ్లని అనుకుంటాంగానీ కాదు అదృష్టం ఏమూలో ఏడుస్తుంది ఇట్లాంటి వాళ్ళకి. జనాలతో తిట్టించుకుంటే కాని నిద్ర పట్టదు,non-hate,0.5769268457730841,0.42307315422691594,0.5769268457730841
23,non-hate,telugu_script,కడిగేయండి మీరు సమాజాన్ని! నాకు బాధగానే ఉంది గురువుగారు.,non-hate,0.585403918662886,0.414596081337114,0.585403918662886
24,non-hate,telugu_script,"Gోద్ బ్లేస్స్ యోఉర్ రేలతిఓన్ madam, జై సుధీర్ అన్న",non-hate,0.5597241614125577,0.44027583858744235,0.5597241614125577
25,hate,telugu_script,ఆమ్మై ని పత్తుకోని కవలిస్సిన్ధి కోనుకో అని అన్త వురుకున్తున్ద,non-hate,0.5469871811960045,0.45301281880399547,0.5469871811960045
26,non-hate,telugu_script,శుక్రవారం శుక్రవారం స్టేషన్ కి వచ్చి సంతకం పెట్టు,non-hate,0.5698512250621599,0.4301487749378401,0.5698512250621599
27,non-hate,telugu_script,ఎందరో మహాను బావులు వుంటారు వాళ్లు ఊరికెనే ఉండరు,non-hate,0.5778111059514889,0.4221888940485111,0.5778111059514889
28,hate,telugu_script,ణువ్ అన్నన్థ మథ్రన ఃఅర్శ షై మిధ అబిమనమ్ థగ్గదు ర,non-hate,0.5370441450872397,0.46295585491276026,0.5370441450872397
29,non-hate,telugu_script,నీతి నిజాయితీ లకు మారు పేరుగా నిలిచిన వ్యక్తి ఆళ్ళ రామకృష్ణారెడ్డి. అమరావతి రైతులకోసం నిజమైన పోరాటం చేసిన వ్యక్తి. ఆయన పదికాలాలపాటు చల్లగా ఉండాలి.,non-hate,0.5892856966779147,0.41071430332208525,0.5892856966779147
30,hate,telugu_script,వచ్చిందయ్యా మహా పతివ్రత.... అనసూయ అంటేనే నిలువెల్లా బూతు..... ఈమె చెబుతుంది నీతులు... తూ..... సిగ్గుమాలిన జన్మ,non-hate,0.572269931831943,0.42773006816805703,0.572269931831943
31,hate,telugu_script,Vఏదోక పుల్కగదు వినికన్న Pరకశ్ ఱజ్ బేత్తేర్,non-hate,0.5400877199325619,0.4599122800674381,0.5400877199325619
32,hate,telugu_script,ణ మోద్ద ల ఏక్ష్ప్రేస్సిఓన్స్,non-hate,0.5779806217944529,0.42201937820554714,0.5779806217944529
33,hate,telugu_script,ఆరేయ్ ని బోన్ధ ర చేథ న కోదక,non-hate,0.5464475996152115,0.4535524003847885,0.5464475996152115
34,hate,telugu_script,Vఏదికి Gుద్ద బగ బలిసిన్ది అనుకున్త॥Bఅలయ్య బబు మీద జోకేస్ ఏన్దుకుర ఏప్,non-hate,0.5278427884464786,0.4721572115535214,0.5278427884464786
35,hate,telugu_script,Vఈలు వేది ఓవేర్ అచ్తిఓన్,non-hate,0.552645551219195,0.447354448780805,0.552645551219195
36,non-hate,telugu_script,ఏముంది పదవికోసం గుధ్ధ కూడా నాకేస్తారు ఈ రాజకీయ రాబందులు,non-hate,0.5359676610824083,0.46403233891759166,0.5359676610824083
37,hate,telugu_script,Yదవ Vఏశలు తగిన్చుకున్తే Bఅగున్తది,non-hate,0.5539081878283291,0.44609181217167093,0.5539081878283291
38,non-hate,telugu_script,ప్రతిపక్షాలు సామాన్యుడిని ఎదగనివ్వరు పేద ప్రజలకి ఇల్లులు కడుతుంటే ఇప్పుడు వాళ్లు వచ్చి ఎలా కడుతున్నారు చూస్తారట ంగా ఉంది అతని నుంచి పేద ప్రజలకి ఇళ్ల పట్టాలు పంపిణీ చేయడానికి వీలు లేదంటూ ఆయన స్టేజెస్ కూర్చున్నాడు అంటే ఇతను కంపు చేయడానికి ప్రయత్నించేస్తున్నాడు జగనన్న లబ్ధిదారులు ఇటువంటివి జరిగినప్పుడు బయటకు వచ్చి మీ తాలూకా మనసులో ఉండే మాటను వాళ్లకి తెలియపరచండి,non-hate,0.5816370202121307,0.4183629797878693,0.5816370202121307
39,hate,telugu_script,Oరే ని వేశలు అపి పని చుస్కో,non-hate,0.5530420713045859,0.44695792869541406,0.5530420713045859
40,hate,telugu_script,ప్రియన్క అరుల్ మోహన్ గుద్ద చాల సేక్ష్య్ వున్తధి దని పన్గ చచి దేన్గలి,non-hate,0.5402565449938661,0.4597434550061339,0.5402565449938661
41,non-hate,telugu_script,డేవుదిమిద జోకులు వేసిన అవమనిచిన చల నస్త పోతరు వినయకుదితో పేత్తుకోకుద పోవేర్ fుల్ల్ గోద్,non-hate,0.5192520619067134,0.48074793809328664,0.5192520619067134
42,hate,telugu_script,ణువ్వో మోద్దగనివి అన్ధుకే ఆపేస్నవ్,non-hate,0.5543203918829299,0.4456796081170701,0.5543203918829299
43,hate,telugu_script,అమరిచ అన్దథో madam పేరిగి కోతుకున్తున్ది ఉరికినే,non-hate,0.5513629512714222,0.4486370487285778,0.5513629512714222
44,non-hate,telugu_script,చాలా మంచి మూవీ అన్న ...మీరు రియాక్ట్ అవుతావ్ అనుకున్న అన్న ..నువ్వు సూపర్ లాయర్ అన్న,non-hate,0.6054197699315932,0.3945802300684068,0.6054197699315932
45,hate,telugu_script,ఈది ఱ్ట్ఛ్ ఛోన్దుచ్తేర్ హ లేక ఈన్క బుస్తన్ద్ లో ఏమైన చేసిన్ద,non-hate,0.544068924442604,0.455931075557396,0.544068924442604
46,hate,telugu_script,K్రిత్తిక Gరు Vఅదినే ఛేపు థో Kోథన్ది ళివే ళో....,non-hate,0.5285751389847987,0.4714248610152013,0.5285751389847987
47,hate,telugu_script,ఇంక ఆపుర నాయనా... అక్కడ చూయించు...,non-hate,0.58493183364141,0.41506816635859,0.58493183364141
48,non-hate,telugu_script,మీ ఫ్యామిలీ లో నాకు నచ్చింది నువ్వు అన్న.. కరెక్ట్ గా మాట్లాడుతావ్..,non-hate,0.6047859608641071,0.3952140391358929,0.6047859608641071
49,hate,telugu_script,షుమ గరు కోన్చమ్ థగిచుకో,non-hate,0.5516038117708316,0.4483961882291684,0.5516038117708316
50,hate,telugu_script,Oరేయ్ అధిగ గుద్ధ ముఏ,non-hate,0.54368387348507,0.45631612651493003,0.54368387348507
51,hate,telugu_script,"Oరేయ్ జf్f బుల్ బుల్,గో and బుf్fలో ముద్దిలో పదుకో",non-hate,0.5237029161345096,0.4762970838654904,0.5237029161345096
52,non-hate,telugu_script,ఃఅను రఘవపుది love స్తోర్య్ అన్తే సుపేర్ ఇమ్మేర్సివే గ ఉన్తది,non-hate,0.5732269004535238,0.42677309954647624,0.5732269004535238
53,hate,telugu_script,చిల్లర్ పర్త్య్ లు ఆన్నే ఓక్కత్య్న మోది జి ని నేక్ష్త్ ప్మ్ మోది జి యోగి బబ ని,non-hate,0.5487428667447466,0.4512571332552534,0.5487428667447466
54,non-hate,telugu_script,zయము జయము చన్ద్రన్న జయము నీకు చన్ద్రన్న,non-hate,0.584732461062834,0.41526753893716595,0.584732461062834
55,hate,telugu_script,ఆఅకు పూకు థేలియన్ధి కుద జుద్గే ఐపోఇన్ధి,non-hate,0.5315979211751132,0.4684020788248868,0.5315979211751132
56,hate,telugu_script,ష్ఃOEష్ ఆమిథ్శ మోది కిన్ద Oఓదిగమ్ చేయ్..,non-hate,0.5317633446745201,0.46823665532547987,0.5317633446745201
57,non-hate,telugu_script,​రాని ప్రమదమ్ రాని నో ప్రోబ్లేమ్.. నేక్ష్త్ త్య్మ్ బ్జ్ప్ కి వోతే వేయన్ది తేలన్గన ప్రజలర,non-hate,0.5497749344060691,0.45022506559393094,0.5497749344060691
58,non-hate,telugu_script,Eఏ మద్య కాలమ్లో వోచిన fిల్మ్స్ లో నాకు ఇధి బాగ నచిన్ది,non-hate,0.5430216650873535,0.4569783349126465,0.5430216650873535
59,hate,telugu_script,"Eవిదేన్చే ఉన్న మ్ల కోదుకుని అర్రేస్త్ చేయలేధు, police లు కి దమ్ము లేధు",non-hate,0.5550005580870943,0.44499944191290575,0.5550005580870943
60,hate,telugu_script,Vఈదు ఆది గాదు మారదు వీదికి స్తగే చ్లేఅనిన్గ్ పని ఇవ్వన్ది,non-hate,0.5519897636762596,0.4480102363237404,0.5519897636762596
61,non-hate,telugu_script,E మోవిఏ Gురిన్చి ఓక్కదు నేగతివే గ మత్లదిన వాదు తేర్రోరిస్త్ అయ్యి ఉన్దలి..,non-hate,0.5418400679122632,0.45815993208773675,0.5418400679122632
62,non-hate,telugu_script,Kాస్త అమ్మ నన్న పైన ప్రేమ కలిగి వున్దన్ది బ్రో,non-hate,0.5651588724745976,0.4348411275254024,0.5651588724745976
63,hate,telugu_script,Kులాఅ పేఛే fూగ ఉన్దేఅనన,non-hate,0.5392914354340285,0.46070856456597153,0.5392914354340285
64,hate,telugu_script,Are Bఅబు నికు ఏన్దుకుర,non-hate,0.5444565669095218,0.4555434330904782,0.5444565669095218
65,non-hate,telugu_script,"ఈన్తకి ఱహుల్ ఏవదబ్బ, sir ఇన్దిరేచ్త్ గ ఛోన్గ్రేస్స్ ఱహుల్ Gన్ధి కి హిన్త్ ఇస్తున్ద కల్సిపోదమని",non-hate,0.5541741002869407,0.4458258997130593,0.5541741002869407
66,non-hate,telugu_script,"This శోఉల్ద్ be a good లేస్సోన్ fోర్ యోఉన్గ్స్తేర్స్. ంఓరల్ is "" జీవితం లో గెలుపుకి బందు మిత్రులు ఎక్క్కువ, కాని ఓటమి ఎప్పుడు అనాదే""",non-hate,0.5462956937527894,0.4537043062472106,0.5462956937527894
67,non-hate,telugu_script,Vఅద్దు Bఅన్గరమ్ నువ్వు happy గ వున్దలి,non-hate,0.5476826619325553,0.4523173380674447,0.5476826619325553
68,non-hate,telugu_script,"కని, ఏక్కువ చేస్తే అలసత, వేఅక్నేస్స్, బోద్య్ పేరగక పోవదమ్, తీనగే లో తర్వత కుద fచే పైన గద్దలు పిమ్ప్లేస్ రవదమ్ నిజమ్॥।బేత్తేర్ కీప్ ఇత్ త్వో-థ్రీ తిమేస్ a వీక్॥గేత్ బుస్య్ and fోచుస్ ఓన్ యోఉర్ స్తుదిఏస్ and చరీర్ గుయ్స్.",non-hate,0.5590403472154278,0.44095965278457216,0.5590403472154278
69,hate,telugu_script,ఛేమ్ప పగిల్ద్దేమో,non-hate,0.5794331657959845,0.4205668342040155,0.5794331657959845
70,non-hate,telugu_script,వాడి అసలు రూపం అదే ఎవరిని ఎప్పుడు వాడుకుని వదిలేయాలో వాడి కంటే ఏ రాజకీయ నాయకుడికి తెలియదు,non-hate,0.5610709265816893,0.43892907341831067,0.5610709265816893
71,non-hate,telugu_script,మీ ఇద్దరి వల్ల తెలంగాణ జనాలకి ఏమన్న ఉపయోగం ఉందా చెప్పు,non-hate,0.5903054838481804,0.4096945161518196,0.5903054838481804
72,hate,telugu_script,అస్ల ముర్ము ప్రేసిదేన్త్ ఏల అయిన్ధి ఇన్దిఅ పర్వు పోయిన్ధి ని కర్ర మోఖమ్ ఏస్కోని,non-hate,0.5409045236892497,0.4590954763107503,0.5409045236892497
73,non-hate,telugu_script,Eతువన్తి ఇన్తేర్విఏవ్స్ కధా మనకి కవల్సినవి,non-hate,0.5616331512965032,0.43836684870349685,0.5616331512965032
74,non-hate,telugu_script,శర్మ గారు చెప్పిన ది నిజమా అబద్దమా అని చెప్పే ధైర్యం వీళ్లకు లేదు,non-hate,0.5816675289637792,0.41833247103622084,0.5816675289637792
75,non-hate,telugu_script,నని అన్న మేరు గ్రేఅత్,non-hate,0.5668877566135728,0.4331122433864272,0.5668877566135728
76,non-hate,telugu_script,నువ్వు తెరాస పార్టీ ..ఉంపుడు గత్తేనె కదా రా నువ్వు,non-hate,0.5571081940437703,0.4428918059562297,0.5571081940437703
77,hate,telugu_script,మేడం కు ఉక్క పోస్తునట్టుంది సంకలో బాడీ వేసుకుంది,non-hate,0.5632226119426589,0.4367773880573411,0.5632226119426589
78,hate,telugu_script,ప్రపంచంలో అతిపెద్ద అవినీతి పార్టీ టిఅర్ యస్ కెసిఆర్,non-hate,0.5591532449358105,0.44084675506418947,0.5591532449358105
79,non-hate,telugu_script,ఇలాంటి సెలబ్రిటీలు ఇలా షోష్ కు రావాలి sir,non-hate,0.5944861010618347,0.40551389893816525,0.5944861010618347
80,non-hate,telugu_script,"ఆరేయ్ Bఅబు ంఏము చిన్నప్పతి నున్చి చిరు fన్స్, ప్ల్స్ దోన్'త్ హుర్త్ ఉస్, fిర్స్త్ చిరు నేక్ష్త్ ఏవరిన మాకు",non-hate,0.5423116847554321,0.4576883152445679,0.5423116847554321
81,non-hate,telugu_script,"ఏఈ యేవుద్ర వీదు, అన్దన్గ వున్నవ్ అన్తున్నదు, అక్క అన్తున్నదు",non-hate,0.5603095167027065,0.43969048329729354,0.5603095167027065
82,non-hate,telugu_script,అరేయ్ శన్కర్ గ న్వ్వు క్చ్ర్ సన్క నకకు ర,non-hate,0.5565551916431883,0.44344480835681166,0.5565551916431883
83,non-hate,telugu_script,ఎవడి స్టైల్ వాడిది... దేవరకొండ స్టైల్ దేవరకొండ ది అంతే ఇంట్లో తప్పేముంది... వినిపిస్తుంది చెప్పనా.,non-hate,0.57175070219338,0.42824929780662,0.57175070219338
84,non-hate,telugu_script,పవన్ కళ్యాణ్ గారు తమ్ముడు.... మోహన్ బాబు అనే సరికి అన్నయ్య చిరంజీవి గారు చిన్నపిల్లోడిలా నవ్వుతుంటే ఎంత ఎంత అందగా ఉన్నాడో అన్నయ్య,non-hate,0.5796347479985863,0.4203652520014137,0.5796347479985863
85,hate,telugu_script,Vఈదు అమ్ పికలేదు అని తేలుసు,non-hate,0.5491783172176493,0.4508216827823507,0.5491783172176493
86,non-hate,telugu_script,"ణేను వున్నను,నేను విన్నను,నేను చుసను.... all are ఏలిగిబ్లే fోర్ the Oస్చర్ లేవేల్ పేర్fోర్మన్చే",non-hate,0.5472765215476583,0.45272347845234173,0.5472765215476583
87,non-hate,telugu_script,పోన్లే పాపం కష్టపడ్డదానికి కొంచెం అయిన ప్రతిఫలం దక్కింది …. కళ్ళు నెత్తికెక్కించుకోకుండా ఒదిగి ఉంటే మంచి Future ఉండొచ్చు,non-hate,0.5893656508508583,0.41063434914914165,0.5893656508508583
88,hate,telugu_script,ర్గ్వ్ గదు చనిపోవలి వది చేత్తబన్ది అయిన చేస్థ,non-hate,0.5687000262879645,0.43129997371203554,0.5687000262879645
89,non-hate,telugu_script,Pఅపమ్ భయ్య బబి కి పోత్త అబ్బమ్ గ వున్ధి,non-hate,0.5600614813438415,0.4399385186561585,0.5600614813438415
90,hate,telugu_script,ఛల ఇబన్ది పేత్తవు అన్న ణువ్వు మా ఛిరు గరిని,non-hate,0.5339485840326665,0.46605141596733346,0.5339485840326665
91,non-hate,telugu_script,సూపర్ ర్క్ గారు చాలా మంచి ప్రోగ్రాం,non-hate,0.5895388317088804,0.41046116829111956,0.5895388317088804
92,non-hate,telugu_script,భారత దేశంలో పాలన చేతకాని సీఎం పాలన చేత కాక వేరే వాళ్ళని విమర్శించే ఏకైక సీఎం మన బతాల పోషెటి,non-hate,0.556602336346616,0.44339766365338396,0.556602336346616
93,non-hate,telugu_script,ఏ రశ్త్రనికి జరిగే ప్రథి అన్యయమ్ గురిన్చి నిస్వర్ధన్గ మత్లదే ఏకైక వ్యక్తి మీరే సార్,non-hate,0.542373275026178,0.45762672497382195,0.542373275026178
94,hate,telugu_script,అననయ పనదేయ్ వి నిమ్మ దబ్బలు లన్తి పయలు,non-hate,0.5634607754218836,0.43653922457811645,0.5634607754218836
95,hate,telugu_script,చేథ ర బబు ణ్ట్V,non-hate,0.5208736214460157,0.4791263785539843,0.5208736214460157
96,hate,telugu_script,Hi ర ట్।ఱ్।ష్. కుక్క…,non-hate,0.5574618803152046,0.4425381196847954,0.5574618803152046
97,hate,telugu_script,Fఅన్స్ కి రేస్పేచ్త్ ఈవ్వ్స్లిర అర్యే న్తిర,non-hate,0.5582570518570527,0.44174294814294734,0.5582570518570527
98,non-hate,telugu_script,"fిర్స్త్ ఆ అమ్మై fమిల్య్ కి సేచురిత్య్ ఇవ్వన్ది.., నిఘ్త్ నిఘ్త్ ఏమైన జరగోచు...",non-hate,0.5558776137314968,0.4441223862685032,0.5558776137314968
99,non-hate,telugu_script,మీలాంటి వారు వుంటే ఆడపిల్లలకు చాలా ధర్మం జరుగుతుంది సార్,non-hate,0.5902209617073051,0.4097790382926949,0.5902209617073051
100,hate,telugu_script,ఆయన్ని ఓకసరి కోదిథేయ్ మీరు లక్శ సర్లు చుపిస్థున్నరు ఏమ్కవలి మీకు,non-hate,0.5706148910543895,0.42938510894561055,0.5706148910543895
101,non-hate,telugu_script,Thank యోఉ ఱ్ఱ్ఱ్ ట్డ్P కి బ్రత్కిన్చదములో మి క్రుశి మర్వలేనిది ఛ్Bణ్ గరికు,non-hate,0.5233854121171464,0.4766145878828536,0.5233854121171464
102,hate,telugu_script,గుధ్ధ బలిసి కొట్టుకుంటున్నవే,non-hate,0.5657786339758106,0.43422136602418937,0.5657786339758106
103,hate,telugu_script,ఇన్కా సావలేధు లే వాదు బానే సచ్చాదు యేధవకనిపిస్థూనే వున్ధిగా,non-hate,0.5463020446670328,0.4536979553329672,0.5463020446670328
104,non-hate,telugu_script,ంఅనకి ఇబ్బన్ది ఓచినప్పుదు కోన్చమ్ సహిన్చతమ్ Kస్తమ్ ఓచినప్పుదు కోన్చమ్ భరిన్చదమ్ ఆనన్ధమ్ వచినప్పుదు కోన్చమ్ పన్చదమ్,non-hate,0.547206638652451,0.452793361347549,0.547206638652451
105,non-hate,telugu_script,​త్ర్స్ పర్త్య్ లో తేలన్గన కోసమ్ పోరదిన వల్లే ఉన్నర పోరతమ్ కి వ్యతిరేకమ్ గ ఉన్నోల్లని మినిస్తేర్స్ అల చేసినరు॥గురివిన్ద గిన్జ కి కిన్ద ఉన్న మచ కనపదదు,non-hate,0.5520893033749384,0.44791069662506156,0.5520893033749384
106,non-hate,telugu_script,ంఅహేశ్ అన్న… దిసప్పోఇన్తేద్ విథ్ this మోవిఏ॥నేక్ష్త్ మోవిఏ హిత్ అవ్వలి…,non-hate,0.5559391570270587,0.44406084297294135,0.5559391570270587
107,hate,telugu_script,"zగన్ ని పోగుథున్నవ, లేక మిన్గుతున్నవ॥।ఇన్దిరేచ్త్ గ జగన్ సేచ్రేత్ లు అని చేప్తున్నవ్.",non-hate,0.5528958572572387,0.44710414274276133,0.5528958572572387
108,non-hate,telugu_script,షముద్రమ్లో అలలు ఆగవు ఃఅర్శ ఆన్న కి అన్న మీద ప్రేమ చవది,non-hate,0.554959986334969,0.445040013665031,0.554959986334969
109,hate,telugu_script,లన్జ పుక్ మనగ్మేన్త్ వల్ల మ వర్నేర్ మమలి వది వేలిపోయరు,non-hate,0.5706922899954447,0.42930771000455525,0.5706922899954447
110,hate,telugu_script,ఫస్ట్ నీతులు చెప్పావు కదా డబ్బు వద్దని ఇప్పుడు ఎందుకు తీసుకోమంటున్నావ్..,non-hate,0.5798138884349701,0.42018611156502994,0.5798138884349701
111,non-hate,telugu_script,సూపర్ అన్న నీ వీడియోస్ నీ మాటలు అంటే నాకు చాలా ఇష్టం అందుకే నీ ఛానల్ సబ్స్క్రైబ్,non-hate,0.5924362234163432,0.40756377658365683,0.5924362234163432
112,non-hate,telugu_script,"Bz్P ట్ఱ్ష్ ఇద్దరు దోస్థ్లు లే , బయతికి ఇవన్ని ద్రమలు",non-hate,0.5408073665884345,0.45919263341156547,0.5408073665884345
113,hate,telugu_script,మంగ్లీ పాడిన పాటలు అన్నీ ఒకేలాగనే అనిపిస్తున్నాయి పెద్ద డిఫరెంట్ ఏమీ లేదు,non-hate,0.5941924890989332,0.4058075109010668,0.5941924890989332
114,hate,telugu_script,Yేమ్ మత్లదుథున్నవ్ ర? ణరలు కత్తై పోఇనియ్ ణీకు లేక్కలేన్దుకు ర అయ్య? Wఈకేన్ద్ పోలితిచిఅన్,non-hate,0.5197396125428091,0.4802603874571909,0.5197396125428091
115,non-hate,telugu_script,మీరు చరిత్రలో నీలుస్తరు బ్రో ఃఅన్ద్'స్ ఓf్f్ తో Yోఉర్ హేల్ప్ fుల్ల్ తో పూర్ people.,non-hate,0.5547820015970958,0.4452179984029042,0.5547820015970958
116,non-hate,telugu_script,ష్మిలే చుదనిధే వేనక్కి థగ్గవు బ్రో నువ్వు,non-hate,0.569546129606785,0.43045387039321503,0.569546129606785
117,non-hate,telugu_script,Pఇచోల గురిన్చి వినదమే గనే దిరేచ్త్ గ ఏపుదు ఏ video లో చుస్తున ...,non-hate,0.5503666207910339,0.44963337920896607,0.5503666207910339
118,hate,telugu_script,రేచిపోథున్నరు అధికరమ్ లో ఉన్నరు అని అహమ్కర ధోరని,non-hate,0.5653971451661027,0.43460285483389727,0.5653971451661027
119,hate,telugu_script,టిత్లే లేఅక్ అయిథే ఏన్తీఇ లేఅక్ అవకపోథే ఏన్తీఇ॥॥మకు ఏన్తి యీ గోలాఅ॥॥తిత్లే ఏన్తూఓ మీ బుఇల్ద్ ఉప్ ఏన్తూఓ,non-hate,0.5389770440800487,0.46102295591995135,0.5389770440800487
120,non-hate,telugu_script,డిఏ హర్ద్ fన్ f్ర్మ్ Kేరల ణేను చూసిన పేధ అచ్తోర్ ఉహ్ టోల్ల్య్వూద్ లో Pఅవన్ Gరూ,non-hate,0.5137426358057156,0.48625736419428445,0.5137426358057156
121,non-hate,telugu_script,ణా ద్రుస్తిలో ప్స్ప్క్ గరు డేవుదు,non-hate,0.5529425919421623,0.44705740805783767,0.5529425919421623
122,non-hate,telugu_script,ముందు రాజా సింగ్ ను కాపాడండి అప్పుడే మీ పార్టీపై ప్రజల్లో నమ్మకం ఏర్పడుతుంది,non-hate,0.5931025735644729,0.40689742643552707,0.5931025735644729
123,hate,telugu_script,పోయే కాలం దగ్గర పడింది దేనికి,non-hate,0.548481560152166,0.451518439847834,0.548481560152166
124,hate,telugu_script,"Yేర్రి పాపలమ్ మనమ్ , సమన్య ప్రజలు",non-hate,0.5534169654355838,0.44658303456441617,0.5534169654355838
125,non-hate,telugu_script,"డ్ర్ Y్ణ్ం ౧ మోన్థ్ అగో ఇందులో మనం పెద్దగా ఆలోచించాల్సిన అవసరం లేదు. అంతా కాలం మహిమ।ఏదో ఒకరోజు కాలం ఆయనకు ఇవ్వవలసిన గిఫ్ట్ తప్పకుండా ఇస్తుంది. చేసిన కర్మలు అనుభవించక తప్పదు.. సోనియా గాంధీ అయినా, మోదీ అయినా, చంద్రబాబు నాయుడు అయినా, జగన్ అయినా.. కాలం అంతే..",non-hate,0.5900738550075967,0.4099261449924033,0.5900738550075967
126,hate,telugu_script,తట్టా బుట్టా సర్దుకొని రెడీ గుండు జగన్ రెడ్డి టైం అయిపోయింది,non-hate,0.5724685172170634,0.4275314827829366,0.5724685172170634
127,hate,telugu_script,zగన్ ఏప్పతికి ఛ్ం అవ్వలేదు రాసి పేత్తుకూ॥॥హ ....,non-hate,0.5539465231818159,0.4460534768181841,0.5539465231818159
128,non-hate,telugu_script,"ంఏగ స్తర్ అనే person , దేfినితేల్య్ ఏవదు ఓప్పుకున్న ఓప్పుకోకపోయినా ఇన్స్పిరతిఓన్ తో మన్య్ people లోన్గ్ లివే sir",non-hate,0.55747140933073,0.44252859066926997,0.55747140933073
129,hate,telugu_script,జారిపోతానయి॥కొంచెం గట్టిగా ముడి వేయి,non-hate,0.5661533739011444,0.4338466260988556,0.5661533739011444
130,non-hate,telugu_script,తాగ్గి వాగుతుంది పాప ఈమె చిలకలూరపేటలో రికార్డింగ్ డాన్స్రు,non-hate,0.5928805520422018,0.4071194479577982,0.5928805520422018
131,hate,telugu_script,"ణత్తు గ , నేకు మనిశికి ఉన్దల్సిన లక్శనమ్ ఓక్కతి కూద లేధు కధ ర.",non-hate,0.5441655405207524,0.4558344594792476,0.5441655405207524
132,hate,telugu_script,అప్ లో రోఅద్ ల కి ఆ దిక్కు లేధ్ మల్ల మేత్రో ఏన్ధి మవ,non-hate,0.5288217328001378,0.4711782671998622,0.5288217328001378
133,hate,telugu_script,Yేదిచవ్ లే చోప్య్ చత్ వేశలు నువ్వు,non-hate,0.5350360474915805,0.4649639525084195,0.5350360474915805
134,non-hate,telugu_script,"వాళ్లు ఈ జీవితం లో కూడ ఫలక్నామ ప్యాలస్ లో బోజనం చేసివుండకపోదురు,నువ్వు గ్రేట్ బ్రో",non-hate,0.5723375310551814,0.42766246894481863,0.5723375310551814
135,non-hate,telugu_script,Eదే అన్థ fచ్క్ news,non-hate,0.5122941416013498,0.4877058583986502,0.5122941416013498
136,non-hate,telugu_script,"చాలా బాగా ఏక్ష్ప్లైన్ చేశారు బ్రదర్. ష్మల్ల్ చోర్రేచ్తిఓన్ మూలాధార, ఆజ్ఞ చక్ర, సహస్రార",non-hate,0.5748451763560215,0.4251548236439785,0.5748451763560215
137,non-hate,telugu_script,ఆల్లు అరవిన్ద్ గరిలో మన్చి అచ్తోర్ వున్నరు హిలరిఓఉస్,non-hate,0.5618392516786372,0.43816074832136276,0.5618392516786372
138,non-hate,telugu_script,ఈ కలమ్ అమ్మైలు కి దబ్బులి వున్తే చాలు అనుకున్తరు,non-hate,0.5644761960134795,0.43552380398652046,0.5644761960134795
139,hate,telugu_script,ఱహుల్ ద్రవిద్ వది మోద్దలో సేలేచ్తిఓన్ అస్ల చహల్ hi ఏన్ధుకు తేసుకోలే,non-hate,0.5535488914155867,0.4464511085844133,0.5535488914155867
140,non-hate,telugu_script,జనం. కూడా. మారిపోతే. చాలా బాగున్ను కదా,non-hate,0.5878681931575819,0.4121318068424181,0.5878681931575819
141,non-hate,telugu_script,పూరి చూస్తే చాలా బాధ గా ఉంది ...ఒక్క మంచి డైరెక్టర్ ఇలాంటి మూవీస్ తియ్యడం ఏంటి ...ఇ love యోఉ పూరి sir... వేరే హీరో తో మూవీ తియ్యి ఆన్న,non-hate,0.601101527675554,0.398898472324446,0.601101527675554
142,non-hate,telugu_script,పేదవల్లకు అపధ వస్థే వేన్తేనే వేల్లి సహయమ్ చేసే గోప్ప లేఅదేర్స్ కోమతిరేద్ద్య్ బ్రోథేర్'స్ దమ్మున్న లేఅదేర్ రజన్న మ బలమ్ మ ధైర్యమ్ మ ప్రనమ్ కోమతిరేద్ద్య్ బ్రోథేర్స్,non-hate,0.5309575821790027,0.4690424178209973,0.5309575821790027
143,non-hate,telugu_script,ఆఅద Pఅదుచుల ఊసురు థగిలి Yేల్లోవ్ పర్త్య్ నసనమ్ కవలి.,non-hate,0.535801159922887,0.464198840077113,0.535801159922887
144,hate,telugu_script,జగన్ అమ్మ వది దబ్బులు పేత్తలి నన్న గుద్ద లో నున్చి లేప్పలి,non-hate,0.5415342554937728,0.45846574450622724,0.5415342554937728
145,non-hate,telugu_script,ప్రతి పాట అరపు ఎక్కువగా ఉంటుంది ఎందుకో అన్ని పాటలు ఒకేలా ఉన్నాయి.,non-hate,0.5879773322892503,0.4120226677107497,0.5879773322892503
146,non-hate,telugu_script,పూరి sir లిగేర్ మోవిఏ బ్లచ్క్ బస్తేర్ మీకు all the best sir,non-hate,0.5610323000820855,0.4389676999179145,0.5610323000820855
147,non-hate,telugu_script,ంఅములు గ ఏవ్వలేధు గ అన్చోర్ అన్న,non-hate,0.5523148185494472,0.4476851814505528,0.5523148185494472
148,hate,telugu_script,అరటి బొదలు అనంగా విన్నాను. ఇప్పుడు శ్రీముఖివి చూశాను.,non-hate,0.5708535365141713,0.42914646348582874,0.5708535365141713
149,non-hate,telugu_script,ఇదీ ఒక ప్లాన్ ప్రకారం జరిగినట్టు ఉంది భలే సీన్,non-hate,0.577452684028688,0.422547315971312,0.577452684028688
150,non-hate,telugu_script,K్చ్ర్ బ్స్ప్ వలు ఏన్ని ఏఅస్తునరు మోన్థ్ కి ణేక్,non-hate,0.5309126623718976,0.4690873376281024,0.5309126623718976
151,non-hate,telugu_script,ఆబ్బో ఇరగదేసిన్ది సోన్గ్ వేరే లేవేల్,non-hate,0.5670623188066828,0.4329376811933172,0.5670623188066828
152,hate,telugu_script,బ్రో దేలేతే చేయకపోథేయ్ మ fన్స్ నిన్ను దేగేనుథరు,non-hate,0.5612326682944606,0.4387673317055394,0.5612326682944606
153,hate,telugu_script,ఇంత కరువులో ఉన్నరేంటిరా.,non-hate,0.5827429525893113,0.4172570474106887,0.5827429525893113
154,non-hate,telugu_script,Vఇనయక చవిథి సుభకన్శలు ఃఅర్శ సై,non-hate,0.5803606555494613,0.41963934445053874,0.5803606555494613
155,non-hate,telugu_script,A B ణ్ ండ్ రాధాకృష్ణ గారి కి చుక్కలు చూపించిన ''K్ A పాల్ గారు'' మీరు సూపర్ సార్ నీ మాటల్లో నిజాయితీ కల్పిస్తుంది..,non-hate,0.5665805235804366,0.43341947641956335,0.5665805235804366
156,non-hate,telugu_script,ఆవినశ్ మంచోడు బ్రో ఏపిసోదే మోత్థమ్ చూదు జుస్త్ నాగబాబు అనమని చెప్పాడు అంటా బ్రో ఏపిసోదే లో...,non-hate,0.564430117356257,0.43556988264374297,0.564430117356257
157,hate,telugu_script,Pఅస్తోర్స్ అందరికీ ఒక మనవి।దయచేసి ఈ విధమైన దేబతేస్ వెఌ ఛ్రిస్తిఅనిత్య్ కీ ఉన్న విలువ తగ్గించవదు.,non-hate,0.5636168503254089,0.43638314967459113,0.5636168503254089
158,hate,telugu_script,Pఇచి పత్తినత్తున్ది పీకేయ్ కి. A P అరచేకమ్ జరగబోథున్ధి అని అనిపిస్తున్ధి నకు,non-hate,0.5445152633935845,0.45548473660641553,0.5445152633935845
159,non-hate,telugu_script,ఇలా చేస్తే దేశం పరువు పోతుంది దయ చేసి దేశం పరువు తీయదు,non-hate,0.5718152031232856,0.4281847968767144,0.5718152031232856
160,non-hate,telugu_script,మంచి ఆన్సర్ ఇచ్చారు బ్రో,non-hate,0.5659005052723663,0.43409949472763365,0.5659005052723663
161,non-hate,telugu_script,z్డ్ గరు మీ లన్తి Gేనుఇనే persons Pఅవన్ గరికి support గ ఉన్తే బగున్తున్ది sir,non-hate,0.5535401832514311,0.44645981674856894,0.5535401832514311
162,non-hate,telugu_script,ఎంత ముద్దుగుందో చాలా బాగున్నావ్ బంగారం,non-hate,0.5908103419743349,0.4091896580256651,0.5908103419743349
163,hate,telugu_script,ణువు ఆమ్ స్పేఅకేర్ ర బబు,non-hate,0.5583633102392618,0.4416366897607382,0.5583633102392618
164,hate,telugu_script,ఎంతమంది డ్యాన్స్ మాస్టర్ లు వచ్చినా ప్రభుదేవా మాస్టర్ లాగా వేయలేరు,non-hate,0.5927586134739458,0.40724138652605424,0.5927586134739458
165,hate,telugu_script,డ్ణ్ఱ్ స్తిల్ల్ ఓల్ద్ school... Kలమ్ థో ంఅరకపోతే ఏవరు ఐన కల ఘర్భమ్ లో కలిసిపోతరు.,non-hate,0.5415504255479701,0.45844957445202994,0.5415504255479701
166,non-hate,telugu_script,ప్రభాస్ గారు అనుష్క గారు మీరు తొందరగా పెళ్లి చేసుకోండి,non-hate,0.6084445746883421,0.3915554253116579,0.6084445746883421
167,non-hate,telugu_script,కొంచెంకూడ హీరో అనే పొగరు లేదు గ్రేట్ సార్ మీరు,non-hate,0.5846082414830122,0.41539175851698784,0.5846082414830122
168,hate,telugu_script,ణని ఇన్కోసరి ప్క్ స్పీచ్ చుదు ... షోల్లు కకున్ద రైసే చేసిన పోఇన్త్స్ గురిన్చి మత్లదు... షన్నసివేనువ్ నో దోఉబ్త్,non-hate,0.5512843583834935,0.44871564161650646,0.5512843583834935
169,hate,telugu_script,మోహన్ బబు ఓప్పుకున్న ఓప్పుకోకపోయిన చిరన్జీవి పేద్దన్కన్ని వచ్చిన గోఉరవమ్ మ్ తగ్గిపోదు,non-hate,0.5782976603462926,0.4217023396537074,0.5782976603462926
170,hate,telugu_script,ఆత్లున్త్తధి పలనదు థిత్లన్త్తే సర్రిగ్గ దేగ్గుతమ్,non-hate,0.5510896609238793,0.44891033907612066,0.5510896609238793
171,hate,telugu_script,షోన్థ Pఏరు మేద రేగిస్త్రతిఓన్ చేయ్ లేక పియదు,non-hate,0.539964619042297,0.460035380957703,0.539964619042297
172,non-hate,telugu_script,"Hi హర్శ॥॥హప్ప్య్ వినయక చవిథి, life లోన్గ్ నువ్ happy గ ఉన్దలని॥॥॥॥॥॥ఆ దేవున్ని కోరుకున్తున్న సై॥॥॥మయ్ గోద్ బ్లేస్స్ ఉ హర్శ.",non-hate,0.5650140620822618,0.4349859379177382,0.5650140620822618
173,hate,telugu_script,సార్ కెసిఆర్ గారు విషయాలను పూసగుచ్చినట్లు చెప్తున్నారు మాధవ రెడ్డి నయీమ్ ల సంబంధించిన వివరంగా మాట్లాడడానికి ఇబ్బంది పడుతున్నారు మీరు కూడా హండ్రెడ్ పర్సెంట్ ఫేక్,non-hate,0.5490895400412892,0.4509104599587108,0.5490895400412892
174,hate,telugu_script,"ంఆతలు జగ్రథ రూజ .అలగ జనమ్ ,కోదుకులు అన్తున్నవ్వ్ మరి అన్థ గ్బ్ వోద్దు",non-hate,0.5423749015305612,0.4576250984694388,0.5423749015305612
175,non-hate,telugu_script,జని అన్న ఱ్ఛ్ అన్నథో కలిసి హేరో గ చేస్తే చూదాలని వున్ధి,non-hate,0.5552418821788655,0.4447581178211345,0.5552418821788655
176,hate,telugu_script,జగన్మోహన్ రెడ్డి వల్ల పిల్లలు బాగా చూసుకున్నాడు అని యాంకర్ వాగు తోంది వాళ్ళ పిల్లల్ని కాక నీ పిల్లలు బాగా చూసుకుంటారు,non-hate,0.5907364962728393,0.4092635037271607,0.5907364962728393
177,hate,telugu_script,"ఆపరా.... నువ్వు ఒక అమ్మాయి తో నీచంగా వ్యవహరించి, వెనక నుంచి గట్టిగా పట్టుకుందా మనుకున్నా అని నీ చరచ్తేర్ లోసే చేసుకున్నావ్... ఎవడెం చేస్తాడు?",non-hate,0.5757927604560924,0.4242072395439076,0.5757927604560924
178,hate,telugu_script,ణి మోహమ్ అన్తే కద,non-hate,0.5621834032187815,0.43781659678121854,0.5621834032187815
179,non-hate,telugu_script,ని news ని ఓవేర్ అచ్తిఓన్ కి దన్దమ్ ర బబు,non-hate,0.5677205252810205,0.43227947471897954,0.5677205252810205
180,non-hate,telugu_script,అన్నా కాస్త జాగ్రత్త... వాళ్లే అనుకోని లోపల నుండి దేంతోనన్న విసిరేరు... కాస్త గ్యాప్ ఇచ్చి పోతండే... Love యోఉ ఆన్న... నీ కష్టం వృధా కాదు,non-hate,0.5733034344630215,0.42669656553697854,0.5733034344630215
181,non-hate,telugu_script,ఈ ప్రోమో చూసినంత సేపు నా మొహంలో చిరునవ్వు ఆగలేదు.,non-hate,0.5838098669005575,0.4161901330994425,0.5838098669005575
182,hate,telugu_script,Vఇzగ్ News రేపోర్తేర్ ఓవేరచ్తిఓన్ చేస్తునదు,non-hate,0.5595989197917351,0.44040108020826485,0.5595989197917351
183,hate,telugu_script,మీ నడుము కేక ఆంటీ,non-hate,0.5452893433395555,0.4547106566604445,0.5452893433395555
184,hate,telugu_script,కళ్ళల్లో నుంచి కామం కారిపోతుంది,non-hate,0.5967259613322504,0.4032740386677496,0.5967259613322504
185,non-hate,telugu_script,ఆదర్శమైన పొలిటికల్ లీడర్ అయితే రాజకీయ సన్యాసం తీసుకుంటనని చెప్పారు. ఏమైంది,non-hate,0.5882435222019344,0.41175647779806557,0.5882435222019344
186,non-hate,telugu_script,జై జనసేన మన పార్టీ గెలవాలని మనస్పూర్తిగా కోరుకుంటున్న,non-hate,0.6081632126176014,0.3918367873823986,0.6081632126176014
187,non-hate,telugu_script,దేశానికి పనికొచ్చే ఇటువంటి వారు నొప్పి లేకుండానే ప్రాణాలను వదులుతారు,non-hate,0.5811628216980481,0.4188371783019519,0.5811628216980481
188,non-hate,telugu_script,Good అండి గీత కృష్ణ గారూ మంచి. ఇంటర్వ్యు,non-hate,0.5765144970180522,0.42348550298194776,0.5765144970180522
189,hate,telugu_script,Pఇచి హోస్పితల్ లో జోఇన్ అవర అయోమయమ్,non-hate,0.542296732086955,0.45770326791304505,0.542296732086955
190,hate,telugu_script,​Bz్P లో సేఅత్ కోసమ్ బగ చేసవ్ లే స్తున్త్,non-hate,0.5482058754406639,0.4517941245593361,0.5482058754406639
191,hate,telugu_script,రౌడీ టిడిపి,non-hate,0.5173771352557563,0.48262286474424365,0.5173771352557563
192,non-hate,telugu_script,"అవసరం అయినప్పుడు ప్రాణాలు కి తెగించి పోరాడుతారు మన ఆంద్రప్రదేశ్ పోలీసులు, ఫారెస్ట్ ఆఫీసర్స్. గ్రేట్",non-hate,0.591917791863884,0.40808220813611595,0.591917791863884
193,non-hate,telugu_script,ఃఏ is గేనుఇనే person అందుకే లోకల్ చిల్లర నాయకులు అంతా కలిసి వాడిని టార్గెట్ చేశారు,non-hate,0.5708787572759083,0.4291212427240917,0.5708787572759083
194,non-hate,telugu_script,కార్తికేయన్ ౨ Congratulations ఫర్ బిగ్ రెస్పాన్స్ ఫ్రమ్ పవన్ కళ్యాణ్ అన్న,non-hate,0.5955331098482198,0.40446689015178017,0.5955331098482198
195,hate,telugu_script,Vఏధవలు Vఏధవలు అన్ని చోత్ల వున్నరు॥ఇన్క జనలని యేదిపిన్చదమ్ తప్ప,non-hate,0.541086515803576,0.45891348419642397,0.541086515803576
196,non-hate,telugu_script,చంద్రబాబు శివుడు లాంటి వాడు.. విషాన్ని కూడా తనలోకి తీసుకుంటాడు॥।ఇక ఇలాంటివి ఒక లెక్కే కాదు..,non-hate,0.5882969600090625,0.4117030399909375,0.5882969600090625
197,non-hate,telugu_script,జై ర్గ్వ్ జై పురి,non-hate,0.5649064823076647,0.4350935176923353,0.5649064823076647
198,non-hate,telugu_script,సోదరులు ఎంత గొడవ ఉన్న ఎవడన్నా తమ్ముడిని ఏమన్నా అంటే రక్తం ఊరుకోదు. అలాగే భారతీయులు కూడా ఉండాలని గొప్పగా చూపించిన రాజమౌళి గారికి ధన్యవాదాలు,non-hate,0.5912942326914549,0.40870576730854513,0.5912942326914549
199,non-hate,telugu_script,"తెలంగాణ ఉద్యమ గీతాల నుండి, మాస్ గీతాల మీదికి రూట్ మార్చిన మంగ్లీ",non-hate,0.5735031578388609,0.42649684216113914,0.5735031578388609
200,hate,telugu_script,Eక్షమ్స్ లో వున్దేయ్ వల్లని ఇన్విగిలతోర్స్ అన్తరు అది కుద తేలీధు Vఈఏదు మినిస్తేర్ చేసదు.... కర్మర బబు చి.... ఠుప్పస్ న కోదక,non-hate,0.5403920224699741,0.4596079775300259,0.5403920224699741
201,hate,telugu_script,ప్క్ ఇన్క క పౌక్ అప్ లో జోకేర్స్,non-hate,0.547551179548119,0.45244882045188095,0.547551179548119
202,hate,telugu_script,తెలుగు బాయ్ ఫ్రెండ్ కావాలీ,non-hate,0.5847053999347267,0.4152946000652733,0.5847053999347267
203,hate,telugu_script,Bఓచు పికన్ద్దీ,non-hate,0.5139252133833665,0.4860747866166335,0.5139252133833665
204,hate,telugu_script,దీనమ్మ దీని కి ఇంకా ఏం పనిలేదా..,non-hate,0.5775684764889681,0.42243152351103186,0.5775684764889681
205,hate,telugu_script,Eమ్ కనపదథున్నయి బోక్క,non-hate,0.5432982456925369,0.45670175430746307,0.5432982456925369
206,hate,telugu_script,ంఅను గరు మేరు ఇన్వోల్వే అవ్వకన్ది చల చిరకు గ వున్తున్ధి,non-hate,0.5375496725315289,0.46245032746847115,0.5375496725315289
207,hate,telugu_script,Kోన్ద గని ఓవేర్ అచ్తిఓన్ కోమ్పమున్చిన్ది,non-hate,0.5391805700047004,0.46081942999529957,0.5391805700047004
208,non-hate,telugu_script,రమణ గారు సూపర్ గా పాడేరు మళ్లి మళ్లి వినాలి అనిపిస్తుంది మీకు a దేవుడు ఇంక మంచి స్తాయిలో వుంచాలి అని కోరుకుంటాను,non-hate,0.6000842861519718,0.39991571384802815,0.6000842861519718
209,non-hate,telugu_script,ఆఆ Vఓఇచే లో ఉన్న రజస యోగమే వేరే లేవేల్ zై Pరభస్ ఆన్న,non-hate,0.551431082694985,0.448568917305015,0.551431082694985
210,non-hate,telugu_script,zేత్ల ​ఈణ్డీఆ ని దేవేలోపేద్ చేయదమ్ ఏవరివల్ల కదని థేలిసిపోఇన్ది ప్రజలకి॥॥।ఉన్నోది ఇన్క ఉన్న్న్థ లేనోదికి ఇన్క లేనన్థ॥॥లిfే థో బ్రథకలి థప్పదు,non-hate,0.541923475478864,0.458076524521136,0.541923475478864
211,non-hate,telugu_script,ఆన్న సుపేర్ బ్రో,non-hate,0.5685375221296005,0.4314624778703995,0.5685375221296005
212,hate,telugu_script,షేల్f్ దబ్బ యేక్కువ ఇన్ధి ణగబబు నేవు నే బుస్సు లు థూ,non-hate,0.5429907649115904,0.4570092350884096,0.5429907649115904
213,hate,telugu_script,తీన్మ్మర్ మల్లన క్చ్ర్ చేప్పు నకుతధు,non-hate,0.5455951752226522,0.4544048247773478,0.5455951752226522
214,hate,telugu_script,Vఈలు చేసది గ్య్మ్నస్తిచ్స్ మల్ల వలే ధని దన్చే అనుకున్తరు,non-hate,0.5489970656083798,0.4510029343916202,0.5489970656083798
215,hate,telugu_script,పెద్ద పీఠాధిపతి లాగా అందరికి ఆశీర్వాదం ఇస్తున్నాడుగా,non-hate,0.5783323850660346,0.42166761493396543,0.5783323850660346
216,non-hate,telugu_script,వాడు ఏదో జోక్ చేస్తే అది నువ్వు నమ్మడమే నా,non-hate,0.5513275685336911,0.44867243146630886,0.5513275685336911
217,non-hate,telugu_script,Pస్ప్క్ వచి ఫోతో ధిగుధమ్ అన్తేయ్ ఆ ఏక్ష్చితేమేన్త్ ఏయ్ వేరు అధి చ్లేఅర్ గ నివేథ fచే లో కనిపిస్థునధి,non-hate,0.5452457333623713,0.45475426663762875,0.5452457333623713
218,hate,telugu_script,ఱ్G్V ఏf్fేచ్త్ వల్ల Pఉరి చినేమలు అన్ని దోబ్బయి.,non-hate,0.5371413755004392,0.46285862449956083,0.5371413755004392
219,hate,telugu_script,ఇలాంటి వీడియోస్ చేస్తుంటే మీ ఫ్యామిలీ లో ఆడవాళ్లు గుర్తుకు వస్తలేరా రా॥బ్లూ బ్యాచ్ గా.. దాన్ని తన్నాలి ఫస్ట్ ఈలాంటి వీడియో కీ ఒప్పుకున్నందుకు,non-hate,0.557723844861759,0.44227615513824103,0.557723844861759
220,non-hate,telugu_script,గుండెల పైన కాదు గుండె లోపల వున్నారు సర్ మీరు,non-hate,0.584802978670913,0.415197021329087,0.584802978670913
221,non-hate,telugu_script,మాములుగా లేదు ట్విస్ట్ సూపర్ అహ కెవ్వు కేక,non-hate,0.5489062989482834,0.45109370105171664,0.5489062989482834
222,non-hate,telugu_script,ఇలా ఏమి లేకుండా ఉన్న ఏకైక నాయకుడు... ఆప్జ్ అబ్దుల్ కలమ్ గారు మాత్రమే,non-hate,0.5726442999612108,0.4273557000387892,0.5726442999612108
223,hate,telugu_script,యోగి బబ రమ్ రహిమ్ సిస్తుదు ఏధరు అదవ వల్లకి రేస్పేచ్త్ ఏయ్యరు ఏధరు పేధ లన్గ గల్లు,non-hate,0.5260136313383088,0.4739863686616912,0.5260136313383088
224,non-hate,telugu_script,గాడ్ బ్లెస్స్ యు సమంత సిస్టర్,non-hate,0.5983347565390641,0.4016652434609359,0.5983347565390641
225,non-hate,telugu_script,ఇటువంటి కథలు పడ్తానే ధిక్కు లేకుండా పోయింది,non-hate,0.5735839885656728,0.42641601143432717,0.5735839885656728
226,non-hate,telugu_script,మీకు వంద నమస్కారాలు రా బాబు,non-hate,0.5892976531489823,0.4107023468510177,0.5892976531489823
227,hate,telugu_script,ఱవి అన్న ఓఉది ఓఉన్తే నని వమ్సి అనిల్ కుమర్ అమ్బన్తి లన్తి వాలు నోరు లేపేవరు కాదేమో,non-hate,0.5450131549844071,0.45498684501559294,0.5450131549844071
228,hate,telugu_script,ముందు అరెస్ట్ చేయండి.. మీడియా ముద్దు తీసుకురండి రా...,non-hate,0.5828201458547312,0.4171798541452688,0.5828201458547312
229,hate,telugu_script,వ్ద్ ఓవేర్చోన్fిదేన్చే వల్ల చినిఏమ దేన్గిన్ధి,non-hate,0.5401168640909736,0.4598831359090264,0.5401168640909736
230,hate,telugu_script,ఆన్ద్ర ప్రజలకు సిగ్గు ఉన్దలి సోన్థ అమ్మ ను చేల్లిని పతిన్చుకోలేని వదు ంఈమన్లి చుసుకున్తదు,non-hate,0.5555789785252926,0.4444210214747074,0.5555789785252926
231,hate,telugu_script,Vఇజయ్ దేవరకోన్ద హ్య్పే థో ధమల్. z్ర్ ణ్ట్ఱ్ నేక్ష్త్ తుర్న్. ంఈరు అకశనికి ఏథే అన్థ గ్రేఅత్ అచ్తోర్ ఏమి కాదు..,non-hate,0.5433899164288761,0.45661008357112387,0.5433899164288761
232,hate,telugu_script,ంఏరే బ్రథుకులు ఇన్థేయ్ ఏక. ణసనయమ్ ఆఇపోతై,non-hate,0.5564463595658278,0.4435536404341722,0.5564463595658278
233,hate,telugu_script,ంఈరు మూసుకున్తే బగున్తది,non-hate,0.5627517896713077,0.4372482103286923,0.5627517896713077
234,hate,telugu_script,ంఈరు మి ఓవేర్ అచ్తిఓన్ అపన్ద్ర బబు,non-hate,0.5616351600155053,0.4383648399844947,0.5616351600155053
235,non-hate,telugu_script,అంత చిరాగ్గా వుంటే.. స్టేజ్ మీద కి ఎందుకెల్లార్ సార్,non-hate,0.5902783627534958,0.40972163724650423,0.5902783627534958
236,hate,telugu_script,ప్మ్ మోది ని పకిస్థన్ కి తర్మిదేన్గలి జై క్చ్ర్ మేరే నేక్ష్త్ ప్మ్,non-hate,0.541540173743637,0.45845982625636295,0.541540173743637
237,non-hate,telugu_script,బయటకు గేంటేసారు ఒక్కసారి లైవ్ ప్రోగ్రాం నుండి అంతే పాస్ట్ గా పైకి లేచాడు చూపించావు ఓటమి లో కూడా ఎలా పైకి రావాలో అని,non-hate,0.5605982271382568,0.4394017728617432,0.5605982271382568
238,non-hate,telugu_script,ణయకుదు ఏల ఉన్దలి Gోద్ బ్లేస్స్ యోఉ sir,non-hate,0.5568193837551565,0.4431806162448435,0.5568193837551565
239,hate,telugu_script,బ్జ్ప్ మల్లి అదే దోఉబ్లే గమే మాత్లదుతోన్ది॥॥అమరవథి మీద,non-hate,0.552028527611754,0.447971472388246,0.552028527611754
240,hate,telugu_script,ణ్వ్వ్య్ నీ బుఇల్ద్ ఉప్,non-hate,0.5862499105725466,0.4137500894274534,0.5862499105725466
241,hate,telugu_script,Bఅనిస ళ ఉన్నరు కదర మీరు మే ఓవేరచ్తిన్గ్,non-hate,0.5516778076358011,0.4483221923641989,0.5516778076358011
242,hate,telugu_script,అన్దుకోకునే వాలు లగ వున్నరు మేరు నథో చోమ్పరిసిఓన్ న,non-hate,0.5581303617554761,0.44186963824452385,0.5581303617554761
243,hate,telugu_script,ళన్చమ్ అన్తునరు అనమ్ గరు...... ఇన్థకు మున్దు యోఉర్ government ఇలగేయ్ చేసిన్ద...,non-hate,0.5542562546864829,0.4457437453135171,0.5542562546864829
244,non-hate,telugu_script,పరుచూరి గోపాల కృష్ణ గారి కి నమస్తే మిమ్ములను మొదటిసారి భార్గవ రాముడి సినిమాలో చూసాను సూపర్ వెరైటీ యాక్షన్ సార్,non-hate,0.5684462788578782,0.43155372114212176,0.5684462788578782
245,hate,telugu_script,ంఅ చమ్పుస్ ఈ బ్రో లన్జోదుకు,non-hate,0.5561166235912524,0.44388337640874764,0.5561166235912524
246,hate,telugu_script,"ఈప్ల్ కి best మన పల్యేర్స్ , ఇన్తేర్నతిఓనల్ మత్చేస్ ఏన్దుకు వస్తే",non-hate,0.5739756279764242,0.4260243720235758,0.5739756279764242
247,non-hate,telugu_script,డ్న్ర్ సమ్పదిన్చలని అనుకున్తే తోదయ్ చినిఏమ fిఏల్ద్ లో ఏవరు సరిపోరు మహనుబవుదు దరిన్గ్ man,non-hate,0.5481223986768415,0.45187760132315846,0.5481223986768415
248,hate,telugu_script,ప్రేఇత్య్ zిన్త ఓక బz్zర్ కుక్క తేఅమ్ తేసుకోవదమ్ కుద రదు,non-hate,0.5576921145399987,0.4423078854600013,0.5576921145399987
249,hate,telugu_script,శన్కర్ నిన్ను బ్జ్ప్ కుక్క కోత్తినత్తు కోదుతరు,non-hate,0.5631255248641789,0.4368744751358211,0.5631255248641789
250,non-hate,telugu_script,సార్ మిమల్ని చూస్తుంటే కొండంత దైర్యం వస్తుంది,non-hate,0.5784733492717626,0.42152665072823736,0.5784733492717626
251,non-hate,telugu_script,మీ ఎంట్రీ వచ్చినపుడు నితిన్ అన్న భయపడుతున్నాడు,non-hate,0.587456818277359,0.41254318172264104,0.587456818277359
252,hate,telugu_script,నేను ఓపెనహార్ట్ విత్ ఱ్K్ తప్పక చూస్తుంటా. ఇంత దరిద్రపు ఇంటర్వ్యూ పెట్టకుండా వుండాల్సింది. తేనె పూసినకత్తి,non-hate,0.5645976197247816,0.4354023802752184,0.5645976197247816
253,hate,telugu_script,ణే బథుకుల సుల్లి నేత్ నేను దేన్గిన వదు ఏస్థద recharge ఐపోథే,non-hate,0.5540876078569293,0.44591239214307066,0.5540876078569293
254,non-hate,telugu_script,బ్లాక్ సారీ లో బాగుంది,non-hate,0.5850669209390488,0.4149330790609512,0.5850669209390488
255,non-hate,telugu_script,ఆయన పిట్టకథలను బాగా ఏన్జోయ్ చేస్తాం... అంతర్లీనంగా ఓక అద్భుతవేదాంతవాక్యం చెబుతారు దానిని వదిలేస్తాం.. అదీమనం. “దేవుడు ఒక్కడే.. నీ మఠం కానంతమాత్రాన వేరేవారిని దూషించనవసరణలేదు.”,non-hate,0.5594641542117728,0.44053584578822724,0.5594641542117728
256,hate,telugu_script,Bఉథుల సక మన్త్రి ....,non-hate,0.5441866962119106,0.4558133037880894,0.5441866962119106
257,non-hate,telugu_script,ఆఅత్ల వస్తై ఆన్న నికు ఏన్ని తేలివి తేతలు ఓక చినేమ థి అన్న,non-hate,0.5380163947389974,0.4619836052610026,0.5380163947389974
258,hate,telugu_script,Pఅరమ్బోకు ఇఅస్ ఓf్fిచేర్స్ ని వేతికి క్చ్ర్ zగన్ తేస్కు వచి ఆP టేలన్గన లో పేద్తరు,non-hate,0.5118133270658034,0.4881866729341966,0.5118133270658034
259,hate,telugu_script,Eన్ధుకు అన్తే వల్లు చేథ లన్చోదుకులు బ్రో,non-hate,0.5213318418228258,0.47866815817717423,0.5213318418228258
260,hate,telugu_script,రజ సిన్ఘ్ కల్థి మాల్ అమ్ముథరు and రోవ్ద్య్ గున్ద,non-hate,0.5596389405179608,0.4403610594820392,0.5596389405179608
261,non-hate,telugu_script,"ర్మ కోసం చూసాను ,మొదటిసారి అతను ఒక హీరో అభిమాని ఎలా ఉల్లాసంగా స్టేజి పై మాట్లాడుతారో అలా అనిపించారు",non-hate,0.5966463531442987,0.4033536468557013,0.5966463531442987
262,hate,telugu_script,ఱై అతను ఉద్యోగం చోర్రేచ్త్ గా చేస్తున్నాడు ఎందుకు ర నాయకులు అందురు కలిసి నిందలు వేస్తారు... నిజాయితీ పని చేస్తే ఎవరికీ నచ్చదు॥ఛీ,non-hate,0.5667375605155083,0.4332624394844917,0.5667375605155083
263,non-hate,telugu_script,Eఏ video చుసిన్తర్వథ మీ మీద రేస్పేచ్త్ పేరిగిన్ది,non-hate,0.5628314298990926,0.43716857010090737,0.5628314298990926
264,hate,telugu_script,ఛవు ణేను అవదు అపదు,non-hate,0.5298666014539039,0.47013339854609615,0.5298666014539039
265,hate,telugu_script,ఱ్K్ Gరు నేకు ఇన్తేర్విఏవ్ చేయదమ్ రకపోత్య్ మిస్కుని వేరయ్ వల్లకు చన్చే ఏవ్వన్ది నికు రేస్పేచ్త్ ఏవ్వదమ్ తేలేదు,non-hate,0.5204794782009826,0.4795205217990174,0.5204794782009826
266,non-hate,telugu_script,Eఏ మోమ్మేన్త్ కి నిzమ్ గా అరిచమ్,non-hate,0.5524873905427505,0.44751260945724947,0.5524873905427505
267,non-hate,telugu_script,ఈన్థమన్ది అభ్మనిన్చలి అన్తే ఏన్థ అద్రుశ్తమ్ చేసుకో ఉన్దలి,non-hate,0.5687693790839061,0.4312306209160939,0.5687693790839061
268,non-hate,telugu_script,Pఅరిస్థిథులు మరీ ఇన్థ పగబత్తేసయేన్తి,non-hate,0.549651204900215,0.450348795099785,0.549651204900215
269,non-hate,telugu_script,మాతృ భాష తెలుగు అంటే అంత లోకువా పక్క రాష్ట్రాల వాళ్ళు వారి మాతృ భాష కి ఎంత గౌరవం ఇచ్చు కుంటారో చూసి నేర్చుకోండి,non-hate,0.5635800830795319,0.4364199169204681,0.5635800830795319
270,hate,telugu_script,ళక్శలు లక్శలు fీస్ లు దేన్గిన,non-hate,0.5451949667030845,0.45480503329691546,0.5451949667030845
271,non-hate,telugu_script,ఇది కూడా పిచ్చి డాన్సులు కి ఒప్పేసుకుంది. తు దీనమ్మ. ఆడది అంటే గౌరవం పోతోంది.,non-hate,0.5687428177121577,0.43125718228784227,0.5687428177121577
272,hate,telugu_script,ఆరేయ్ సోల్లు చోమేద్య్ అపన్ద్రాఆ,non-hate,0.5628175916937095,0.4371824083062905,0.5628175916937095
273,non-hate,telugu_script,G్రీన్ ద్రేస్స్ సిస్ సుపేర్ గ చేసరు,non-hate,0.5520695136255634,0.44793048637443655,0.5520695136255634
274,hate,telugu_script,"ంఏ ఇద్దరు వల్ల ఏపీ లో ఆడవాళ్ళ పరువు పోయింది, పదవి కోసం ఎంతకైనా దిగజారే బ్రతుకులు మీవి",non-hate,0.5624509888735564,0.4375490111264436,0.5624509888735564
275,hate,telugu_script,ఓక అమ్మై వి వున్ధి నథో అర్గుఏ చేస్థవ పుకు మోసుకోని ఇన్తి పనులు చేయి,non-hate,0.5464833629032956,0.4535166370967044,0.5464833629032956
276,non-hate,telugu_script,నిజానికి ప్రజల కోసం పోరాడుతున్న ఏకైక నాయకుడు రేవంత్ రెడ్డి గారు,non-hate,0.5813806693926242,0.4186193306073758,0.5813806693926242
277,hate,telugu_script,ప్రథి చేథనకోదుకు విరత్కోహ్లి ని అనేతోదే లవ్దపుక్ గల్లు,non-hate,0.5498650488786025,0.45013495112139745,0.5498650488786025
278,hate,telugu_script,ంఓవిఏ మత్రమ్ మోద్ద గుదిసి పోతధీఇ పక్కా,non-hate,0.5573123803549773,0.4426876196450227,0.5573123803549773
279,hate,telugu_script,రోజ నిన్ను చూస్థేయ్ నక్ గుద్దలో ఏదో నకులధి నూవు ని బర్రేయ్ గున్తు,non-hate,0.5430616171581367,0.4569383828418633,0.5430616171581367
280,hate,telugu_script,ణువ్ దన్చేర్ వ చీఇ సిగ్గులేధు ణేకు,non-hate,0.5490483294945615,0.4509516705054385,0.5490483294945615
281,hate,telugu_script,టోక్క కూద ఓప్పుకోను,non-hate,0.5788892334849248,0.4211107665150752,0.5788892334849248
282,non-hate,telugu_script,"అభివృద్ధి, సంక్షేమం రెండు చూడగల చంద్రబాబు వల్లే రాష్ట్రనికి మంచి జరుగుతుందనేది ముమ్మాటికి నిజం",non-hate,0.5818493908512133,0.41815060914878666,0.5818493908512133
283,non-hate,telugu_script,Bఅహుబలి తిమే అన్థ Bఅగనేయ్ ఊన్నవ్ ఆన్న . ఠర్వథ ఈ సహూ కి రధే శ్యమ్ నచినత్లు f్ర్న్ద్స్ థో సిత్తిన్గ్ ఊ fూద్ పద్య్పోయవ్ ఆన్న ..ఆయిన సరేయ్ దర్లిన్గ్ ఈ నో ఓనే,non-hate,0.5381673637542663,0.4618326362457337,0.5381673637542663
284,hate,telugu_script,"Fరన్క్ గ చేప్పలన్తే ఏవరి పేర్సోనల్ life వల్లది... ంఏరు చేస్థున్ది ఏన్తి మరి Pఏరుకి పేద్ద news చన్నేల్స్... ఆవసరమయిన news వదిలేసి సోధి news లు చేప్పత్లే॥॥ఆపుదు మిమ్మల్ని అలగే అనలి గ Eన్త సేపు చినేమ వల్ల పేర్సోనల్స్ లో, లేద సోచిఅల్ మేదిఅ పేరు చేప్పి ణేతిzేన్లు త్రోల్ల్ చేస్థునరు అనతమ్... ఛోన్త్రోవేర్స్య్ లని పని కత్తుకుని చ్రేతే చేయ్తమ్॥।ఇల సోధి news ఈ కని పనికి వచేవి ఏపుద్య్న చేప్పర ర? ష్చ్రప్ మేదిఅ చన్నేల్స్....",non-hate,0.5455639571885452,0.4544360428114548,0.5455639571885452
285,non-hate,telugu_script,ఃఏమ కుతురు చల చల బగున్తది చల సుమ శోవ్ లో చుసను,non-hate,0.5557697862743748,0.4442302137256252,0.5557697862743748
286,hate,telugu_script,women కి రేస్పేచ్త్ లేధు మల్ల వదు ఓక యోగి మల్ల హ మోద్ద చ్మ్ కుర్చి లో వున్ధి,non-hate,0.5311390236344021,0.46886097636559787,0.5311390236344021
287,non-hate,telugu_script,నువ్ హీరో అవతావు అన్న అంత స్టయిల్ వుంది నిలో ఇది రియల్ మాట,non-hate,0.5709784534394834,0.4290215465605166,0.5709784534394834
288,hate,telugu_script,ణిచే బాగ ధిమ్పవ్ ఆన్చోర్ బ్రో.,non-hate,0.5561247607342157,0.4438752392657843,0.5561247607342157
289,hate,telugu_script,చార్మి పూర్తిగా కుదేలు నాకు ఇంకో ల కనిపించింది,non-hate,0.5581237863793777,0.44187621362062235,0.5581237863793777
290,hate,telugu_script,ఏర్య్ పప్ప ల థో చోమేద్య్ very పప్ప ల ఉఅన్త్తధి ధోధు ధోధేయ్,non-hate,0.5490114260703446,0.4509885739296554,0.5490114260703446
291,non-hate,telugu_script,వెంకీ మామ ఫ్యాన్స్ జై వెంకీ మామ,non-hate,0.589296157250678,0.41070384274932203,0.589296157250678
292,non-hate,telugu_script,"Bఅబు గోగినేని గరు, సుఏరేబ్ గ ఛేప్పరు",non-hate,0.5660188823349637,0.43398111766503633,0.5660188823349637
293,non-hate,telugu_script,Bఅన్గరమ్ లన్తి విfే fైలురే కుద సుప్పోర్తిన్గ్ గ ఉన్ది కని వీదు విని వేశలు,non-hate,0.5383284717965847,0.4616715282034153,0.5383284717965847
294,hate,telugu_script,బాగా చదివినవ్ గా రాసుకుని మరీ.. మధ్యలో మన భార్యలు అన్నావ్ చూడు,non-hate,0.5759503929772323,0.4240496070227677,0.5759503929772323
295,hate,telugu_script,బానిస కట్టప్పలు బయటకి వచ్చారు॥ఇక జగన్ కి భజన చెయ్యడానికి..,non-hate,0.5746188300648087,0.42538116993519126,0.5746188300648087
296,non-hate,telugu_script,పాప చేతికి కత్తి ఇచ్చే సీన్ ఎన్నిసార్లు చూసినా కళ్ళలో నీళ్లు తిరుగుతున్నాయి... G్రేఅత్ థోఉఘ్త్ బ్య్ దిరేచ్తోర్,non-hate,0.5719150412504389,0.4280849587495611,0.5719150412504389
297,non-hate,telugu_script,మెగాస్టార్ చిరంజీవి గారు అప్పటికి ఇప్పటికి ఎప్పటికీ లెజెండరీ ఆక్టర్ ఇన్ వోర్ల్ద్,non-hate,0.604000934739078,0.395999065260922,0.604000934739078
298,non-hate,telugu_script,ఈన్ దిరేచ్త్ రేశ్మి కే కిస్స్ ఆదిగ దు సుధీర్ భైయ్య,non-hate,0.5597788193745816,0.4402211806254184,0.5597788193745816
299,non-hate,telugu_script,సంక్రాంతికి రాబోతున్న చిరంజీవి గారి సినిమా మరియు బాలకృష్ణ గారి సినిమా మంచి విజయం సాధించాలని కోరుకుంటూ,non-hate,0.6041136646645328,0.39588633533546724,0.6041136646645328
300,non-hate,telugu_script,సూపర్ అన్న జై పవన్ కళ్యాణ్ జై జనసేన నెక్స్ట్ సీఎం పవన్ కళ్యాణ్ గారే,non-hate,0.6023078257073619,0.39769217429263815,0.6023078257073619
301,hate,telugu_script,అప్పుదే అమిన్ది మున్దున్ది ముసల్లపన్ద చుదు ర,non-hate,0.5594443112918187,0.4405556887081813,0.5594443112918187
302,non-hate,telugu_script,Vఈదు గేలిస్థే తేలన్గన people ధి కుద అధే సితుఅతిఓన్,non-hate,0.5560103086937601,0.4439896913062399,0.5560103086937601
303,hate,telugu_script,ఢుస్త చాథుర్యమ్! ంఈరు ఇలన్తివి ఏన్ని చేసిన ఏమ్ పికలేర్ర!,non-hate,0.5518186145291017,0.44818138547089825,0.5518186145291017
304,non-hate,telugu_script,ఃఏల్పిన్గ్ నతురే కుద వున్దాలి అపుదే మనిశికి విలువ,non-hate,0.5577334860093026,0.4422665139906974,0.5577334860093026
305,hate,telugu_script,మరదే తెలిసి తెలిసి నిప్పుల్లో చేతులు పెట్టడం అంటే,non-hate,0.5622880036977886,0.43771199630221136,0.5622880036977886
306,non-hate,telugu_script,ంర్. Bఅన్ది అసలు ౨౦౧౯ కి ముందు ని అస్థి ఎంత ఇప్పుడు నీ ఆస్థి ఎంత..,non-hate,0.568852996944354,0.431147003055646,0.568852996944354
307,hate,telugu_script,ఆన్చోర్ be లికే: పిచి న క్ద్క్ల్ని అన్ధరు ఇక్కదే ఉన్నరు,non-hate,0.5442059011781921,0.4557940988218079,0.5442059011781921
308,non-hate,telugu_script,ంఏగస్తర్ థో దుత్త్ గరు ౪మోవిఏస్ థీస్థేయ్ ౩ ఇన్దుస్త్ర్య్ హిత్స్।చరన్ జన్వి థో థ్వరగ జ్వస్ ౨ థియ్యన్ది డుత్త్ గరు,non-hate,0.5496366147853955,0.4503633852146045,0.5496366147853955
309,non-hate,telugu_script,E బ్జ్ప్ ఓఇల్ రతేస్ ఇన్చ్రేఅసే చేసి వన్త చేయలి అన్తే కస్తమ్ ఉన్ది అన్న,non-hate,0.5506918341183185,0.44930816588168154,0.5506918341183185
310,non-hate,telugu_script,ప్రజల తరపున ఇంత సుదీర్ఘ పోరాటం చేసి తాను గెలిచి మమ్మల్ని గెలిపించిన దిలీప్ సుంకర గారికి హృదయ పూర్వక శుభాకాంక్షలు॥।జై భీమ్ ...జై భారత్...,non-hate,0.5994902434439242,0.4005097565560758,0.5994902434439242
311,non-hate,telugu_script,Vఇజయ్ డేవరకోన్ద fన్స్ ఏక్కద థగేధేలే,non-hate,0.5379546302452615,0.46204536975473853,0.5379546302452615
312,non-hate,telugu_script,మహేష్ బాబు ల వుండ్ సితార పాప చాలా క్యూట్ గా ఉంది,non-hate,0.588492119754994,0.41150788024500595,0.588492119754994
313,hate,telugu_script,Pఓవీ పుకూ మున్దా,non-hate,0.5360657460151516,0.46393425398484844,0.5360657460151516
314,non-hate,telugu_script,"పోయి చేన్త్రల్ అప్పులు చుదు, హున్గేర్ ఇన్దేక్ష్, ఇన్f్లతిఓన్, పోవేర్త్య్, ఉనేమ్ప్లోయ్మేన్త్ ఏత్చ్ టేలన్గన లో లేఅస్త్ ఉనేమ్ప్లోయ్మేన్త్ and దేవేలోప్మేన్త్ is పేఅకిన్గ్ ఉప్ రపిద్ల్య్.",non-hate,0.5601751415860691,0.43982485841393093,0.5601751415860691
315,hate,telugu_script,లంజాకొడుకులు లంజముండల జోకులా ఇవి నా కొడకల్లారా,non-hate,0.5632464800123685,0.43675351998763146,0.5632464800123685
316,hate,telugu_script,శq్ మోద్ద అన్తే వున్నవు ర కేవిన్ నేకు ఏన్దుకు అf్fైర్,non-hate,0.5294136179431702,0.4705863820568298,0.5294136179431702
317,non-hate,telugu_script,నా ఊపిరి ఉన్నంతవరకు నా ఓటు మీకే అన్నా,non-hate,0.5793192155560365,0.4206807844439635,0.5793192155560365
318,non-hate,telugu_script,Pరథి స్చేనే ప్రథి శోత్ ఉ మిన్ద్ పోథున్ధి ఆమ్మ బబోయ్ Awesome స్చ్రిప్త్ సేలేచ్తిఓన్,non-hate,0.5621940263372848,0.43780597366271523,0.5621940263372848
319,hate,telugu_script,ఈదేన్దయ్య ఇది ంఅరీఈ ఇల థయరయ్యరు డన్దాలు ర అయ్య,non-hate,0.5695272515089276,0.4304727484910724,0.5695272515089276
320,non-hate,telugu_script,స్పేచిఅల్ రేస్పేచ్త్ fోర్ ఈన్దిఅన్ చ్రిచ్కేత్ thanks fోర్ ( ఇన్తేర్నతిఓనల్ బోఅర్ద్ ఓf్ ఆఉస్త్రలిఅ),non-hate,0.5553708797843824,0.4446291202156176,0.5553708797843824
321,non-hate,telugu_script,ఛేప్పేధి ఏమ్ లేకపోఇన హ హ్మ్ అని అన్న పర్లేధు వల్లథో మత్లదలి అన్థీ,non-hate,0.5658282938781153,0.4341717061218847,0.5658282938781153
322,non-hate,telugu_script,Gుదివద కిన్గ్ త్రుఏ లేఅదేర్,non-hate,0.5440559414585389,0.45594405854146114,0.5440559414585389
323,hate,telugu_script,సిగ్గు వున్దలి అమ్మ జగన్ లన్తి ఏర్రిపుక్ కన్న అన్దుకు,non-hate,0.5641967103998936,0.4358032896001064,0.5641967103998936
324,non-hate,telugu_script,All the best అన్న్య ఆఅ॥ని ఃఅర్ద్ వోర్క్ అపుదు కి వస్తే కధు sir జై జనసేన,non-hate,0.5657236826510482,0.4342763173489518,0.5657236826510482
325,non-hate,telugu_script,అప్పట్లో సునీల్ కోసమే డైలాగ్స్ ఉండేవి ఇపుడు ఆలా లెవ్,non-hate,0.5868810351416136,0.4131189648583864,0.5868810351416136
326,non-hate,telugu_script,వావ్ మీ డాన్స్ సూపర్ సూపర్,non-hate,0.586642558731262,0.41335744126873797,0.586642558731262
327,non-hate,telugu_script,వారు ఎవరితో పెట్టుకుంటే మీకెందుకుసార్ంఈరు రోడ్లు ఎందుకు ఇయ్యలేదు? ప్రాజెక్టులు ఎందుకు కట్టడం లేదు? ఎందుకు ఇంత అప్పులు చేస్తున్నారు మద్యపాన నిషేధం ఎందుకు చేయలేదు? కంపెనీలు ఎందుకు తీసుకురావడం లేదు?,non-hate,0.5618642905073097,0.4381357094926903,0.5618642905073097
328,hate,telugu_script,సిగ్గు సరం వున్న వాళ్ళు ఎవరు వీడి సినిమాలకు పొకడదు ..... ఏంట్రా A బాషా ...,non-hate,0.565850982809729,0.434149017190271,0.565850982809729
329,hate,telugu_script,పో ర పిచి కుక్క . సిగ్గు లేధు ఏమ్ లేధు అస్ల మనిశి వేయ్ న,non-hate,0.5556863514081409,0.44431364859185907,0.5556863514081409
330,non-hate,telugu_script,ఈలన్తి ంళా ఆన్ని నియోజక వర్గల్లో ఏన్దుకు లేరు!!!,non-hate,0.5630588937482575,0.43694110625174254,0.5630588937482575
331,non-hate,telugu_script,Fఉల్ల్ video please బయ్య,non-hate,0.5282279714989853,0.47177202850101474,0.5282279714989853
332,hate,telugu_script,తొడలు... అస్సలు ఉన్నాయి,non-hate,0.5789098609096794,0.42109013909032056,0.5789098609096794
333,non-hate,telugu_script,డ్రేస్స్ బవున్ది కాని ఫోనే పోయిన్ది,non-hate,0.5739452159203604,0.4260547840796396,0.5739452159203604
334,hate,telugu_script,ఎందుకు రికార్డింగ్ డాన్స్ వాళ్ళకి విలువ లేదు అంటే... ఇలాంటి మాటలు... వెకిలి చేష్టలు వల్లే...,non-hate,0.5761791442259876,0.4238208557740124,0.5761791442259876
335,non-hate,telugu_script,అసలు ఇంగ్లీషు సినిమాలు లోనే ఇలాంటి పదాలు ఉంటాయి.,non-hate,0.5794652215713508,0.42053477842864917,0.5794652215713508
336,hate,telugu_script,ముందు ముందు స్పష్టం గా బూతులు మాట్లాడేస్తారు ఏమో,non-hate,0.5692622152761292,0.4307377847238708,0.5692622152761292
337,hate,telugu_script,ఆన్దుకే fిల్మ్ దోబ్బిన్దీ,non-hate,0.5521173215125347,0.4478826784874653,0.5521173215125347
338,hate,telugu_script,కల్లు పథుకోని సన్క కన్నిధి మేరు,non-hate,0.5396418785969006,0.4603581214030994,0.5396418785969006
339,non-hate,telugu_script,ఆదే మతని దుకుదుగ చేప్పన్ది. షివ గరు కనబదథరు మకు. Vఓఇచే బేలగ వున్ది.,non-hate,0.5361748497306671,0.4638251502693329,0.5361748497306671
340,hate,telugu_script,ఇదేంటీ ఇలా నడుస్తుంది,non-hate,0.5449693205901623,0.45503067940983766,0.5449693205901623
341,non-hate,telugu_script,కోహ్లీ కి అనుకులం గా మరియు ఫామ్ లో ఉన్నపుడు ౩ ఇచ్చ్ చుప్స్ అందించినా ధోని గౌరవంగా కెప్టెన్సీ వదులుకున్నాడు॥అందరు రిటైర్మెంట్ తరవాత లెజెండ్స్ అయ్యరు కానీ కోహ్లి క్రికెట్ అడుతునే లెజెండ్ స్థాయీ నీ అందుకున్నాడు॥కోహ్లీ స్టేయి వాడు కెప్టెన్సీ కోసం ఇలా గొడవపడటం వల్ల ప్రపంచ స్థాయీ అభిమనులున్నా కోహ్లి తానా స్థాయిని తాగించుకున్నవాడు అవ్వుతాడు॥కోహ్లి విన్నిన్గ్ పేర్సేన్తగే యెక్కువున్నా॥ఈPళ్।కాని,non-hate,0.5580472657794664,0.4419527342205336,0.5580472657794664
342,hate,telugu_script,ఆరేయ్య్ వన్ని మేన్తల్ హోస్పితల్ లూ జోఇన్ చేయ్యద్రాఅ,non-hate,0.552099779058822,0.447900220941178,0.552099779058822
343,hate,telugu_script,ణిజమే లన్జలర అమ్మవదిపుకు దేగిచుకోనికి థిసుకునర,non-hate,0.5552151965791552,0.4447848034208448,0.5552151965791552
344,non-hate,telugu_script,"చాలా అద్భుతంగా మ్యూజిక్ డాన్స్ స్టెప్ రిసల్ట్ సూపర్,,",non-hate,0.5757335949855,0.42426640501449997,0.5757335949855
345,non-hate,telugu_script,అనిల్ గానీ వాయిస్ వింటే నాకు ఎక్కడో కలుది.... విడు విని మాటలు॥।వెస్ట్ న కొంది,non-hate,0.5637417171729612,0.4362582828270388,0.5637417171729612
346,non-hate,telugu_script,అసలు హారన్ కొట్టకపోతే ట్రైన్ ఇప్పట్లో రాదని అర్థం,non-hate,0.5759099339722633,0.4240900660277367,0.5759099339722633
347,hate,telugu_script,fిర్స్త్ కోజ జోహర్ ని ఇన్దిఅ నున్చి తర్మిదేన్గిథే సన్గమ్ పేధ పోథధి,non-hate,0.5454512277874561,0.45454877221254386,0.5454512277874561
348,non-hate,telugu_script,Eన్దిన్గ్ నకు తేఅర్స్ వచై బ్రో. ఃఅర్శ్ సై రేఅల్ హేరో. Gోద్ బ్లేస్స్ ఉ brother.,non-hate,0.5607145208496465,0.43928547915035354,0.5607145208496465
349,non-hate,telugu_script,షోమేతిమేస్ నువ్వు వచ్చినన్దుకు చల fీల్ అవుతున్న నిన్ను ఇలన్తి పోసితిఓన్ లో వున్చిన నాఅ లన్తి దిఏ హర్ద్ fన్స్ ని చుస్తున్తే అన్న,non-hate,0.5595125442456675,0.44048745575433246,0.5595125442456675
350,hate,telugu_script,రోజ ఓక నోరు వున్న పిచి లన్జ నోరు వున్ధాని ఏధో ఏధో మత్లద్థి,non-hate,0.5473030906310931,0.45269690936890694,0.5473030906310931
351,hate,telugu_script,Eఏమ ఏమ్ పీకిన్ధి ర జుద్గే ల పేత్తరు,non-hate,0.5355987486781422,0.46440125132185783,0.5355987486781422
352,non-hate,telugu_script,ఆవ్ను నేను మిమ్మల్ని చుసను చాల సర్ల్,non-hate,0.5739434138797124,0.42605658612028763,0.5739434138797124
353,hate,telugu_script,ంఓద్ద గుదిసిపోతవ్ బోల్ల్య్వూద్ చోన్తేన్త్ లమ్తి మోవిఏస్ తిస్తేయ్,non-hate,0.5696691914937538,0.43033080850624617,0.5696691914937538
354,hate,telugu_script,Pఇచ ణ Kోదక!! Vఇనిపిస్థున్ద ఱ Vఇజయ్ G !!,non-hate,0.5323638974116564,0.46763610258834365,0.5323638974116564
355,hate,telugu_script,Pఓయకలమ్ దేగ్గర పదినప్పుదు అలగే చేస్థరు,non-hate,0.549419072794094,0.45058092720590603,0.549419072794094
356,hate,telugu_script,సంకనాకిస్తుంది... ఇది కూడా నిజమే,non-hate,0.5837157834368425,0.4162842165631575,0.5837157834368425
357,hate,telugu_script,ఆరేయ్ హోవ్లే ణిzమబద్ ంP Pఅసుపు బోర్ద్ Eధి be ణ్వ్ ఏసుకున్న ఆన్గి లగు కుధ ఛన్గ్రేస్స్ ఇచ్చిన్ధే and ట్Eళాణ్Gాణా ఇచ్చిన్ధి కుద ఛన్గ్రేస్స్ A మీరు చేప్పే డిగితల్ ఈన్దిఅ లో ని ఆఆధర్ చర్ద్ కుద ఛన్గ్రేస్స్ తేచ్చిన్ధే,non-hate,0.5387996308621574,0.46120036913784257,0.5387996308621574
358,hate,telugu_script,"టిచ్కేత్స్ రతేస్ థగ్గిన్చాలి॥అప్పుదేయ్ జనాలు థేఅత్రే కి వస్తారు.. Bఉద్గేత్ పేరుగుథోన్ధన్తేయ్ ధానిక్కరనమ్ ప్రోదుచేర్స్ ఏ... ఃఏరోఏస్ బుద్గేత్, నోర్థ్ ఈన్దిఅన్ హేరోఇనేస్, వల్ల స్తf్f్ ని మేపాలి ఇవ్వన్ని థదిసి మోపోదవుథున్నయి",non-hate,0.5507966081745563,0.44920339182544367,0.5507966081745563
359,non-hate,telugu_script,Fఇర్స్త్ తేలన్గన గురున్చి ఏద్వు జై బ్జ్ప్,non-hate,0.554729010941219,0.44527098905878104,0.554729010941219
360,hate,telugu_script,"విద్వేషాల ,వైషమ్యాలు గురించి బీజేపీ మాట్లాడటం....",non-hate,0.5773926647199998,0.42260733528000016,0.5773926647199998
361,hate,telugu_script,వీడికి ఇంత మంది అవసరమా వోవర్ కూడా,non-hate,0.5597211910132314,0.44027880898676863,0.5597211910132314
362,hate,telugu_script,"అలీ సిగ్గున్దలి నీకు, సన్స్కరమ్ లేదు నీకు, నవ్వుతూ ఉన్న సో చల్లేద్ చేలేబ్రితిఏస్ కి నవ్వు ఎలా వస్తుందో",non-hate,0.5774081551574315,0.4225918448425685,0.5774081551574315
363,hate,telugu_script,Gీ బజరు చిల్లర ధనికి బగ హ్య్పే ఇచరు కధ ర థు,non-hate,0.5625179980748516,0.4374820019251484,0.5625179980748516
364,hate,telugu_script,నేహ్రు అమ్మన్ దేన్గ ని వల్ల ఇన్దిఅ పకిస్తన్ గోదవ ఇన్క వున్ధి,non-hate,0.542692832597987,0.45730716740201305,0.542692832597987
365,non-hate,telugu_script,ఆలోచన చేస్తున్నాం డ్రామా రావ్ ఈసారి మిమ్మల్ని ఓడించాలి అని,non-hate,0.588667772583009,0.41133222741699105,0.588667772583009
366,hate,telugu_script,ఆరేయ్ బద్చవ్ recharge ఇయ్పోథే data అల ఓస్థున్ధ్ర్ రహ్,non-hate,0.5780060138932096,0.4219939861067904,0.5780060138932096
367,hate,telugu_script,ఒరేయ్ ముసిల్డాన్ని కూడా వదల వారా,non-hate,0.5621730029491518,0.43782699705084815,0.5621730029491518
368,hate,telugu_script,శర్మిల నువ్వు ఊరికి కి పోయి రేచోర్ద్ దన్చేలు చేస్ఖో,non-hate,0.5682819468218044,0.43171805317819556,0.5682819468218044
369,hate,telugu_script,Vఈది మాతలకు యేన్థ మన్ది కోదథారు వీని,non-hate,0.5317150718228848,0.4682849281771152,0.5317150718228848
370,non-hate,telugu_script,Are యాదవ ల్లా రా మేగస్తర్ తరవాత పవన్ కళ్యాణ్ రా చిరు సర్ ఆయన Vఏర లేవల్ జై బాలయ్య,non-hate,0.5463997173541582,0.45360028264584185,0.5463997173541582
371,non-hate,telugu_script,Eన్నిసర్లు చుసిన చుదలనిపిన్చే గ్రేఅత్ స్చేనే ఇది,non-hate,0.5662483219321574,0.43375167806784265,0.5662483219321574
372,non-hate,telugu_script,సూపర్ డ్యాన్స్ మాస్టర్ జానీ,non-hate,0.5850189791325267,0.41498102086747335,0.5850189791325267
373,hate,telugu_script,ఆమ్మై ని పత్తుకోని కవలిస్సిన్ధి కోనుకో అని అన్త వురుకున్తున్ద,non-hate,0.5469872321609867,0.45301276783901334,0.5469872321609867
374,hate,telugu_script,నీలాంటోళ్లు పాలమ్మిన వాళ్లు చాలామంది ఉన్నారు వాళ్ళకి ఎందుకు రావడం లేదు అదృష్టం .... అన్ని దొంగ పనులు చేసినవ్,non-hate,0.5761241114346587,0.4238758885653413,0.5761241114346587
375,non-hate,telugu_script,Eఏ స్త్య్లేస్ and మన్నేరిస్మ్స్ ప్రేసేన్త్ అన్దరు వదుథున్నరు మన ఇన్దుస్త్ర్య్ లో,non-hate,0.5274278896115424,0.4725721103884576,0.5274278896115424
376,non-hate,telugu_script,"నేను చూసిన వేలాది ఫన్నీ వీడియోలల్లనే టాప్ ౧ లేడీ ఆక్షన్ వీడియో ఇది .,,,అమ్మాయి ఆక్షన్ సూపర్",non-hate,0.5845206886277768,0.41547931137222316,0.5845206886277768
377,non-hate,telugu_script,ఏలాన్తి సన్నసి మతలు వినలని మకు లేదు మున్దు సరి గ మత్లదు మరియద ఇచి పుచుకోవలే అన్థేగని టేలన్గన స్లగ్ ఆని మేమిలగే మత్లద్థ మన్తే వేరే పర్తిల తేలన్గనోల్లు కద,non-hate,0.5221565187687591,0.4778434812312409,0.5221565187687591
378,non-hate,telugu_script,Sir ఆరున్ Kుమర్ గరు మీకు హ్రుదయపుర్వక నమస్కరములు।సిర్ నేను కుద Kపిల్ చిత్ లో చిత్ ఓనే ళ్.. వేసను .చిత్ పుర్తి అయిపోయిన్దింఏనే కకున్ద మ brother చేత friends చేత కుద వేయిన్చాను।బుత్ ఇప్పరికి అమోన్త్ ఇవ్వతమ్ లేదుఽమోన్త్ అదిగితే దనిలోనే fిక్షిద్ దేపోసిత్ చేయ్యమన్తున్నరు. చోన్సుమేర్ చోఉర్త్ కి వేల్తే బగున్తున్ద।ప్ల్z్ సలహ ఇస్తరని ఆసిసున్నను,non-hate,0.5533930964575605,0.4466069035424395,0.5533930964575605
379,hate,telugu_script,మోహన్ బాబు గారు కొన్ని ప్రశ్నలకు సమాధానం చెప్పలేక బిక్కమొహం వేశాడు. నీళ్లు నములుతున్నాడు,non-hate,0.5754329540958615,0.4245670459041385,0.5754329540958615
380,hate,telugu_script,ఱోజ నికు మినిస్తేర్ ఇచిన్ధి హ శక కి నయమ్ చేయ్స్తవ్ అని. ఛీర లు పమ్పల మికు అన్తేయ్ అనమ్ గరు చుత్ద్రవేర్ లు పమ్పల అన్నదు సరిపోయిన్ధ. Pఓవేర్ ఉన్నన్థ వరకు బగనేయ్ ఉన్తున్ధి.,non-hate,0.5485708675867665,0.45142913241323346,0.5485708675867665
381,hate,telugu_script,Eఏ ఓవేర్ అచ్తిఓన్ కే... షన్కా నాకదు.. Kద. ఆయినా బుద్ది రా లేదు,non-hate,0.5317923779250607,0.46820762207493927,0.5317923779250607
382,non-hate,telugu_script,Oరేయ్ బf్fున్ గా college fీస్ లు థక్కువ్వ చేస్థీ నీ ముకనికి అది చలూ,non-hate,0.5537707107784776,0.4462292892215224,0.5537707107784776
383,hate,telugu_script,Bz్P షన్క నకు తీన్మర్ వర్తలు,non-hate,0.5364166970728131,0.46358330292718686,0.5364166970728131
384,non-hate,telugu_script,ఱిప్ sir.... ఆత్మ కి శాంతి కలగాలని కోరుకుంటున్నాను॥॥మన దేశంలో ఉన్నది ఇలాంటి బడా పారిశ్రామికవేత్తలు సార్.,non-hate,0.5733200083266915,0.4266799916733085,0.5733200083266915
385,non-hate,telugu_script,ఇటువంటోళ్లు మంత్రులుగా ఉండడం తెలంగాణ చేసిన దురదృష్టం,non-hate,0.580981069598074,0.41901893040192595,0.580981069598074
386,hate,telugu_script,ట్వరలో తేలుగోల్లన్త పిచోల్లవుతారు,non-hate,0.5446874658386865,0.45531253416131345,0.5446874658386865
387,non-hate,telugu_script,ణేక్ష్త్ గేనేరతిఓన్ చల స్త్రోన్గ్ గ ప్రేపరే చేస్థున్నరు,non-hate,0.5525093154651625,0.44749068453483754,0.5525093154651625
388,non-hate,telugu_script,వామ్మో సూపర్ చిట్టి థల్లి ️ ఆక్షన్ కే ప్రాణం పోసెల అన్నవ్ రా ముమ్మ్య్,non-hate,0.5704323855707776,0.4295676144292224,0.5704323855707776
389,non-hate,telugu_script,కుత్త పగులుద్ది ఎవడైనా(అన్య్ పర్త్య్/అన్య్ ఓథేర్ fన్స్) ఎన్టీఆర్ అన్న ని తక్కువ చేసి మాట్లాడితే,non-hate,0.5630114915463125,0.43698850845368753,0.5630114915463125
390,hate,telugu_script,Eది ఓవేర్ అచ్తిఓన్,non-hate,0.5537558649528443,0.44624413504715565,0.5537558649528443
391,hate,telugu_script,"ఛి చి నీకు అన్చోరిన్గ్ ఏవదు నేర్పోన్చోన్దో॥॥fర్మేర్స్ ని అర్రేస్త్ చేసినరు అన్తే॥।సfేత్య్ కి అన్తవ,ఇన్థ దిక్కుమాలిన అన్స్వేర్ ఏమిన వున్తద అసలు,అన్తే అన్యయమ్ జరిగిన్ది ఆని చేప్తే అర్రేస్త్ లు చేస్తరు,అల అర్రేస్త్ చేయ్యదమ్ చోర్రేచ్త్ అన్తవ న్వ్",non-hate,0.5424465033319256,0.45755349666807443,0.5424465033319256
392,non-hate,telugu_script,గెటప్ శీను వావ్ సూపర్ mAn మెగాస్టార్ బాడీ లాంగ్వేజ్ యాస్ ఇట్ is దించేసావు సూపర్,non-hate,0.5758206356900814,0.42417936430991865,0.5758206356900814
393,non-hate,telugu_script,షుధీర్ ని తిమిన్గి తిమిన్గ్ అన్న,non-hate,0.5663072515707434,0.43369274842925665,0.5663072515707434
394,non-hate,telugu_script,తెలుగు లో ఉన్నా అన్ని వ్లోగ్ ఛానెల్ వాళ్లని ఏసుకున్న ణ్ట్B ఆన్న కి ధన్యవాదాలు..,non-hate,0.5683115033818604,0.43168849661813957,0.5683115033818604
395,hate,telugu_script,అబద్ధానికి పెద్ద నోరు ఉంటుంది,non-hate,0.5635380904991775,0.43646190950082253,0.5635380904991775
396,non-hate,telugu_script,"ఘడ్డగా మరీ మనావర్ గానికి కూడా చెప్పు హిందూ దేవుళ్ళ పైన జోకులు చేయొద్దని, మరి వాని షో కు పర్మిషన్ ఇవ్వకుంటే ఇవన్నీ కాకుండె కదా",non-hate,0.562278408100679,0.437721591899321,0.562278408100679
397,non-hate,telugu_script,ఎందుకు sir అయిపోయిన పెళ్లికి మేళాలు!!! వదిలేయండి sir. ఇద్దరూ ఇలా తిట్టుకోవడం జనాలకి వినోదం అయిపోయింది sir,non-hate,0.572685271181587,0.42731472881841304,0.572685271181587
398,hate,telugu_script,ఇత్లన్తివి ఎందుకు చేస్తారండి మీరు రోత్త చినేమలు మత్రమే చేస్తరు sir మీరు... అన్య్ వయ్ .. అయిన మీరన్తే నాకిస్తమ్ sir,non-hate,0.5504116300962822,0.44958836990371775,0.5504116300962822
399,hate,telugu_script,ఇష్టం లేని జాబ్ చేస్తునట్టు ఉంది ప్రభాస్ ఫేస్,non-hate,0.5900775379561637,0.4099224620438363,0.5900775379561637
400,non-hate,telugu_script,Pఓవేర్ స్తర్॥॥ఽనేది ఓక బ్రన్ద్॥॥ఏవదు పదిథే వదు పోవేర్ స్తర్ కదు॥।కలేదు॥।కిన్గ్ ఓక్కదే పోవేర్ స్తర్ ఓక్కలే॥।ఓన్ల్య్ పోవేర్fుల్ పోవేర్ స్తర్ పవన్ Kల్యన్ ఓక్కదే,non-hate,0.5424959965899788,0.4575040034100212,0.5424959965899788
401,non-hate,telugu_script,ంఆ అల్లు అరవిన్ద్ గరి చోమేద్య్ సుపేర్ అల్లు sir ప్ల్z్ మీరు మోవిఏస్ లూ అచ్త్ చేయన్ది,non-hate,0.5694872394985535,0.4305127605014465,0.5694872394985535
402,hate,telugu_script,ఇనుము ఇనుముని️ కాదు ఎనుము ఎనుముని అనాలి,non-hate,0.5558037756871973,0.4441962243128027,0.5558037756871973
403,hate,telugu_script,మల్ల మన్చి ఏర్రి పుకు వోదు,non-hate,0.5456176657967307,0.45438233420326934,0.5456176657967307
404,hate,telugu_script,పేదవాడు కి జగన్ గారు ఎ మంచి పని చేస్తున్న దానికి కోర్టులో కేసులు పెట్టి న. బొల్లి గాడు కీ ఓటు ఎవరు వెయరు,non-hate,0.5559560489847898,0.4440439510152102,0.5559560489847898
405,hate,telugu_script,డన్చే రాని ధన్ని దన్చే జుద్గే గ పేత్తరు,non-hate,0.5473235692183696,0.45267643078163045,0.5473235692183696
406,non-hate,telugu_script,ఛల అన్తే చల బగున్ది బ్రో,non-hate,0.5675249830417777,0.4324750169582223,0.5675249830417777
407,non-hate,telugu_script,Are ఓ నువ్వు సోల్లు ఆపు థమ్మి,non-hate,0.5464724585745507,0.45352754142544927,0.5464724585745507
408,non-hate,telugu_script,నోటి తెగులు అని రాసావ్ కదరా. మీ ఛానల్ కన్నా నోటి తెగులు ఎవరికీ ఉంటాది.,non-hate,0.5758479125673214,0.4241520874326786,0.5758479125673214
409,non-hate,telugu_script,f్రిఏన్ద్ల్య్ గ అన్నదు,non-hate,0.5489787936102961,0.4510212063897039,0.5489787936102961
410,hate,telugu_script,పొరపాటున మౡ గానీ రాజశేఖర్ రెడ్డి గారు వస్తె కుర్చీ పొద్దని తీసుకెఌ కూర్చోబెట్టడు,non-hate,0.5746668914787847,0.4253331085212153,0.5746668914787847
411,non-hate,telugu_script,వాళ్లూ ఎలా ఉంటే మనకు ఎందుకు వాళ్ళ సొంతవిశాయలు,non-hate,0.5716191784672082,0.4283808215327918,0.5716191784672082
412,non-hate,telugu_script,Y్చ్ప్ లో మీరు ఏమి చేయలేరు z్స్ప్ లో నీకు నఛినత్తు వున్దవఛు,non-hate,0.567604492457833,0.43239550754216705,0.567604492457833
413,hate,telugu_script,పవన్ కళ్యాణ్ మూవీస్ లో హీరో... రాజకీయం లో ' ౦',non-hate,0.58953127167519,0.41046872832480996,0.58953127167519
414,non-hate,telugu_script,మొత్తం చూసా నిజాయతీ గా వున్నాయి ప్రశ్నలు జవాబులు॥సూపర్ బై రెడ్డి సిద్దార్థ్ రెడ్డి,non-hate,0.5782985321608333,0.42170146783916673,0.5782985321608333
415,non-hate,telugu_script,"ఱ్K్ గారు, సగం మీరే మాట్లాడేస్తున్నారు, దయచేసి అవతలివాళ్ళని పూర్తి గా మాట్లాడనీయండి.",non-hate,0.586020083996234,0.41397991600376605,0.586020083996234
416,non-hate,telugu_script,ంఅన్చు fమిల్య్ కి ఇన్క రేస్పేచ్త్ ఉన్ది అన్తే అది ఓన్ల్య్ నీ వల్లే మనోజ్ అన్న,non-hate,0.5593800000397515,0.4406199999602485,0.5593800000397515
417,non-hate,telugu_script,Gోద్fథేర్ మరో Pఅన్ ఈన్దిఅ Bలోచ్క్ బుస్తేర్ చోమిన్గ్ సూన్ జై చిరంజీవ,non-hate,0.5338949575597003,0.4661050424402997,0.5338949575597003
418,non-hate,telugu_script,ంఏకు కుద మన్చి బవిసథ్ ఉన్న్తది,non-hate,0.5519113630103938,0.4480886369896062,0.5519113630103938
419,hate,telugu_script,"Bహుథులు గురిన్చి, దోఉబ్లే మేఅనిన్గ్స్ గురిన్చి నువ్ మత్లదోధు అనుసుయ ప్ల్z్",non-hate,0.5256800427227433,0.47431995727725673,0.5256800427227433
420,non-hate,telugu_script,ఎన్ని సార్లు చూసిన చూడాలని అనిపించే స్పీచ్,non-hate,0.5873073901062931,0.41269260989370693,0.5873073901062931
421,non-hate,telugu_script,Eవదికి వదు అచ్తిన్గ్ ఏరగ తిస్తున్నరు,non-hate,0.5366489073375977,0.46335109266240226,0.5366489073375977
422,non-hate,telugu_script,ంఅన్చు Fఅమిల్య్ Pఅరువు కపదే ంఅనిశి ణువ్వు Oక్కదే అన్న,non-hate,0.5284161774557818,0.47158382254421816,0.5284161774557818
423,hate,telugu_script,నువ్వు ఒక్క రోజు జబర్దస్త్ లో బాలయ్య బాబుతో ఫోన్లో మాట్లాడలేదా వే,non-hate,0.5850645557369771,0.41493544426302287,0.5850645557369771
424,non-hate,telugu_script,మేము ప్రజలకి ఫలానాది చేస్తామని చెప్పుకొని ప్రజల్లోకి రావాలి ఏ బొక్క లేదు వచ్చి ఏం పీకుతారు,non-hate,0.5685855439744583,0.43141445602554174,0.5685855439744583
425,non-hate,telugu_script,ఇంత పరిజ్ఞానం ఉన్న సీఎం ఆంధ్రకి సీఎం కావడం ఎన్నో జన్మల పుణ్యం,non-hate,0.5791076897808621,0.42089231021913787,0.5791076897808621
426,hate,telugu_script,లైక్ లు కొట్టేవాళ్ళు ఎక్కువా కానీ ఓట్లు వేసేవాళ్ళు చాలా తక్కువా,non-hate,0.5881520320910767,0.4118479679089233,0.5881520320910767
427,non-hate,telugu_script,K పల్ గరు మిరు సుపేర్,non-hate,0.5613604373196731,0.4386395626803269,0.5613604373196731
428,non-hate,telugu_script,క్షవరం అయితే గానీ వివరం తెలియదు లెండి.... పృధ్వీ గారు,non-hate,0.5846675900764731,0.41533240992352694,0.5846675900764731
429,non-hate,telugu_script,ప్రషు వాళ్ళ డాడీకి ఒక లైక్ కొట్టండి,non-hate,0.5727645006763777,0.42723549932362226,0.5727645006763777
430,hate,telugu_script,ఆఆ చీర ఏత్థి గుద్దలో పేత్తర be నీ మోగ్గ ని,non-hate,0.5555982605097239,0.44440173949027606,0.5555982605097239
431,non-hate,telugu_script,"రమేష్ మాస్టర్ డ్యాన్స్ ప్రాక్టీస్ సూపర్, ఇదీ పద్దతి",non-hate,0.5738469196583112,0.42615308034168875,0.5738469196583112
432,hate,telugu_script,ణీలన్తి వల్లు వల్ల నిజమే అయిన దేవునుకి అవమనమ్ జరుకుతున్ధి,non-hate,0.5590018893655798,0.4409981106344202,0.5590018893655798
433,non-hate,telugu_script,కోడలు పిల్ల మా కొడుకు నీ పెళ్లి చేసుకుంటావా కట్నం ఏం వొద్దు మేమే ఇష్టము కావాలంటే,non-hate,0.5497701611398719,0.45022983886012813,0.5497701611398719
434,hate,telugu_script,ఆన్చోర్ be లికే: పిచి న క్ద్క్ల్ని అన్ధరు ఇక్కదే ఉన్నరు,non-hate,0.5442059011781921,0.4557940988218079,0.5442059011781921
435,non-hate,telugu_script,అసలు ఏం ఉంది రా అక్కడ పొట్ట ఒకటి ఉంది అక్కడ,non-hate,0.5644245232451767,0.43557547675482333,0.5644245232451767
436,non-hate,telugu_script,మీకు అస్సలు ఏమ్ మత్లదలో కుద తేలిధు ఏదో వాగాలి వాగుథారు న్వ్ పేద్ద లేఅదేర్ వి న్వ్ చేప్పిన్ధే నిజమ్ ఏన్దుకు పనికి మాలిన దేబతే లు,non-hate,0.5377215300768825,0.4622784699231175,0.5377215300768825
437,non-hate,telugu_script,మల్లారెడ్డి అంతడబ్బు రేవంత్ రెడ్డికి ఇచ్చారు అంటే... మల్లారెడ్డి ఎన్ని వేల కోట్ల డబ్బు అవినీతిగా సంపాదించి ఉంటాడు... సక్రమంగా సంపదిస్తే ఎవ్వరికి ఇవ్వనవసరం ఉండదుగా.... రేవంత్ ఒక్కడికె కాదు॥ప్రజలందరికీ నీ అవినీతి డబ్బు పంచాలి.. అప్పుడు ఎవ్వడు బ్లాక్ మెల్ చేయడు.,non-hate,0.5886906237451619,0.4113093762548381,0.5886906237451619
438,hate,telugu_script,ఓక అమ్మై వి వున్ధి నథో అర్గుఏ చేస్థవ పుకు మోసుకోని ఇన్తి పనులు చేయి,non-hate,0.5464833629032956,0.4535166370967044,0.5464833629032956
439,hate,telugu_script,ఆన్థ ఏనేర్గ్య్ గుద్ధలో నున్ది వస్తున్ది,non-hate,0.5609889082508349,0.4390110917491651,0.5609889082508349
440,hate,telugu_script,బోన్ద ఉమ కుక్క ఏసగ మfిఅ కిన్గ్,non-hate,0.5462708080301777,0.4537291919698223,0.5462708080301777
441,hate,telugu_script,Pఅదవి కోసమ్ పేన్త ఇన తిన్తదు,non-hate,0.5545183610003789,0.4454816389996211,0.5545183610003789
442,hate,telugu_script,K్చ్ప్ద్ మేన్'స్ కుథ చ్న్పి పద్దేన్గుథ,non-hate,0.5558565453997595,0.4441434546002405,0.5558565453997595
443,hate,telugu_script,Vఈదేమ్మ వీది ల్స్స్గే వస్తే ధి,non-hate,0.5457818823073426,0.4542181176926574,0.5457818823073426
444,hate,telugu_script,విజయ్ మల్ల్య నిరవ్ మోది కపదిన్ధి బ్జ్ప్ మల్ల హ బాతే శహ్ గదు నక్ ఏమ్తేలిధు అన్తరు,non-hate,0.5377166481755853,0.4622833518244147,0.5377166481755853
445,hate,telugu_script,కేసీఆర్ కేబినెట్లో మీటింగ్ లేదు బొచ్చు లేదు,non-hate,0.5789712555562954,0.42102874444370464,0.5789712555562954
446,hate,telugu_script,"అత్లేఅస్త్ అక్కదైన వుద్యోగమ్ వచ్చిన్ది,చాల మన్దికి అది సమ్పదిన్చే స్చేనే లేదు లే బ్రో",non-hate,0.5524803911990911,0.4475196088009089,0.5524803911990911
447,hate,telugu_script,Eఏ ఱశ్మి కి రోజు రోజుకి ధేబ్బలు గత్తిగానే గుధుథున్నరు,non-hate,0.5524075568128318,0.4475924431871682,0.5524075568128318
448,hate,telugu_script,ఱయలసీమ సిమ్హమ్ పరితల ఱవి తేలుగురశ్త్రల దేవుదు ణ్ట్ఱ్ but fమిల్య్ మేమ్బేర్స్ ఓf్ బోథ్ హవే ఉత్తేర్ల్య్ fైలేద్ తో చర్ర్య్ the లేగచ్య్ ఓf్ these బోథ్ ఇన్ థేఇర్ రేస్పేచ్తివే రన్గే and చతేగోరిఏస్,non-hate,0.5184898247708275,0.4815101752291725,0.5184898247708275
449,hate,telugu_script,ఆన్థ fకే ఏయ్ సోలు గలు బగ ఏకువ అయరు,non-hate,0.5380570531152945,0.4619429468847055,0.5380570531152945
450,non-hate,telugu_script,"ంఉస్తచే కోసమ్ వైత్ చేసి ఉన్తదు,ఇన్ని రోజులు ఈ video చేయదనికి,ఏన్థైన నే దేదిచతిఓన్ కి హత్స్ ఓf్f్ బ్రో",non-hate,0.5599126447784836,0.44008735522151643,0.5599126447784836
451,non-hate,telugu_script,ఈ సినిమా మంచి విజయం సాధించాలి అని ఎంతమంది కోరుకుంటున్నారు.,non-hate,0.6105677372026844,0.3894322627973156,0.6105677372026844
452,hate,telugu_script,"రాష్ట్ర విభజన హామీ ప్రకారం రైల్వే జోన్, ప్రత్యేక హోదా, చెన్నై విశాఖపట్నం సీ కారిడార్, స్టీల్ ప్లాంట్ పునరుద్దరణ మొదలగు హామీలు మిగిలే ఉన్నాయి",non-hate,0.5695505435246393,0.4304494564753607,0.5695505435246393
453,hate,telugu_script,Kమ కుక్క,hate,0.5019954883852982,0.5019954883852982,0.4980045116147018
454,non-hate,telugu_script,కు డాన్స్ రాదు అనే స్టేజ్ నుండి డాన్స్ అంటే ఇది రా అనే రేంజ్ కి వచ్చావు జాని అన్నా,non-hate,0.5711804054299079,0.4288195945700921,0.5711804054299079
455,hate,telugu_script,తాత నీకు ౬౦ పాప కీ ౨౫యెందీరా మాకు ఈ దరిద్రమ్...?️️️,non-hate,0.5776621941368544,0.4223378058631456,0.5776621941368544
456,non-hate,telugu_script,Kస్త పదిథే ఏప్పుదు ప్రతిపలమ్ ఉన్తున్ది.. congratulations,non-hate,0.5486945933019368,0.4513054066980632,0.5486945933019368
457,hate,telugu_script,షుల్లి ర,non-hate,0.552278844676363,0.447721155323637,0.552278844676363
458,non-hate,telugu_script,౪ లో సేచోన్ద్ ది తిసి ౧ కి ౨ కి మద్యలో పేదితే ౪ అవ్తున్ది ఓర్దేర్ సరిపోతది,non-hate,0.5680617257933216,0.4319382742066784,0.5680617257933216
459,non-hate,telugu_script,ణివేథ కోన్ని ఇన్తేర్విఏవ్స్ లో ఆ తిమే లో ఱజినికన్థ్ గరిథి మోవిఏ చేస్తున్న ఇదేమ్ పేద్ధ మోవిఏ కనత్తు మత్లదిన్ధి।శే was నోత్ గ్రేఅత్fుల్ తో అచ్త్ ఇన్ Pష్PK్'స్ మోవిఏ.,non-hate,0.5508724233218404,0.4491275766781596,0.5508724233218404
460,hate,telugu_script,ఛర్మి కి Eదో అయిన్ది నవ్వలేక సచిపోథున్ది,non-hate,0.568511581336666,0.431488418663334,0.568511581336666
461,hate,telugu_script,దయచేసి ఎవరైనా ముందు వీడిని మెంటల్ హాస్పిటల్ కి తీసుకువెళ్లండి వీడు ఎవరెవరిని ఏం మాట్లాడుతుందో అర్థం కావట్లేదు ఈ నా కొడుక్కి పిచ్చి పట్టింది,non-hate,0.5395954582352419,0.4604045417647581,0.5395954582352419
462,non-hate,telugu_script,పవన్ కుపరువుపొటమే నితికిఎతిరెకంగపొరడుతునడు అయనకుమచిదికదు జగన్ నిలంటొడుకదు జగన్ దేవుడులంటివడు,non-hate,0.5447389959064519,0.4552610040935481,0.5447389959064519
463,non-hate,telugu_script,The గ్రేఅత్ హోనేస్త్ త్రుఏ లేఅదేర్ Pఅవన్ Kల్యన్ sir చ్మ్ కవలి న్యయమ్ జరుగుథున్ధి అప్ ప్రజలకి sir,non-hate,0.5250327455858379,0.4749672544141621,0.5250327455858379
464,non-hate,telugu_script,"Pఏల్లి మీద నకు చల ద్రేఅమ్స్, రేస్పేచ్త్ వున్దేధి ఇత్లన్తి ఇన్తేర్విఏవ్స్ చుసినప్పుదల్ల పేల్లి చేసుకోకున్ద వున్దదమే మన్చిది అనిపిస్తున్ధి",non-hate,0.5546864119099639,0.44531358809003607,0.5546864119099639
465,non-hate,telugu_script,ంఅరి అత్లున్తధి క్రిథి బ్ర్మ్ థోని అన్ధమ్ అన్తే మినిమమ్ అత్త,non-hate,0.550626555044012,0.44937344495598797,0.550626555044012
466,non-hate,telugu_script,హ్యట్సాఫ్ పోలీస్ సర్,non-hate,0.5818653443475532,0.4181346556524468,0.5818653443475532
467,non-hate,telugu_script,నా బంగారం... A నవ్వులోనే ఉంది అన్న మా సంతోషం,non-hate,0.570224206635,0.42977579336500005,0.570224206635
468,hate,telugu_script,ఱీ బబు ణని Gా నేకు ఏఅదుకు ఱ అవసరమ్ వజయ షై చప్పలి హ విసయమ్ నేవు ఏఅదుకు నేకు అవసరమ్ ఏఅమితి,non-hate,0.530508055359033,0.469491944640967,0.530508055359033
469,non-hate,telugu_script,రాజు గారు మీరు సూపర్ సార్ బాహుబలి రఘు రామ్ రాజ్ సూపర్ సార్ పులి అంటే మీరు సార్,non-hate,0.6056884505770053,0.39431154942299473,0.6056884505770053
470,non-hate,telugu_script,మీరు కొనుడు కాదు సారు నీ బిడ్డలాంటి ప్రజలు కొనాలి,non-hate,0.5795225178401727,0.4204774821598273,0.5795225178401727
471,non-hate,telugu_script,కింగ్ is బ్యాక్,non-hate,0.5092646876460294,0.4907353123539706,0.5092646876460294
472,non-hate,telugu_script,ణని fన్స్ అన్తే మమోలుగ ఉన్దధు మరి సుపేర్ love యోఉ నని love యోఉ,non-hate,0.5578025216503408,0.44219747834965917,0.5578025216503408
473,hate,telugu_script,ణికు యేవదు ర చేయ్యమన్నదు,non-hate,0.5506483855194098,0.44935161448059024,0.5506483855194098
474,hate,telugu_script,E వేదిఓ చుసి నేను చేసుకోవాల్సి వస్తున్ది ఇన్కా చాలు,non-hate,0.5651789846307012,0.43482101536929885,0.5651789846307012
475,non-hate,telugu_script,Fఉల్ల్ చ్లరిత్య్ థో ఉన్నరు and చోర్రేచ్త్ గ చేప్పరు ... మోవిఏస్ లో fన్ fోల్లోవిన్గ్ వేరు ...రేఅల్ life లో fన్ fోల్లోవిన్గ్ వేరు ..,non-hate,0.54935764008676,0.45064235991324,0.54935764008676
476,non-hate,telugu_script,కాపీ కాకుండా వేరే ట్రై చేసే సూపర్ విజయం నీదే పిల్లి డుడ్,non-hate,0.5675607010794368,0.4324392989205632,0.5675607010794368
477,non-hate,telugu_script,Vఇల్లగే పిల్ల నీవు సుపేర్,non-hate,0.5600345904898678,0.4399654095101322,0.5600345904898678
478,non-hate,telugu_script,దత్తపుత్రుడికి ఇంకా సిగ్గు రాలేదు,non-hate,0.5672436802809456,0.43275631971905437,0.5672436802809456
479,non-hate,telugu_script,ఇంత తెలివైన ముఖ్యమంత్రి ని ఎన్నుకున్నారు,non-hate,0.5862868920507629,0.4137131079492371,0.5862868920507629
480,hate,telugu_script,Wఅస్తే fేల్లోవ్ హే దిద్ నోథిన్గ్ fోర్ తేలేన్గన,non-hate,0.5294294073415385,0.47057059265846146,0.5294294073415385
481,non-hate,telugu_script,Vఆదు fీల్ అవ్వదు... Vఆది అన్స్వేర్ కి నువ్ అవ్థవ్,non-hate,0.5641206276974643,0.4358793723025357,0.5641206276974643
482,non-hate,telugu_script,కల్యాణ్ దిలీప్ సుంకర గారు చాలా చక్కగా వివరించారు. ధన్యవాదాలు.,non-hate,0.6046586504638267,0.3953413495361733,0.6046586504638267
483,hate,telugu_script,నువ్వు పోయ్యి మోది మోద్ద చేకు మ్మ్స్ ఓక గ్రేఅత్ ఏచోన్మిస్త్ అని ప్రపమ్చమ్ అనుకోన్ధి అన్తను లేకున్తే ఇన్దిఅ లేధు,non-hate,0.5297608365661015,0.4702391634338985,0.5297608365661015
484,hate,telugu_script,ఆమె నీ తల్లి అయితే ఇలాగే చేస్తావా,non-hate,0.5784278151856441,0.4215721848143559,0.5784278151856441
485,hate,telugu_script,",విస్వక్ గాడికి బాగా ఎక్కువైంది।ఇది మంచి పద్ధతి కాదు",non-hate,0.5691450781546975,0.4308549218453025,0.5691450781546975
486,non-hate,telugu_script,ఇంత ఫిట్ బాడీ ఉండి అప్పు అన్న అల మరణించడం బాధగా ఉంది,non-hate,0.5712617007809768,0.4287382992190232,0.5712617007809768
487,hate,telugu_script,షూతిన్గ్ లేక మిన్ద్ దోబ్బిన్ది .చోఉర్త్ శోఉల్ద్ చోన్సిదేర్ this ఇస్సుఏ .if students తకే హిమ్ అస్ ఇన్స్పిరతిఓన్ then వ్హత్ విల్ల్ హప్పేన్. Is ఇత్ చోర్రేచ్త్ .ప్ల్స్ చోన్సిదేర్ ఇత్,non-hate,0.550595294550402,0.449404705449598,0.550595294550402
488,hate,telugu_script,ష్కేత్చ్ వేసింది ఎవరో కూడా చెప్పండి (దమ్ము ఉంటే),non-hate,0.571942976249258,0.42805702375074195,0.571942976249258
489,non-hate,telugu_script,"The చోఉరగే తో be దిస్లికేద్"" ఈ బూక్ సుమ్మర్య్ చేయ్యన్ది అన్న.",non-hate,0.5635965972475239,0.43640340275247613,0.5635965972475239
490,hate,telugu_script,ణ్త్ర్ కధు బేయ్ న్త్ర్ గరు గివే రేస్పేచ్త్,non-hate,0.5556346625643425,0.44436533743565754,0.5556346625643425
491,non-hate,telugu_script,ఎక్కడికి పోతోంది మన సంస్కృతి,non-hate,0.5553193230365906,0.4446806769634094,0.5553193230365906
492,non-hate,telugu_script,పోనీ ఆంధ్రప్రదేశ్ కు సేపరతే కరెన్సీ నోటు పెట్టీ నోట్లు గుద్దు జగన్ అన్న గాంధి గారి ఫొటో బదులు నీ ఫొటో పెట్టు అన్న,non-hate,0.5565040706231476,0.44349592937685245,0.5565040706231476
493,non-hate,telugu_script,షుపేర్ Madam దన్చే చల బగవేసరు,non-hate,0.5609858075751442,0.43901419242485584,0.5609858075751442
494,hate,telugu_script,జగన్ శరీరంలో అణువు అణువు రొజక్కకు బాగా తెలిసినట్లుందే,non-hate,0.5647840307646671,0.4352159692353329,0.5647840307646671
495,hate,telugu_script,"తల్లి నువ్వు నవ్వొద్దు, A ముఖంలో మూతి తప్ప ఏమి కనిపించదు మాకు",non-hate,0.5606135439760438,0.4393864560239562,0.5606135439760438
496,hate,telugu_script,టీస్కేల్లి రైల్వయ్ స్తతిఓన్ లూ పదేయన్ది,non-hate,0.5528283937741543,0.44717160622584573,0.5528283937741543
497,non-hate,telugu_script,డబ్బా రాయుడు మన పెద రాయుడు మొత్తం మీద మేక పోతు గాంభీర్యం కనపర్చాడు ఫసక్,non-hate,0.577414541084432,0.422585458915568,0.577414541084432
498,non-hate,telugu_script,మీరు మీ లాంటి వారు రాష్ట్ర నికి చాలా అవసరం,non-hate,0.5624061388717606,0.4375938611282394,0.5624061388717606
499,non-hate,telugu_script,కాదన్నా నవ్వి నవ్వి చచ్చిపోతే ఎవరు రెస్పాన్సిబిలిటీ అన్నా సూపర్ అన్న,non-hate,0.5995873317409243,0.40041266825907573,0.5995873317409243
500,non-hate,telugu_script,షుపేర్ సేత్తిఅన్ది వోఇచే తో video,non-hate,0.5607288711676667,0.4392711288323333,0.5607288711676667
501,hate,telugu_script,Oవేర్ అచ్తిఓన్ అపన్ది రా Bఅబు,non-hate,0.535858758513798,0.46414124148620195,0.535858758513798
502,non-hate,telugu_script,అన్నయ్య వదిన. ఎప్పుడు హ్యాపీ గా వుండాలి,non-hate,0.5887110670899772,0.4112889329100228,0.5887110670899772
503,hate,telugu_script,Pఇచ్చోదిని ఇన్తేర్విఏవ్ ఏన్ధుకు చేస్థున్నరు మయ్ be ట్ఱ్P కోసమ,non-hate,0.5463097514419465,0.4536902485580535,0.5463097514419465
504,non-hate,telugu_script,ఈ పాట విన్నపుడల్లా ష్PB గారే మౡ తిరిగొచ్చి పాడారు అనిపిస్తుంది,non-hate,0.5921602208898852,0.4078397791101148,0.5921602208898852
505,hate,telugu_script,కోతులు దిగేదానికి ఇంత బులిద్ ఉప్ ఆఅ,non-hate,0.5767146955966226,0.4232853044033774,0.5767146955966226
506,non-hate,telugu_script,Pఉన్చ్ వేయ్యలన్తయ్॥।షునిల్ అన్న థరువథయీ॥।యవరిన...,non-hate,0.5535606389209717,0.44643936107902826,0.5535606389209717
507,hate,telugu_script,"జై కుమర్ నేక్ష్త్ నీ అమ్మ నీ ,సిస్తేర్స్ నీ అన్ధర్ని పేత్తి ప్రన్క్ థేస్థదు వదు వైత్",non-hate,0.5225251933662058,0.47747480663379416,0.5225251933662058
508,hate,telugu_script,Eలగైన వస్తదు మీ ధులా థిరుస్తదు.,non-hate,0.5435072141178934,0.4564927858821066,0.5435072141178934
509,hate,telugu_script,కంట్లో దురద పెట్టింది కాబట్టి సరిపోయింది,non-hate,0.5466866719663465,0.45331332803365354,0.5466866719663465
510,hate,telugu_script,ఱజ షిన్ఘ్ నువ్వు ని కర్ర తగుబ్థు మోకమ్ నీకు మోఖమ్ నువ్వు మ్ల ఏల అయ్యవు,non-hate,0.5303405536492677,0.4696594463507323,0.5303405536492677
511,non-hate,telugu_script,"ంఅన్చి చినేమ ని ప్రథి ఓక్కరు ఆదరిస్తరు,అల్ల్ the best నిఖిల్, హవే a బ్రిఘ్త్ future",non-hate,0.5666526677807063,0.43334733221929367,0.5666526677807063
512,non-hate,telugu_script,నువ్వు చాలా చాలా బాగున్నావు. పర్ఫెక్ట్ గా ఉన్నావ్.. మీరు నాకు నచ్చారు,non-hate,0.614780735801422,0.385219264198578,0.614780735801422
513,hate,telugu_script,Vఏది నథినకోదక,non-hate,0.5362626194142431,0.46373738058575686,0.5362626194142431
514,hate,telugu_script,ంఈరు Gోపి Gోద మీద పిల్లి అన్న మాత ఏదవ,non-hate,0.5424597144000189,0.45754028559998106,0.5424597144000189
515,non-hate,telugu_script,ణకు ప్రభస్ అన్న ఏన్తో రన అన్న కుద అన్తేయ్,non-hate,0.5517884425052487,0.4482115574947513,0.5517884425052487
516,non-hate,telugu_script,ఈలన్తివి కాధ ఈ గేనేరతిఓన్ కి ఇన్స్పిరిన్గ్ ఉన్తధి॥।ప్ల్z్ దో మోరే,non-hate,0.5664027154256466,0.4335972845743534,0.5664027154256466
517,non-hate,telugu_script,పోలీస్ ఫారెస్ట్ డిపార్ట్మెంట్ ౨కలసి పోరాడారు పాపం దాని బారి నుండి ప్రజల్ని,non-hate,0.5802877041440689,0.41971229585593106,0.5802877041440689
518,hate,telugu_script,భజన భజన బ్యాచ్ ఎక్కువ అయిపోయారు పవర్ స్టార్ కి పాపం,non-hate,0.5863158677532126,0.41368413224678735,0.5863158677532126
519,hate,telugu_script,నోరు ముయ్. వాడు పరిపాలనా చేతగాని వాళ్లకి అన్న... అంతే.,non-hate,0.5705460683851014,0.42945393161489864,0.5705460683851014
520,hate,telugu_script,"Pఅరితల ను నువ్వే సమ్పినవు రా నేన్ను గాలి, వాన దేవుదు సమ్పీదు",non-hate,0.5568386942953616,0.4431613057046384,0.5568386942953616
521,hate,telugu_script,Wఅశిన్గ్ పోవ్దేర్ ణీఱ్ంఆ నీవు మా ముక్యమన్త్రి అవదమ్ మా Kాఱ్ఱ్ంఆ,non-hate,0.5401186699451033,0.45988133005489673,0.5401186699451033
522,hate,telugu_script,​పోలితిచల్ fిత్ కకపోథే బయపదతమ్ ఏన్దుకన్ది,non-hate,0.5467718314619038,0.4532281685380962,0.5467718314619038
523,hate,telugu_script,Pఈథ … ఇదోకా ళవద లో బుఇల్దుప్,non-hate,0.539680349562082,0.460319650437918,0.539680349562082
524,hate,telugu_script,ంఅరేఅ స్రిహన్ పక్కన మోద్దగుద్వల,non-hate,0.5463105468228103,0.45368945317718967,0.5463105468228103
525,hate,telugu_script,ఱేయ్ అర్రిపుకు అధి మున్ద సోల్లు అపు ర,non-hate,0.5601372773503325,0.4398627226496675,0.5601372773503325
526,hate,telugu_script,ఇలా వాగే ఛీ అని పరిశ్రమ పెద్దలు దూరంగా పెట్ట రు మహేష్ మౡ దరిద్రని మౡ స్టేజీ మీదకు తెచ్చాడు ౨౦సం చిరు చాలా నష్టపోయారు,non-hate,0.573667515798236,0.42633248420176395,0.573667515798236
527,non-hate,telugu_script,ంఏ కస్తమ్ పలిన్చలి sir,non-hate,0.5411439396017028,0.4588560603982972,0.5411439396017028
528,hate,telugu_script,మొత్తానికి యూట్యూబ్ నే కాపురం చేయరా మీకు మా బుద్ధిలకు మానాల్లో లేదు,non-hate,0.5479220341010256,0.4520779658989744,0.5479220341010256
529,hate,telugu_script,ఆఉదిఏన్చే be లికే :- Bఏన్గు ! ఆథి బేన్గకు,non-hate,0.5356157057273071,0.4643842942726929,0.5356157057273071
530,non-hate,telugu_script,ఎంత నవ్వు వచ్చిందో . సూపర్ స్పీచ్ అన్న.,non-hate,0.5903962020874787,0.40960379791252133,0.5903962020874787
531,non-hate,telugu_script,౪౦ సంవత్సరాలు రాజకీయ అనుభవం,non-hate,0.5462675474701449,0.45373245252985506,0.5462675474701449
532,hate,telugu_script,ఓహో ఈ నిజాయితీపరుడైన రవి ప్రకాష్ లో పవన్ లక్షణాలు ఉన్నాయా,non-hate,0.6024406322387535,0.39755936776124645,0.6024406322387535
533,hate,telugu_script,Wఏస్త్ మోకలు మోథమ్ జుద్గే లా,non-hate,0.5480187143981413,0.4519812856018587,0.5480187143981413
534,hate,telugu_script,ఢని పన్ధి మోహమ్ చుసి శోచ్క్ అవుథద,non-hate,0.5555550503321104,0.4444449496678896,0.5555550503321104
535,hate,telugu_script,ని పేల్లమ్ పుకు దేనుగుథ మ అన్న అన్నవు అన్తే,non-hate,0.5450800320631238,0.45491996793687617,0.5450800320631238
536,non-hate,telugu_script,లిగేర్ మోవి బాగుంది but హీరో కి నత్తి ఎక్కువ గా ఉండడం వల్ల సినిమా పోయింది అంతే,non-hate,0.5879812895379258,0.41201871046207417,0.5879812895379258
537,non-hate,telugu_script,బ్యూటిఫుల్ మేడం,non-hate,0.581382073119646,0.41861792688035404,0.581382073119646
538,hate,telugu_script,Are మేరు మరర దప్పుకోత్తు కోవమ్,non-hate,0.5376820764963308,0.4623179235036692,0.5376820764963308
539,non-hate,telugu_script,దాన్ని పేరు ఏంటి ఐడి ఏంటి చపూ బ్రదర్,non-hate,0.584082936726324,0.41591706327367595,0.584082936726324
540,non-hate,telugu_script,సాక్షి అంటేనే అబద్దలకు చరే ఓf్ అద్ద్రేస్స్,non-hate,0.5732123249764814,0.42678767502351855,0.5732123249764814
541,non-hate,telugu_script,"అప్పట్లో దిర్చ్తోర్స్ కి, కంటెంట్ రైటర్స్ కి ఉన్న హ్యూమర్ సైన్స్ ఇప్పుడు ఎవరికీ లేదు.",non-hate,0.5845323246613581,0.41546767533864193,0.5845323246613581
542,non-hate,telugu_script,ఎవ్వరు చెయ్యలేని గొప్ప పని మీరు చేశారన్న మీరు గ్రేట్ అన్నా,non-hate,0.5911447500096256,0.40885524999037437,0.5911447500096256
543,non-hate,telugu_script,మీరు చెప్పే టాపిక్ వల్ల ఉపయోగం చాలా ఉంది!,non-hate,0.5935100172289937,0.40648998277100634,0.5935100172289937
544,hate,telugu_script,Fఇన్గేర్ప్రిన్త్ మల్లరేద్ద్య్ Pఏద్ద దోన్గ న కోద్కు,non-hate,0.5375415342821735,0.46245846571782645,0.5375415342821735
545,hate,telugu_script,ఇపుడు కూడ తన తప్పులు ఒప్పుకోవటం లేదు.. పిచి మున్ద,non-hate,0.5722428993098038,0.42775710069019623,0.5722428993098038
546,hate,telugu_script,ఏన్తన్ది పుసుకున్న అన్థ పేధ ంఅత అనేసవ్,non-hate,0.5438044362046656,0.45619556379533444,0.5438044362046656
547,hate,telugu_script,ర్గ్వ్ కి సిగ్గు లేధు అమ్మైల్ ని ఓక సేక్ష్ దోల్ల్ లగ చూస్తహ్రు,non-hate,0.5500684857101047,0.4499315142898953,0.5500684857101047
548,hate,telugu_script,ఆన్థ పేర్fేచ్త్ గ అయిథఏ రలేధు but త్ర్య్ చేసరు కధ థత్'స్ మోరే ఇమ్పోర్తన్త్,non-hate,0.5528877913155923,0.4471122086844077,0.5528877913155923
549,non-hate,telugu_script,​దేబతే ల లో పాల్గోనే ట్ఱ్ష్ నాయకులకు ఏధుతివారిని మాత్లదనీయకపోవదమ్ సమ్స్కారమ్ కాధు.,non-hate,0.5454207767895437,0.4545792232104563,0.5454207767895437
550,hate,telugu_script,Pఅర్త్య్ పరన్గ వదూ. Gోదమీద పిల్లి లగ కుద వద్దు ర హోవ్ల,non-hate,0.544511268663838,0.45548873133616197,0.544511268663838
551,non-hate,telugu_script,చాలా బాగుంది బ్రో. చిన్నపుడు ఇవి అన్ని మేము చేసాము బ్రో చాలా హ్యాపీ గా ఉంది ఈ సిరీస్ చూస్తుంటే. Best ఓf్ లుచ్క్ బ్రో.,non-hate,0.590783251688022,0.40921674831197796,0.590783251688022
552,hate,telugu_script,నేనూ రెండు ట్రై చేసాను సమ్మగా ఉంది,non-hate,0.5743137387481261,0.4256862612518739,0.5743137387481261
553,hate,telugu_script,ంఓద్ద గుదు ఐథ్య్య్,non-hate,0.5376287489512477,0.4623712510487523,0.5376287489512477
554,hate,telugu_script,అన్ని తెలుసు పోలీస్ లకు యూనిఫామ్ ఉందన్న అహంకారం చట్టం తెలిసిన వాడు తప్పు చేస్తే తాట తీయండి అడ్వకేట్ హక్కుల కోసం ప్రజల తరఫున పోరాడండి,non-hate,0.5453573022058696,0.45464269779413036,0.5453573022058696
555,non-hate,telugu_script,ంఉస్లిమ్స్ హిన్దు దేవుల్లను ఏన్థ థిత్తిన పర్లేధు... Kాని హిన్దువులు ంఈ దేవుదిని థిదిథే థప్పేన్తి,non-hate,0.5331967103006463,0.4668032896993537,0.5331967103006463
556,hate,telugu_script,Pఇలిచి పేత్తిన్చుకున్తరు గ॥॥ట్V౯ కి ఈమధ్య సరద అయిన్ది...,non-hate,0.546609769092497,0.45339023090750297,0.546609769092497
557,non-hate,telugu_script,ప్రతి ఒక ఇంటర్వ్యూ లో చాలా కూల్ గా మాట్లాడతారు. నిజాలు నిర్భయంగా చెబుతాడు. ఎవడన్నా ఏమన్నా అనుకొని నేను చెప్పేది చెప్తా అనుకునే వ్యక్తి ఱ్G్V...,non-hate,0.5762210369032367,0.42377896309676333,0.5762210369032367
558,hate,telugu_script,అన్నయ్య అనే పిలుపు విని వెనక్కి తిరిగాడు,non-hate,0.5735323255022892,0.42646767449771084,0.5735323255022892
559,hate,telugu_script,అల్స జనలు ఏర్రిపుక్ గలు జగన్ ని చ్మ్ చేయదమ్ ఏన్తి,non-hate,0.5636381255342424,0.4363618744657576,0.5636381255342424
560,hate,telugu_script,అందుకే ౪౦౦ అమ్మాయిలతో సేక్ష్ చేశాడు,non-hate,0.5608031194915044,0.4391968805084956,0.5608031194915044
561,non-hate,telugu_script,ంఉలపేత లో ౨ యేఅర్స్ చధుకున,non-hate,0.5525554029690245,0.4474445970309755,0.5525554029690245
562,hate,telugu_script,ఛన్చే ఏస్తి చమ్పిదేన్గల వున్నదు ఔన్త్య్ నే,non-hate,0.5652710668003552,0.4347289331996448,0.5652710668003552
563,hate,telugu_script,"౧౦౦% లితేరచ్య్ రతే ఉన్న కేరల లో నే జనలు గోర్రేలు ల ఉన్తే, మిగిలిన్ రశ్త్రల్లో ఉన్న జనలు పరిస్థితి ఏమితో...... ఈ fీల్ అశమేద్ being పర్త్ ఓf్ this త్య్పే ఓf్ పుబ్లిచ్",non-hate,0.5606174718727099,0.43938252812729006,0.5606174718727099
564,non-hate,telugu_script,"Pరభస్ కి సుపేర్ జోది,,,అరబిఅన్ బ్రేఅద్ వస్తున్ది",non-hate,0.5701316077624565,0.4298683922375435,0.5701316077624565
565,non-hate,telugu_script,ఆచ్తిన్గ్ సుపేర్ ఉన్ధి గ బ్రో జుస్త్ స్తోర్య్ లో దమ్ము లేధ్,non-hate,0.5569827688488737,0.44301723115112634,0.5569827688488737
566,non-hate,telugu_script,ఇద్దరూ చాలా బాగున్నారు సూఊఓ క్యూట్,non-hate,0.5871073705014288,0.4128926294985712,0.5871073705014288
567,hate,telugu_script,ఎందుకు అల్యసాO చేస్తునవు పేటక,non-hate,0.5427229865128071,0.45727701348719285,0.5427229865128071
568,hate,telugu_script,Vఅదపవ్ గాదు ఇచ్చ్ త్రోఫ్య్ ఏలా విన్ ఐయ్థదూ నీను చుస్థా,non-hate,0.5318127521249145,0.4681872478750855,0.5318127521249145
569,non-hate,telugu_script,అన్నయ్య చెబుతుంటే నోరు ఊరిపోతున్నాది....,non-hate,0.5967418716190931,0.4032581283809069,0.5967418716190931
570,hate,telugu_script,మహానుభావుడివి సార్ నువ్వు. మేడం గారు మికో నమస్కారం. ఇద్దరు సరిపోయారు. నిజాన్ని నిర్భయంగా,non-hate,0.5822125258792734,0.4177874741207266,0.5822125258792734
571,hate,telugu_script,నువ్వు వెస్ట్ దానివి దొమ్మరి దాన ఇది ఏంటిదే,non-hate,0.5619616489911059,0.4380383510088941,0.5619616489911059
572,non-hate,telugu_script,"న్థ బ్రైన్వశేద్ గోర్రేలు చేస్థున్నరు, ఇన్కో వర్గమ్ ఏన్తి అన్తే బ్జ్ప్ బోత్స్ ష్ష్ఱ్ ఇన్f్లుఏన్చేర్స్ గ మరి యువథ ని థప్పు థోవ్వ పత్తిస్థున్నరు a",non-hate,0.549860887398148,0.450139112601852,0.549860887398148
573,hate,telugu_script,ఛర్ తోప్ మేధేగ కుర్చుని వచిన్ధి మీ అరగన్త ఔన్త్య్మేధ కుర్చుని కాధు గ మే fన్స్ తేగ fీల్ అయ్పోథు support చేస్త్నారు మన్చి ఆతగాదివేయ్,non-hate,0.524584753547601,0.47541524645239897,0.524584753547601
574,non-hate,telugu_script,"షివ గరి స్మిలే కి fిదా॥మీ అన్చోరిన్గ్ సుపేర్ సిర్॥నేను మచ చేప్పే ఆన్స్వేర్స్ కన్తే మేరు ఇచే స్మిలే నే చుస్థు ఉన్దిపోయను॥యోఉర్ వోఇచే, యోఉర్ స్త్య్లే ఓf్ అన్చోరిన్గ్ అవయ్సోమే",non-hate,0.5521737547977906,0.44782624520220937,0.5521737547977906
575,non-hate,telugu_script,ఛుత్ పస్తే... video చుత్ ఆఏఇన్ధి,non-hate,0.572654386624423,0.42734561337557697,0.572654386624423
576,hate,telugu_script,సమన్థ ఓక త్రిగుబోథు లన్జ చై లన్తి మోగుదు వదిలేసిన్ధి,non-hate,0.5483811839462419,0.4516188160537581,0.5483811839462419
577,non-hate,telugu_script,"ళేగేన్దర్య్ అంటేనే న్త్ర్, అన్ర్, తర్వాత చిరు. ఆయన సినిమాలు నిజజీవితానికి అద్దం పడతాయి. యువతకు దిశానిర్దేశం చేస్తాయి. ఎవడో ఏదో అన్నంత మాత్రాన లేగేన్ద్ కాకుండా పోతారా",non-hate,0.5837529241647205,0.41624707583527953,0.5837529241647205
578,hate,telugu_script,బన్ది సన్జయ్ గదు అమిత్ శహ్ కుక్క వదు పోయి వది కాలు నకుతరు,non-hate,0.5411569573061975,0.4588430426938025,0.5411569573061975
579,non-hate,telugu_script,ంఉర్కులని ఏవరు ఏమి చేయలేరు...,non-hate,0.5735925862508789,0.42640741374912106,0.5735925862508789
580,non-hate,telugu_script,Eఏ video చుసిన్తర్వథ మీ మీద రేస్పేచ్త్ పేరిగిన్ది,non-hate,0.5628314265120509,0.43716857348794913,0.5628314265120509
581,hate,telugu_script,హోమ్ మినిస్టర్ ౨౦౦౦% ఊణ్Fఈట్... ఆమెకి ఉన్న తెలివి కి Vఇల్లగే మేమ్బేర్ కే ఎక్కువ,non-hate,0.5607660966790267,0.43923390332097334,0.5607660966790267
582,hate,telugu_script,అంటే జగన్ కు భయపడుతూనే ఉంటారు,non-hate,0.5767701121175423,0.42322988788245774,0.5767701121175423
583,non-hate,telugu_script,సిస్టర్ నువ్వు చాలా బాగా చేసావ్ అమ్మ నీలో టాలెంట్ మామూలుగా లేదు.,non-hate,0.5831765485146173,0.4168234514853827,0.5831765485146173
584,hate,telugu_script,క్చ్ర్ ధి బర్రేయ్ కర్రేయ్ ముక్కు వదు వస్తే ప్మ్ కి,non-hate,0.5459592424294483,0.45404075757055173,0.5459592424294483
585,hate,telugu_script,Oరేయ్ మనమ్ చినేమలు చుదబత్తే వల్లు లుక్షుర్య్ గ బ్రథుకున్నరు ర,non-hate,0.5562663131470472,0.4437336868529528,0.5562663131470472
586,non-hate,telugu_script,Life లో ఓకస్రి ఇన కలవ్లి దర్లిన్గ్ నిన్ను,non-hate,0.5536470940645538,0.4463529059354462,0.5536470940645538
587,hate,telugu_script,ఏదో పెట్టేదని లేక అడిగింది,non-hate,0.5471416221130997,0.4528583778869003,0.5471416221130997
588,hate,telugu_script,Eర్రిపుకు మతలు బగ మత్లదథవు ర అధి నువ్వు,non-hate,0.5507511042795821,0.44924889572041793,0.5507511042795821
589,non-hate,telugu_script,Vఅమ్మో మములోదివి కదు స్వమ్య్ ణువ్వు,non-hate,0.5454486893810419,0.45455131061895815,0.5454486893810419
590,non-hate,telugu_script,ంఓవిఏ లో చోన్తేన్త్ చల బగున్ది ఏవ్వదు అపలేదు మోవిఏ ని దిల్రజు కుద,non-hate,0.551172218917222,0.448827781082778,0.551172218917222
591,non-hate,telugu_script,Yేన్త మన్ధి స్తర్స్ వున్న PఆWఆణ్ Kాళ్Yాణ్ Y్E POWEఱ్ ష్టాఱ్,non-hate,0.5232936597518704,0.47670634024812963,0.5232936597518704
592,hate,telugu_script,ఆధికరమ్ వున్తే థుగ్లక్ గదు ఏమైన చేసస్థదు,non-hate,0.5606039610929004,0.43939603890709955,0.5606039610929004
593,hate,telugu_script,సిఅ వినదనికి నోత్లో మోథమ్ పేత్త వున్తౌ పదుతధి,non-hate,0.5392373435168485,0.4607626564831515,0.5392373435168485
594,hate,telugu_script,నికు fమిల్య్ ఉన్ది గహ్ ర జగ్రతమ్మ వేన్కత,non-hate,0.5588635120057477,0.4411364879942523,0.5588635120057477
595,hate,telugu_script,కొన్ని ఆంధ్ర పందులకి బురదలోనే (య్చ్ప్)ఆనందం॥।ఏం చేస్తాం పంది జాతి కదా అట్లాగే ఉంటది,non-hate,0.566055566353154,0.433944433646846,0.566055566353154
596,non-hate,telugu_script,అన్నా నెక్స్ట్ మూవీ ఇంకా గట్టిగా కొట్టాలి... ఆల్ ది బెస్ట్,non-hate,0.5970273318961341,0.4029726681038659,0.5970273318961341
597,non-hate,telugu_script,మ్యూజిక్ చాలా చాలా బాగుంది..,non-hate,0.6127041708045741,0.38729582919542593,0.6127041708045741
598,non-hate,telugu_script,చీర కట్టుకుంటే చాలు ఎవరికైనా ఒక హుందాతనం వచ్చేస్తుంది.,non-hate,0.5863733720066091,0.4136266279933909,0.5863733720066091
599,hate,telugu_script,ముందు అర్రేస్త్ చెయ్యండి. వాడు షికారు చేస్తున్నాడు. వాడు ఎందుకు మీడియా ముందుకు రాలేదు.,non-hate,0.5739340752827513,0.4260659247172487,0.5739340752827513
600,non-hate,telugu_script,ఒక్క ఎక్ష్ప్రెషన్తొ మొత్తం నడిపించినవ్ నువ్వు నిజంగా లెజండ్ అన్న,non-hate,0.597276067511232,0.40272393248876803,0.597276067511232
601,hate,telugu_script,ఏంది రా మాకు ఈ సోది నీ ఎపిసోడ్,non-hate,0.565960120996917,0.43403987900308305,0.565960120996917
602,non-hate,telugu_script,డిజిల్ బదులు మందు కొడితే సరిపోతుంది,non-hate,0.5683389315988544,0.4316610684011456,0.5683389315988544
603,hate,telugu_script,A పటుకోవడం లోపలికి వెళ్లి పటుకొర బాబూ రూంలో కూర్చుని పనిచేసేయి,non-hate,0.5497460744233885,0.4502539255766115,0.5497460744233885
604,hate,telugu_script,పెట్టింది పది వేలు.. లాగేది ౧౦కోట్లు,non-hate,0.5610670108836809,0.43893298911631906,0.5610670108836809
605,non-hate,telugu_script,నెక్స్ట్ కార్తికేయ ౩ మాత్రం సముద్రం లో ఉన్న ద్వారక నగరం మిస్టరీ ...Vఏరే లేవేల్ లో ఉంటది...,non-hate,0.5611137332002218,0.43888626679977816,0.5611137332002218
606,non-hate,telugu_script,Oనే and ఓన్ల్య్ ంఏగ స్తర్ .....Pఓత్థి లేయ్రు॥॥ఱలేయ్రు,non-hate,0.5184849683585421,0.4815150316414579,0.5184849683585421
607,non-hate,telugu_script,జయహో రాజాసింగ్ భారత్ మాత కి జై,non-hate,0.570077640960148,0.429922359039852,0.570077640960148
608,hate,telugu_script,ఱే చర్గే అయేపోథే Eల ర Gూగ్లే ఓపేన్ అవ్ర్హున్దు,non-hate,0.5388617976363205,0.46113820236367953,0.5388617976363205
609,non-hate,telugu_script,ఆన్న మీ ష్పన్ధన బగున్ధి,non-hate,0.5550028353349578,0.44499716466504224,0.5550028353349578
610,non-hate,telugu_script,ఈడిని చూసాక॥॥మన సంపు మీద చాలా గౌరవం పెరిగింది...,non-hate,0.5780068091734162,0.4219931908265838,0.5780068091734162
611,hate,telugu_script,"ఇది లంజలా రాజ్యం..,. కలియుగం లో లంజేలే నీతులు చెబుతారు",non-hate,0.5576849741809168,0.4423150258190832,0.5576849741809168
612,hate,telugu_script,"Pఅయ్త్మ్ కుక్కలు ఏక్కద, ఇది కుద చ్బ్న్ గరే ప్లన్ చేసరు అన్తరేమూఓ",non-hate,0.5450613132715875,0.45493868672841253,0.5450613132715875
613,hate,telugu_script,Eది లన్జ కబతే ఏల జనలను చేదకోదుతున్ది,non-hate,0.5368952092257288,0.46310479077427125,0.5368952092257288
614,hate,telugu_script,కోదలి నని కోజ న కోదుకు మ్ల లన్కధ్నులు ఓకతి లేవు,non-hate,0.5311649183029457,0.46883508169705435,0.5311649183029457
615,non-hate,telugu_script,స్తుద్య్ చేసి క్చ్ర్ ఏమ్ పికిన్దు వేలుమున్ద్ర అయిన ప్మ్ పోసితిఓన్ లో ఉన్దు that is మోది,non-hate,0.5345491365737304,0.4654508634262696,0.5345491365737304
616,hate,telugu_script,Pఇల్ల పుక్ చోమేద్య్,non-hate,0.5568612990958266,0.4431387009041734,0.5568612990958266
617,non-hate,telugu_script,గెటప్ సీను అచ్తిన్గ్ యెంత మందికి నచ్చిన్ది అద్భుతం సుపేర్,non-hate,0.5789920248078283,0.4210079751921717,0.5789920248078283
618,non-hate,telugu_script,అక్క నీ పాట ప్రతి ఒక్కటి అదిరిపోతుంది,non-hate,0.5811406270993497,0.41885937290065034,0.5811406270993497
619,hate,telugu_script,వచను అనుకో గుద్ద పలిగిపోధి,non-hate,0.5582410411167863,0.4417589588832137,0.5582410411167863
620,non-hate,telugu_script,శేఖర్ మాస్టర్ గారు అండ్ శ్రీముఖి గారు మీ డ్యాన్స్ బాగా అదిరింది,non-hate,0.5945163955776612,0.4054836044223388,0.5945163955776612
621,hate,telugu_script,A ౧ చిల్లర రాజకీయాలు అపు...... ముందు ఇంట్లో వున్న మహీళలకు న్యాయం చేయమను.... అక్కా చెల్లెళ్ళు చేబుతారు A1 Bఅచ్ కి,non-hate,0.5593673650041959,0.4406326349958041,0.5593673650041959
622,non-hate,telugu_script,అల్లు అర్జున్ కి ఏక్కడో సూడి ఉ౦దింఉల్తితలేన్త్ వున్నోడు అల్లు అర్జున్ ఒక్కడే ఇన్ ఇ౦డియా,non-hate,0.5760753544231924,0.42392464557680765,0.5760753544231924
623,non-hate,telugu_script,ఓన్లీ బై రెడ్డి సిద్ధార్థ రెడ్డి అన్నయ్య కోసం చూసినవాళ్లు లికే మే....,non-hate,0.580683598726949,0.41931640127305103,0.580683598726949
624,non-hate,telugu_script,రేవంతన్న ఇచ్చిన షాక్ కి మల్లారెడ్డి కి పిచ్చి పట్టినట్టు ఉంది,non-hate,0.5758605624246104,0.42413943757538963,0.5758605624246104
625,hate,telugu_script,"రాష్ట్రాన్ని నకించేసి తల్లి, కుతురు సైడ్ అయిపోయారు",non-hate,0.5796281656636397,0.4203718343363603,0.5796281656636397
626,hate,telugu_script,ఛీ దీనమ్మ ఎందుకు రా వీడు,non-hate,0.5492154480947146,0.45078455190528544,0.5492154480947146
627,non-hate,telugu_script,నిను చూస్తుంటే K్G్F సినిమాలో ఱాఛ్K్Y్ బాయ్ గుర్తుకు వస్తున్నాడు,non-hate,0.5505627927641964,0.4494372072358036,0.5505627927641964
628,hate,telugu_script,ంఏ Bఅథుకులు యేన్దుకు ర,non-hate,0.5371620541695596,0.46283794583044036,0.5371620541695596
629,hate,telugu_script,అబ్బా బొడ్డు ఇంత పెద్దగా ఉంటే బొక్క సముద్రం లాగా ఉంటాదేమో?,non-hate,0.5896430376548911,0.4103569623451089,0.5896430376548911
630,non-hate,telugu_script,ఃఈ Bఅగున్నర ఃఅర్శ షై గరు మేకు. ంఈ తేఅమ్ మేమ్బేర్స్ కి happy వినయక చవిథి,non-hate,0.5624974310996902,0.4375025689003098,0.5624974310996902
631,non-hate,telugu_script,మీరు దేవుడు సార్,non-hate,0.5691790376880184,0.43082096231198164,0.5691790376880184
632,non-hate,telugu_script,ఆఅత్..... తథ ఓన్ fిరే,non-hate,0.555772170676357,0.444227829323643,0.555772170676357
633,hate,telugu_script,పున్జు వచి పిత్త ని దేన్గిథేయ్ నేను చోమ్మేన్త్ర్య్ చేపిజ్ర్య్ అల వున్తధి # పున్జూన్గ్గమేర్,non-hate,0.5282941475442217,0.47170585245577834,0.5282941475442217
634,non-hate,telugu_script,ఆబ్బూ సిగ్గులేకున్దా వదు మత్లదిన మతలు ఓక్కదు కుద లేవలేదు ఇక్కద.. zుస్త్ fోర్ hate ఇన్ ంఓది హోవ్ ముచ్ లోవ్ చన్ గో అన్య్వ్హేరే,non-hate,0.5243028276120124,0.4756971723879876,0.5243028276120124
635,hate,telugu_script,Eవద్ర ఏర్రి పూకోదు వాదు.. డుప్లిచతే గిల్ద్ ఏస్కుని శోవ్ ధేన్గుథున్నదు,non-hate,0.5304010357355912,0.46959896426440884,0.5304010357355912
636,non-hate,telugu_script,ఆఅల్లు ఈల్లు అన్దరు ఓక్కతే,non-hate,0.5525057689615406,0.4474942310384594,0.5525057689615406
637,non-hate,telugu_script,రష్మిది అని చెప్పి ఆది లేకపోతే అలుగుతుంది స్త్రీల పరువుతీస్తున్నది,non-hate,0.5594837567230874,0.44051624327691263,0.5594837567230874
638,hate,telugu_script,ళేఅక్ ఏన్ధి ర సేచ్రేత్ ఆఅ ధీ,non-hate,0.5695743406990849,0.43042565930091514,0.5695743406990849
639,non-hate,telugu_script,ఆన్న ప్ల్z్ పేల్లిచేసుకో sir అగే ౪౩ ప్ల్z్ అన్న,non-hate,0.5712390045687495,0.42876099543125046,0.5712390045687495
640,non-hate,telugu_script,ఆహా సూపర్ మ్ర్ ఖన్ హిందూ దేవతలను అన్న వారితో కూడా క్షమాపణ చెప్పించండి అప్పుడే మీ నిజాయితీ ని నమ్ముతా.,non-hate,0.5670355776637497,0.4329644223362503,0.5670355776637497
641,hate,telugu_script,ఛల worst గ ఉన్ది,non-hate,0.5529884408985162,0.4470115591014838,0.5529884408985162
642,hate,telugu_script,క్చ్ర్ నికు బగ ఏక్కువ అయిధి అన్ని మోఉక్ని చ్మ్ అవ్వు నేక్ష్త్ కర్రే ముక్కు కి చ్మ్ ఏన్ధుకు ర లన్జే బోస్స్,non-hate,0.5284114210303145,0.47158857896968553,0.5284114210303145
643,non-hate,telugu_script,ణు ట్రచ్క్ మేధ ఉన్తేయ్ ఏన్ని సర్లు హోర్న్ కోత్తిధి ???,non-hate,0.553874463412558,0.44612553658744203,0.553874463412558
644,hate,telugu_script,సిగ్గు లేకుండా తిరుగుతున్నారు ఎమ్ ఆబివుద్ది చేశారని తిరురుగుతున్నారు,non-hate,0.5788051036699893,0.4211948963300107,0.5788051036699893
645,non-hate,telugu_script,ంఇస్స్ ఉ సిర్ర్.... నిజాన్ని సినిమా లో చక్కగా చూపించారు.... గ్రేట్ లెజెండ్,non-hate,0.6051372973698089,0.3948627026301911,0.6051372973698089
646,non-hate,telugu_script,ఈ పాదయాత్ర అయిపోయిన తర్వాత A ౮౦ కంటెర్నర్లు అసలు ఉండడానికి ఇళ్లు లేనివారికి ఇవ్వండి,non-hate,0.5661177372375831,0.4338822627624169,0.5661177372375831
647,hate,telugu_script,ంఏన్తేల్ గదిని తేసుకు వచి కుర్చో పేత్తుకున్నరు ఏన్తి అన్కేర్ గరు,non-hate,0.5429534553270943,0.45704654467290573,0.5429534553270943
648,hate,telugu_script,ఈ అమ్మాయి సిగ్గు లేకుండా ఇంకా కావరింగ్ ఒకటి,non-hate,0.5713569597176651,0.4286430402823349,0.5713569597176651
649,hate,telugu_script,నిమాటలు కడుపుకి అనం తినేవాడు ఎవరు నమరు జై హర్ష జై హర్ష హర్ష,non-hate,0.5874029275512894,0.4125970724487106,0.5874029275512894
650,hate,telugu_script,నుపుర్ శరమ రపే చేశి దేన్గుథ,non-hate,0.5526676831621816,0.4473323168378184,0.5526676831621816
651,non-hate,telugu_script,ఆచ్తిన్గ్ సుపేర్ ఉన్ధి గ బ్రో జుస్త్ స్తోర్య్ లో దమ్ము లేధ్,non-hate,0.556982754852519,0.443017245147481,0.556982754852519
652,hate,telugu_script,అన్ని తెలుగు ప్రాంతాల నాయకులు ఇలానే వున్నారు... లోఫర్స్.... తప్పు మనది... మనకు సిగ్గుండాలి ఇలాంటి నాయకులను ఎన్నుకున్నందుకు॥।తు…,non-hate,0.5853819935655433,0.4146180064344567,0.5853819935655433
653,non-hate,telugu_script,"Bరూఊఊఊఊఊఊఊ చల మన్దికి ఉన్తై పైల్సు, నేకు వచిన్ది మోవిఏ లో చన్చేసు పోల అదిరి పోల , all the best బ్రో",non-hate,0.5528787251450765,0.4471212748549235,0.5528787251450765
654,hate,telugu_script,మే కోదుకు కి ఏవ ర పోక,non-hate,0.5312645587185773,0.46873544128142275,0.5312645587185773
655,hate,telugu_script,అన్ని ఇచ్చేయాల్సింది బ్రదర్ ఒంటి మీద ఏమి లేకుండా సిగు లేను ఏదవ లగ,non-hate,0.5716533491876324,0.42834665081236756,0.5716533491876324
656,non-hate,telugu_script,"పాలు, పెరుగు, పువ్వులు కెసిఆర్ ఫామ్ హౌస్ లో అమ్మినవ్ అది అందరికి తెలిసిన విషయమే",non-hate,0.5796207114053926,0.4203792885946074,0.5796207114053926
657,hate,telugu_script,ఱము ఇన్నేర్ పీలిన్గ్ : నిఘ్త్ కి గున్త థో దేన్గులత కి సేత్ ఇపోయిన్ది,non-hate,0.5410726569826454,0.4589273430173546,0.5410726569826454
658,non-hate,telugu_script,Eన్తి Pఉరి నువ్వు ఏన్థ క్నోవ్లేద్గే గైన్ చేస్తవు.,non-hate,0.5469696271675929,0.4530303728324071,0.5469696271675929
659,hate,telugu_script,ఆపర థగుబోథు అబ్బతి,non-hate,0.5453519555032007,0.4546480444967993,0.5453519555032007
660,non-hate,telugu_script,రోజు ఈ సాంగ్ వింటాను నా రింగ్ టోన్ ఇదే అన్న సూపర్ సాంగ్,non-hate,0.5789112677010774,0.42108873229892263,0.5789112677010774
661,non-hate,telugu_script,ఇంత చక్కటి సినిమా తీసినందు మీకు ఎలా కృతజ్ఞతలు చెప్పాలో అర్థం కావటం లెదు.. ఈ చ్లస్సిచ్ మోవిఏ చరిత్ర లో నిలిచిపోతుంది,non-hate,0.5731933877726682,0.42680661222733185,0.5731933877726682
662,non-hate,telugu_script,షమన్థ స్చ్రిప్త్ సేలేచ్తిఓన్ లో అచ్తిన్గ్ స్చోపే రోలేస్ చూసే చేస్కున్తున్ది,non-hate,0.5540588561481697,0.44594114385183026,0.5540588561481697
663,hate,telugu_script,నువ్వు ఏమి పని మీద వచ్చావు నువ్వు ఏది మత్ల్దుథున్వు ముందు మ్ల్చ్ ని అరేస్త్ చెయ్యండి,non-hate,0.5352420194590404,0.4647579805409596,0.5352420194590404
664,hate,telugu_script,Eవదేన్థ ఏచరు నీకు దబ్బులు బేవేర్సే యదవల్రా,non-hate,0.5507808298696826,0.4492191701303174,0.5507808298696826
665,hate,telugu_script,"ఆస్సమిన్చని సుర్యుదు మ పరితల రవన్న, చమ్పి చిన్ధి నువు నికోదుకేయ్, అన్దుకేయ్ ని మరనమ్ ఉహథిథమ్.",non-hate,0.5419625883014266,0.45803741169857337,0.5419625883014266
666,non-hate,telugu_script,ఒక ప్రజా ప్రతినిధి హోదాలో ఉండి ఇంత దిగజారి మాట్లాడే సంస్కృతి ఈ మధ్య చాలా ఎక్కువైంది,non-hate,0.5761628480821354,0.42383715191786464,0.5761628480821354
667,non-hate,telugu_script,షుపేర్ చోన్చేప్త్ ఇన్క ముసిచ్ చల బగున్ధి శోర్త్ fిల్మ్ కుద చల బగున్ధి,non-hate,0.540163874820725,0.45983612517927497,0.540163874820725
668,non-hate,telugu_script,స్క్య్ కోహిలి వల్లే ఇన్దిఅ సేమిస్ కి వచిన్ధి,non-hate,0.5653703717861408,0.4346296282138592,0.5653703717861408
669,non-hate,telugu_script,వీడు పోటీచేస్తే వార్డు నెంబర్ కూడా గెలవడు వీడు చంద్రబాబు నాయుడు గారిని టార్గెట్ పెట్టుకొని తెలంగాణలో చెంప దెబ్బలు తిన్నాడు,non-hate,0.5391374204652455,0.4608625795347545,0.5391374204652455
670,non-hate,telugu_script,ణివు క్చ్ర్ థో థోవ్ ర చిల్క,non-hate,0.5538610966468659,0.4461389033531341,0.5538610966468659
671,non-hate,telugu_script,Bఅబులకే Bఆబు షుపేర్ స్తర్ ంఅహేశ్ Bఆబు,non-hate,0.5442841272294962,0.45571587277050385,0.5442841272294962
672,non-hate,telugu_script,ఆన్న న్వ్ థోపు నేకి సతి యేవరు లేరు,non-hate,0.5466379465384705,0.45336205346152947,0.5466379465384705
673,hate,telugu_script,రోజ నువ్వూ A ఇకలు పికడనికి తప్పా దేనికి పనికిరావు,non-hate,0.55339449542285,0.44660550457715,0.55339449542285
674,non-hate,telugu_script,Bz్Y్ చాల మన్చి చోన్చేప్త్,non-hate,0.5535800485441651,0.4464199514558349,0.5535800485441651
675,hate,telugu_script,ఈధి లన్గుఅగే చ్లస్స్ ఆ ళేద మిమిచ్ర్య్ అర్తిస్త్ చ్లస్స్ ఆ,non-hate,0.5601695071233804,0.43983049287661957,0.5601695071233804
676,non-hate,telugu_script,ణువ్వు కిన్గ్ మవ,non-hate,0.5232958905997229,0.4767041094002771,0.5232958905997229
677,hate,telugu_script,ఆరేయ్ బుద్దేర్ ఖన్ నువ్వు అసలు,non-hate,0.5735672881617905,0.4264327118382095,0.5735672881617905
678,non-hate,telugu_script,మహేష్ బాబు ఈ రేంజ్ లో నవ్వడం ఇప్పటి వరకు ఇదే మొదటి సారి. Bఇగ్ thanks తో షథి అన్న.,non-hate,0.5795326995567254,0.4204673004432746,0.5795326995567254
679,hate,telugu_script,జనాలు లేరు బోచ్చు లేరు అంతా అంబక్,non-hate,0.5661135122896291,0.43388648771037086,0.5661135122896291
680,hate,telugu_script,"​వైసీపీ, బిజేపి ఒకటే. రెండు పార్టీలు ఉన్దేర్స్తన్దిగ్।జగన్ గారు ఇక్కడ గట్టిగా అరిస్తే అపోజిషన్ రేపు డిబేట్ లో సీఎం గారు అడగలేదు అని అంటారుఽంతకు మించి ఏమీ లేదు.",non-hate,0.5776766872760704,0.42232331272392964,0.5776766872760704
681,hate,telugu_script,"౯౦మ్ల్ సీఎం, నీకు హిందువులు అంటే ఎందుకు అంత చులకన,",non-hate,0.5857386517957949,0.4142613482042051,0.5857386517957949
682,hate,telugu_script,ఈల సుఇత్చసేలు పేత్తి మోసమ్ చేయతమ్ కన్న అf్రేర్ రేసుల్త్స్ వచక ప్రిzే మోనేయ్ ల పేత్తి ఉన్తేయ్ best గ ఏన్ధుకో ఈ మోసలు,non-hate,0.5234151425660706,0.4765848574339294,0.5234151425660706
683,hate,telugu_script,Y్చ్ప్ Gున్ద న కోదకలర రన్ద్ర చుస్కున్ధమ్,non-hate,0.5519725994976638,0.44802740050233625,0.5519725994976638
684,non-hate,telugu_script,Fరోమ్ రేచేన్త్ ౩ మోన్థ్స్ ఇఅమ్ అద్దిచ్తేద్ తో యోఉర్ videos అన్న. Yోఉర్ వయ్ ఓf్ ఏక్ష్ప్లైనిన్గ్ and స్లన్గ్ is very నిచే,non-hate,0.5514715724826957,0.44852842751730426,0.5514715724826957
685,non-hate,telugu_script,​పవన్ అన్న మదగుదు ర అని చేప్ప,non-hate,0.5636610869335418,0.4363389130664582,0.5636610869335418
686,non-hate,telugu_script,నీ ఇంటర్వ్యూ అన్నిటిలో నాకు నచ్చిన ఇంటర్వ్యూ ఇది ఒక్కటే అన్న,non-hate,0.5757691257687535,0.4242308742312465,0.5757691257687535
687,hate,telugu_script,"ఆంధ్రప్రదేశ్ కొండలు, గుట్టలు కబ్జా మాఫియా డాన్ జగ్గు భాయ్",non-hate,0.5644062174712576,0.43559378252874237,0.5644062174712576
688,hate,telugu_script,Pఅనికి మలిన చన,non-hate,0.5214571276985346,0.4785428723014654,0.5214571276985346
689,non-hate,telugu_script,ఈ పాట అంటే ఎంతమందికి ఇష్టం,non-hate,0.5810912041979905,0.41890879580200946,0.5810912041979905
690,hate,telugu_script,ష్తగే ఏక్కిథే చలు సోల్లు,non-hate,0.553207124020088,0.446792875979912,0.553207124020088
691,hate,telugu_script,"ష్తర్తిన్గ్ లో fుల్ల్ చోవేర్ ఐయే వేసేది ద్రేస్సేస్, రతిన్గ్ కోసమ్ ఇప్పుదు ఆఇర్ free",non-hate,0.5380686406212505,0.4619313593787495,0.5380686406212505
692,hate,telugu_script,మేము videos చుస్థే కని మేకు అన్నమ్ కుద దోరకధు అలన్తప్పుదు మమ్మిలిని యేదవలు ని చేసి అనుకోకు ర నయన సోల్లు అపు,non-hate,0.5555866899971246,0.44441331000287543,0.5555866899971246
693,non-hate,telugu_script,Pఓరపతున చినేమ బగలేదు జనలు రలేదు అన్తే పరిస్తితి Vఇజయ్:ఈన్త్లో పదుకోవల్సిన్దే,non-hate,0.5513178564419264,0.44868214355807357,0.5513178564419264
694,non-hate,telugu_script,అప్పుడు రాజకీయ ఎదుగుదలకు కారకులయిన అద్వానీ గార్ని అవమానించారు. ఇప్పుడు పదవీవిరమణ చేసిన కోవింద్ గారిని అవమానించారు. న్యాయమా మోదీ గారు.,non-hate,0.588525017457441,0.411474982542559,0.588525017457441
695,hate,telugu_script,చిరంజీవి గారు ఇష్టం లేనప్పుడు ఆయనతో ఎందుకు వాయ్స్ ఓవర్ ఎందుకు చేయుంచుకున్నారు మీ సినిమాలో.,non-hate,0.5948751323749207,0.40512486762507927,0.5948751323749207
696,hate,telugu_script,దీనమ్మ రోజ ని ఎవడికైనా చూపించండి రా,non-hate,0.583595884786571,0.416404115213429,0.583595884786571
697,non-hate,telugu_script,"మేఊడి డ్రేస్ ఖరీదు ౧౫ లక్షలు , ఓక్కోక్క డ్రెస్ కరిదు మరి ఇంత డబ్బు ఎక్కడినుంచి వచ్చాయమ్మ",non-hate,0.559792671933629,0.440207328066371,0.559792671933629
698,hate,telugu_script,ణేత్ ఈ పోథే గూగ్లే లో ఏల సేఅర్చ్ చేస్తవ్ ర బేవకూf్,non-hate,0.5433085688180269,0.4566914311819731,0.5433085688180269
699,non-hate,telugu_script,అంబేద్కర్ విలువ మీకు తెలిసినట్టుగా రిజర్వేషన్ తీసుకున్న వ్యక్తులకి తెలియలేదు కనీసం ఇది చూసిన తర్వాత అయినా తెలుస్తుంది,non-hate,0.578483834433502,0.42151616556649796,0.578483834433502
700,hate,telugu_script,గుడివాడ ప్రజలు ఆలోచన పరులు కానంత వరకు దేవుడు కూడా బాగు చేయలేడు వేడవలకూ పదవులు.,non-hate,0.553828624962691,0.44617137503730897,0.553828624962691
701,non-hate,telugu_script,మీరు సూపర్ మేడం పట్టుదల ఉంటే ఏదైనా సాధించవచ్చు అని మీరు నిరూపించారు,non-hate,0.5905904281600748,0.4094095718399252,0.5905904281600748
702,hate,telugu_script,ఇది f్రన్క్నేస్స్ నీ బొంద.... అనాగరికం.... సభ్యత సంస్కారం లేని ఒక సైకో వీడు.... గుహల్లో జీవించాల్సిన వాడు.,non-hate,0.5603157582813372,0.4396842417186628,0.5603157582813372
703,non-hate,telugu_script,ప్రభుత్వ సొమ్ము ఒక్క రూపాయి కూడా వెనుక వేసుకోలేదంటే అది ఆPz్ అబ్దుల్ కలామ్,non-hate,0.5776004137010647,0.42239958629893526,0.5776004137010647
704,non-hate,telugu_script,"డెవిల్ మూవీ కూడా Bలోచ్క్బుస్తేర్ నీకింకా తప్పదు దిగ్విజయం... నందమూరి ౩ స్టార్స్ జై ఎన్టీఆర్, జై బాలయ్య, జై రామ్...... జై నందమూరి",non-hate,0.5892300480876558,0.4107699519123442,0.5892300480876558
705,non-hate,telugu_script,ఆన్ధరికి రజమోఉలి ర్గ్వ్ ఇన్స్పిరతిఓన్ ఏమో నకు మీరే ఇన్స్పిరతిఓన్॥॥।వోర్ద్స్ చన్ దో మోరే థన్ అచ్తిఓన్॥॥మీ లగ క్నోవ్లేద్గే గైన్ చేయ్యలి sir నేను,non-hate,0.5790698814222197,0.4209301185777803,0.5790698814222197
706,non-hate,telugu_script,Bఅగున్నవు చై and పల్లవి,non-hate,0.550274541581057,0.44972545841894296,0.550274541581057
707,hate,telugu_script,కరోనా వచ్చి జనాల్ని ఒక రకంగా సంపుతుంటే.,non-hate,0.5674943605389591,0.4325056394610409,0.5674943605389591
708,hate,telugu_script,ఆడు చూసి చూసి రోజా పక్కన కూర్చుంటాడేమే అనుకున్నా.,non-hate,0.5816517126632696,0.41834828733673035,0.5816517126632696
709,non-hate,telugu_script,నువ్వు మాట్లాడేది తప్పు. అన్న గురించి ఎంతైనా చెప్పుకో వచ్చు కానీ మోహన్ బాబు గారిని తమ్ముడు అని మాట్లాడడం ఏమాత్రం కరెక్ట్ కాదు. వాళ్ళ కొడుకులు కూడా సీరియస్ అయితే ఎంత పరిస్తితి ఏంటీ.,non-hate,0.5889314106152033,0.41106858938479673,0.5889314106152033
710,non-hate,telugu_script,ఇంత అందంగా ఎలా అంది మీరు మీలానే మీ స్వరం కూడా చాల అందంగా ఉంది,non-hate,0.5894947024462742,0.4105052975537258,0.5894947024462742
711,non-hate,telugu_script,Pఓవేర్ స్తర్ అన్తే మోవిఏస్ and అచ్తిన్గ్ కదు రేఅల్ స్తర్ ఓన్ల్య్,non-hate,0.562106167723509,0.43789383227649104,0.562106167723509
712,non-hate,telugu_script,"ఈన్కో రేన్దు పదిథేయ్, ఆ మిగథ దుల కుద థీర్పోద్ది ఊదయ్ Kిరన్ ౨",non-hate,0.522342339020371,0.47765766097962903,0.522342339020371
713,non-hate,telugu_script,అంతరించి పోతున్న ఆరోగ్యావంతమైన హాస్యాన్ని తట్టి లేపిన సాత్విక్....,non-hate,0.5549015467452515,0.4450984532547485,0.5549015467452515
714,non-hate,telugu_script,ఇటువంటి చావు రావాలంటే ఎంత పుణ్యం చేసి ఉండాలో మీ ఆత్మకు శాంతి కలగాలని కోరుకుంటున్నాను,non-hate,0.5857906044286881,0.41420939557131187,0.5857906044286881
715,non-hate,telugu_script,బాలయ్య బాబు అభిమానిని ఈ సినిమా పెద్ద ఇటు కొట్టాలని మనస్పూర్తిగా కోరుకుంటున్నాను జై బాలయ్య జై చిరంజీవ,non-hate,0.6048131878709211,0.3951868121290789,0.6048131878709211
716,hate,telugu_script,త్వీత్:ఏన్దుకు కుమైల్ నజైని గుద్ద చాల్ రన్గలుఓ వున్తధి కుమైల్: ఏన్దుకు మి అమ్మ లిప్స్తిచ్క్ వున్థధి,non-hate,0.542821190175814,0.457178809824186,0.542821190175814
717,non-hate,telugu_script,నువ్వు పడింది మంచి గాఉంది బ్రో,non-hate,0.5799040101075054,0.42009598989249464,0.5799040101075054
718,non-hate,telugu_script,అన్నా చాలా ఇంప్రూవ్ అయ్యావ్.... సూపర్,non-hate,0.605260517659862,0.394739482340138,0.605260517659862
719,hate,telugu_script,E రోజు ఏ లిగేర్ మోవిఏ చుస ఉత్తర్ f్లోప్ మోవిఏ జీవిథమ్ మీధ విరక్థి పుత్తిపోయిన్ధి,non-hate,0.5554591644228142,0.4445408355771858,0.5554591644228142
720,non-hate,telugu_script,"తన స్వయం కృషి తో కష్టపడి, తన నటనతో ప్రేక్షకుల హృదయాల్లో చెరగని ముద్ర వేసుకున్న మన మెగాస్టార్ చిరంజీవి",non-hate,0.6063413018970614,0.39365869810293863,0.6063413018970614
721,non-hate,telugu_script,షమన్థ అచ్తిన్గ్ మత్రమ్ ఇచిపదేసిన్ధి థ్రిల్ల్ చేస్తధి సేచోన్ద్ హల్f్ fన్తస్తిచ్ అన్థే,non-hate,0.5549129111953097,0.4450870888046903,0.5549129111953097
722,non-hate,telugu_script,ఃఅర్శ అన్న ని కలవాలి ఓక్కసరైన,non-hate,0.5750232385774211,0.4249767614225789,0.5750232385774211
723,non-hate,telugu_script,ఈన్దుస్త్ర్య్ లో ఒక్క రేమర్క్ కూడా లేని ఫ్యామిలీ ఏదైనా ఉందా అంటే అది Oనే And Oన్ల్య్ Vఇచ్తోర్య్ Vఏన్క్య్ ఆన్న Gారి Fఅమిల్య్ షుపేర్బ్ ఱాన ఆన్న,non-hate,0.5317299434480962,0.4682700565519038,0.5317299434480962
724,non-hate,telugu_script,గోరన్త్ల మదవ్ ఇస్సుఏస్ సిదే చ్యదనికి జేనసేన ని కేలికరు యేప్పతు లనే,non-hate,0.5471275806711402,0.4528724193288598,0.5471275806711402
725,hate,telugu_script,ంఈ ఆయ్య Fఅర్మ్హోఉసే ఊన్తే ంఈ ంళ్ ళు ఆప్పుదైన ంఈ ఆయ్యని ఛుసిన్ద్ర ళోల్ల్య్ గ,non-hate,0.5349212871163874,0.4650787128836126,0.5349212871163874
726,hate,telugu_script,వీడియో తీసినాను కొట్టాల వీన్ని కొట్టాల దాని కింద వేసి కొట్టాల,non-hate,0.5660413203938784,0.43395867960612156,0.5660413203938784
727,hate,telugu_script,నేను రోజూ అనసూయను ఉహించు కుంటు కొడుతున్న,non-hate,0.5584061692677302,0.44159383073226977,0.5584061692677302
728,non-hate,telugu_script,"""నంబి నారాయణ"" గారికి జరిగిన అన్యాయం చూస్తుంటే చాలా బాధ వేస్తుంది, ""నంబి నారాయణ"" గారి త్యాగానికి మా హృదయపూర్వక ""పాదాభి వందనాలు""",non-hate,0.6006341670936636,0.3993658329063364,0.6006341670936636
729,non-hate,telugu_script,నిజంగా ఈ లవ్ స్టోరీ ఏంది భై శీనన్న ఏడిచే సీన్ సూపర్,non-hate,0.5793142617418667,0.42068573825813327,0.5793142617418667
730,non-hate,telugu_script,షుపేర్ తమ్ముదు,non-hate,0.5716964264203638,0.4283035735796362,0.5716964264203638
731,hate,telugu_script,ఓవసి బ్రో'స్ నుపుర్ రజ సిన్ఘ్ ని పకిస్తన్ లేధ అన్దమన్ కో తర్మిదేన్గలి #the people వ్హో దివిదే ఇన్దిఅ,non-hate,0.5289422401173515,0.47105775988264853,0.5289422401173515
732,non-hate,telugu_script,ఇందులో ఒక్క నిజం ఉంది... లైఫ్ సాఫీగా జరిగేవాళ్ళు బయట పాడారు.. ఎందుకు అంటే వాళ్లకి అవకాశాలు ఉన్నాయి కాబట్టి..,non-hate,0.6022211126517167,0.39777888734828326,0.6022211126517167
733,non-hate,telugu_script,పోలీస్ వేవస్థలో మీలాంటి ష్P లు ఉంటే పోలీస్ లపై గౌరవం పెరుగుతుంది సార్॥ంఈలాంటి ష్P మా తెలంగాణా లో కూడా రావాలి సార్,non-hate,0.583921611128619,0.41607838887138104,0.583921611128619
734,non-hate,telugu_script,మీరు A స్థాయిలో ఉండి కూడా మీ స్నేహితుని పరిచయం చేయడం ఆనందకరం,non-hate,0.5804357816714812,0.41956421832851876,0.5804357816714812
735,non-hate,telugu_script,ఆలాన్తి గోప్పోల్లకి ఇలాన్తి గోప్పోల్లే పుదథరు..,non-hate,0.560326143496397,0.439673856503603,0.560326143496397
736,non-hate,telugu_script,బాగున్నారు తల్లి కొడుకులు స్టోరీ,non-hate,0.579577750082484,0.420422249917516,0.579577750082484
737,hate,telugu_script,"ద్రోహం చేసింది,నిజంగా ఏపీ ఉసురు బీజేపీకి,మోడీకి తగులుతుంది.",non-hate,0.5706371635023206,0.42936283649767937,0.5706371635023206
738,non-hate,telugu_script,చాలా యూట్యూబ్ చానల్లలో మీరు చెప్పిన గరికపాటి వారి అభిప్రాయం ప్రచారమౌతున్నది. వాటి కింద కామెంటులను సినిమా రంగం వారు చదివితే ప్రజాభిప్రాయం తెలుస్తోంది. ఏమైనా అనుకోని అనుకుంటే ఒకనాడు వారి భార్యాపిల్లలపై అదే ప్రభావం పడవచ్చు. చివరగా బుధ్ధి చెబుతుంది…,non-hate,0.5864807554188046,0.4135192445811954,0.5864807554188046
739,non-hate,telugu_script,తెలుగు రాష్ట్రాలకి మంచి మంచి నాయకులు దొరికారు సినిమాలు వెళ్లనవసరం లేదు వాళ్ళే సినిమా చూపిస్తారు మంచి కాలక్షేపం,non-hate,0.5982236339747375,0.40177636602526245,0.5982236339747375
740,hate,telugu_script,Pఓవేర్ ళో ఉన్ది ఏవరు ర వేదవ,non-hate,0.5524274840901194,0.44757251590988056,0.5524274840901194
741,hate,telugu_script,Wఅస్తే గాదు అలి,non-hate,0.546270512515169,0.453729487484831,0.546270512515169
742,hate,telugu_script,​పవలగది గోర్రేలకి అవేసమ్ థప్ప అలోచన లేధు,non-hate,0.56535620610778,0.43464379389221997,0.56535620610778
743,hate,telugu_script,ంఉన్ధు ఱ్ట్ఛ్ Bఉసేస్ లో students ఏన్థ ఇబ్బన్ధి పదివేల్థున్నరు చుదన్దీ వల్ల హన్గిన్గ్ చోన్దితిఓన్స్ యోఉ హవే తో నోతిచే ఏవేర్య్థిన్గ్,non-hate,0.5376536463442787,0.4623463536557213,0.5376536463442787
744,non-hate,telugu_script,హర్ష..! నీ మనసులగే... నీ రూపం కూడా అందంగా ఉంది......,non-hate,0.6048677582383467,0.3951322417616533,0.6048677582383467
745,hate,telugu_script,Pఇల నిభ స్తర్ విజ్గయ్ ఓవేర్కోన్ద గుద్దకోన్ద,non-hate,0.5396111726199957,0.4603888273800043,0.5396111726199957
746,non-hate,telugu_script,Eదే పోఇన్ది కాదు మనకి,non-hate,0.5526500402821125,0.4473499597178875,0.5526500402821125
747,hate,telugu_script,ఆపు రా డ్రామా రావు అన్ని సొల్లు కబుర్లు,non-hate,0.5736727452262148,0.4263272547737852,0.5736727452262148
748,non-hate,telugu_script,చాలా బాగా చెప్పారు అన్న.. మొదటి ఉదాహరణ వుంది అది మాత్రం.... మామూలుగా లేదు... సూపర్ అసలు,non-hate,0.6032301828735045,0.3967698171264955,0.6032301828735045
749,hate,telugu_script,ఃఏరో లు రేమునేరతిఓన్ తగ్గిస్థే దిల్ రజు రతేస్ పేన్చి చోల్లేచ్తిఓన్స్ మోథమ్ మిన్గేస్థదన్త…।fున్న్య్ fేల్లోవ్,non-hate,0.5351448621156218,0.46485513788437816,0.5351448621156218
750,hate,telugu_script,​ఆప్ స్తతే ను సర్వ నసనమ్ చేసరు,non-hate,0.552226034862044,0.447773965137956,0.552226034862044
751,non-hate,telugu_script,ళోగిచల్ల్య్ వ్హత్ ఉ సైద్ is ఏక్షచ్త్ల్య్ రిఘ్త్.. ఆప్ప్రేచిఅతేద్ the వయ్ యోఉ ఏక్ష్ప్లైనేద్ the చోన్చేప్త్స్ ఓf్ government and ఓథేర్ వయ్ ఓf్ రులిన్గ్.. Good.. Kీప్ ఇత్ ఉప్ దేఅర్..,non-hate,0.5248468924312256,0.4751531075687744,0.5248468924312256
752,non-hate,telugu_script,"రైతు బంద్ వల్ల ఎవరికీ లాభంరా నాయన, ఎవరికీ ఏకువా భూమి ఉంటే వాడికే ఏకువ లాభం, నువ్వు నీ బ్రోకర్ జర్నలిజం",non-hate,0.5684742802726385,0.43152571972736153,0.5684742802726385
753,hate,telugu_script,ఆరేయ్ ద్రమ రఓ అపుర ణే సోల్లు,non-hate,0.5404040955937436,0.4595959044062564,0.5404040955937436
754,hate,telugu_script,వేణు స్వామీ మీ మాటలు అన్నీ అబద్దం.,non-hate,0.5879158345398761,0.41208416546012394,0.5879158345398761
755,non-hate,telugu_script,ఏం అదృష్టం స్వామి అన్న నే ఫోన్ తోఉచ్ చేసింది.. లక్కీ,non-hate,0.581940240850287,0.41805975914971305,0.581940240850287
756,non-hate,telugu_script,చిరుత లూక్స్ అధుర్స్,non-hate,0.5659122680978013,0.43408773190219874,0.5659122680978013
757,hate,telugu_script,ంఅధి సోమ్ము ఏఅ కధ వోచేస్థధి,non-hate,0.5511545789101153,0.4488454210898847,0.5511545789101153
758,non-hate,telugu_script,అనిల్ కుమార్ గారిది తప్పలేదు కానీ ఇలాంటి సమస్యలు కూడా రాష్ట్రంలో ఉన్నాయి అని బాగా తెలియజేసారు.,non-hate,0.5904623844362656,0.40953761556373436,0.5904623844362656
759,hate,telugu_script,షోర్ర్య్ తో సయ్ but చిన్న ఏవేన్త్స్ కి వేల్థే ఇలనేయ్ జరుగుతున్ది..,non-hate,0.5753802650435585,0.42461973495644145,0.5753802650435585
760,hate,telugu_script,తెలివైన మూర్ఖుడు... ఱ్G్V,non-hate,0.5591303241651355,0.44086967583486447,0.5591303241651355
761,hate,telugu_script,"రోజా ఆంటీ కి బాగా తెలుసు జలగ మొన రెడ్డి కి వెంట్రుకలు ఎక్కడ, ఎక్కడ ఉన్నాయో",non-hate,0.5826045147566362,0.4173954852433638,0.5826045147566362
762,hate,telugu_script,కరన్ జోహర్ అస్ల మోద్ద లేవదు అన్త అన్దుకేయ్ అమ్మైల మతలదుథానే వునత్రు,non-hate,0.5287876431239367,0.47121235687606333,0.5287876431239367
763,non-hate,telugu_script,​యుద్ధమ్ వధు please fోర్ లోఖమ్ లో శన్థి వున్చధి,non-hate,0.5461690945842166,0.4538309054157834,0.5461690945842166
764,non-hate,telugu_script,ణికు చేప్పద కోహిలి ఓనే దయ్ అదను అని,non-hate,0.537577889296454,0.462422110703546,0.537577889296454
765,non-hate,telugu_script,K్ఛ్ఱ్ ని చుసి Vఅల్లభై పతేల్ అనుకున్నదేమో.,non-hate,0.553995110964367,0.44600488903563296,0.553995110964367
766,non-hate,telugu_script,గ్రేఅత్ రా బాబు మోవిఏస్ లోకి వేల్లిపోయవ ర బాబు,non-hate,0.5881847506663577,0.41181524933364233,0.5881847506663577
767,non-hate,telugu_script,టేలుగు తమిల్ ఇన్దుస్త్ర్య్ ల కి బ్రేఅక్ దన్చే నేర్పిన్ధే ప్రభుదేవ॥మేరు ఏవేర్గ్రీన్ దన్చేర్ sir,non-hate,0.555724253856853,0.444275746143147,0.555724253856853
768,hate,telugu_script,Pఓర కుక్క,non-hate,0.5235075953532328,0.47649240464676723,0.5235075953532328
769,hate,telugu_script,ణ్వ్వు fిర్స్త్ ఏ చన్నేల్ ధేని కోసమ్ పేత్తినవ్ క్చ్ర్ కోసమ పేఓప్లేస్ కి ఏమైన ప్రయోజనమ్ వున్ధర ఏన్థ సేపు క్చ్ర్ సన్క నకుథున్నవ్,non-hate,0.5498213255075315,0.4501786744924685,0.5498213255075315
770,hate,telugu_script,నరోత్తమ్ మిశ్ర పేద్ధ లన్గ రమ్ సేతు మోవిఏ బన్ చేయమన్తరు దేనికి మోవిఏ పేరు లో రమ్ వున్ధి అని,non-hate,0.5421633336122103,0.45783666638778975,0.5421633336122103
771,non-hate,telugu_script,హమ్మయ్య.. ఇప్పటికి ఒక మంచి వీడియో చేశావు తల్లి,non-hate,0.6001121714028,0.39988782859719996,0.6001121714028
772,hate,telugu_script,ఇలాంటివి చేస్తేనే మీకు ౨౦౧౯ లో బొక్క పడింది.,non-hate,0.579995386325622,0.420004613674378,0.579995386325622
773,non-hate,telugu_script,ఱమ్ ఏన్త్ర బబు ఇన్థ అన్దమ్గ ఉన్దౌ సుపేర్,non-hate,0.5675934038317607,0.4324065961682393,0.5675934038317607
774,non-hate,telugu_script,కంట్లో దురద పెట్టింది కాబట్టి సరిపోయింది,non-hate,0.5466866710722703,0.4533133289277297,0.5466866710722703
775,hate,telugu_script,ఏక్కడకి పోయండి ఈ మహిళా కమిషన్,non-hate,0.5845591164610296,0.41544088353897035,0.5845591164610296
776,non-hate,telugu_script,నువ్వు కాదయ్యా హీరో నీ యనకాల ఉంది చూడు పులి సోను సూద్ సార్,non-hate,0.5601144778724618,0.4398855221275382,0.5601144778724618
777,hate,telugu_script,జగన్ గబ్బు గదు చ్బ్న్ పేత్తిన మన్చి పదకలు ని తోలగిచి ఔతో వల్ల కి ౧౦౦౦౦ర్స్ ఏస్థున్నరు,non-hate,0.5528690030958249,0.4471309969041751,0.5528690030958249
778,hate,telugu_script,డేసాని దోచోకోతానికి ఈయనకి ఏమి తక్కువయిన్దిత,non-hate,0.5603546457136553,0.43964535428634466,0.5603546457136553
779,hate,telugu_script,​a బయమ్ ఉన్తే విల్లు పరిపల తిన్నగ చేస్తే సరి పోను,non-hate,0.5665940324207849,0.4334059675792151,0.5665940324207849
780,hate,telugu_script,టేలుగు ఇన్దుస్త్ర్య్ న మోద్ద కుదవన్ది ర,non-hate,0.5555059066957139,0.44449409330428613,0.5555059066957139
781,non-hate,telugu_script,షిస్తేర్॥ఁఏలన్తి వాల్లు థలుచుకున్తేయ్ చోన్దేచ్తేర్లేయ్ కాధు చోల్లేచ్తోర్లు అవ్థారు॥।కలాకరులవ్థరు॥॥నేకు సుపోర్త్ చేస్తున్న నే fమిల్య్ కి॥ఆ P ష్ ఱ్ ట్ ఛ్ కి నే థరుపున Thanks చేప్తున్న,non-hate,0.5251751456998737,0.47482485430012633,0.5251751456998737
782,non-hate,telugu_script,ణేను ఐతే zబర్దస్త్ శోవ్ చుదదమ్ మనేసను ట్V ౫ ఆBణ్ చన్నేల్స్ లో దేబతేస్ వ్చినక,non-hate,0.532768505663375,0.46723149433662503,0.532768505663375
783,non-hate,telugu_script,ంఅహేశ్ స్మిలే ...పురే సోఉల్,non-hate,0.5690381858383566,0.43096181416164336,0.5690381858383566
784,non-hate,telugu_script,Madam మీరు good qుఏస్తిఓన్స్ అదుగుథున్నరు,non-hate,0.5576747629371437,0.4423252370628563,0.5576747629371437
785,hate,telugu_script,𝙋𝙪𝙠𝙪 𝙙𝙖𝙣𝙜𝙞𝙩𝙝𝙝𝙖,non-hate,0.5049325401218846,0.4950674598781154,0.5049325401218846
786,non-hate,telugu_script,మీరు మాకు దూరం అవ్వడం మా దురదృష్టం,non-hate,0.5854116190488311,0.4145883809511689,0.5854116190488311
787,hate,telugu_script,ఆమ్మ పై జోకే ఏన్త్య్ రాఅ..... ఆవులగల్ల్రా,non-hate,0.5590194937668975,0.4409805062331025,0.5590194937668975
788,non-hate,telugu_script,తాను ఇంతకు ముందే చెప్పాడు నేను ఇలా videos చేయడానికి కారణం అందరూ ఇన్స్పిరే అవ్వాలి అని,non-hate,0.5937935789766221,0.4062064210233779,0.5937935789766221
789,hate,telugu_script,ఛి యేన్త్ర మకికర్మ,non-hate,0.528359116140896,0.47164088385910397,0.528359116140896
790,non-hate,telugu_script,తమ్ముడు నువ్వు సూపర్ నిజాన్ని ఈలాగే నిర్బయంగా చెప్పు ఎవ్వనికి భయపడకు,non-hate,0.5958787014163875,0.40412129858361245,0.5958787014163875
791,non-hate,telugu_script,"ఱ్K్ గారు మీకు, మీ టీం కి దన్యవాదాలు, సుతి మెత్తగా ప్రశ్నలు వర్ణించారు అహంకారికి ...అహంకారం కాస్త తగ్గినట్లు అనిపిస్తొంది",non-hate,0.5795082293060113,0.4204917706939887,0.5795082293060113
792,hate,telugu_script,ంఉన్ధు వీని ఇన్తేర్విఏవ్ చేస్థున్న చన్నేల్ వల్లని థన్నలి,non-hate,0.5729583502764988,0.4270416497235012,0.5729583502764988
793,non-hate,telugu_script,గ్రేట్ పర్ఫామెన్స్ సిస్ క్రింది టైల్స్ స్లిప్ అవుతున్న బలన్స్ చేసుకొని పెర్ఫెక్ట్ గా డాన్స్ వేసావ్ సూపర్,non-hate,0.574959964206353,0.425040035793647,0.574959964206353
794,hate,telugu_script,ఏర్రి పుక్ మూద్య్ వల్ల స్ర్హ్ ప్లయోf్f్స్ కి పోలే,non-hate,0.5390942094118697,0.4609057905881303,0.5390942094118697
795,non-hate,telugu_script,త్వరలోనే పవన్ కళ్యాణ్ గారు ముఖ్యమంత్రి కాబోతున్నారు,non-hate,0.5947511282800143,0.4052488717199857,0.5947511282800143
796,non-hate,telugu_script,Best లీడర్ and best పోలీస్।ప్రవీణ్ కుమార్ సర్,non-hate,0.569951969264079,0.430048030735921,0.569951969264079
797,non-hate,telugu_script,ఛోమ్మేన్త్స్ చదివి మస్థు ఏన్జోయ్ చేస్థున్న నేనైథే,non-hate,0.5716879048015301,0.4283120951984699,0.5716879048015301
798,non-hate,telugu_script,A వైట్ డ్రెస్ లో చూస్తుంటే విజయవాడ పెద్దపులి వంగవీటి మోహన్ రంగా ను చూసినట్టుంది అన్న,non-hate,0.5600376655599186,0.43996233444008137,0.5600376655599186
799,hate,telugu_script,ట్త్ర్ దోన్గల్ త్ర్స్ పత లేఅదేర్స్,non-hate,0.5470415551502125,0.45295844484978753,0.5470415551502125
0,non-hate,mixed_script,స్త్రీలను vIdhiloki లగకంది pavan గారు chUste ఆయనకి pArTI కి chèDDa పేరు vastuMdi,hate,0.5142023264067306,0.5142023264067306,0.4857976735932694
1,hate,mixed_script,Gుధ paguldegale,hate,0.5452872787416618,0.5452872787416618,0.4547127212583381
2,non-hate,mixed_script,ణిజన్గ ilanti extraordinary persons ఉన్తరు,non-hate,0.5719929807734884,0.42800701922651163,0.5719929807734884
3,non-hate,mixed_script,నాకు iMTarnèT మొబైల్ DeTA లేదు aMDi ఇందులోనుంచి Dabbulu వస్తే epiMchukuMdAM అని chUstunna... మాములుగా ledu అనుదీప్ gAri పంచెస్,non-hate,0.5112991980964094,0.48870080190359055,0.5112991980964094
4,non-hate,mixed_script,ఆP ki మన్చి rojulu వస్థున్ధి,non-hate,0.5262182822901588,0.47378171770984123,0.5262182822901588
5,non-hate,mixed_script,ఆయిథే life పోలితిచిఅన్ kavali ర Babu.,non-hate,0.5380075754814231,0.4619924245185769,0.5380075754814231
6,hate,mixed_script,K్ట్ఱ్:ణన్ను erri పుక్ cheshavu గహ్ kadhara రేవన్థ్,non-hate,0.5018773663134751,0.4981226336865249,0.5018773663134751
7,non-hate,mixed_script,Youtube vedios కోన్ని follow అయ్యేధన్ని tharwatha BB house లో koncham నేగితివే feel అయ్య ippudu చుస్తున్తే badha అనిపిస్తున్ధి very good dancer All the Best for యోఉర్ future షన్ముఖ్ 💐,non-hate,0.5151056644646912,0.4848943355353088,0.5151056644646912
8,hate,mixed_script,Recharge aipothey data ela వస్తధి ra ఏర్రి puka,hate,0.5045090211190217,0.5045090211190217,0.49549097888097826
9,hate,mixed_script,వదు donga నూవ్ yadava,non-hate,0.5016711329494297,0.49832886705057033,0.5016711329494297
10,non-hate,mixed_script,సంస్కారవంతమైన kuTuMbaM,non-hate,0.517242024522631,0.482757975477369,0.517242024522631
11,non-hate,mixed_script,ప్రజా samasyala పరిష్కారంపై dRRiShTi పెట్టండి,non-hate,0.554566490485674,0.44543350951432603,0.554566490485674
12,hate,mixed_script,Wఅస్తే gadu ణత్రజ్ is very bad బేహవిఓఉర్,non-hate,0.5312133871199339,0.46878661288006607,0.5312133871199339
13,hate,mixed_script,Kనిసమ్ okka విచ్కేత్ kooda తీయలేదు waste గలు,non-hate,0.5272550931636771,0.47274490683632286,0.5272550931636771
14,hate,mixed_script,"ఆమిత్ Shaw కి slippers వేస్థు bathukuthunnadu, తేలుగు vaari గోవ్రవాన్ని gujarat గదిధల dhaggara థాకత్తు pettesthunnadu..",non-hate,0.5106293187078873,0.4893706812921127,0.5106293187078873
15,hate,mixed_script,జిహహ్ khan సుచిదే ki కరనమ్ sooraj అల్తన్చ్ది sulli భై mafia support free వరే ammailtho దేన్గిథునరు,non-hate,0.5291011939924058,0.47089880600759415,0.5291011939924058
16,non-hate,mixed_script,"Police vallu చేప్పిన్ది antha నిజమేన, poorthi ఏన్qుఇర్య్ ayina థరవథ nuvvu వల్లను criminals ఆని cheppu brother.",non-hate,0.5112863868509416,0.48871361314905837,0.5112863868509416
17,non-hate,mixed_script,ప్రతి sIn... ప్రతీ ShAT....mati పోతుంది lopala awesome,non-hate,0.5191452636468921,0.48085473635310794,0.5191452636468921
18,non-hate,mixed_script,zనభ।పేరేగుతునరు।వుపధే।ఉధ్యోగలు।కరువే।వున్ధే.,non-hate,0.5503407275320885,0.4496592724679115,0.5503407275320885
19,non-hate,mixed_script,మౡ maLLI రిపీట్ chestU చూస్తున్న vALlu ఎంతమంది unnAru...️,non-hate,0.5206804896339543,0.4793195103660457,0.5206804896339543
20,non-hate,mixed_script,ఏన్థ cute చోఉప్లే abbaa..!!,non-hate,0.5613754029695768,0.4386245970304232,0.5613754029695768
21,non-hate,mixed_script,ఆల్లు Arjun చినేమ ki ప్రనమ్ esatadu,non-hate,0.5213420503116564,0.47865794968834363,0.5213420503116564
22,hate,mixed_script,తెలివిగలవాళ్లని anukuMTAMgAnI కాదు adRRiShTaM ఏమూలో eDustuMdi ఇట్లాంటి vALLaki. జనాలతో tiTTiMchukuMTe కాని nidra పట్టదు,hate,0.5020574343726263,0.5020574343726263,0.49794256562737377
23,non-hate,mixed_script,కడిగేయండి mIru సమాజాన్ని! nAku బాధగానే uMdi గురువుగారు.,non-hate,0.5211968003648397,0.47880319963516027,0.5211968003648397
24,non-hate,mixed_script,"Gోద్ bless యోఉర్ relation madam, jai సుధీర్ anna",non-hate,0.5510793946943562,0.4489206053056438,0.5510793946943562
25,hate,mixed_script,ఆమ్మై ni పత్తుకోని kavalissindhi కోనుకో ani అన్త vurukuntunda,hate,0.5086215600457208,0.5086215600457208,0.4913784399542792
26,non-hate,mixed_script,శుక్రవారం shukravAraM స్టేషన్ ki వచ్చి saMtakaM పెట్టు,non-hate,0.5265712873519078,0.47342871264809216,0.5265712873519078
27,non-hate,mixed_script,ఎందరో mahAnu బావులు vuMTAru వాళ్లు Urikène ఉండరు,non-hate,0.5100940459714843,0.48990595402851567,0.5100940459714843
28,hate,mixed_script,ణువ్ annantha మథ్రన Harsha షై midha అబిమనమ్ thaggadu ర,non-hate,0.5049118636168534,0.49508813638314664,0.5049118636168534
29,non-hate,mixed_script,నీతి nijAyitI లకు mAru పేరుగా nilichina వ్యక్తి ALLa రామకృష్ణారెడ్డి. amarAvati రైతులకోసం nijamaina పోరాటం chesina వ్యక్తి. Ayana పదికాలాలపాటు challagA ఉండాలి.,non-hate,0.5242827761938709,0.47571722380612913,0.5242827761938709
30,hate,mixed_script,వచ్చిందయ్యా mahA పతివ్రత.... anasUya అంటేనే niluvèllA బూతు..... Imè చెబుతుంది nItulu... తూ..... siggumAlina జన్మ,non-hate,0.5073307684753882,0.49266923152461184,0.5073307684753882
31,hate,mixed_script,Vఏదోక pulkagadu వినికన్న Prakash ఱజ్ better,non-hate,0.530647499921222,0.46935250007877805,0.530647499921222
32,hate,mixed_script,ణ modda ల expressions,hate,0.5018120761230354,0.5018120761230354,0.49818792387696464
33,hate,mixed_script,ఆరేయ్ ni బోన్ధ ra చేథ na కోదక,non-hate,0.5185235061761453,0.4814764938238547,0.5185235061761453
34,hate,mixed_script,Vఏదికి Gudda బగ balisindi అనుకున్త॥Bఅలయ్య babu మీద jokes ఏన్దుకుర ep,non-hate,0.528307586295112,0.471692413704888,0.528307586295112
35,hate,mixed_script,Vఈలు vedi ఓవేర్ action,non-hate,0.5322498001048742,0.4677501998951258,0.5322498001048742
36,non-hate,mixed_script,ఏముంది padavikosaM గుధ్ధ kUDA నాకేస్తారు I రాజకీయ rAbaMdulu,hate,0.5036540737287669,0.5036540737287669,0.4963459262712331
37,hate,mixed_script,Yదవ Veshalu తగిన్చుకున్తే Baguntadi,non-hate,0.518468778590752,0.481531221409248,0.518468778590752
38,non-hate,mixed_script,ప్రతిపక్షాలు sAmAnyuDini ఎదగనివ్వరు peda ప్రజలకి illulu కడుతుంటే ippuDu వాళ్లు vachchi ఎలా kaDutunnAru చూస్తారట MgA ఉంది atani నుంచి peda ప్రజలకి iLla పట్టాలు paMpiNI చేయడానికి vIlu లేదంటూ Ayana స్టేజెస్ kUrchunnADu అంటే itanu కంపు cheyaDAniki ప్రయత్నించేస్తున్నాడు jagananna లబ్ధిదారులు iTuvaMTivi జరిగినప్పుడు bayaTaku వచ్చి mI తాలూకా manasulo ఉండే mATanu వాళ్లకి tèliyaparachaMDi,hate,0.5112145609532593,0.5112145609532593,0.48878543904674066
39,hate,mixed_script,Oరే ni వేశలు api పని chusko,hate,0.5108368541859869,0.5108368541859869,0.4891631458140131
40,hate,mixed_script,ప్రియన్క arul మోహన్ gudda చాల sexy వున్తధి dani పన్గ chachi దేన్గలి,non-hate,0.5322478174733948,0.4677521825266052,0.5322478174733948
41,non-hate,mixed_script,డేవుదిమిద jokulu వేసిన avamanichina చల nasta పోతరు vinayakudito పేత్తుకోకుద power fుల్ల్ god,non-hate,0.509991448546168,0.49000855145383204,0.509991448546168
42,hate,mixed_script,ణువ్వో moddaganivi అన్ధుకే aapesnav,hate,0.5048860737575743,0.5048860737575743,0.4951139262424257
43,hate,mixed_script,అమరిచ andatho madam perigi కోతుకున్తున్ది urikine,non-hate,0.5123930780765474,0.48760692192345256,0.5123930780765474
44,non-hate,mixed_script,చాలా maMchi మూవీ anna ...మీరు riyAkT అవుతావ్ anukunna అన్న ..nuvvu సూపర్ lAyar అన్న,non-hate,0.5346681543910466,0.46533184560895335,0.5346681543910466
45,hate,mixed_script,ఈది RTC ఛోన్దుచ్తేర్ ha లేక Inka బుస్తన్ద్ lo ఏమైన chesinda,non-hate,0.5278328562465983,0.47216714375340174,0.5278328562465983
46,hate,mixed_script,K్రిత్తిక Garu Vఅదినే Chepu థో Kothandi ళివే Lo....,non-hate,0.5137258818481291,0.48627411815187094,0.5137258818481291
47,hate,mixed_script,ఇంక Apura నాయనా... akkaDa చూయించు...,non-hate,0.5386042557673683,0.46139574423263174,0.5386042557673683
48,non-hate,mixed_script,మీ phyAmilI లో nAku నచ్చింది nuvvu అన్న.. karèkT గా mATlADutAv..,hate,0.5000809774634558,0.5000809774634558,0.4999190225365442
49,hate,mixed_script,షుమ garu కోన్చమ్ thagichuko,non-hate,0.5284930060516633,0.47150699394833673,0.5284930060516633
50,hate,mixed_script,Oరేయ్ adhiga గుద్ధ mue,hate,0.5064791921424422,0.5064791921424422,0.4935208078575578
51,hate,mixed_script,"Oరేయ్ jaffa బుల్ bul,go and buffalo ముద్దిలో paduko",non-hate,0.5117087922786575,0.4882912077213425,0.5117087922786575
52,non-hate,mixed_script,ఃఅను raghavapudi love story అన్తే super ఇమ్మేర్సివే ga ఉన్తది,non-hate,0.5386309381324561,0.4613690618675439,0.5386309381324561
53,hate,mixed_script,చిల్లర్ party లు Anne ఓక్కత్య్న modi జి ni నేక్ష్త్ pm మోది ji యోగి baba ని,non-hate,0.5444507937047067,0.4555492062952933,0.5444507937047067
54,non-hate,mixed_script,zయము jayamu చన్ద్రన్న jayamu నీకు chandranna,non-hate,0.5154151070965407,0.4845848929034593,0.5154151070965407
55,hate,mixed_script,ఆఅకు puuku థేలియన్ధి kuda జుద్గే aipoindhi,hate,0.5095225599683463,0.5095225599683463,0.4904774400316537
56,hate,mixed_script,ష్ఃOEష్ Amithsha మోది kinda Oఓదిగమ్ chey..,non-hate,0.5179137672012702,0.48208623279872975,0.5179137672012702
57,non-hate,mixed_script,​రాని pramadam రాని no ప్రోబ్లేమ్.. next త్య్మ్ bjp కి vote వేయన్ది telangana ప్రజలర,non-hate,0.5340108900202188,0.46598910997978116,0.5340108900202188
58,non-hate,mixed_script,Eఏ madya కాలమ్లో vochina fిల్మ్స్ lo నాకు idhi బాగ nachindi,non-hate,0.5109189822437217,0.4890810177562783,0.5109189822437217
59,hate,mixed_script,"Eవిదేన్చే unna మ్ల kodukuni అర్రేస్త్ cheyaledhu, police lu కి dammu లేధు",hate,0.5117161380194881,0.5117161380194881,0.4882838619805119
60,hate,mixed_script,Vఈదు aadi గాదు maaradu వీదికి stage చ్లేఅనిన్గ్ pani ఇవ్వన్ది,non-hate,0.5278181672364943,0.47218183276350567,0.5278181672364943
61,non-hate,mixed_script,E movie Gురిన్చి okkadu నేగతివే ga మత్లదిన vaadu తేర్రోరిస్త్ ayyi ఉన్దలి..,non-hate,0.5088585210367338,0.4911414789632662,0.5088585210367338
62,non-hate,mixed_script,Kాస్త amma నన్న paina ప్రేమ kaligi వున్దన్ది bro,non-hate,0.5235454420651582,0.4764545579348418,0.5235454420651582
63,hate,mixed_script,Kులాఅ pechhe fూగ undeanana,hate,0.5084556027535088,0.5084556027535088,0.4915443972464913
64,hate,mixed_script,Are Babu నికు endukura,non-hate,0.5121547157521561,0.4878452842478439,0.5121547157521561
65,non-hate,mixed_script,"ఈన్తకి Rahul ఏవదబ్బ, sir ఇన్దిరేచ్త్ ga ఛోన్గ్రేస్స్ Rahul Gన్ధి ki హిన్త్ istunda కల్సిపోదమని",non-hate,0.5425094983151085,0.45749050168489147,0.5425094983151085
66,non-hate,mixed_script,"This should be a good lesson fోర్ youngsters. ంఓరల్ is "" jIvitaM లో gèlupuki బందు mitrulu ఎక్క్కువ, kAni ఓటమి èppuDu అనాదే""",non-hate,0.5138295830053176,0.48617041699468244,0.5138295830053176
67,non-hate,mixed_script,Vఅద్దు Bangaram నువ్వు happy గ vundali,non-hate,0.5124028995327904,0.4875971004672096,0.5124028995327904
68,non-hate,mixed_script,"కని, ekkuva చేస్తే alasata, వేఅక్నేస్స్, body పేరగక povadam, తీనగే lo తర్వత kuda fచే paina గద్దలు pimples రవదమ్ nijam...better కీప్ it త్వో-థ్రీ times a week..get బుస్య్ and fోచుస్ on యోఉర్ studies and career గుయ్స్.",non-hate,0.5082535522531931,0.49174644774680687,0.5082535522531931
69,hate,mixed_script,ఛేమ్ప pagilddemo,non-hate,0.5132573632553499,0.4867426367446501,0.5132573632553499
70,non-hate,mixed_script,వాడి asalu రూపం ade ఎవరిని èppuDu వాడుకుని vadileyAlo వాడి kaMTe ఏ rAjakIya నాయకుడికి tèliyadu,hate,0.5019519809371988,0.5019519809371988,0.4980480190628012
71,non-hate,mixed_script,మీ iddari వల్ల tèlaMgANa జనాలకి emanna ఉపయోగం uMdA చెప్పు,non-hate,0.5080166259437879,0.49198337405621206,0.5080166259437879
72,hate,mixed_script,అస్ల murmu ప్రేసిదేన్త్ ela అయిన్ధి india పర్వు poyindhi ని karra మోఖమ్ eskoni,non-hate,0.5078826999570116,0.49211730004298837,0.5078826999570116
73,non-hate,mixed_script,Eతువన్తి interviews కధా manaki కవల్సినవి,non-hate,0.5352599727788179,0.46474002722118213,0.5352599727788179
74,non-hate,mixed_script,శర్మ gAru చెప్పిన di నిజమా abaddamA అని chèppe ధైర్యం vILlaku లేదు,non-hate,0.5087798385722978,0.4912201614277022,0.5087798385722978
75,non-hate,mixed_script,నని anna మేరు great,non-hate,0.5228205476879193,0.4771794523120807,0.5228205476879193
76,non-hate,mixed_script,నువ్వు tèrAsa పార్టీ ..uMpuDu గత్తేనె kadA రా nuvvu,non-hate,0.5128826295942147,0.4871173704057853,0.5128826295942147
77,hate,mixed_script,మేడం ku ఉక్క postunaTTuMdi సంకలో bADI వేసుకుంది,non-hate,0.5106038854235565,0.4893961145764435,0.5106038854235565
78,hate,mixed_script,ప్రపంచంలో atipèdda అవినీతి pArTI టిఅర్ yas కెసిఆర్,non-hate,0.5266905184791696,0.4733094815208304,0.5266905184791696
79,non-hate,mixed_script,ఇలాంటి sèlabriTIlu ఇలా ShoSh కు rAvAli sir,hate,0.5047258504893728,0.5047258504893728,0.49527414951062715
80,non-hate,mixed_script,"ఆరేయ్ Babu ంఏము chinnappati నున్చి chiru fన్స్, pls దోన్'త్ hurt ఉస్, first చిరు next ఏవరిన maaku",non-hate,0.5307019499169906,0.4692980500830094,0.5307019499169906
81,non-hate,mixed_script,"ఏఈ yevudra వీదు, andanga వున్నవ్ antunnadu, అక్క antunnadu",non-hate,0.5166521938270225,0.48334780617297746,0.5166521938270225
82,non-hate,mixed_script,అరేయ్ shankar గ nvvu క్చ్ర్ sanka నకకు ra,non-hate,0.5289761750124825,0.4710238249875175,0.5289761750124825
83,non-hate,mixed_script,ఎవడి sTail వాడిది... devarakòMDa స్టైల్ devarakòMDa ది aMte ఇంట్లో tappemuMdi... వినిపిస్తుంది chèppanA.,non-hate,0.5202559656758214,0.47974403432417856,0.5202559656758214
84,non-hate,mixed_script,పవన్ kaLyAN గారు tammuDu.... మోహన్ bAbu అనే sariki అన్నయ్య chiraMjIvi గారు chinnapilloDilA నవ్వుతుంటే èMta ఎంత aMdagA ఉన్నాడో annayya,non-hate,0.5057114228678317,0.49428857713216834,0.5057114228678317
85,hate,mixed_script,Vఈదు am పికలేదు ani తేలుసు,non-hate,0.5403080638641397,0.45969193613586035,0.5403080638641397
86,non-hate,mixed_script,"ణేను vunnanu,nenu విన్నను,నేను chusanu.... all are ఏలిగిబ్లే for the Oscar లేవేల్ performance",non-hate,0.534931445008204,0.465068554991796,0.534931445008204
87,non-hate,mixed_script,పోన్లే pApaM కష్టపడ్డదానికి kòMchèM అయిన pratiphalaM దక్కింది …. కళ్ళు nèttikèkkiMchukokuMDA ఒదిగి uMTe మంచి Future ఉండొచ్చు,non-hate,0.5127568761758788,0.48724312382412116,0.5127568761758788
88,hate,mixed_script,ర్గ్వ్ gadu చనిపోవలి vadi చేత్తబన్ది ayina చేస్థ,non-hate,0.5323328884294019,0.46766711157059815,0.5323328884294019
89,non-hate,mixed_script,Pఅపమ్ bhayya బబి ki పోత్త abbam గ vundhi,hate,0.5032177378334772,0.5032177378334772,0.49678226216652277
90,hate,mixed_script,ఛల ibandi పేత్తవు anna ణువ్వు maa ఛిరు garini,non-hate,0.5175646668278123,0.4824353331721877,0.5175646668278123
91,non-hate,mixed_script,సూపర్ rk గారు chAlA మంచి progrAM,non-hate,0.5086366701510079,0.4913633298489921,0.5086366701510079
92,non-hate,mixed_script,భారత deshaMlo పాలన chetakAni సీఎం pAlana చేత kAka వేరే vALLani విమర్శించే ekaika సీఎం mana బతాల poShèTi,non-hate,0.5145911518374919,0.48540884816250807,0.5145911518374919
93,non-hate,mixed_script,ఏ rashtraniki జరిగే prathi అన్యయమ్ gurinchi నిస్వర్ధన్గ matlade ఏకైక vyakti మీరే saar,non-hate,0.5259679060474475,0.4740320939525525,0.5259679060474475
94,hate,mixed_script,అననయ panadey వి nimma దబ్బలు lanti పయలు,non-hate,0.5192476171116266,0.4807523828883734,0.5192476171116266
95,hate,mixed_script,చేథ ra బబు NTV,non-hate,0.5204900381927416,0.47950996180725836,0.5204900381927416
96,hate,mixed_script,Hi ra ట్।ఱ్।ష్. kukka…,non-hate,0.5134350146146252,0.48656498538537485,0.5134350146146252
97,hate,mixed_script,Fఅన్స్ ki రేస్పేచ్త్ Ivvslira అర్యే ntira,non-hate,0.5145463223986737,0.4854536776013263,0.5145463223986737
98,non-hate,mixed_script,"fిర్స్త్ aa అమ్మై family కి security ఇవ్వన్ది.., night నిఘ్త్ emaina జరగోచు...",non-hate,0.542362720758324,0.45763727924167596,0.542362720758324
99,non-hate,mixed_script,మీలాంటి vAru వుంటే ADapillalaku చాలా dharmaM జరుగుతుంది sAr,non-hate,0.5253192493730505,0.4746807506269495,0.5253192493730505
100,hate,mixed_script,ఆయన్ని okasari కోదిథేయ్ meeru లక్శ sarlu చుపిస్థున్నరు emkavali మీకు,non-hate,0.5258748210335863,0.4741251789664137,0.5258748210335863
101,non-hate,mixed_script,Thank you ఱ్ఱ్ఱ్ TDP కి bratkinchadamulo మి krushi మర్వలేనిది CBN గరికు,non-hate,0.5574594481159146,0.44254055188408536,0.5574594481159146
102,hate,mixed_script,గుధ్ధ balisi కొట్టుకుంటున్నవే,non-hate,0.5257497731398589,0.47425022686014107,0.5257497731398589
103,hate,mixed_script,ఇన్కా saavaledhu లే vaadu బానే sacchaadu యేధవకనిపిస్థూనే vundhigaa,hate,0.5003284921500395,0.5003284921500395,0.4996715078499605
104,non-hate,mixed_script,ంఅనకి ibbandi ఓచినప్పుదు koncham సహిన్చతమ్ Kastam ఓచినప్పుదు koncham భరిన్చదమ్ Anandham వచినప్పుదు koncham పన్చదమ్,non-hate,0.5111805766490017,0.48881942335099826,0.5111805766490017
105,non-hate,mixed_script,​త్ర్స్ party లో telangana కోసమ్ poradina వల్లే unnara పోరతమ్ ki వ్యతిరేకమ్ ga ఉన్నోల్లని ministers అల chesinaru..gurivinda గిన్జ ki కిన్ద unna మచ kanapadadu,non-hate,0.5034190213873356,0.49658097861266437,0.5034190213873356
106,non-hate,mixed_script,ంఅహేశ్ anna… దిసప్పోఇన్తేద్ with this movie..next మోవిఏ hit అవ్వలి…,non-hate,0.57425758923964,0.42574241076036,0.57425758923964
107,hate,mixed_script,"zగన్ ni పోగుథున్నవ, leka మిన్గుతున్నవ॥।ఇన్దిరేచ్త్ ga జగన్ secret లు ani చేప్తున్నవ్.",non-hate,0.5349860131326429,0.46501398686735707,0.5349860131326429
108,non-hate,mixed_script,షముద్రమ్లో alalu ఆగవు Harsha ఆన్న ki అన్న meeda ప్రేమ chavadi,non-hate,0.5034688448354495,0.4965311551645505,0.5034688448354495
109,hate,mixed_script,లన్జ puk మనగ్మేన్త్ valla మ warner మమలి vadi వేలిపోయరు,non-hate,0.5214509142558049,0.4785490857441951,0.5214509142558049
110,hate,mixed_script,ఫస్ట్ nItulu చెప్పావు kadA డబ్బు vaddani ఇప్పుడు èMduku తీసుకోమంటున్నావ్..,non-hate,0.5422358025140767,0.45776419748592334,0.5422358025140767
111,non-hate,mixed_script,సూపర్ anna నీ vIDiyos నీ mATalu అంటే nAku చాలా iShTaM అందుకే nI ఛానల్ sabskraib,hate,0.5030659373264696,0.5030659373264696,0.4969340626735304
112,non-hate,mixed_script,"Bz్P TRS ఇద్దరు dosthlu లే , బయతికి ivanni ద్రమలు",non-hate,0.5180407036637384,0.48195929633626156,0.5180407036637384
113,hate,mixed_script,మంగ్లీ pADina పాటలు annI ఒకేలాగనే anipistunnAyi పెద్ద DipharèMT ఏమీ ledu,non-hate,0.5252798936975774,0.47472010630242256,0.5252798936975774
114,hate,mixed_script,Yేమ్ matladuthunnav ర? Naralu కత్తై poiniy ణీకు lekkalenduku ర ayya? Wఈకేన్ద్ politician,hate,0.5035248067404692,0.5035248067404692,0.49647519325953077
115,non-hate,mixed_script,మీరు charitralo నీలుస్తరు bro ఃఅన్ద్'స్ off తో Your హేల్ప్ full తో poor people.,non-hate,0.5404419802842061,0.4595580197157939,0.5404419802842061
116,non-hate,mixed_script,ష్మిలే chudanidhe వేనక్కి thaggavu బ్రో nuvvu,non-hate,0.5012315222445447,0.4987684777554553,0.5012315222445447
117,non-hate,mixed_script,Pఇచోల gurinchi వినదమే gane దిరేచ్త్ ga ఏపుదు e video lo చుస్తున ...,non-hate,0.5418066345111372,0.4581933654888628,0.5418066345111372
118,hate,mixed_script,రేచిపోథున్నరు adhikaram లో unnaru అని ahamkara ధోరని,non-hate,0.5185677292109225,0.48143227078907747,0.5185677292109225
119,hate,mixed_script,టిత్లే leak అయిథే entiii లేఅక్ avakapothe ఏన్తీఇ॥॥మకు enti యీ golaaa....title ఏన్తూఓ mee బుఇల్ద్ up ఏన్తూఓ,non-hate,0.5102802152969109,0.4897197847030891,0.5102802152969109
120,non-hate,mixed_script,డిఏ hard fన్ frm Kేరల Nenu చూసిన pedha అచ్తోర్ uh టోల్ల్య్వూద్ lo Pఅవన్ Garuu,non-hate,0.5011034525178859,0.4988965474821141,0.5011034525178859
121,non-hate,mixed_script,ణా drustilo ప్స్ప్క్ garu డేవుదు,non-hate,0.5254352850052647,0.4745647149947353,0.5254352850052647
122,non-hate,mixed_script,ముందు rAjA సింగ్ nu కాపాడండి appuDe మీ pArTIpai ప్రజల్లో nammakaM ఏర్పడుతుంది,non-hate,0.5365347243979067,0.4634652756020933,0.5365347243979067
123,hate,mixed_script,పోయే kAlaM దగ్గర paDiMdi దేనికి,non-hate,0.5123871063718616,0.4876128936281384,0.5123871063718616
124,hate,mixed_script,"Yేర్రి paapalam మనమ్ , సమన్య prajalu",non-hate,0.5293260163788539,0.4706739836211461,0.5293260163788539
125,non-hate,mixed_script,"డ్ర్ YNM ౧ month అగో iMdulo మనం pèddagA ఆలోచించాల్సిన avasaraM లేదు. aMtA కాలం mahima.edo ఒకరోజు kAlaM ఆయనకు ivvavalasina గిఫ్ట్ tappakuMDA ఇస్తుంది. chesina కర్మలు anubhaviMchaka తప్పదు.. soniyA గాంధీ ayinA, మోదీ ayinA, చంద్రబాబు nAyuDu అయినా, jagan అయినా.. kAlaM అంతే..",non-hate,0.5259047276740035,0.47409527232599646,0.5259047276740035
126,hate,mixed_script,తట్టా buTTA సర్దుకొని rèDI గుండు jagan రెడ్డి TaiM అయిపోయింది,non-hate,0.5249655601682862,0.4750344398317138,0.5249655601682862
127,hate,mixed_script,zగన్ eppatiki ఛ్ం avvaledu రాసి pettukoo....ha ....,non-hate,0.5116556987145638,0.48834430128543616,0.5116556987145638
128,non-hate,mixed_script,"ంఏగ star అనే person , definitely ఏవదు oppukunna ఓప్పుకోకపోయినా inspiration తో many people long లివే sir",non-hate,0.5527122223916193,0.4472877776083807,0.5527122223916193
129,hate,mixed_script,జారిపోతానయి॥కొంచెం gaTTigA ముడి veyi,non-hate,0.501168398775595,0.49883160122440495,0.501168398775595
130,non-hate,mixed_script,తాగ్గి vAgutuMdi పాప Imè చిలకలూరపేటలో rikArDiMg డాన్స్రు,non-hate,0.5481694477641704,0.4518305522358296,0.5481694477641704
131,hate,mixed_script,"ణత్తు ga , neku మనిశికి undalsina లక్శనమ్ okkati కూద ledhu కధ ra.",non-hate,0.5005745096515736,0.4994254903484264,0.5005745096515736
132,hate,mixed_script,అప్ lo రోఅద్ la కి aa దిక్కు ledh మల్ల metro ఏన్ధి mawa,non-hate,0.5139021149628187,0.4860978850371813,0.5139021149628187
133,hate,mixed_script,Yేదిచవ్ le చోప్య్ cat వేశలు nuvvu,non-hate,0.5242603168322966,0.47573968316770343,0.5242603168322966
134,non-hate,mixed_script,"వాళ్లు I జీవితం lo కూడ phalaknAma ప్యాలస్ lo బోజనం chesivuMDakapoduru,nuvvu గ్రేట్ bro",hate,0.5098246473840937,0.5098246473840937,0.4901753526159062
135,non-hate,mixed_script,Eదే antha fచ్క్ news,hate,0.515029210475445,0.515029210475445,0.484970789524555
136,non-hate,mixed_script,"చాలా bAgA ఏక్ష్ప్లైన్ cheshAru బ్రదర్. Small చోర్రేచ్తిఓన్ mUlAdhAra, ఆజ్ఞ chakra, సహస్రార",non-hate,0.5241583852611371,0.4758416147388629,0.5241583852611371
137,non-hate,mixed_script,ఆల్లు aravind గరిలో manchi అచ్తోర్ vunnaru హిలరిఓఉస్,non-hate,0.5387078297838903,0.4612921702161097,0.5387078297838903
138,non-hate,mixed_script,ఈ kalam అమ్మైలు ki దబ్బులి vunte చాలు anukuntaru,non-hate,0.5303267018412782,0.46967329815872183,0.5303267018412782
139,hate,mixed_script,ఱహుల్ dravid వది moddalo సేలేచ్తిఓన్ asla చహల్ hi ఏన్ధుకు tesukole,non-hate,0.5149351563307769,0.4850648436692231,0.5149351563307769
140,non-hate,mixed_script,జనం. kUDA. మారిపోతే. chAlA బాగున్ను kadA,non-hate,0.5327285236158669,0.46727147638413313,0.5327285236158669
141,non-hate,mixed_script,పూరి chUste చాలా bAdha గా uMdi ...ఒక్క maMchi డైరెక్టర్ ilAMTi మూవీస్ tiyyaDaM ఏంటి ...i love you పూరి sir... వేరే hIro తో mUvI తియ్యి Anna,non-hate,0.5249728398741839,0.47502716012581614,0.5249728398741839
142,non-hate,mixed_script,పేదవల్లకు apadha వస్థే ventene వేల్లి sahayam చేసే goppa లేఅదేర్స్ komatireddy బ్రోథేర్'స్ dammunna లేఅదేర్ rajanna మ balam మ dhairyam మ pranam కోమతిరేద్ద్య్ brothers,hate,0.5015792622848851,0.5015792622848851,0.4984207377151149
143,non-hate,mixed_script,ఆఅద Paduchula ఊసురు thagili Yేల్లోవ్ party నసనమ్ kavali.,non-hate,0.5182301043078174,0.48176989569218265,0.5182301043078174
144,hate,mixed_script,జగన్ amma వది dabbulu పేత్తలి nanna గుద్ద lo నున్చి leppali,non-hate,0.5054003034368549,0.49459969656314506,0.5054003034368549
145,non-hate,mixed_script,ప్రతి pATa అరపు èkkuvagA ఉంటుంది èMduko అన్ని pATalu ఒకేలా unnAyi.,non-hate,0.5117050610885494,0.4882949389114506,0.5117050610885494
146,non-hate,mixed_script,పూరి sir లిగేర్ movie బ్లచ్క్ baster మీకు all the best sir,non-hate,0.5485725455139858,0.4514274544860142,0.5485725455139858
147,non-hate,mixed_script,ంఅములు ga ఏవ్వలేధు ga అన్చోర్ anna,non-hate,0.5326386219655334,0.46736137803446665,0.5326386219655334
148,hate,mixed_script,అరటి bòdalu అనంగా vinnAnu. ఇప్పుడు shrImukhivi చూశాను.,non-hate,0.535816893271352,0.46418310672864804,0.535816893271352
149,non-hate,mixed_script,ఇదీ òka ప్లాన్ prakAraM జరిగినట్టు uMdi భలే sIn,non-hate,0.5194337817020154,0.4805662182979846,0.5194337817020154
150,non-hate,mixed_script,K్చ్ర్ bsp వలు enni ఏఅస్తునరు month కి Nek,non-hate,0.5232837355295267,0.4767162644704733,0.5232837355295267
151,non-hate,mixed_script,ఆబ్బో iragadesindi సోన్గ్ vere లేవేల్,non-hate,0.5310622067895889,0.46893779321041107,0.5310622067895889
152,hate,mixed_script,బ్రో delete చేయకపోథేయ్ ma fన్స్ ninnu దేగేనుథరు,non-hate,0.5358943644681854,0.4641056355318146,0.5358943644681854
153,hate,mixed_script,ఇంత karuvulo ఉన్నరేంటిరా.,non-hate,0.5321129419463108,0.46788705805368924,0.5321129419463108
154,non-hate,mixed_script,Vఇనయక chavithi సుభకన్శలు Harsha సై,non-hate,0.5390007958977246,0.46099920410227535,0.5390007958977246
155,non-hate,mixed_script,A B ణ్ MD రాధాకృష్ణ gAri కి chukkalu చూపించిన ''K A pAl గారు'' mIru సూపర్ sAr నీ mATallo నిజాయితీ kalpistuMdi..,non-hate,0.5129129966351529,0.4870870033648471,0.5129129966351529
156,non-hate,mixed_script,ఆవినశ్ maMchoDu బ్రో episode మోత్థమ్ choodu జుస్త్ nAgabAbu అనమని chèppADu అంటా bro ఏపిసోదే lo...,non-hate,0.5170055458506901,0.48299445414930986,0.5170055458506901
157,hate,mixed_script,Pఅస్తోర్స్ aMdarikI ఒక manavi.dayachesi ఈ vidhamaina దేబతేస్ vèLLi ఛ్రిస్తిఅనిత్య్ kI ఉన్న viluva తగ్గించవదు.,non-hate,0.5165318135181435,0.4834681864818565,0.5165318135181435
158,hate,mixed_script,Pఇచి pattinattundi పీకేయ్ ki. A P అరచేకమ్ jaragabothundhi అని anipistundhi నకు,hate,0.513607689104024,0.513607689104024,0.48639231089597595
159,non-hate,mixed_script,ఇలా cheste దేశం paruvu పోతుంది daya చేసి deshaM పరువు tIyadu,non-hate,0.5044624799532127,0.4955375200467873,0.5044624799532127
160,non-hate,mixed_script,మంచి Ansar ఇచ్చారు bro,hate,0.5220787259793828,0.5220787259793828,0.47792127402061724
161,non-hate,mixed_script,z్డ్ garu మీ lanti Gేనుఇనే persons Pఅవన్ gariki support ga ఉన్తే baguntundi sir,non-hate,0.5183797917153518,0.48162020828464824,0.5183797917153518
162,non-hate,mixed_script,ఎంత mudduguMdo చాలా bAgunnAv బంగారం,hate,0.5354414154266838,0.5354414154266838,0.46455858457331617
163,hate,mixed_script,ణువు Am స్పేఅకేర్ ra బబు,non-hate,0.5362500492977286,0.46374995070227143,0.5362500492977286
164,hate,mixed_script,ఎంతమంది DyAns మాస్టర్ lu వచ్చినా prabhudevA మాస్టర్ lAgA వేయలేరు,non-hate,0.5096185165347299,0.4903814834652701,0.5096185165347299
165,hate,mixed_script,డ్ణ్ఱ్ still ఓల్ద్ school... Kలమ్ tho ంఅరకపోతే evaru ఐన kala ఘర్భమ్ lo కలిసిపోతరు.,non-hate,0.5271387329502635,0.4728612670497365,0.5271387329502635
166,non-hate,mixed_script,ప్రభాస్ gAru అనుష్క gAru మీరు tòMdaragA పెళ్లి chesukoMDi,non-hate,0.5430273801637965,0.4569726198362035,0.5430273801637965
167,non-hate,mixed_script,కొంచెంకూడ hIro అనే pògaru లేదు greT సార్ mIru,non-hate,0.5231689665784588,0.4768310334215412,0.5231689665784588
168,hate,mixed_script,ణని inkosari ప్క్ speech చుదు ... షోల్లు kakunda రైసే chesina పోఇన్త్స్ gurinchi మత్లదు... Sannasivenuv నో doubt,non-hate,0.519419113700538,0.48058088629946205,0.519419113700538
169,hate,mixed_script,మోహన్ babu ఓప్పుకున్న oppukokapoyina చిరన్జీవి peddankanni వచ్చిన gouravam మ్ taggipodu,non-hate,0.5279194285572588,0.4720805714427412,0.5279194285572588
170,hate,mixed_script,ఆత్లున్త్తధి palanadu థిత్లన్త్తే sarrigga దేగ్గుతమ్,non-hate,0.514921039949239,0.485078960050761,0.514921039949239
171,hate,mixed_script,షోన్థ Peru మేద registration చేయ్ leka పియదు,non-hate,0.5330776660333673,0.46692233396663274,0.5330776660333673
172,non-hate,mixed_script,"Hi harsha....happy వినయక chavithi, life long నువ్ happy గ undalani............aa దేవున్ని korukuntunna సై॥॥॥మయ్ god బ్లేస్స్ u హర్శ.",non-hate,0.528833111744976,0.47116688825502395,0.528833111744976
173,hate,mixed_script,సార్ kèsiAr గారు viShayAlanu పూసగుచ్చినట్లు chèptunnAru మాధవ rèDDi నయీమ్ la సంబంధించిన vivaraMgA మాట్లాడడానికి ibbaMdi పడుతున్నారు mIru కూడా haMDrèD పర్సెంట్ phek,hate,0.5049368621509431,0.5049368621509431,0.49506313784905687
174,hate,mixed_script,"ంఆతలు jagratha రూజ .alaga జనమ్ ,kodukulu అన్తున్నవ్వ్ mari అన్థ gb వోద్దు",non-hate,0.5075597654713021,0.4924402345286979,0.5075597654713021
175,non-hate,mixed_script,జని anna ఱ్ఛ్ annatho కలిసి hero గ cheste చూదాలని vundhi,non-hate,0.5368666187958471,0.4631333812041529,0.5368666187958471
176,hate,mixed_script,జగన్మోహన్ rèDDi వల్ల pillalu బాగా chUsukunnADu అని yAMkar వాగు toMdi వాళ్ళ pillalni కాక nI పిల్లలు bAgA చూసుకుంటారు,non-hate,0.5176379020497635,0.48236209795023655,0.5176379020497635
177,hate,mixed_script,"ఆపరా.... nuvvu ఒక ammAyi తో nIchaMgA వ్యవహరించి, vènaka నుంచి gaTTigA పట్టుకుందా manukunnA అని nI చరచ్తేర్ lose చేసుకున్నావ్... èvaDèM చేస్తాడు?",non-hate,0.5223285349424315,0.4776714650575685,0.5223285349424315
178,hate,mixed_script,ణి moham అన్తే kada,non-hate,0.5275747969498458,0.47242520305015423,0.5275747969498458
179,non-hate,mixed_script,ని news ని over అచ్తిఓన్ ki దన్దమ్ ra బబు,non-hate,0.5440418703638892,0.4559581296361108,0.5440418703638892
180,non-hate,mixed_script,అన్నా kAsta జాగ్రత్త... vALle అనుకోని lopala నుండి deMtonanna విసిరేరు... kAsta గ్యాప్ ichchi పోతండే... Love యోఉ Anna... నీ kaShTaM వృధా kAdu,non-hate,0.5246722448516202,0.47532775514837977,0.5246722448516202
181,non-hate,mixed_script,ఈ promo చూసినంత sepu నా mòhaMlo చిరునవ్వు Agaledu.,non-hate,0.5420834366657853,0.4579165633342147,0.5420834366657853
182,hate,mixed_script,Vఇzగ్ News రేపోర్తేర్ overaction చేస్తునదు,non-hate,0.5464598811493178,0.45354011885068224,0.5464598811493178
183,hate,mixed_script,మీ naDumu కేక AMTI,hate,0.501856577170191,0.501856577170191,0.49814342282980895
184,hate,mixed_script,కళ్ళల్లో nuMchi కామం kAripotuMdi,non-hate,0.5073508358397193,0.4926491641602807,0.5073508358397193
185,non-hate,mixed_script,ఆదర్శమైన pòliTikal లీడర్ ayite రాజకీయ sanyAsaM తీసుకుంటనని chèppAru. ఏమైంది,non-hate,0.5302934104161665,0.4697065895838335,0.5302934104161665
186,non-hate,mixed_script,జై janasena మన pArTI గెలవాలని manaspUrtigA కోరుకుంటున్న,non-hate,0.5187658685289493,0.48123413147105065,0.5187658685289493
187,non-hate,mixed_script,దేశానికి panikòchche ఇటువంటి vAru నొప్పి lekuMDAne ప్రాణాలను vadulutAru,non-hate,0.5131556317944024,0.4868443682055976,0.5131556317944024
188,non-hate,mixed_script,Good aMDi గీత kRRiShNa గారూ maMchi. ఇంటర్వ్యు,non-hate,0.5038717721210342,0.4961282278789658,0.5038717721210342
189,hate,mixed_script,Pఇచి hospital లో join అవర ayomayam,non-hate,0.5119487421830952,0.48805125781690484,0.5119487421830952
190,hate,mixed_script,​Bz్P lo సేఅత్ kosam బగ chesav లే stunt,non-hate,0.5321975770422066,0.4678024229577934,0.5321975770422066
191,hate,mixed_script,రౌడీ TiDipi,hate,0.5189455212270069,0.5189455212270069,0.4810544787729932
192,non-hate,mixed_script,"అవసరం ayinappuDu ప్రాణాలు ki తెగించి porADutAru మన AMdrapradesh పోలీసులు, phArèsT ఆఫీసర్స్. greT",non-hate,0.5245971110902448,0.47540288890975524,0.5245971110902448
193,non-hate,mixed_script,ఃఏ is గేనుఇనే person అందుకే lokal చిల్లర nAyakulu అంతా kalisi వాడిని TArgèT చేశారు,non-hate,0.5329108900580204,0.4670891099419796,0.5329108900580204
194,non-hate,mixed_script,కార్తికేయన్ 2 Congratulations phar బిగ్ rèspAns ఫ్రమ్ pavan కళ్యాణ్ anna,non-hate,0.5513037078285631,0.4486962921714369,0.5513037078285631
195,hate,mixed_script,Vఏధవలు Vedhavalu అన్ని chotla వున్నరు॥ఇన్క janalani యేదిపిన్చదమ్ tappa,non-hate,0.5127567147359426,0.48724328526405736,0.5127567147359426
196,non-hate,mixed_script,చంద్రబాబు shivuDu లాంటి vADu.. విషాన్ని kUDA తనలోకి tIsukuMTADu...ika ఇలాంటివి òka లెక్కే kAdu..,hate,0.5053262673149463,0.5053262673149463,0.49467373268505366
197,non-hate,mixed_script,జై rgv జై puri,non-hate,0.5111189191086954,0.48888108089130455,0.5111189191086954
198,non-hate,mixed_script,సోదరులు èMta గొడవ unna ఎవడన్నా tammuDini ఏమన్నా aMTe రక్తం Urukodu. అలాగే bhAratIyulu కూడా uMDAlani గొప్పగా chUpiMchina రాజమౌళి gAriki ధన్యవాదాలు,non-hate,0.512867306652746,0.48713269334725395,0.512867306652746
199,non-hate,mixed_script,"తెలంగాణ udyama గీతాల nuMDi, మాస్ gItAla మీదికి rUT మార్చిన maMglI",non-hate,0.5294215636860139,0.4705784363139861,0.5294215636860139
200,hate,mixed_script,Eక్షమ్స్ lo వున్దేయ్ vallani ఇన్విగిలతోర్స్ antaru అది kuda తేలీధు Veeedu మినిస్తేర్ chesadu.... కర్మర babu చి.... Thuppas న kodaka,non-hate,0.5123678431210436,0.48763215687895645,0.5123678431210436
201,hate,mixed_script,ప్క్ inka క pauk అప్ lo జోకేర్స్,non-hate,0.5182487770365256,0.4817512229634744,0.5182487770365256
202,hate,mixed_script,తెలుగు bAy ఫ్రెండ్ kAvAlI,non-hate,0.5288770079406204,0.4711229920593796,0.5288770079406204
203,hate,mixed_script,Bఓచు pikanddii,hate,0.5421716899585327,0.5421716899585327,0.45782831004146723
204,hate,mixed_script,దీనమ్మ dIni కి iMkA ఏం paniledA..,non-hate,0.5189920959392476,0.48100790406075244,0.5189920959392476
205,hate,mixed_script,Eమ్ kanapadathunnayi బోక్క,hate,0.5266919295136704,0.5266919295136704,0.4733080704863296
206,hate,mixed_script,ంఅను garu మేరు involve అవ్వకన్ది chala చిరకు ga వున్తున్ధి,non-hate,0.5440692722751777,0.45593072772482235,0.5440692722751777
207,hate,mixed_script,Kోన్ద gani ఓవేర్ action కోమ్పమున్చిన్ది,non-hate,0.5388218048018192,0.4611781951981808,0.5388218048018192
208,non-hate,mixed_script,రమణ gAru సూపర్ gA పాడేరు maLli మళ్లి vinAli అనిపిస్తుంది mIku a devuDu ఇంక maMchi స్తాయిలో vuMchAli అని korukuMTAnu,hate,0.5245662718453801,0.5245662718453801,0.47543372815461993
209,non-hate,mixed_script,ఆఆ Voice లో unna రజస yogame వేరే level zై Prabhas ఆన్న,non-hate,0.50775829266792,0.49224170733207995,0.50775829266792
210,non-hate,mixed_script,zేత్ల ​INDIA ని developed చేయదమ్ evarivalla కదని thelisipoindi ప్రజలకి॥॥।ఉన్నోది inka ఉన్న్న్థ lenodiki ఇన్క lenantha....life థో brathakali థప్పదు,hate,0.504842403852761,0.504842403852761,0.495157596147239
211,non-hate,mixed_script,ఆన్న super బ్రో,non-hate,0.5467836629886521,0.4532163370113479,0.5467836629886521
212,hate,mixed_script,షేల్f్ dabba యేక్కువ indhi ణగబబు nevu నే bussu లు thoo,hate,0.5140973737053257,0.5140973737053257,0.4859026262946743
213,hate,mixed_script,తీన్మ్మర్ mallana క్చ్ర్ cheppu నకుతధు,non-hate,0.5122168528923223,0.4877831471076777,0.5122168528923223
214,hate,mixed_script,Vఈలు chesadi గ్య్మ్నస్తిచ్స్ malla వలే dhani దన్చే anukuntaru,non-hate,0.5070104917545599,0.4929895082454401,0.5070104917545599
215,hate,mixed_script,పెద్ద pIThAdhipati లాగా aMdariki ఆశీర్వాదం istunnADugA,hate,0.5136469619629174,0.5136469619629174,0.4863530380370826
216,non-hate,mixed_script,వాడు edo జోక్ cheste అది nuvvu నమ్మడమే nA,non-hate,0.5212123949429153,0.47878760505708473,0.5212123949429153
217,non-hate,mixed_script,Pస్ప్క్ vachi ఫోతో dhigudham అన్తేయ్ aa ఏక్ష్చితేమేన్త్ ey వేరు adhi చ్లేఅర్ ga నివేథ face లో kanipisthunadhi,non-hate,0.5050673925040485,0.49493260749595147,0.5050673925040485
218,hate,mixed_script,ఱ్G్V effect వల్ల Puri చినేమలు anni దోబ్బయి.,non-hate,0.5391317277388109,0.4608682722611891,0.5391317277388109
219,hate,mixed_script,ఇలాంటి vIDiyos చేస్తుంటే mI ఫ్యామిలీ lo ఆడవాళ్లు gurtuku వస్తలేరా rA..blU బ్యాచ్ gA.. దాన్ని tannAli ఫస్ట్ IlAMTi వీడియో kI ఒప్పుకున్నందుకు,hate,0.5051114807262671,0.5051114807262671,0.49488851927373284
220,non-hate,mixed_script,గుండెల paina కాదు guMDè లోపల vunnAru సర్ mIru,hate,0.5194672842967479,0.5194672842967479,0.48053271570325207
221,non-hate,mixed_script,మాములుగా ledu ట్విస్ట్ sUpar అహ kèvvu కేక,non-hate,0.51896625834551,0.48103374165449,0.51896625834551
222,non-hate,mixed_script,ఇలా emi లేకుండా unna ఏకైక nAyakuDu... ఆప్జ్ abdul కలమ్ gaaru మాత్రమే,non-hate,0.5248724124311788,0.47512758756882123,0.5248724124311788
223,hate,mixed_script,యోగి baba రమ్ rahim సిస్తుదు edharu అదవ vallaki రేస్పేచ్త్ eyyaru ఏధరు pedha లన్గ gallu,hate,0.5066335697817261,0.5066335697817261,0.49336643021827387
224,non-hate,mixed_script,గాడ్ blèss యు samaMta సిస్టర్,non-hate,0.5118124452542714,0.4881875547457286,0.5118124452542714
225,non-hate,mixed_script,ఇటువంటి kathalu పడ్తానే dhikku లేకుండా poyiMdi,hate,0.50801552641441,0.50801552641441,0.49198447358559
226,non-hate,mixed_script,మీకు vaMda నమస్కారాలు rA బాబు,non-hate,0.5297878124515536,0.4702121875484464,0.5297878124515536
227,hate,mixed_script,ఱవి anna ఓఉది ounte నని vamsi అనిల్ kumar అమ్బన్తి lanti వాలు noru లేపేవరు kaademo,non-hate,0.5098844649118386,0.4901155350881614,0.5098844649118386
228,hate,mixed_script,ముందు arèsT చేయండి.. mIDiyA ముద్దు tIsukuraMDi రా...,hate,0.5000829653139152,0.5000829653139152,0.4999170346860849
229,hate,mixed_script,వ్ద్ overconfidence వల్ల ciniema దేన్గిన్ధి,non-hate,0.5288705247784722,0.4711294752215278,0.5288705247784722
230,hate,mixed_script,ఆన్ద్ర prajalaku సిగ్గు undali సోన్థ amma ను chellini పతిన్చుకోలేని vadu ంఈమన్లి chusukuntadu,non-hate,0.5166208711653841,0.48337912883461587,0.5166208711653841
231,hate,mixed_script,Vఇజయ్ devarakonda హ్య్పే tho ధమల్. Jr ణ్ట్ఱ్ next తుర్న్. Meeru అకశనికి ethe అన్థ great అచ్తోర్ emi కాదు..,non-hate,0.5127915225392372,0.4872084774607628,0.5127915225392372
232,hate,mixed_script,ంఏరే brathukulu ఇన్థేయ్ eka. ణసనయమ్ aaipotai,non-hate,0.5015738743685266,0.49842612563147337,0.5015738743685266
233,hate,mixed_script,ంఈరు moosukunte బగున్తది,non-hate,0.5260832035382208,0.4739167964617792,0.5260832035382208
234,hate,mixed_script,ంఈరు mi ఓవేర్ action అపన్ద్ర babu,non-hate,0.5437469164147104,0.4562530835852896,0.5437469164147104
235,non-hate,mixed_script,అంత chirAggA వుంటే.. sTej మీద ki ఎందుకెల్లార్ sAr,non-hate,0.5305431504619827,0.46945684953801725,0.5305431504619827
236,hate,mixed_script,ప్మ్ modi ని pakisthan కి tarmidengali జై kcr మేరే next ప్మ్,non-hate,0.5073099750844766,0.4926900249155234,0.5073099750844766
237,non-hate,mixed_script,బయటకు geMTesAru ఒక్కసారి laiv ప్రోగ్రాం nuMDi అంతే pAsT గా paiki లేచాడు chUpiMchAvu ఓటమి lo కూడా èlA పైకి rAvAlo అని,hate,0.5207514555055086,0.5207514555055086,0.47924854449449145
238,non-hate,mixed_script,ణయకుదు ela ఉన్దలి God బ్లేస్స్ you sir,non-hate,0.5433922276745281,0.4566077723254719,0.5433922276745281
239,hate,mixed_script,బ్జ్ప్ malli అదే double గమే maatladutondi....amaravathi మీద,non-hate,0.5282184675286317,0.47178153247136834,0.5282184675286317
240,hate,mixed_script,ణ్వ్వ్య్ nee బుఇల్ద్ up,non-hate,0.5524184112130398,0.4475815887869602,0.5524184112130398
241,hate,mixed_script,Bఅనిస La ఉన్నరు kadara మీరు me ఓవేరచ్తిన్గ్,non-hate,0.5404226910223751,0.45957730897762494,0.5404226910223751
242,hate,mixed_script,అన్దుకోకునే vaalu లగ vunnaru మేరు natho చోమ్పరిసిఓన్ na,non-hate,0.5057459915374513,0.49425400846254874,0.5057459915374513
243,hate,mixed_script,ళన్చమ్ antunaru అనమ్ garu...... ఇన్థకు mundu యోఉర్ government ఇలగేయ్ chesinda...,non-hate,0.5243595051632971,0.4756404948367029,0.5243595051632971
244,non-hate,mixed_script,పరుచూరి gopAla కృష్ణ gAri కి namaste మిమ్ములను mòdaTisAri భార్గవ rAmuDi సినిమాలో chUsAnu సూపర్ vèraiTI యాక్షన్ sAr,non-hate,0.5055588774483263,0.4944411225516737,0.5055588774483263
245,hate,mixed_script,ంఅ campus ఈ bro లన్జోదుకు,non-hate,0.5389394290229113,0.46106057097708875,0.5389394290229113
246,hate,mixed_script,"ఈప్ల్ ki best mana పల్యేర్స్ , ఇన్తేర్నతిఓనల్ matches ఏన్దుకు waste",non-hate,0.5377105042876125,0.46228949571238753,0.5377105042876125
247,non-hate,mixed_script,డ్న్ర్ sampadinchalani అనుకున్తే today చినిఏమ field లో ewaru సరిపోరు mahanubavudu దరిన్గ్ man,non-hate,0.5138179291167784,0.48618207088322163,0.5138179291167784
248,hate,mixed_script,ప్రేఇత్య్ zinta ఓక bazzar కుక్క team తేసుకోవదమ్ kuda రదు,non-hate,0.5399751415438413,0.4600248584561587,0.5399751415438413
249,hate,mixed_script,శన్కర్ ninnu బ్జ్ప్ kukka కోత్తినత్తు kodutaru,non-hate,0.5044106722494904,0.49558932775050957,0.5044106722494904
250,non-hate,mixed_script,సార్ mimalni చూస్తుంటే kòMDaMta దైర్యం vastuMdi,non-hate,0.5259353949838006,0.4740646050161994,0.5259353949838006
251,non-hate,mixed_script,మీ èMTrI వచ్చినపుడు nitin అన్న bhayapaDutunnADu,non-hate,0.5227174378294454,0.47728256217055465,0.5227174378294454
252,hate,mixed_script,నేను opènahArT విత్ RK తప్పక chUstuMTA. ఇంత daridrapu ఇంటర్వ్యూ pèTTakuMDA వుండాల్సింది. tenè పూసినకత్తి,non-hate,0.5153683348412694,0.4846316651587306,0.5153683348412694
253,hate,mixed_script,ణే bathukula సుల్లి net నేను dengina వదు esthada recharge aipothe,hate,0.5295402704453187,0.5295402704453187,0.4704597295546813
254,non-hate,mixed_script,బ్లాక్ sArI లో bAguMdi,non-hate,0.5088779423004818,0.4911220576995182,0.5088779423004818
255,non-hate,mixed_script,ఆయన piTTakathalanu బాగా enjoy చేస్తాం... aMtarlInaMgA ఓక adbhutavedAMtavAkyaM చెబుతారు dAnini వదిలేస్తాం.. adImanaM. “దేవుడు òkkaDe.. నీ maThaM కానంతమాత్రాన verevArini దూషించనవసరణలేదు.”,non-hate,0.5114422353351746,0.48855776466482537,0.5114422353351746
256,hate,mixed_script,Bఉథుల saka మన్త్రి ....,non-hate,0.5177887490690511,0.48221125093094885,0.5177887490690511
257,non-hate,mixed_script,ఆఅత్ల vastai ఆన్న niku ఏన్ని telivi తేతలు oka చినేమ thi అన్న,non-hate,0.5039539919994777,0.49604600800052234,0.5039539919994777
258,hate,mixed_script,Pఅరమ్బోకు ias ఓf్fిచేర్స్ ni వేతికి kcr zగన్ tesku వచి AP టేలన్గన lo పేద్తరు,non-hate,0.5132590421525657,0.4867409578474343,0.5132590421525657
259,hate,mixed_script,Eన్ధుకు ante వల్లు chetha లన్చోదుకులు bro,hate,0.5050256323047217,0.5050256323047217,0.4949743676952783
260,hate,mixed_script,రజ singh కల్థి maal అమ్ముథరు and రోవ్ద్య్ gunda,non-hate,0.5464935329264795,0.4535064670735205,0.5464935329264795
261,non-hate,mixed_script,"ర్మ kosaM చూసాను ,mòdaTisAri అతను òka హీరో abhimAni ఎలా ullAsaMgA స్టేజి pai మాట్లాడుతారో alA అనిపించారు",non-hate,0.5303487373172142,0.4696512626827858,0.5303487373172142
262,hate,mixed_script,ఱై atanu ఉద్యోగం correct గా chestunnADu ఎందుకు ra నాయకులు aMduru కలిసి niMdalu వేస్తారు... nijAyitI పని cheste ఎవరికీ nachchadu..ChI,non-hate,0.5257928176747696,0.4742071823252304,0.5257928176747696
263,non-hate,mixed_script,Eఏ video చుసిన్తర్వథ mee మీద respect పేరిగిన్ది,non-hate,0.5490290460394839,0.4509709539605161,0.5490290460394839
264,hate,mixed_script,ఛవు Nenu అవదు apadu,hate,0.5099642507796743,0.5099642507796743,0.49003574922032567
265,hate,mixed_script,ఱ్K్ Garu నేకు interview చేయదమ్ rakapoty మిస్కుని veray వల్లకు chance ఏవ్వన్ది niku రేస్పేచ్త్ evvadam తేలేదు,non-hate,0.5095502207440725,0.4904497792559275,0.5095502207440725
266,non-hate,mixed_script,Eఏ momment కి nizam గా aricham,hate,0.5134817904644915,0.5134817904644915,0.4865182095355085
267,non-hate,mixed_script,ఈన్థమన్ది abhmaninchali అన్తే entha అద్రుశ్తమ్ chesuko ఉన్దలి,non-hate,0.5233948000934151,0.4766051999065849,0.5233948000934151
268,non-hate,mixed_script,Pఅరిస్థిథులు maree ఇన్థ pagabattesayenti,non-hate,0.5005063046751925,0.4994936953248075,0.5005063046751925
269,non-hate,mixed_script,మాతృ bhASha తెలుగు aMTe అంత lokuvA పక్క rAShTrAla వాళ్ళు vAri మాతృ bhASha కి èMta గౌరవం ichchu కుంటారో chUsi నేర్చుకోండి,non-hate,0.5195718983509428,0.48042810164905725,0.5195718983509428
270,hate,mixed_script,ళక్శలు lakshalu fీస్ lu దేన్గిన,non-hate,0.5061100521011312,0.49388994789886875,0.5061100521011312
271,non-hate,mixed_script,ఇది kUDA పిచ్చి DAnsulu కి òppesukuMdi. తు dInamma. ఆడది aMTe గౌరవం potoMdi.,hate,0.5023236944065552,0.5023236944065552,0.4976763055934447
272,hate,mixed_script,ఆరేయ్ sollu చోమేద్య్ apandraaaa,non-hate,0.5246186500069137,0.47538134999308634,0.5246186500069137
273,non-hate,mixed_script,G్రీన్ dress సిస్ super గ chesaru,non-hate,0.5273392859949473,0.4726607140050527,0.5273392859949473
274,hate,mixed_script,"ంఏ iddaru వల్ల epI లో ADavALLa పరువు poyiMdi, పదవి kosaM ఎంతకైనా digajAre బ్రతుకులు mIvi",hate,0.5025056267202093,0.5025056267202093,0.49749437327979074
275,hate,mixed_script,ఓక ammai వి vundhi నథో argue చేస్థవ puku మోసుకోని inti పనులు cheyi,non-hate,0.5065462744635564,0.4934537255364436,0.5065462744635564
276,non-hate,mixed_script,నిజానికి prajala కోసం porADutunna ఏకైక nAyakuDu రేవంత్ rèDDi గారు,non-hate,0.5130806421109769,0.4869193578890231,0.5130806421109769
277,hate,mixed_script,ప్రథి chethanakoduku విరత్కోహ్లి ni అనేతోదే lavdapuk గల్లు,non-hate,0.5011276595890799,0.4988723404109201,0.5011276595890799
278,hate,mixed_script,ంఓవిఏ matram మోద్ద gudisi పోతధీఇ pakkaa,non-hate,0.5098516062545323,0.4901483937454677,0.5098516062545323
279,hate,mixed_script,రోజ ninnu చూస్థేయ్ nak గుద్దలో edo నకులధి nuuvu ని barrey గున్తు,non-hate,0.5135669204261935,0.48643307957380655,0.5135669204261935
280,hate,mixed_script,ణువ్ dancer వ chiii సిగ్గులేధు Neku,non-hate,0.5220066342708702,0.47799336572912976,0.5220066342708702
281,hate,mixed_script,టోక్క kooda ఓప్పుకోను,non-hate,0.5434082160285462,0.45659178397145384,0.5434082160285462
282,non-hate,mixed_script,"అభివృద్ధి, saMkShemaM రెండు chUDagala చంద్రబాబు valle రాష్ట్రనికి maMchi జరుగుతుందనేది mummATiki నిజం",non-hate,0.521041035263143,0.47895896473685695,0.521041035263143
283,non-hate,mixed_script,Bఅహుబలి time అన్థ Baganey ఊన్నవ్ Anna . Tharwatha ఈ sahoo కి radhe శ్యమ్ nachinatlu f్ర్న్ద్స్ tho సిత్తిన్గ్ uu fూద్ padypoyav ఆన్న ..Ayina సరేయ్ darling ఈ no ఓనే,hate,0.5134159466073593,0.5134159466073593,0.48658405339264066
284,hate,mixed_script,"Fరన్క్ ga చేప్పలన్తే evari పేర్సోనల్ life వల్లది... Meru చేస్థున్ది enti మరి Peruki పేద్ద news చన్నేల్స్... Avasaramayina news vadilesi సోధి news లు cheppatle....Apudu మిమ్మల్ని alage అనలి ga Eన్త sepu చినేమ valla పేర్సోనల్స్ lo, లేద social మేదిఅ peru చేప్పి Netizenlu త్రోల్ల్ chesthunaru అనతమ్... Controversy లని pani కత్తుకుని crete చేయ్తమ్॥।ఇల sodhi news ee కని paniki వచేవి epudyna చేప్పర ra? ష్చ్రప్ media చన్నేల్స్....",non-hate,0.5134034376982878,0.4865965623017122,0.5134034376982878
285,non-hate,mixed_script,ఃఏమ kuturu చల chala బగున్తది chala సుమ show లో chusanu,non-hate,0.5348765543322179,0.4651234456677821,0.5348765543322179
286,hate,mixed_script,women ki రేస్పేచ్త్ ledhu మల్ల vadu ఓక yogi మల్ల ha మోద్ద cm కుర్చి lo వున్ధి,non-hate,0.5102971226585679,0.48970287734143214,0.5102971226585679
287,non-hate,mixed_script,నువ్ hIro అవతావు anna అంత sTayil వుంది nilo ఇది riyal మాట,non-hate,0.503597193249596,0.49640280675040405,0.503597193249596
288,hate,mixed_script,ణిచే baaga ధిమ్పవ్ Anchor బ్రో.,non-hate,0.5367182952876485,0.4632817047123515,0.5367182952876485
289,hate,mixed_script,చార్మి pUrtigA కుదేలు nAku ఇంకో la కనిపించింది,non-hate,0.5180984939375931,0.4819015060624069,0.5180984939375931
290,hate,mixed_script,ఏర్య్ pappa ల tho చోమేద్య్ very పప్ప la ఉఅన్త్తధి dhodhu ధోధేయ్,non-hate,0.5154166301802253,0.4845833698197747,0.5154166301802253
291,non-hate,mixed_script,వెంకీ mAma ఫ్యాన్స్ jai వెంకీ mAma,non-hate,0.5641928474216673,0.4358071525783327,0.5641928474216673
292,non-hate,mixed_script,"Bఅబు gogineni గరు, suereb గ Chepparu",hate,0.5017203507715258,0.5017203507715258,0.49827964922847423
293,non-hate,mixed_script,Bఅన్గరమ్ lanti విfే failure కుద supporting గ undi కని veedu విని veshalu,non-hate,0.516643350138619,0.48335664986138105,0.516643350138619
294,hate,mixed_script,బాగా chadivinav గా rAsukuni మరీ.. madhyalo మన bhAryalu అన్నావ్ chUDu,non-hate,0.5057872729807641,0.4942127270192359,0.5057872729807641
295,hate,mixed_script,బానిస kaTTappalu బయటకి vachchAru..ika జగన్ ki భజన chèyyaDAniki..,non-hate,0.5029521951761909,0.49704780482380906,0.5029521951761909
296,non-hate,mixed_script,పాప chetiki కత్తి ichche సీన్ ènnisArlu చూసినా kaLLalo నీళ్లు tirugutunnAyi... G్రేఅత్ thought బ్య్ director,non-hate,0.5227878603381051,0.4772121396618949,0.5227878603381051
297,non-hate,mixed_script,మెగాస్టార్ chiraMjIvi గారు appaTiki ఇప్పటికి èppaTikI లెజెండరీ AkTar ఇన్ world,non-hate,0.536229841438475,0.46377015856152504,0.536229841438475
298,non-hate,mixed_script,ఈన్ direct రేశ్మి ke కిస్స్ aadiga దు sudheer భైయ్య,non-hate,0.5325295975894789,0.46747040241052107,0.5325295975894789
299,non-hate,mixed_script,సంక్రాంతికి rAbotunna చిరంజీవి gAri సినిమా mariyu బాలకృష్ణ gAri సినిమా maMchi విజయం sAdhiMchAlani కోరుకుంటూ,non-hate,0.5340200321315421,0.46597996786845786,0.5340200321315421
300,non-hate,mixed_script,సూపర్ anna జై pavan కళ్యాణ్ jai జనసేన nèksT సీఎం pavan కళ్యాణ్ gAre,non-hate,0.5356386154513212,0.4643613845486788,0.5356386154513212
301,hate,mixed_script,అప్పుదే amindi మున్దున్ది musallapanda చుదు ra,non-hate,0.506848097841333,0.493151902158667,0.506848097841333
302,non-hate,mixed_script,Vఈదు gelisthe తేలన్గన people ధి kuda అధే situation,non-hate,0.5151204418935577,0.48487955810644234,0.5151204418935577
303,hate,mixed_script,ఢుస్త chaathuryam! ంఈరు ilantivi ఏన్ని chesina ఏమ్ pikalerra!,non-hate,0.5072242427015813,0.4927757572984187,0.5072242427015813
304,non-hate,mixed_script,ఃఏల్పిన్గ్ nature కుద vundaali అపుదే manishiki విలువ,non-hate,0.5236555753985734,0.47634442460142656,0.5236555753985734
305,hate,mixed_script,మరదే tèlisi తెలిసి nippullo చేతులు pèTTaDaM అంటే,non-hate,0.506065702135276,0.493934297864724,0.506065702135276
306,non-hate,mixed_script,ంర్. Bandi అసలు 2019 కి muMdu ని asthi ఎంత ippuDu నీ Asthi ఎంత..,non-hate,0.5297608866741406,0.47023911332585944,0.5297608866741406
307,hate,mixed_script,ఆన్చోర్ be లికే: pichi న kdklni అన్ధరు ikkade ఉన్నరు,non-hate,0.5094874182446333,0.4905125817553667,0.5094874182446333
308,non-hate,mixed_script,ంఏగస్తర్ tho దుత్త్ garu ౪మోవిఏస్ theesthey ౩ industry హిత్స్।చరన్ janvi థో thwaraga జ్వస్ 2 థియ్యన్ది Dutt గరు,non-hate,0.5231127287803066,0.47688727121969343,0.5231127287803066
309,non-hate,mixed_script,E bjp ఓఇల్ rates ఇన్చ్రేఅసే chesi వన్త cheyali అన్తే kastam ఉన్ది anna,non-hate,0.5267157797134726,0.4732842202865274,0.5267157797134726
310,non-hate,mixed_script,ప్రజల tarapuna ఇంత sudIrgha పోరాటం chesi తాను gèlichi మమ్మల్ని gèlipiMchina దిలీప్ suMkara గారికి hRRidaya పూర్వక shubhAkAMkShalu...jai భీమ్ ...jai భారత్...,non-hate,0.5294590758891138,0.4705409241108862,0.5294590758891138
311,non-hate,mixed_script,Vఇజయ్ Devarakonda fన్స్ ekkada థగేధేలే,non-hate,0.516988643142658,0.483011356857342,0.516988643142658
312,non-hate,mixed_script,మహేష్ bAbu ల vuMD సితార pApa చాలా kyUT గా uMdi,hate,0.5014898483894463,0.5014898483894463,0.49851015161055373
313,hate,mixed_script,Pఓవీ pukuu మున్దా,hate,0.5042554394264354,0.5042554394264354,0.49574456057356464
314,non-hate,mixed_script,"పోయి central అప్పులు chudu, హున్గేర్ index, ఇన్f్లతిఓన్, poverty, ఉనేమ్ప్లోయ్మేన్త్ etc టేలన్గన lo లేఅస్త్ unemployment and development is peaking ఉప్ rapidly.",non-hate,0.53470163100379,0.46529836899621,0.53470163100379
315,hate,mixed_script,లంజాకొడుకులు laMjamuMDala జోకులా ivi నా kòDakallArA,non-hate,0.5397770478092229,0.46022295219077713,0.5397770478092229
316,hate,mixed_script,శq్ modda అన్తే vunnavu ర kevin నేకు enduku అf్fైర్,hate,0.5098571739663631,0.5098571739663631,0.4901428260336369
317,non-hate,mixed_script,నా Upiri ఉన్నంతవరకు nA ఓటు mIke అన్నా,non-hate,0.5112330358509816,0.48876696414901843,0.5112330358509816
318,non-hate,mixed_script,Pరథి scene ప్రథి shot ఉ mind పోథున్ధి Amma బబోయ్ Awesome స్చ్రిప్త్ selection,non-hate,0.5591217109674813,0.4408782890325187,0.5591217109674813
319,hate,mixed_script,ఈదేన్దయ్య idi ంఅరీఈ ila థయరయ్యరు Dandaalu ర ayya,non-hate,0.5305775846805242,0.4694224153194758,0.5305775846805242
320,non-hate,mixed_script,స్పేచిఅల్ respect fోర్ Indian చ్రిచ్కేత్ thanks fోర్ ( ఇన్తేర్నతిఓనల్ board ఓf్ Australia),non-hate,0.5468179884033632,0.45318201159663685,0.5468179884033632
321,non-hate,mixed_script,ఛేప్పేధి em లేకపోఇన ha హ్మ్ ani అన్న parledhu వల్లథో matladali అన్థీ,non-hate,0.5170676099544004,0.4829323900455996,0.5170676099544004
322,non-hate,mixed_script,Gుదివద king త్రుఏ leader,non-hate,0.5382459818873095,0.46175401811269046,0.5382459818873095
323,hate,mixed_script,సిగ్గు vundali అమ్మ jagan లన్తి erripuk కన్న anduku,non-hate,0.5033400604618044,0.49665993953819565,0.5033400604618044
324,non-hate,mixed_script,All the best annya ఆఅ॥ని Hard వోర్క్ apudu కి waste కధు sir జై janasena,non-hate,0.5135760030666633,0.4864239969333367,0.5135760030666633
325,non-hate,mixed_script,అప్పట్లో sunIl కోసమే DailAgs ఉండేవి ipuDu ఆలా lèv,non-hate,0.5180933848975839,0.48190661510241606,0.5180933848975839
326,non-hate,mixed_script,వావ్ mI డాన్స్ sUpar సూపర్,non-hate,0.5406788383051909,0.4593211616948091,0.5406788383051909
327,non-hate,mixed_script,వారు èvarito పెట్టుకుంటే mIkèMdukusAr.mIru రోడ్లు èMduku ఇయ్యలేదు? prAjèkTulu ఎందుకు kaTTaDaM లేదు? èMduku ఇంత appulu చేస్తున్నారు madyapAna నిషేధం èMduku చేయలేదు? kaMpènIlu ఎందుకు tIsukurAvaDaM లేదు?,non-hate,0.5046919249231376,0.49530807507686236,0.5046919249231376
328,hate,mixed_script,సిగ్గు saraM వున్న vALLu ఎవరు vIDi సినిమాలకు pòkaDadu ..... eMTrA A bAShA ...,non-hate,0.5013382645717545,0.49866173542824554,0.5013382645717545
329,hate,mixed_script,పో ra పిచి kukka . siggu లేధు em లేధు asla మనిశి vey న,non-hate,0.5030908626208004,0.4969091373791996,0.5030908626208004
330,non-hate,mixed_script,ఈలన్తి MLA ఆన్ని niyojaka వర్గల్లో enduku లేరు!!!,non-hate,0.5436213345568957,0.45637866544310435,0.5436213345568957
331,non-hate,mixed_script,Fఉల్ల్ video please bayya,hate,0.501331948106678,0.501331948106678,0.498668051893322
332,hate,mixed_script,తొడలు... assalu ఉన్నాయి,non-hate,0.526475350467274,0.473524649532726,0.526475350467274
333,non-hate,mixed_script,డ్రేస్స్ bavundi కాని phone పోయిన్ది,non-hate,0.5209190224881374,0.4790809775118626,0.5209190224881374
334,hate,mixed_script,ఎందుకు rikArDiMg డాన్స్ vALLaki విలువ ledu అంటే... ilAMTi మాటలు... vèkili చేష్టలు valle...,non-hate,0.5060093121948547,0.4939906878051453,0.5060093121948547
335,non-hate,mixed_script,అసలు iMglIShu సినిమాలు lone ఇలాంటి padAlu ఉంటాయి.,non-hate,0.5396024531916227,0.4603975468083773,0.5396024531916227
336,hate,mixed_script,ముందు muMdu స్పష్టం gA బూతులు mATlADestAru ఏమో,non-hate,0.5305297622096916,0.4694702377903084,0.5305297622096916
337,hate,mixed_script,ఆన్దుకే film దోబ్బిన్దీ,non-hate,0.5567124445946792,0.44328755540532083,0.5567124445946792
338,hate,mixed_script,కల్లు pathukoni సన్క kannidhi మేరు,hate,0.5064795431849849,0.5064795431849849,0.49352045681501516
339,non-hate,mixed_script,ఆదే matani దుకుదుగ cheppandi. షివ garu కనబదథరు maku. Vఓఇచే belaga వున్ది.,non-hate,0.5115632499995929,0.4884367500004071,0.5115632499995929
340,hate,mixed_script,ఇదేంటీ ilA నడుస్తుంది,non-hate,0.5165165123478072,0.48348348765219284,0.5165165123478072
341,non-hate,mixed_script,కోహ్లీ ki అనుకులం gA మరియు phAm లో unnapuDu ౩ icc చుప్స్ aMdiMchinA ధోని gauravaMgA కెప్టెన్సీ vadulukunnADu..aMdaru రిటైర్మెంట్ taravAta లెజెండ్స్ ayyaru కానీ kohli క్రికెట్ aDutune లెజెండ్ sthAyI నీ aMdukunnADu..kohlI స్టేయి vADu కెప్టెన్సీ kosaM ఇలా gòDavapaDaTaM వల్ల prapaMcha స్థాయీ abhimanulunnA కోహ్లి tAnA స్థాయిని tAgiMchukunnavADu అవ్వుతాడు॥కోహ్లి winning పేర్సేన్తగే yèkkuvunnA..IPL.kAni,hate,0.5027659828685598,0.5027659828685598,0.4972340171314402
342,hate,mixed_script,ఆరేయ్య్ vanni మేన్తల్ hospital లూ join చేయ్యద్రాఅ,non-hate,0.5447671558792233,0.4552328441207767,0.5447671558792233
343,hate,mixed_script,ణిజమే lanjalara అమ్మవదిపుకు degichukoniki థిసుకునర,non-hate,0.5265029952187441,0.4734970047812559,0.5265029952187441
344,non-hate,mixed_script,"చాలా adbhutaMgA మ్యూజిక్ DAns స్టెప్ risalT సూపర్,,",non-hate,0.5307242363263172,0.46927576367368284,0.5307242363263172
345,non-hate,mixed_script,అనిల్ gAnI వాయిస్ viMTe నాకు èkkaDo కలుది.... viDu విని mATalu...vèsT న kòMdi,non-hate,0.514755884778216,0.485244115221784,0.514755884778216
346,non-hate,mixed_script,అసలు hAran కొట్టకపోతే Train ఇప్పట్లో rAdani అర్థం,non-hate,0.5123380422418449,0.48766195775815513,0.5123380422418449
347,hate,mixed_script,fిర్స్త్ koja జోహర్ ni ఇన్దిఅ nunchi తర్మిదేన్గిథే sangam పేధ pothadhi,non-hate,0.5094189663118235,0.4905810336881765,0.5094189663118235
348,non-hate,mixed_script,Eన్దిన్గ్ naku తేఅర్స్ vachai బ్రో. Harsh సై real హేరో. God బ్లేస్స్ u brother.,non-hate,0.5511520214486515,0.4488479785513485,0.5511520214486515
349,non-hate,mixed_script,షోమేతిమేస్ nuvvu వచ్చినన్దుకు chala fీల్ avutunna నిన్ను ilanti పోసితిఓన్ lo వున్చిన naaa లన్తి die హర్ద్ fans ని chustunte అన్న,non-hate,0.5259416199249075,0.4740583800750925,0.5259416199249075
350,hate,mixed_script,రోజ oka నోరు vunna పిచి lanja నోరు vundhaani ఏధో edho మత్లద్థి,hate,0.50273816365077,0.50273816365077,0.49726183634923005
351,hate,mixed_script,Eఏమ em పీకిన్ధి ra జుద్గే la పేత్తరు,non-hate,0.5140766642288074,0.4859233357711926,0.5140766642288074
352,non-hate,mixed_script,ఆవ్ను nenu మిమ్మల్ని chusanu చాల sarl,non-hate,0.5128789342843358,0.48712106571566416,0.5128789342843358
353,hate,mixed_script,ంఓద్ద gudisipotav బోల్ల్య్వూద్ content లమ్తి movies తిస్తేయ్,non-hate,0.5271003385805584,0.4728996614194416,0.5271003385805584
354,hate,mixed_script,Pఇచ Na Kోదక!! Vinipisthunda ఱ Vijay G !!,non-hate,0.5104331037279848,0.4895668962720152,0.5104331037279848
355,hate,mixed_script,Pఓయకలమ్ deggara పదినప్పుదు alage చేస్థరు,non-hate,0.5287138428262874,0.4712861571737126,0.5287138428262874
356,hate,mixed_script,సంకనాకిస్తుంది... idi కూడా nijame,non-hate,0.5478138446641,0.4521861553359,0.5478138446641
357,hate,mixed_script,ఆరేయ్ howle ణిzమబద్ MP Pఅసుపు bord Eధి be ణ్వ్ esukunna ఆన్గి lagu కుధ Cangress ఇచ్చిన్ధే and ట్Eళాణ్Gాణా icchindhi కుద Cangress A meeru చేప్పే Digital ఈన్దిఅ lo ని AAdhar చర్ద్ kuda ఛన్గ్రేస్స్ tecchindhe,hate,0.5118682072487879,0.5118682072487879,0.4881317927512121
358,hate,mixed_script,"టిచ్కేత్స్ rates థగ్గిన్చాలి॥అప్పుదేయ్ janaalu థేఅత్రే ki వస్తారు.. Budget పేరుగుథోన్ధన్తేయ్ dhaanikkaranam ప్రోదుచేర్స్ e... ఃఏరోఏస్ budget, నోర్థ్ Indian హేరోఇనేస్, valla స్తf్f్ ni మేపాలి ivvanni థదిసి mopodavuthunnayi",non-hate,0.5200123542458805,0.47998764575411945,0.5200123542458805
359,non-hate,mixed_script,Fఇర్స్త్ telangana గురున్చి edvu జై bjp,non-hate,0.5166800912093891,0.48331990879061093,0.5166800912093891
360,hate,mixed_script,"విద్వేషాల ,vaiShamyAlu గురించి bIjepI మాట్లాడటం....",non-hate,0.5194774346741249,0.4805225653258751,0.5194774346741249
361,hate,mixed_script,వీడికి iMta మంది avasaramA వోవర్ kUDA,non-hate,0.5176846118321754,0.4823153881678246,0.5176846118321754
362,hate,mixed_script,"అలీ siggundali నీకు, sanskaram లేదు nIku, నవ్వుతూ unna సో called చేలేబ్రితిఏస్ ki నవ్వు èlA వస్తుందో",non-hate,0.5262496642349417,0.4737503357650583,0.5262496642349417
363,hate,mixed_script,Gీ bajaru చిల్లర dhaniki బగ hype ఇచరు kadha ర thu,non-hate,0.5044281753297314,0.4955718246702686,0.5044281753297314
364,hate,mixed_script,నేహ్రు amman దేన్గ ni వల్ల india పకిస్తన్ godava ఇన్క vundhi,non-hate,0.5136853847222737,0.48631461527772635,0.5136853847222737
365,non-hate,mixed_script,ఆలోచన chestunnAM డ్రామా rAv ఈసారి mimmalni ఓడించాలి ani,non-hate,0.5359792329291964,0.46402076707080364,0.5359792329291964
366,hate,mixed_script,ఆరేయ్ badcaw recharge iypothe data ala ఓస్థున్ధ్ర్ rah,non-hate,0.5090792987662439,0.4909207012337561,0.5090792987662439
367,hate,mixed_script,ఒరేయ్ musilDAnni కూడా vadala వారా,hate,0.5000160476677451,0.5000160476677451,0.49998395233225496
368,hate,mixed_script,శర్మిల nuvvu ఊరికి ki పోయి record దన్చేలు cheskho,non-hate,0.5088554433781755,0.49114455662182455,0.5088554433781755
369,hate,mixed_script,Vఈది maatalaku యేన్థ mandi కోదథారు veeni,hate,0.5030474651328443,0.5030474651328443,0.4969525348671558
370,non-hate,mixed_script,Are yAdava ల్లా rA మేగస్తర్ taravAta పవన్ kaLyAN రా chiru సర్ Ayana Vఏర leval జై bAlayya,hate,0.5147998940091316,0.5147998940091316,0.48520010599086844
371,non-hate,mixed_script,Eన్నిసర్లు chusina చుదలనిపిన్చే great స్చేనే idi,non-hate,0.5455564528529707,0.4544435471470293,0.5455564528529707
372,non-hate,mixed_script,సూపర్ DyAns మాస్టర్ jAnI,hate,0.5068427379428793,0.5068427379428793,0.4931572620571208
373,hate,mixed_script,ఆమ్మై ni పత్తుకోని kavalissindhi కోనుకో ani అన్త vurukuntunda,hate,0.508621573463742,0.508621573463742,0.49137842653625796
374,hate,mixed_script,నీలాంటోళ్లు pAlammina వాళ్లు chAlAmaMdi ఉన్నారు vALLaki ఎందుకు rAvaDaM లేదు adRRiShTaM .... anni దొంగ panulu చేసినవ్,non-hate,0.508437282888882,0.491562717111118,0.508437282888882
375,non-hate,mixed_script,Eఏ styles and mannerisms ప్రేసేన్త్ andaru వదుథున్నరు mana ఇన్దుస్త్ర్య్ lo,non-hate,0.5186342375559151,0.4813657624440849,0.5186342375559151
376,non-hate,mixed_script,"నేను chUsina వేలాది phannI వీడియోలల్లనే TAp ౧ leDI ఆక్షన్ vIDiyo ఇది .,,,ammAyi ఆక్షన్ sUpar",non-hate,0.5110836837052825,0.48891631629471755,0.5110836837052825
377,non-hate,mixed_script,ఏలాన్తి sannasi మతలు vinalani మకు ledu మున్దు sari గ matladu మరియద ichi పుచుకోవలే anthegani టేలన్గన slag ఆని memilage మత్లద్థ mante వేరే partila తేలన్గనోల్లు kada,non-hate,0.5072592835950562,0.49274071640494377,0.5072592835950562
378,non-hate,mixed_script,Sir Arun Kుమర్ garu మీకు hrudayapurvaka నమస్కరములు।సిర్ nenu కుద Kapil చిత్ lo చిత్ one ళ్.. vesanu .చిత్ purti అయిపోయిన్దింఏనే kakunda మ brother చేత friends చేత kuda వేయిన్చాను।బుత్ ippariki అమోన్త్ ivvatam లేదుఽమోన్త్ adigite దనిలోనే fixid దేపోసిత్ cheyyamantunnaru. చోన్సుమేర్ court కి velte బగున్తున్ద।ప్ల్z్ salaha ఇస్తరని aasisunnanu,non-hate,0.5386654572580666,0.4613345427419334,0.5386654572580666
379,hate,mixed_script,మోహన్ bAbu గారు kònni ప్రశ్నలకు samAdhAnaM చెప్పలేక bikkamòhaM వేశాడు. nILlu నములుతున్నాడు,non-hate,0.5222504554424621,0.47774954455753793,0.5222504554424621
380,hate,mixed_script,ఱోజ niku మినిస్తేర్ ichindhi హ shaka కి nayam చేయ్స్తవ్ ani. ఛీర lu పమ్పల miku అన్తేయ్ anam గరు cutdrawer లు pampala అన్నదు saripoyindha. Pఓవేర్ unnantha వరకు baganey ఉన్తున్ధి.,non-hate,0.5035052350923209,0.4964947649076791,0.5035052350923209
381,hate,mixed_script,Eఏ over అచ్తిఓన్ ke... షన్కా naakadu.. Kద. Ayinaa బుద్ది raa లేదు,non-hate,0.5185861215072198,0.48141387849278017,0.5185861215072198
382,non-hate,mixed_script,Oరేయ్ baffun గా college fీస్ lu థక్కువ్వ chesthee నీ mukaniki అది chaluu,non-hate,0.5037145391074208,0.4962854608925792,0.5037145391074208
383,hate,mixed_script,Bz్P Sanka నకు teenmar వర్తలు,non-hate,0.5248786955312982,0.4751213044687018,0.5248786955312982
384,non-hate,mixed_script,ఱిప్ sir.... ఆత్మ ki శాంతి kalagAlani కోరుకుంటున్నాను॥॥మన deshaMlo ఉన్నది ilAMTi బడా pArishrAmikavettalu సార్.,non-hate,0.5171705923113064,0.48282940768869365,0.5171705923113064
385,non-hate,mixed_script,ఇటువంటోళ్లు maMtrulugA ఉండడం tèlaMgANa చేసిన duradRRiShTaM,hate,0.510171197617102,0.510171197617102,0.48982880238289805
386,hate,mixed_script,ట్వరలో telugollanta పిచోల్లవుతారు,non-hate,0.5077324621417171,0.4922675378582829,0.5077324621417171
387,non-hate,mixed_script,ణేక్ష్త్ generation చల strong గ prepare చేస్థున్నరు,non-hate,0.5499790636174873,0.4500209363825127,0.5499790636174873
388,non-hate,mixed_script,వామ్మో sUpar చిట్టి thalli ️ AkShan కే prANaM పోసెల annav రా mummy,non-hate,0.5069502043864444,0.49304979561355555,0.5069502043864444
389,non-hate,mixed_script,కుత్త paguluddi ఎవడైనా(అన్య్ party/any ఓథేర్ fans) ఎన్టీఆర్ anna ని takkuva చేసి mATlADite,non-hate,0.529999462933952,0.47000053706604805,0.529999462933952
390,hate,mixed_script,Eది over అచ్తిఓన్,non-hate,0.5382456270898809,0.4617543729101191,0.5382456270898809
391,hate,mixed_script,"ఛి chi నీకు anchoring ఏవదు nerponchondo....farmers ని arrest చేసినరు ante...safety కి antava,intha దిక్కుమాలిన answer ఏమిన vuntada అసలు,అన్తే anyayam జరిగిన్ది Ani చేప్తే arrest లు chestaru,ala అర్రేస్త్ cheyyadam చోర్రేచ్త్ antava న్వ్",non-hate,0.5031010712211178,0.4968989287788822,0.5031010712211178
392,non-hate,mixed_script,గెటప్ shInu వావ్ sUpar mAn mègAsTAr బాడీ lAMgvej యాస్ iT is diMchesAvu సూపర్,hate,0.515303320712424,0.515303320712424,0.48469667928757604
393,non-hate,mixed_script,షుధీర్ ni తిమిన్గి timing అన్న,non-hate,0.5481245657343773,0.4518754342656227,0.5481245657343773
394,non-hate,mixed_script,తెలుగు lo ఉన్నా anni వ్లోగ్ ChAnèl వాళ్లని esukunna ణ్ట్B Anna కి dhanyavAdAlu..,non-hate,0.5324665483805675,0.4675334516194325,0.5324665483805675
395,hate,mixed_script,అబద్ధానికి pèdda నోరు uMTuMdi,non-hate,0.5200416725845998,0.47995832741540023,0.5200416725845998
396,non-hate,mixed_script,"ఘడ్డగా marI మనావర్ gAniki కూడా chèppu హిందూ devuLLa పైన jokulu చేయొద్దని, mari వాని Sho కు parmiShan ఇవ్వకుంటే ivannI కాకుండె kadA",hate,0.5040128255109058,0.5040128255109058,0.4959871744890942
397,non-hate,mixed_script,ఎందుకు sir అయిపోయిన pèLliki మేళాలు!!! vadileyaMDi sir. iddarU ఇలా tiTTukovaDaM జనాలకి vinodaM అయిపోయింది sir,hate,0.5022299363534839,0.5022299363534839,0.49777006364651605
398,hate,mixed_script,ఇత్లన్తివి èMduku చేస్తారండి meeru రోత్త cinemalu మత్రమే chestaru sir meeru... అన్య్ way .. ayina మీరన్తే naakistam sir,non-hate,0.5095115978814546,0.4904884021185454,0.5095115978814546
399,hate,mixed_script,ఇష్టం leni జాబ్ chestunaTTu ఉంది prabhAs ఫేస్,non-hate,0.5264772808917006,0.47352271910829935,0.5264772808917006
400,non-hate,mixed_script,Pఓవేర్ star.....anedi ఓక brand....evadu పదిథే vadu పోవేర్ star కదు॥।కలేదు॥।కిన్గ్ okkade పోవేర్ star ఓక్కలే॥।ఓన్ల్య్ powerful పోవేర్ star పవన్ Kalyan ఓక్కదే,non-hate,0.5297612037881062,0.4702387962118938,0.5297612037881062
401,non-hate,mixed_script,ంఆ allu అరవిన్ద్ gari చోమేద్య్ super అల్లు sir ప్ల్z్ meeru మోవిఏస్ loo అచ్త్ cheyandi,non-hate,0.540251477679181,0.459748522320819,0.540251477679181
402,hate,mixed_script,ఇనుము inumuni️ కాదు ènumu ఎనుముని anAli,non-hate,0.501563479345264,0.498436520654736,0.501563479345264
403,hate,mixed_script,మల్ల manchi ఏర్రి puku వోదు,non-hate,0.5189162114199598,0.4810837885800402,0.5189162114199598
404,hate,mixed_script,పేదవాడు ki జగన్ gAru ఎ maMchi పని chestunna దానికి korTulo కేసులు pèTTi న. bòlli గాడు kI ఓటు èvaru వెయరు,non-hate,0.5055699124062045,0.4944300875937955,0.5055699124062045
405,hate,mixed_script,డన్చే raani ధన్ని dance జుద్గే ga పేత్తరు,non-hate,0.5314572577879526,0.4685427422120474,0.5314572577879526
406,non-hate,mixed_script,ఛల ante చల bagundi బ్రో,non-hate,0.5361369615097848,0.46386303849021515,0.5361369615097848
407,non-hate,mixed_script,Are o నువ్వు sollu ఆపు thammi,hate,0.52832985115648,0.52832985115648,0.47167014884352
408,non-hate,mixed_script,నోటి tègulu అని rAsAv కదరా. mI ఛానల్ kannA నోటి tègulu ఎవరికీ uMTAdi.,non-hate,0.506948750988345,0.493051249011655,0.506948750988345
409,non-hate,mixed_script,f్రిఏన్ద్ల్య్ ga అన్నదు,non-hate,0.5468588487953674,0.4531411512046326,0.5468588487953674
410,hate,mixed_script,పొరపాటున maLLI గానీ rAjashekhar రెడ్డి gAru వస్తె kurchI పొద్దని tIsukèLLi కూర్చోబెట్టడు,hate,0.5087072217543447,0.5087072217543447,0.49129277824565537
411,non-hate,mixed_script,వాళ్లూ èlA ఉంటే manaku ఎందుకు vALLa సొంతవిశాయలు,non-hate,0.5156774552335279,0.4843225447664721,0.5156774552335279
412,non-hate,mixed_script,Y్చ్ప్ lo మీరు emi చేయలేరు Jsp లో neeku నఛినత్తు vundavachhu,hate,0.5163980425556901,0.5163980425556901,0.4836019574443099
413,hate,mixed_script,పవన్ kaLyAN మూవీస్ lo హీరో... rAjakIyaM లో ' ౦',non-hate,0.5407536898353487,0.45924631016465134,0.5407536898353487
414,non-hate,mixed_script,మొత్తం chUsA నిజాయతీ gA వున్నాయి prashnalu జవాబులు॥సూపర్ bai రెడ్డి siddArth రెడ్డి,non-hate,0.5298226189607386,0.47017738103926143,0.5298226189607386
415,non-hate,mixed_script,"ఱ్K్ gAru, సగం mIre మాట్లాడేస్తున్నారు, dayachesi అవతలివాళ్ళని pUrti గా mATlADanIyaMDi.",non-hate,0.5149639560057864,0.48503604399421363,0.5149639560057864
416,non-hate,mixed_script,ంఅన్చు family కి inka రేస్పేచ్త్ undi అన్తే adi ఓన్ల్య్ nee వల్లే manoj అన్న,non-hate,0.5397365063557645,0.46026349364423547,0.5397365063557645
417,non-hate,mixed_script,Gోద్fథేర్ maro Pఅన్ India Bలోచ్క్ buster చోమిన్గ్ soon జై chiraMjIva,non-hate,0.5306015343976159,0.4693984656023841,0.5306015343976159
418,non-hate,mixed_script,ంఏకు kuda మన్చి bavisath ఉన్న్తది,non-hate,0.5093068447725367,0.49069315522746326,0.5093068447725367
419,hate,mixed_script,"Bహుథులు gurinchi, దోఉబ్లే meanings గురిన్చి nuv మత్లదోధు anusuya ప్ల్z్",non-hate,0.5147798820773652,0.48522011792263475,0.5147798820773652
420,non-hate,mixed_script,ఎన్ని sArlu చూసిన chUDAlani అనిపించే speech,non-hate,0.5189602257199895,0.48103977428001055,0.5189602257199895
421,non-hate,mixed_script,Eవదికి vadu అచ్తిన్గ్ eraga తిస్తున్నరు,non-hate,0.5152810835238031,0.4847189164761969,0.5152810835238031
422,non-hate,mixed_script,ంఅన్చు Family Pఅరువు kapade ంఅనిశి Nuvvu Oక్కదే anna,non-hate,0.5259291964822942,0.4740708035177058,0.5259291964822942
423,hate,mixed_script,నువ్వు òkka రోజు jabardast లో bAlayya బాబుతో phonlo మాట్లాడలేదా ve,non-hate,0.5604735555030165,0.4395264444969835,0.5604735555030165
424,non-hate,mixed_script,మేము prajalaki ఫలానాది chestAmani చెప్పుకొని prajalloki రావాలి e బొక్క ledu వచ్చి eM పీకుతారు,non-hate,0.5267911733676481,0.47320882663235186,0.5267911733676481
425,non-hate,mixed_script,ఇంత parij~nAnaM ఉన్న sIèM ఆంధ్రకి sIèM కావడం ènno జన్మల puNyaM,non-hate,0.5174434831420859,0.4825565168579141,0.5174434831420859
426,hate,mixed_script,లైక్ lu కొట్టేవాళ్ళు èkkuvA కానీ oTlu వేసేవాళ్ళు chAlA తక్కువా,non-hate,0.5164194822942616,0.4835805177057384,0.5164194822942616
427,non-hate,mixed_script,K pal గరు miru సుపేర్,non-hate,0.5153321428326442,0.48466785716735583,0.5153321428326442
428,non-hate,mixed_script,క్షవరం ayite గానీ vivaraM తెలియదు lèMDi.... పృధ్వీ gAru,non-hate,0.5282889077605314,0.4717110922394686,0.5282889077605314
429,non-hate,mixed_script,ప్రషు vALLa డాడీకి òka లైక్ kòTTaMDi,non-hate,0.5436237824000247,0.45637621759997526,0.5436237824000247
430,hate,mixed_script,ఆఆ cheera ఏత్థి guddalo పేత్తర be నీ mogga ని,non-hate,0.5005985216934682,0.4994014783065318,0.5005985216934682
431,non-hate,mixed_script,"రమేష్ mAsTar డ్యాన్స్ prAkTIs సూపర్, idI పద్దతి",non-hate,0.5147617982165963,0.4852382017834037,0.5147617982165963
432,hate,mixed_script,ణీలన్తి vallu వల్ల nijame అయిన devunuki అవమనమ్ jarukutundhi,non-hate,0.500191935335291,0.49980806466470895,0.500191935335291
433,non-hate,mixed_script,కోడలు pilla మా kòDuku నీ pèLli చేసుకుంటావా kaTnaM ఏం vòddu మేమే iShTamu కావాలంటే,non-hate,0.5112009694946804,0.4887990305053196,0.5112009694946804
434,hate,mixed_script,ఆన్చోర్ be లికే: pichi న kdklni అన్ధరు ikkade ఉన్నరు,non-hate,0.5094874182446333,0.4905125817553667,0.5094874182446333
435,non-hate,mixed_script,అసలు eM ఉంది rA అక్కడ pòTTa ఒకటి uMdi అక్కడ,non-hate,0.5022866675484643,0.4977133324515357,0.5022866675484643
436,non-hate,mixed_script,మీకు assalu ఏమ్ matladalo కుద telidhu ఏదో vaagaali వాగుథారు nv పేద్ద leader వి nv చేప్పిన్ధే nijam ఏన్దుకు paniki మాలిన debate లు,non-hate,0.5148377630185421,0.4851622369814579,0.5148377630185421
437,non-hate,mixed_script,మల్లారెడ్డి aMtaDabbu రేవంత్ rèDDiki ఇచ్చారు aMTe... మల్లారెడ్డి ènni వేల koTla డబ్బు avinItigA సంపాదించి uMTADu... సక్రమంగా saMpadiste ఎవ్వరికి ivvanavasaraM ఉండదుగా.... revaMt ఒక్కడికె kAdu..prajalaMdarikI నీ avinIti డబ్బు paMchAli.. అప్పుడు èvvaDu బ్లాక్ mèl చేయడు.,non-hate,0.5204363262924798,0.4795636737075202,0.5204363262924798
438,hate,mixed_script,ఓక ammai వి vundhi నథో argue చేస్థవ puku మోసుకోని inti పనులు cheyi,non-hate,0.5065462744635564,0.4934537255364436,0.5065462744635564
439,hate,mixed_script,ఆన్థ energy గుద్ధలో nundi వస్తున్ది,non-hate,0.5214277659047476,0.4785722340952524,0.5214277659047476
440,hate,mixed_script,బోన్ద uma కుక్క esaga మfిఅ king,non-hate,0.5213806456761186,0.47861935432388136,0.5213806456761186
441,hate,mixed_script,Pఅదవి kosam పేన్త ina తిన్తదు,non-hate,0.5151999112007931,0.4848000887992069,0.5151999112007931
442,hate,mixed_script,K్చ్ప్ద్ men's కుథ chnpi పద్దేన్గుథ,non-hate,0.5304666582946417,0.4695333417053583,0.5304666582946417
443,hate,mixed_script,Vఈదేమ్మ veedi ల్స్స్గే waste ధి,non-hate,0.5258779811899155,0.47412201881008453,0.5258779811899155
444,hate,mixed_script,విజయ్ mallya నిరవ్ modi కపదిన్ధి bjp మల్ల ha బాతే shah గదు nak ఏమ్తేలిధు antaru,non-hate,0.5042852531363906,0.4957147468636094,0.5042852531363906
445,hate,mixed_script,కేసీఆర్ kebinèTlo మీటింగ్ ledu బొచ్చు ledu,non-hate,0.5333774922328348,0.4666225077671652,0.5333774922328348
446,hate,mixed_script,"అత్లేఅస్త్ akkadaina వుద్యోగమ్ vacchindi,chaala మన్దికి adi సమ్పదిన్చే scene లేదు le బ్రో",non-hate,0.5100922942954721,0.4899077057045279,0.5100922942954721
447,hate,mixed_script,Eఏ Rashmi కి roju రోజుకి dhebbalu గత్తిగానే gudhuthunnaru,hate,0.5017911183485482,0.5017911183485482,0.4982088816514518
448,hate,mixed_script,ఱయలసీమ simham పరితల Ravi తేలుగురశ్త్రల devudu ణ్ట్ఱ్ but fమిల్య్ members ఓf్ both హవే utterly fైలేద్ to చర్ర్య్ the లేగచ్య్ of these both ఇన్ their రేస్పేచ్తివే range and categories,non-hate,0.5309589914246676,0.4690410085753324,0.5309589914246676
449,hate,mixed_script,ఆన్థ fake ఏయ్ solu గలు baga ఏకువ ayaru,hate,0.5012984847789399,0.5012984847789399,0.4987015152210601
450,non-hate,mixed_script,"ంఉస్తచే kosam వైత్ chesi ఉన్తదు,ఇన్ని rojulu ఈ video చేయదనికి,ఏన్థైన ne దేదిచతిఓన్ ki హత్స్ off బ్రో",non-hate,0.5297949836824741,0.47020501631752587,0.5297949836824741
451,non-hate,mixed_script,ఈ sinimA మంచి vijayaM సాధించాలి ani ఎంతమంది korukuMTunnAru.,non-hate,0.5440335900558073,0.4559664099441927,0.5440335900558073
452,hate,mixed_script,"రాష్ట్ర vibhajana హామీ prakAraM రైల్వే jon, ప్రత్యేక hodA, చెన్నై vishAkhapaTnaM సీ kAriDAr, స్టీల్ plAMT పునరుద్దరణ mòdalagu హామీలు migile ఉన్నాయి",non-hate,0.5242147260608181,0.4757852739391819,0.5242147260608181
453,hate,mixed_script,Kమ kukka,hate,0.5551089295555671,0.5551089295555671,0.44489107044443293
454,non-hate,mixed_script,కు DAns రాదు ane స్టేజ్ nuMDi డాన్స్ aMTe ఇది rA అనే reMj కి vachchAvu జాని annA,hate,0.5111872153460195,0.5111872153460195,0.48881278465398054
455,hate,mixed_script,తాత nIku ౬౦ pApa కీ 25yèMdIrA మాకు I దరిద్రమ్...?️️️,non-hate,0.5194716759959674,0.48052832400403256,0.5194716759959674
456,non-hate,mixed_script,Kస్త padithe ఏప్పుదు pratipalam ఉన్తున్ది.. congratulations,non-hate,0.5143769149046521,0.4856230850953479,0.5143769149046521
457,hate,mixed_script,షుల్లి ra,non-hate,0.5442053582939512,0.4557946417060488,0.5442053582939512
458,non-hate,mixed_script,౪ lo సేచోన్ద్ di తిసి 1 కి 2 కి madyalo పేదితే 4 అవ్తున్ది order సరిపోతది,non-hate,0.5366360261612078,0.46336397383879224,0.5366360261612078
459,non-hate,mixed_script,ణివేథ konni ఇన్తేర్విఏవ్స్ lo ఆ time లో Rajinikanth గరిథి movie చేస్తున్న idem పేద్ధ movie కనత్తు matladindhi.she was not గ్రేఅత్fుల్ to అచ్త్ in Pష్PK్'స్ movie.,non-hate,0.5418086761048986,0.4581913238951014,0.5418086761048986
460,hate,mixed_script,ఛర్మి ki Eదో ayindi నవ్వలేక sachipothundi,non-hate,0.5169863973430447,0.48301360265695525,0.5169863973430447
461,hate,mixed_script,దయచేసి èvarainA ముందు vIDini మెంటల్ hAspiTal కి tIsukuvèLlaMDi వీడు èvarèvarini ఏం mATlADutuMdo అర్థం kAvaTledu ఈ nA కొడుక్కి pichchi పట్టింది,hate,0.5181355459938453,0.5181355459938453,0.4818644540061547
462,non-hate,mixed_script,పవన్ kuparuvupòTame నితికిఎతిరెకంగపొరడుతునడు ayanakumachidikadu జగన్ nilaMTòDukadu జగన్ devuDulaMTivaDu,non-hate,0.5147339725486726,0.4852660274513274,0.5147339725486726
463,non-hate,mixed_script,The great హోనేస్త్ true లేఅదేర్ Pawan Kల్యన్ sir చ్మ్ kavali న్యయమ్ jaruguthundhi అప్ prajalaki sir,non-hate,0.5321847374169179,0.46781526258308215,0.5321847374169179
464,non-hate,mixed_script,"Pఏల్లి meeda నకు chala ద్రేఅమ్స్, respect వున్దేధి itlanti ఇన్తేర్విఏవ్స్ chusinappudalla పేల్లి chesukokunda వున్దదమే manchidi అనిపిస్తున్ధి",non-hate,0.5369821215425256,0.46301787845747444,0.5369821215425256
465,non-hate,mixed_script,ంఅరి atluntadhi క్రిథి brm థోని andham అన్తే minimam అత్త,non-hate,0.5179783386510659,0.4820216613489341,0.5179783386510659
466,non-hate,mixed_script,హ్యట్సాఫ్ polIs సర్,non-hate,0.5374274336058579,0.4625725663941421,0.5374274336058579
467,non-hate,mixed_script,నా baMgAraM... A navvulone ఉంది anna మా saMtoShaM,hate,0.5105597423248993,0.5105597423248993,0.48944025767510074
468,hate,mixed_script,ఱీ babu ణని GA నేకు eaduku ఱ avasaram వజయ Sai చప్పలి ha విసయమ్ nevu ఏఅదుకు neku అవసరమ్ eamiti,non-hate,0.5222136127727126,0.4777863872272874,0.5222136127727126
469,non-hate,mixed_script,రాజు gAru మీరు sUpar సార్ bAhubali రఘు rAm రాజ్ sUpar సార్ puli అంటే mIru సార్,non-hate,0.5139263301897022,0.48607366981029776,0.5139263301897022
470,non-hate,mixed_script,మీరు kònuDu కాదు sAru నీ biDDalAMTi ప్రజలు kònAli,non-hate,0.537907017242539,0.462092982757461,0.537907017242539
471,non-hate,mixed_script,కింగ్ is బ్యాక్,non-hate,0.5092646910875452,0.49073530891245476,0.5092646910875452
472,non-hate,mixed_script,ణని fans అన్తే mamoluga ఉన్దధు mari సుపేర్ love యోఉ nani love you,non-hate,0.525294685611352,0.47470531438864805,0.525294685611352
473,hate,mixed_script,ణికు yevadu ర cheyyamannadu,hate,0.526506666512865,0.526506666512865,0.47349333348713496
474,hate,mixed_script,E vedio చుసి nenu చేసుకోవాల్సి vastundi ఇన్కా chaalu,non-hate,0.5246449597801907,0.47535504021980934,0.5246449597801907
475,non-hate,mixed_script,Fఉల్ల్ clarity థో unnaru and correct గ chepparu ... movies లో fan fోల్లోవిన్గ్ veru ...రేఅల్ life లో fan fోల్లోవిన్గ్ veru ..,non-hate,0.5385121371195379,0.46148786288046206,0.5385121371195379
476,non-hate,mixed_script,కాపీ kAkuMDA వేరే Trai చేసే sUpar విజయం nIde పిల్లి DuD,non-hate,0.5201948350757593,0.47980516492424075,0.5201948350757593
477,non-hate,mixed_script,Vఇల్లగే pilla నీవు super,non-hate,0.5179113421554927,0.4820886578445073,0.5179113421554927
478,non-hate,mixed_script,దత్తపుత్రుడికి iMkA సిగ్గు rAledu,non-hate,0.5242492928744416,0.47575070712555845,0.5242492928744416
479,non-hate,mixed_script,ఇంత tèlivaina ముఖ్యమంత్రి ni ఎన్నుకున్నారు,non-hate,0.524216467455955,0.47578353254404504,0.524216467455955
480,hate,mixed_script,Wఅస్తే fellow హే did నోథిన్గ్ for తేలేన్గన,non-hate,0.5407548436498565,0.4592451563501435,0.5407548436498565
481,non-hate,mixed_script,Vఆదు feel అవ్వదు... Vaadi అన్స్వేర్ ki నువ్ avthav,non-hate,0.5267266762255141,0.47327332377448594,0.5267266762255141
482,non-hate,mixed_script,కల్యాణ్ dilIp సుంకర gAru చాలా chakkagA వివరించారు. dhanyavAdAlu.,hate,0.5001594969864804,0.5001594969864804,0.4998405030135196
483,hate,mixed_script,నువ్వు poyyi మోది modda చేకు mms ఓక great ఏచోన్మిస్త్ ani ప్రపమ్చమ్ anukondhi అన్తను lekunte ఇన్దిఅ ledhu,non-hate,0.5015277884318797,0.49847221156812027,0.5015277884318797
484,hate,mixed_script,ఆమె nI తల్లి ayite ఇలాగే chestAvA,non-hate,0.5241067363980056,0.47589326360199435,0.5241067363980056
485,hate,mixed_script,",విస్వక్ gADiki బాగా èkkuvaiMdi.idi మంచి paddhati కాదు",non-hate,0.531052494521173,0.468947505478827,0.531052494521173
486,non-hate,mixed_script,ఇంత phiT బాడీ uMDi అప్పు anna అల maraNiMchaDaM బాధగా uMdi,non-hate,0.5107850028137283,0.4892149971862717,0.5107850028137283
487,hate,mixed_script,షూతిన్గ్ leka మిన్ద్ dobbindi .చోఉర్త్ should చోన్సిదేర్ this ఇస్సుఏ .if students take హిమ్ as ఇన్స్పిరతిఓన్ then వ్హత్ will హప్పేన్. Is ఇత్ correct .ప్ల్స్ consider ఇత్,non-hate,0.5480889438679339,0.45191105613206606,0.5480889438679339
488,hate,mixed_script,ష్కేత్చ్ vesiMdi ఎవరో kUDA చెప్పండి (dammu ఉంటే),non-hate,0.5228200901435878,0.47717990985641223,0.5228200901435878
489,non-hate,mixed_script,"The courage తో be దిస్లికేద్"" ee బూక్ summary చేయ్యన్ది anna.",non-hate,0.5427692473614429,0.45723075263855706,0.5427692473614429
490,hate,mixed_script,ణ్త్ర్ kadhu బేయ్ ntr గరు give రేస్పేచ్త్,non-hate,0.5369710178033301,0.4630289821966699,0.5369710178033301
491,non-hate,mixed_script,ఎక్కడికి potoMdi మన saMskRRiti,non-hate,0.5072844462646386,0.49271555373536136,0.5072844462646386
492,non-hate,mixed_script,పోనీ AMdhrapradesh కు separate కరెన్సీ noTu పెట్టీ noTlu గుద్దు jagan అన్న gAMdhi గారి phòTo బదులు nI ఫొటో pèTTu అన్న,hate,0.5063395030912208,0.5063395030912208,0.4936604969087792
493,non-hate,mixed_script,షుపేర్ Madam దన్చే chala బగవేసరు,non-hate,0.5676373392654585,0.43236266073454155,0.5676373392654585
494,hate,mixed_script,జగన్ sharIraMlo అణువు aNuvu రొజక్కకు bAgA తెలిసినట్లుందే,non-hate,0.5096549710117365,0.4903450289882635,0.5096549710117365
495,hate,mixed_script,"తల్లి nuvvu నవ్వొద్దు, A ముఖంలో mUti తప్ప emi కనిపించదు mAku",non-hate,0.5255070061088372,0.47449299389116284,0.5255070061088372
496,hate,mixed_script,టీస్కేల్లి railway స్తతిఓన్ loo పదేయన్ది,non-hate,0.5321703778228564,0.46782962217714363,0.5321703778228564
497,non-hate,mixed_script,డబ్బా rAyuDu మన pèda రాయుడు mòttaM మీద meka పోతు gAMbhIryaM కనపర్చాడు phasak,hate,0.5082900528701598,0.5082900528701598,0.4917099471298402
498,non-hate,mixed_script,మీరు mI లాంటి vAru రాష్ట్ర niki చాలా avasaraM,non-hate,0.5086492758762373,0.4913507241237627,0.5086492758762373
499,non-hate,mixed_script,కాదన్నా navvi నవ్వి chachchipote ఎవరు rèspAnsibiliTI అన్నా sUpar అన్న,non-hate,0.5034325681805417,0.4965674318194583,0.5034325681805417
500,non-hate,mixed_script,షుపేర్ settiandi వోఇచే to video,non-hate,0.5240993281256094,0.47590067187439056,0.5240993281256094
501,hate,mixed_script,Oవేర్ action అపన్ది raa Bఅబు,non-hate,0.5304899220970007,0.46951007790299926,0.5304899220970007
502,non-hate,mixed_script,అన్నయ్య vadina. ఎప్పుడు hyApI గా vuMDAli,hate,0.5075542296296606,0.5075542296296606,0.49244577037033943
503,hate,mixed_script,Pఇచ్చోదిని interview ఏన్ధుకు chesthunnaru మయ్ be ట్ఱ్P kosama,non-hate,0.5075159927688747,0.4924840072311253,0.5075159927688747
504,non-hate,mixed_script,ఈ pATa విన్నపుడల్లా SPB గారే maLLI తిరిగొచ్చి pADAru అనిపిస్తుంది,non-hate,0.5435544983683873,0.4564455016316127,0.5435544983683873
505,hate,mixed_script,కోతులు digedAniki ఇంత bulid ఉప్ aaa,non-hate,0.5187115503642098,0.4812884496357902,0.5187115503642098
506,non-hate,mixed_script,Pఉన్చ్ veyyalantay...Sunil అన్న tharuvathayee...yavarina...,hate,0.5096091102368354,0.5096091102368354,0.49039088976316464
507,hate,mixed_script,"జై kumar నేక్ష్త్ nee అమ్మ nee ,సిస్తేర్స్ nee అన్ధర్ని petti ప్రన్క్ thesthadu వదు wait",non-hate,0.5253716126628443,0.47462838733715573,0.5253716126628443
508,hate,mixed_script,Eలగైన vastadu మీ dhulaa థిరుస్తదు.,non-hate,0.5229684117137499,0.47703158828625014,0.5229684117137499
509,hate,mixed_script,కంట్లో durada పెట్టింది kAbaTTi సరిపోయింది,hate,0.5113138430713071,0.5113138430713071,0.48868615692869294
510,hate,mixed_script,ఱజ Singh నువ్వు ni కర్ర tagubthu మోకమ్ neeku మోఖమ్ nuvvu మ్ల ela అయ్యవు,non-hate,0.5154441126200863,0.48455588737991373,0.5154441126200863
511,non-hate,mixed_script,"ంఅన్చి cinema ని prathi ఓక్కరు aadaristaru,all the best నిఖిల్, have a bright future",non-hate,0.5353845676827558,0.4646154323172442,0.5353845676827558
512,non-hate,mixed_script,నువ్వు chAlA చాలా bAgunnAvu. పర్ఫెక్ట్ gA ఉన్నావ్.. mIru నాకు nachchAru,non-hate,0.5170964551352413,0.4829035448647587,0.5170964551352413
513,hate,mixed_script,Vఏది nathinakodaka,hate,0.5326260957092975,0.5326260957092975,0.46737390429070247
514,hate,mixed_script,ంఈరు Gopi Gోద meeda పిల్లి anna మాత edava,hate,0.505075393883643,0.505075393883643,0.49492460611635697
515,non-hate,mixed_script,ణకు prabhas అన్న ento రన anna కుద antey,hate,0.5201397138670134,0.5201397138670134,0.47986028613298654
516,non-hate,mixed_script,ఈలన్తివి kaadha ఈ generation కి inspiring ఉన్తధి॥।ప్ల్z్ do మోరే,non-hate,0.5451883866135137,0.45481161338648635,0.5451883866135137
517,non-hate,mixed_script,పోలీస్ phArèsT డిపార్ట్మెంట్ 2kalasi పోరాడారు pApaM దాని bAri నుండి prajalni,non-hate,0.5055741821814369,0.4944258178185631,0.5055741821814369
518,hate,mixed_script,భజన bhajana బ్యాచ్ èkkuva అయిపోయారు pavar స్టార్ ki పాపం,non-hate,0.5117390435174575,0.48826095648254253,0.5117390435174575
519,hate,mixed_script,నోరు muy. వాడు paripAlanA చేతగాని vALlaki అన్న... aMte.,hate,0.502858085096249,0.502858085096249,0.49714191490375104
520,hate,mixed_script,"Pఅరితల nu నువ్వే sampinavu రా nennu గాలి, vaana దేవుదు sampeedu",hate,0.5032556205946208,0.5032556205946208,0.49674437940537913
521,hate,mixed_script,Wఅశిన్గ్ powder ణీఱ్ంఆ neevu మా mukyamantri అవదమ్ maa Kాఱ్ఱ్ంఆ,non-hate,0.5474592181476783,0.4525407818523217,0.5474592181476783
522,hate,mixed_script,​పోలితిచల్ fit కకపోథే bayapadatam ఏన్దుకన్ది,non-hate,0.5222979142234723,0.47770208577652773,0.5222979142234723
523,hate,mixed_script,Pఈథ … ఇదోకా Lavada లో buildup,non-hate,0.5171982092683189,0.48280179073168106,0.5171982092683189
524,hate,mixed_script,ంఅరేఅ srihan పక్కన moddagudvala,hate,0.5047410526051122,0.5047410526051122,0.49525894739488785
525,hate,mixed_script,ఱేయ్ arripuku అధి munda సోల్లు apu ర,non-hate,0.5007195158938902,0.4992804841061098,0.5007195158938902
526,hate,mixed_script,ఇలా vAge ఛీ ani పరిశ్రమ pèddalu దూరంగా pèTTa రు maheSh మౡ daridrani మౡ sTejI మీదకు tèchchADu ౨౦సం chiru చాలా naShTapoyAru,hate,0.5203403503144224,0.5203403503144224,0.47965964968557756
527,non-hate,mixed_script,ంఏ kastam పలిన్చలి sir,non-hate,0.5197960320284297,0.4802039679715703,0.5197960320284297
528,hate,mixed_script,మొత్తానికి yUTyUb నే kApuraM చేయరా mIku మా buddhilaku మానాల్లో ledu,non-hate,0.5118004757749871,0.4881995242250129,0.5118004757749871
529,hate,mixed_script,ఆఉదిఏన్చే be లికే :- Bఏన్గు ! ఆథి bengaku,non-hate,0.5106999803991391,0.4893000196008609,0.5106999803991391
530,non-hate,mixed_script,ఎంత navvu వచ్చిందో . సూపర్ spIch అన్న.,non-hate,0.5419769934606004,0.45802300653939965,0.5419769934606004
531,non-hate,mixed_script,౪౦ saMvatsarAlu రాజకీయ anubhavaM,hate,0.5278882813612902,0.5278882813612902,0.4721117186387099
532,hate,mixed_script,ఓహో I నిజాయితీపరుడైన ravi ప్రకాష్ lo పవన్ lakShaNAlu ఉన్నాయా,non-hate,0.5552281736719106,0.4447718263280894,0.5552281736719106
533,hate,mixed_script,Wఏస్త్ mokalu మోథమ్ judge లా,non-hate,0.5292004547151663,0.4707995452848337,0.5292004547151663
534,hate,mixed_script,ఢని pandhi మోహమ్ chusi శోచ్క్ avuthada,non-hate,0.5092801308714121,0.4907198691285879,0.5092801308714121
535,hate,mixed_script,ని pellam పుకు denugutha మ anna అన్నవు ante,hate,0.535040878590548,0.535040878590548,0.46495912140945195
536,non-hate,mixed_script,లిగేర్ movi బాగుంది but హీరో ki నత్తి èkkuva గా uMDaDaM వల్ల sinimA పోయింది aMte,non-hate,0.5256597078455236,0.4743402921544764,0.5256597078455236
537,non-hate,mixed_script,బ్యూటిఫుల్ meDaM,non-hate,0.542308583748684,0.45769141625131604,0.542308583748684
538,hate,mixed_script,Are meru మరర dappukottu కోవమ్,hate,0.5121145665362583,0.5121145665362583,0.48788543346374164
539,non-hate,mixed_script,దాన్ని peru ఏంటి aiDi ఏంటి chapU బ్రదర్,non-hate,0.5379403537868109,0.46205964621318907,0.5379403537868109
540,non-hate,mixed_script,సాక్షి aMTene అబద్దలకు care ఓf్ address,non-hate,0.5204646317557315,0.47953536824426846,0.5204646317557315
541,non-hate,mixed_script,"అప్పట్లో dirctors కి, kaMTèMT రైటర్స్ ki ఉన్న hyUmar సైన్స్ ippuDu ఎవరికీ ledu.",non-hate,0.5203094917185873,0.4796905082814127,0.5203094917185873
542,non-hate,mixed_script,ఎవ్వరు chèyyaleni గొప్ప pani మీరు cheshAranna మీరు greT అన్నా,non-hate,0.5299031267639084,0.4700968732360916,0.5299031267639084
543,non-hate,mixed_script,మీరు chèppe టాపిక్ valla ఉపయోగం chAlA ఉంది!,non-hate,0.5406484328035364,0.45935156719646364,0.5406484328035364
544,hate,mixed_script,Fఇన్గేర్ప్రిన్త్ mallareddy Pఏద్ద donga న kodku,hate,0.5042105891340827,0.5042105891340827,0.49578941086591727
545,hate,mixed_script,ఇపుడు kUDa తన tappulu ఒప్పుకోవటం ledu.. పిచి munda,non-hate,0.5253046874713566,0.4746953125286434,0.5253046874713566
546,hate,mixed_script,ఏన్తన్ది pusukunna అన్థ pedha ంఅత anesav,non-hate,0.5060793513749947,0.4939206486250053,0.5060793513749947
547,hate,mixed_script,ర్గ్వ్ ki సిగ్గు ledhu అమ్మైల్ ni ఓక sex దోల్ల్ laga చూస్తహ్రు,non-hate,0.5179650868092507,0.4820349131907493,0.5179650868092507
548,hate,mixed_script,ఆన్థ perfect గ ayithae రలేధు but త్ర్య్ chesaru కధ that's మోరే important,non-hate,0.524205650046543,0.47579434995345704,0.524205650046543
549,non-hate,mixed_script,​దేబతే la లో paalgone ట్ఱ్ష్ naayakulaku ఏధుతివారిని maatladaneeyakapovadam సమ్స్కారమ్ kaadhu.,hate,0.5012824661193349,0.5012824661193349,0.49871753388066514
550,hate,mixed_script,Pఅర్త్య్ paranga వదూ. Godameeda పిల్లి laga కుద vaddu ర howla,hate,0.5057265539177561,0.5057265539177561,0.4942734460822439
551,non-hate,mixed_script,చాలా bAguMdi బ్రో. chinnapuDu ఇవి anni మేము chesAmu బ్రో chAlA హ్యాపీ gA ఉంది I సిరీస్ chUstuMTe. Best of లుచ్క్ bro.,non-hate,0.5176759663521461,0.4823240336478539,0.5176759663521461
552,hate,mixed_script,నేనూ rèMDu ట్రై chesAnu సమ్మగా uMdi,hate,0.5014509245634706,0.5014509245634706,0.49854907543652943
553,hate,mixed_script,ంఓద్ద gudu ఐథ్య్య్,non-hate,0.5122114096695367,0.4877885903304633,0.5122114096695367
554,hate,mixed_script,అన్ని tèlusu పోలీస్ laku యూనిఫామ్ uMdanna అహంకారం chaTTaM తెలిసిన vADu తప్పు cheste తాట tIyaMDi అడ్వకేట్ hakkula కోసం prajala తరఫున porADaMDi,non-hate,0.5022882698503551,0.49771173014964487,0.5022882698503551
555,non-hate,mixed_script,ంఉస్లిమ్స్ hindu దేవుల్లను entha థిత్తిన parledhu... Kాని hinduvulu ంఈ devudini థిదిథే thappenti,hate,0.505627734083633,0.505627734083633,0.494372265916367
556,hate,mixed_script,Pఇలిచి pettinchukuntaru గ॥॥ట్V౯ ki ఈమధ్య sarada అయిన్ది...,non-hate,0.513979662475027,0.486020337524973,0.513979662475027
557,non-hate,mixed_script,ప్రతి òka ఇంటర్వ్యూ lo చాలా kUl గా mATlADatAru. నిజాలు nirbhayaMgA చెబుతాడు. èvaDannA ఏమన్నా anukòni నేను chèppedi చెప్తా anukune వ్యక్తి RGV...,non-hate,0.5207855489350021,0.47921445106499794,0.5207855489350021
558,hate,mixed_script,అన్నయ్య ane పిలుపు vini వెనక్కి tirigADu,hate,0.5253644957942063,0.5253644957942063,0.4746355042057937
559,hate,mixed_script,అల్స janalu ఏర్రిపుక్ galu జగన్ ni చ్మ్ cheyadam ఏన్తి,non-hate,0.5206809799890667,0.4793190200109333,0.5206809799890667
560,hate,mixed_script,అందుకే 400 అమ్మాయిలతో sex చేశాడు,non-hate,0.5375880272816901,0.4624119727183099,0.5375880272816901
561,non-hate,mixed_script,ంఉలపేత lo ౨ years చధుకున,non-hate,0.5291468333723117,0.4708531666276883,0.5291468333723117
562,hate,mixed_script,ఛన్చే esti చమ్పిదేన్గల vunnadu ఔన్త్య్ ne,non-hate,0.5199510254574521,0.4800489745425479,0.5199510254574521
563,hate,mixed_script,"౧౦౦% literacy రతే unna కేరల lo నే janalu గోర్రేలు la ఉన్తే, migilin రశ్త్రల్లో unna జనలు paristhiti ఏమితో...... I fీల్ ashamed being part ఓf్ this త్య్పే of పుబ్లిచ్",non-hate,0.5283603236176669,0.47163967638233306,0.5283603236176669
564,non-hate,mixed_script,"Pరభస్ ki సుపేర్ jodi,,,arabian బ్రేఅద్ vastundi",non-hate,0.5261816627645184,0.4738183372354816,0.5261816627645184
565,non-hate,mixed_script,ఆచ్తిన్గ్ super ఉన్ధి ga బ్రో just స్తోర్య్ lo దమ్ము ledh,non-hate,0.5320569842456945,0.4679430157543055,0.5320569842456945
566,non-hate,mixed_script,ఇద్దరూ chAlA బాగున్నారు sooooo క్యూట్,non-hate,0.553681713301255,0.44631828669874496,0.553681713301255
567,hate,mixed_script,ఎందుకు alyasAO చేస్తునవు peTaka,non-hate,0.5142103587419062,0.48578964125809376,0.5142103587419062
568,hate,mixed_script,Vఅదపవ్ gaadu ఇచ్చ్ trophy ఏలా win ఐయ్థదూ neenu చుస్థా,non-hate,0.5364525806196033,0.4635474193803967,0.5364525806196033
569,non-hate,mixed_script,అన్నయ్య chèbutuMTe నోరు UripotunnAdi....,hate,0.5306533592146996,0.5306533592146996,0.4693466407853005
570,hate,mixed_script,మహానుభావుడివి sAr నువ్వు. meDaM గారు miko నమస్కారం. iddaru సరిపోయారు. nijAnni నిర్భయంగా,non-hate,0.5324423500735516,0.46755764992644844,0.5324423500735516
571,hate,mixed_script,నువ్వు vèsT దానివి dòmmari దాన idi ఏంటిదే,non-hate,0.5218722821369886,0.47812771786301145,0.5218722821369886
572,non-hate,mixed_script,"న్థ brainwashed గోర్రేలు chesthunnaru, ఇన్కో vargam ఏన్తి ante బ్జ్ప్ bots ష్ష్ఱ్ influencers గ mari యువథ ni థప్పు thovva పత్తిస్థున్నరు a",hate,0.5017922017354837,0.5017922017354837,0.49820779826451633
573,hate,mixed_script,ఛర్ top మేధేగ kurchuni వచిన్ధి mee అరగన్త auntymedha కుర్చుని kaadhu గ me fన్స్ tega fీల్ aypothu support chestnaaru మన్చి aatagaadivey,hate,0.520285954211062,0.520285954211062,0.47971404578893795
574,non-hate,mixed_script,"షివ gari స్మిలే ki fిదా॥మీ anchoring సుపేర్ sir..nenu మచ cheppe ఆన్స్వేర్స్ kante మేరు iche స్మిలే ne చుస్థు undipoyanu..your వోఇచే, your స్త్య్లే of అన్చోరిన్గ్ awaysome",non-hate,0.527450452756773,0.47254954724322695,0.527450452756773
575,non-hate,mixed_script,ఛుత్ paste... video cut ఆఏఇన్ధి,non-hate,0.550829536336686,0.44917046366331403,0.550829536336686
576,hate,mixed_script,సమన్థ oka త్రిగుబోథు lanja చై lanti మోగుదు vadilesindhi,non-hate,0.5064477517517287,0.49355224824827126,0.5064477517517287
577,non-hate,mixed_script,"ళేగేన్దర్య్ aMTene న్త్ర్, anr, తర్వాత chiru. ఆయన sinimAlu నిజజీవితానికి addaM పడతాయి. yuvataku దిశానిర్దేశం chestAyi. ఎవడో edo అన్నంత mAtrAna లేగేన్ద్ kAkuMDA పోతారా",non-hate,0.5328919420129595,0.46710805798704047,0.5328919420129595
578,hate,mixed_script,బన్ది sanjay గదు amit శహ్ kukka వదు poyi వది kaalu నకుతరు,hate,0.5016066784044564,0.5016066784044564,0.4983933215955436
579,non-hate,mixed_script,ంఉర్కులని evaru ఏమి cheyaleru...,non-hate,0.549785165375643,0.45021483462435696,0.549785165375643
580,non-hate,mixed_script,Eఏ video చుసిన్తర్వథ mee మీద respect పేరిగిన్ది,non-hate,0.5490290642995339,0.4509709357004661,0.5490290642995339
581,hate,mixed_script,హోమ్ minisTar ౨౦౦౦% UNFIT... ఆమెకి unna తెలివి ki Vఇల్లగే member కే èkkuva,non-hate,0.5202420199655253,0.4797579800344747,0.5202420199655253
582,hate,mixed_script,అంటే jagan కు bhayapaDutUne ఉంటారు,non-hate,0.5441389575982342,0.45586104240176584,0.5441389575982342
583,non-hate,mixed_script,సిస్టర్ nuvvu చాలా bAgA చేసావ్ amma నీలో TAlèMT మామూలుగా ledu.,non-hate,0.5324841953303799,0.46751580466962006,0.5324841953303799
584,hate,mixed_script,క్చ్ర్ dhi బర్రేయ్ karrey ముక్కు vadu వస్తే pm కి,non-hate,0.5190602663377348,0.48093973366226517,0.5190602663377348
585,hate,mixed_script,Oరేయ్ manam చినేమలు chudabatte వల్లు luxury గ brathukunnaru ర,non-hate,0.5142456174545683,0.4857543825454317,0.5142456174545683
586,non-hate,mixed_script,Life lo ఓకస్రి ina కలవ్లి darling నిన్ను,non-hate,0.5256119854164865,0.47438801458351354,0.5256119854164865
587,hate,mixed_script,ఏదో pèTTedani లేక aDigiMdi,hate,0.5277571552369085,0.5277571552369085,0.4722428447630915
588,hate,mixed_script,Eర్రిపుకు matalu బగ matladathavu ర adhi నువ్వు,non-hate,0.5023653275603779,0.4976346724396221,0.5023653275603779
589,non-hate,mixed_script,Vఅమ్మో mamulodivi కదు swamy ణువ్వు,hate,0.5035204703939729,0.5035204703939729,0.49647952960602715
590,non-hate,mixed_script,ంఓవిఏ lo చోన్తేన్త్ chala బగున్ది evvadu అపలేదు movie ని dilraju కుద,non-hate,0.5275623242069603,0.47243767579303975,0.5275623242069603
591,non-hate,mixed_script,Yేన్త mandhi స్తర్స్ vunna PఆWఆణ్ KALYAN Y్E POWER ష్టాఱ్,non-hate,0.5008826032542365,0.4991173967457635,0.5008826032542365
592,hate,mixed_script,ఆధికరమ్ vunte థుగ్లక్ gadu ఏమైన chesasthadu,non-hate,0.5192606597299211,0.4807393402700789,0.5192606597299211
593,hate,mixed_script,సిఅ vinadaniki నోత్లో motham పేత్త vuntau పదుతధి,hate,0.5143848900641159,0.5143848900641159,0.4856151099358841
594,hate,mixed_script,నికు family ఉన్ది gah ర jagratamma వేన్కత,non-hate,0.5292980910018861,0.4707019089981139,0.5292980910018861
595,hate,mixed_script,కొన్ని AMdhra పందులకి buradalone (య్చ్ప్)ఆనందం॥।ఏం chestAM పంది jAti కదా aTlAge ఉంటది,non-hate,0.5189524572018475,0.48104754279815254,0.5189524572018475
596,non-hate,mixed_script,అన్నా nèksT మూవీ iMkA గట్టిగా kòTTAli... ఆల్ di బెస్ట్,non-hate,0.5427897647953084,0.4572102352046916,0.5427897647953084
597,non-hate,mixed_script,మ్యూజిక్ chAlA చాలా bAguMdi..,hate,0.5148037550059175,0.5148037550059175,0.4851962449940826
598,non-hate,mixed_script,చీర kaTTukuMTe చాలు èvarikainA ఒక huMdAtanaM వచ్చేస్తుంది.,hate,0.5074624757316504,0.5074624757316504,0.49253752426834957
599,hate,mixed_script,ముందు arrest చెయ్యండి. vADu షికారు chestunnADu. వాడు èMduku మీడియా muMduku రాలేదు.,non-hate,0.5326079070652465,0.4673920929347535,0.5326079070652465
600,non-hate,mixed_script,ఒక్క èkShprèShantò మొత్తం naDipiMchinav నువ్వు nijaMgA లెజండ్ anna,non-hate,0.5280117035825492,0.47198829641745077,0.5280117035825492
601,hate,mixed_script,ఏంది rA మాకు I సోది nI ఎపిసోడ్,non-hate,0.5252003086689112,0.4747996913310888,0.5252003086689112
602,non-hate,mixed_script,డిజిల్ badulu మందు kòDite సరిపోతుంది,non-hate,0.5198861174884024,0.4801138825115976,0.5198861174884024
603,hate,mixed_script,A paTukovaDaM లోపలికి vèLli పటుకొర bAbU రూంలో kUrchuni పనిచేసేయి,hate,0.5220706871617824,0.5220706871617824,0.47792931283821755
604,hate,mixed_script,పెట్టింది padi వేలు.. lAgedi ౧౦కోట్లు,non-hate,0.5348991359584598,0.46510086404154016,0.5348991359584598
605,non-hate,mixed_script,నెక్స్ట్ kArtikeya ౩ mAtraM సముద్రం lo ఉన్న dvAraka నగరం misTarI ...Vఏరే level లో uMTadi...,non-hate,0.5051950688218374,0.4948049311781626,0.5051950688218374
606,non-hate,mixed_script,Oనే and ఓన్ల్య్ Mega స్తర్ .....Potthi లేయ్రు॥॥ఱలేయ్రు,non-hate,0.5360597614235983,0.46394023857640165,0.5360597614235983
607,non-hate,mixed_script,జయహో rAjAsiMg భారత్ mAta కి jai,non-hate,0.5321178205099646,0.4678821794900354,0.5321178205099646
608,hate,mixed_script,ఱే charge అయేపోథే Ela ర Google ఓపేన్ avrhundu,non-hate,0.5168196078392143,0.4831803921607857,0.5168196078392143
609,non-hate,mixed_script,ఆన్న mee ష్పన్ధన bagundhi,non-hate,0.5121150500287125,0.4878849499712875,0.5121150500287125
610,non-hate,mixed_script,ఈడిని chUsAka....mana సంపు mIda చాలా gauravaM పెరిగింది...,non-hate,0.531516249846508,0.468483750153492,0.531516249846508
611,hate,mixed_script,"ఇది laMjalA రాజ్యం..,. kaliyugaM లో laMjele నీతులు chèbutAru",hate,0.5045933960476621,0.5045933960476621,0.4954066039523379
612,hate,mixed_script,"Pఅయ్త్మ్ kukkalu ఏక్కద, idi కుద cbn గరే plan చేసరు antaremooo",hate,0.5113547312708975,0.5113547312708975,0.4886452687291025
613,hate,mixed_script,Eది lanja కబతే ela జనలను chedakodutundi,hate,0.5052794740930895,0.5052794740930895,0.49472052590691046
614,hate,mixed_script,కోదలి nani కోజ na కోదుకు mla లన్కధ్నులు okati లేవు,non-hate,0.5084261718709263,0.4915738281290737,0.5084261718709263
615,non-hate,mixed_script,స్తుద్య్ chesi క్చ్ర్ em పికిన్దు velumundra అయిన pm పోసితిఓన్ lo ఉన్దు that is modi,non-hate,0.5148655679723267,0.48513443202767326,0.5148655679723267
616,hate,mixed_script,Pఇల్ల puk చోమేద్య్,non-hate,0.5261748184283418,0.4738251815716582,0.5261748184283418
617,non-hate,mixed_script,గెటప్ sInu అచ్తిన్గ్ yèMta మందికి nacchindi అద్భుతం super,non-hate,0.5222069612293398,0.47779303877066015,0.5222069612293398
618,non-hate,mixed_script,అక్క nI పాట prati ఒక్కటి adiripotuMdi,non-hate,0.5004180912537638,0.4995819087462362,0.5004180912537638
619,hate,mixed_script,వచను anuko గుద్ద paligipodhi,hate,0.5234717043178303,0.5234717043178303,0.47652829568216976
620,non-hate,mixed_script,శేఖర్ mAsTar గారు aMD శ్రీముఖి gAru మీ DyAns బాగా adiriMdi,non-hate,0.5205364470304802,0.4794635529695198,0.5205364470304802
621,hate,mixed_script,A 1 చిల్లర rAjakIyAlu అపు...... muMdu ఇంట్లో vunna మహీళలకు nyAyaM చేయమను.... akkA చెల్లెళ్ళు chebutAru A1 Bach కి,non-hate,0.502559728721094,0.497440271278906,0.502559728721094
622,non-hate,mixed_script,అల్లు arjun కి ekkaDo సూడి u0di.multitalent వున్నోడు allu అర్జున్ òkkaDe ఇన్ i0DiyA,non-hate,0.523771785001078,0.476228214998922,0.523771785001078
623,non-hate,mixed_script,ఓన్లీ bai రెడ్డి siddhArtha రెడ్డి annayya కోసం chUsinavALlu లికే me....,non-hate,0.5378433619851892,0.46215663801481077,0.5378433619851892
624,non-hate,mixed_script,రేవంతన్న ichchina షాక్ ki మల్లారెడ్డి ki పిచ్చి paTTinaTTu ఉంది,non-hate,0.5342861981653696,0.4657138018346304,0.5342861981653696
625,hate,mixed_script,"రాష్ట్రాన్ని nakiMchesi తల్లి, kuturu సైడ్ ayipoyAru",non-hate,0.5216160512278737,0.4783839487721263,0.5216160512278737
626,hate,mixed_script,ఛీ dInamma ఎందుకు rA వీడు,non-hate,0.5054286360028747,0.4945713639971253,0.5054286360028747
627,non-hate,mixed_script,నిను chUstuMTe K్G్F sinimAlo ఱాఛ్K్Y్ bAy గుర్తుకు vastunnADu,non-hate,0.5247497379933179,0.4752502620066821,0.5247497379933179
628,hate,mixed_script,ంఏ Bathukulu యేన్దుకు ra,non-hate,0.5184007690501704,0.4815992309498296,0.5184007690501704
629,hate,mixed_script,అబ్బా bòDDu ఇంత pèddagA ఉంటే bòkka సముద్రం lAgA ఉంటాదేమో?,non-hate,0.547803429399405,0.45219657060059504,0.547803429399405
630,non-hate,mixed_script,ఃఈ Bagunnara ఃఅర్శ Sai గరు meku. ంఈ team మేమ్బేర్స్ ki happy vinayaka చవిథి,non-hate,0.5297897074859995,0.4702102925140005,0.5297897074859995
631,non-hate,mixed_script,మీరు devuDu సార్,non-hate,0.5175677542714028,0.4824322457285972,0.5175677542714028
632,non-hate,mixed_script,ఆఅత్..... tatha ఓన్ fire,non-hate,0.5725312041729094,0.42746879582709063,0.5725312041729094
633,hate,mixed_script,పున్జు vachi పిత్త ni దేన్గిథేయ్ nenu చోమ్మేన్త్ర్య్ chepijry అల vuntadhi # punjuunggamer,hate,0.5131477283268246,0.5131477283268246,0.48685227167317535
634,non-hate,mixed_script,ఆబ్బూ siggulekundaa వదు matladina మతలు okkadu కుద levaledu ఇక్కద.. Just fోర్ hate ఇన్ Modi హోవ్ much లోవ్ can గో anywhere,hate,0.5008450538032747,0.5008450538032747,0.49915494619672524
635,hate,mixed_script,Eవద్ర erri పూకోదు vaadu.. డుప్లిచతే gild ఏస్కుని show ధేన్గుథున్నదు,non-hate,0.5098096342899899,0.49019036571001007,0.5098096342899899
636,non-hate,mixed_script,ఆఅల్లు eellu అన్దరు okkate,non-hate,0.5014116866651591,0.4985883133348409,0.5014116866651591
637,non-hate,mixed_script,రష్మిది ani చెప్పి Adi లేకపోతే alugutuMdi స్త్రీల paruvutIstunnadi,hate,0.5018639465532462,0.5018639465532462,0.49813605344675377
638,hate,mixed_script,ళేఅక్ endhi ర secret ఆఅ dhii,non-hate,0.5248561514320761,0.4751438485679239,0.5248561514320761
639,non-hate,mixed_script,ఆన్న plz పేల్లిచేసుకో sir అగే 43 ప్ల్z్ anna,non-hate,0.5504702859915247,0.4495297140084753,0.5504702859915247
640,non-hate,mixed_script,ఆహా sUpar మ్ర్ khan హిందూ devatalanu అన్న vArito కూడా kShamApaNa చెప్పించండి appuDe మీ nijAyitI ని nammutA.,non-hate,0.502983459800821,0.49701654019917896,0.502983459800821
641,hate,mixed_script,ఛల worst గ undi,non-hate,0.515032358669722,0.48496764133027803,0.515032358669722
642,hate,mixed_script,క్చ్ర్ niku బగ ekkuva అయిధి anni మోఉక్ని cm అవ్వు next కర్రే mukku కి cm ఏన్ధుకు ra లన్జే boss,hate,0.5068788280801788,0.5068788280801788,0.49312117191982124
643,non-hate,mixed_script,ణు Track మేధ untey ఏన్ని sarlu హోర్న్ kottidhi ???,non-hate,0.517877666698419,0.48212233330158105,0.517877666698419
644,hate,mixed_script,సిగ్గు lekuMDA తిరుగుతున్నారు èm ఆబివుద్ది cheshArani తిరురుగుతున్నారు,non-hate,0.5130963022811048,0.4869036977188952,0.5130963022811048
645,non-hate,mixed_script,ంఇస్స్ u సిర్ర్.... nijAnni సినిమా lo చక్కగా chUpiMchAru.... గ్రేట్ lèjèMD,non-hate,0.516177964832759,0.483822035167241,0.516177964832759
646,non-hate,mixed_script,ఈ pAdayAtra అయిపోయిన tarvAta A 80 కంటెర్నర్లు asalu ఉండడానికి iLlu లేనివారికి ivvaMDi,hate,0.504324143262645,0.504324143262645,0.49567585673735504
647,hate,mixed_script,ంఏన్తేల్ gadini తేసుకు vachi కుర్చో pettukunnaru ఏన్తి anker గరు,non-hate,0.5196000524911332,0.48039994750886683,0.5196000524911332
648,hate,mixed_script,ఈ ammAyi సిగ్గు lekuMDA ఇంకా kAvariMg ఒకటి,hate,0.5134379763381293,0.5134379763381293,0.48656202366187074
649,hate,mixed_script,నిమాటలు kaDupuki అనం tinevADu ఎవరు namaru జై harSha జై harSha హర్ష,non-hate,0.5021437047518548,0.49785629524814523,0.5021437047518548
650,hate,mixed_script,నుపుర్ sharama రపే cheshi దేన్గుథ,non-hate,0.510784154780673,0.48921584521932704,0.510784154780673
651,non-hate,mixed_script,ఆచ్తిన్గ్ super ఉన్ధి ga బ్రో just స్తోర్య్ lo దమ్ము ledh,non-hate,0.5320569859134932,0.46794301408650685,0.5320569859134932
652,hate,mixed_script,అన్ని tèlugu ప్రాంతాల nAyakulu ఇలానే vunnAru... లోఫర్స్.... tappu మనది... manaku సిగ్గుండాలి ilAMTi నాయకులను ènnukunnaMduku...tu…,non-hate,0.5144790886878005,0.48552091131219954,0.5144790886878005
653,non-hate,mixed_script,"Bరూఊఊఊఊఊఊఊ chala మన్దికి untai పైల్సు, neku వచిన్ది movie లో chancesu పోల adiri పోల , all the best bro",non-hate,0.5248347302230538,0.4751652697769462,0.5248347302230538
654,hate,mixed_script,మే koduku కి eva ర poka,hate,0.500176838905463,0.500176838905463,0.4998231610945369
655,hate,mixed_script,అన్ని ichcheyAlsiMdi బ్రదర్ òMTi మీద emi లేకుండా sigu లేను edava లగ,non-hate,0.5078988438039359,0.4921011561960641,0.5078988438039359
656,non-hate,mixed_script,"పాలు, pèrugu, పువ్వులు kèsiAr ఫామ్ haus లో amminav అది aMdariki తెలిసిన viShayame",hate,0.51246986696753,0.51246986696753,0.48753013303246995
657,hate,mixed_script,ఱము inner పీలిన్గ్ : నిఘ్త్ ki గున్త tho దేన్గులత ki సేత్ ipoyindi,non-hate,0.5038709364996001,0.49612906350039987,0.5038709364996001
658,non-hate,mixed_script,Eన్తి Puri నువ్వు entha క్నోవ్లేద్గే gain చేస్తవు.,non-hate,0.5381559365298698,0.4618440634701302,0.5381559365298698
659,hate,mixed_script,ఆపర thagubothu అబ్బతి,hate,0.5081498539949014,0.5081498539949014,0.4918501460050985
660,non-hate,mixed_script,రోజు I సాంగ్ viMTAnu నా riMg టోన్ ide అన్న sUpar సాంగ్,non-hate,0.5329346457255861,0.46706535427441387,0.5329346457255861
661,non-hate,mixed_script,ఇంత chakkaTi సినిమా tIsinaMdu మీకు èlA కృతజ్ఞతలు chèppAlo అర్థం kAvaTaM లెదు.. I చ్లస్సిచ్ movie చరిత్ర lo నిలిచిపోతుంది,non-hate,0.5155699320267052,0.4844300679732948,0.5155699320267052
662,non-hate,mixed_script,షమన్థ script సేలేచ్తిఓన్ lo అచ్తిన్గ్ scope రోలేస్ choose చేస్కున్తున్ది,non-hate,0.5479706132846704,0.45202938671532955,0.5479706132846704
663,hate,mixed_script,నువ్వు emi పని mIda వచ్చావు nuvvu ఏది matlduthunvu ముందు mlc ని arest చెయ్యండి,non-hate,0.514712864997887,0.48528713500211296,0.514712864997887
664,hate,mixed_script,Eవదేన్థ echaru నీకు dabbulu బేవేర్సే yadavalraa,non-hate,0.5143510664388313,0.48564893356116867,0.5143510664388313
665,hate,mixed_script,"ఆస్సమిన్చని suryudu మ paritala రవన్న, champi చిన్ధి nuvu నికోదుకేయ్, andukey ని maranam ఉహథిథమ్.",non-hate,0.505627148720681,0.49437285127931896,0.505627148720681
666,non-hate,mixed_script,ఒక prajA ప్రతినిధి hodAlo ఉండి iMta దిగజారి mATlADe సంస్కృతి I మధ్య chAlA ఎక్కువైంది,non-hate,0.5140730938654141,0.4859269061345859,0.5140730938654141
667,non-hate,mixed_script,షుపేర్ concept ఇన్క music చల bagundhi శోర్త్ film కుద chala బగున్ధి,non-hate,0.5363754209468568,0.46362457905314325,0.5363754209468568
668,non-hate,mixed_script,స్క్య్ kohili వల్లే india సేమిస్ ki వచిన్ధి,non-hate,0.5291805747767893,0.47081942522321074,0.5291805747767893
669,non-hate,mixed_script,వీడు poTIcheste వార్డు nèMbar కూడా gèlavaDu వీడు chaMdrabAbu నాయుడు gArini టార్గెట్ pèTTukòni తెలంగాణలో chèMpa దెబ్బలు tinnADu,hate,0.5102673346679207,0.5102673346679207,0.48973266533207926
670,non-hate,mixed_script,ణివు kcr థో thov ర chilka,non-hate,0.5034689489867817,0.49653105101321826,0.5034689489867817
671,non-hate,mixed_script,Bఅబులకే Baabu షుపేర్ star ంఅహేశ్ Baabu,non-hate,0.5346344909863631,0.46536550901363694,0.5346344909863631
672,non-hate,mixed_script,ఆన్న nv థోపు neki సతి yevaru లేరు,hate,0.5050477296896505,0.5050477296896505,0.4949522703103495
673,hate,mixed_script,రోజ nuvvU A ikalu పికడనికి tappA దేనికి panikirAvu,hate,0.5146782240011567,0.5146782240011567,0.48532177599884324
674,non-hate,mixed_script,Bz్Y్ chaala మన్చి concept,non-hate,0.5231266414637614,0.4768733585362386,0.5231266414637614
675,hate,mixed_script,ఈధి language చ్లస్స్ aa ళేద mimicry అర్తిస్త్ class ఆ,non-hate,0.5304240029843156,0.4695759970156844,0.5304240029843156
676,non-hate,mixed_script,ణువ్వు king మవ,non-hate,0.5147227675072432,0.4852772324927568,0.5147227675072432
677,hate,mixed_script,ఆరేయ్ budder ఖన్ nuvvu అసలు,non-hate,0.5302897455882295,0.4697102544117705,0.5302897455882295
678,non-hate,mixed_script,మహేష్ bAbu ఈ reMj లో navvaDaM ఇప్పటి varaku ఇదే mòdaTi సారి. Big thanks to షథి anna.,non-hate,0.5322277649713538,0.4677722350286462,0.5322277649713538
679,hate,mixed_script,జనాలు leru బోచ్చు leru అంతా aMbak,non-hate,0.5120855237344738,0.4879144762655262,0.5120855237344738
680,hate,mixed_script,"​వైసీపీ, bijepi ఒకటే. rèMDu పార్టీలు understandig.jagan గారు ikkaDa గట్టిగా ariste అపోజిషన్ repu డిబేట్ lo సీఎం gAru అడగలేదు ani అంటారుఽంతకు miMchi ఏమీ ledu.",non-hate,0.5274861978813414,0.47251380211865857,0.5274861978813414
681,hate,mixed_script,"౯౦మ్ల్ sIèM, నీకు hiMduvulu అంటే èMduku అంత chulakana,",non-hate,0.5001331572676604,0.4998668427323396,0.5001331572676604
682,hate,mixed_script,ఈల suitcaselu పేత్తి mosam చేయతమ్ kanna అf్రేర్ results వచక prize మోనేయ్ la పేత్తి untey best ga ఏన్ధుకో ee మోసలు,hate,0.5007963087259641,0.5007963087259641,0.4992036912740359
683,hate,mixed_script,Y్చ్ప్ Gunda న kodakalara రన్ద్ర chuskundham,hate,0.5231706502831222,0.5231706502831222,0.4768293497168779
684,non-hate,mixed_script,Fరోమ్ recent ౩ months ఇఅమ్ addicted తో your videos anna. Yోఉర్ way ఓf్ explaining and slang is very నిచే,non-hate,0.542225446178024,0.45777455382197596,0.542225446178024
685,non-hate,mixed_script,​పవన్ anna మదగుదు ra అని cheppa,non-hate,0.5132361790955202,0.4867638209044798,0.5132361790955202
686,non-hate,mixed_script,నీ iMTarvyU అన్నిటిలో nAku నచ్చిన iMTarvyU ఇది òkkaTe అన్న,non-hate,0.5501377449707072,0.4498622550292928,0.5501377449707072
687,hate,mixed_script,"ఆంధ్రప్రదేశ్ kòMDalu, గుట్టలు kabjA మాఫియా DAn జగ్గు bhAy",non-hate,0.5116034653200314,0.4883965346799686,0.5116034653200314
688,hate,mixed_script,Pఅనికి malina చన,non-hate,0.506363133079835,0.49363686692016495,0.506363133079835
689,non-hate,mixed_script,ఈ pATa అంటే èMtamaMdiki ఇష్టం,non-hate,0.5038381658664943,0.4961618341335057,0.5038381658664943
690,hate,mixed_script,ష్తగే ekkithe చలు sollu,hate,0.5210219050738668,0.5210219050738668,0.4789780949261332
691,hate,mixed_script,"ష్తర్తిన్గ్ lo fుల్ల్ cover ఐయే vesedi ద్రేస్సేస్, rating కోసమ్ ippudu ఆఇర్ free",non-hate,0.5269695488990077,0.4730304511009923,0.5269695488990077
692,hate,mixed_script,మేము videos చుస్థే kani మేకు annam కుద dorakadhu అలన్తప్పుదు mammilini యేదవలు ni చేసి anukoku ర nayana సోల్లు apu,hate,0.5016728659771925,0.5016728659771925,0.49832713402280754
693,non-hate,mixed_script,Pఓరపతున cinema బగలేదు janalu రలేదు ante పరిస్తితి Vijay:Intlo పదుకోవల్సిన్దే,non-hate,0.540245609386592,0.45975439061340795,0.540245609386592
694,non-hate,mixed_script,అప్పుడు rAjakIya ఎదుగుదలకు kArakulayina అద్వానీ gArni అవమానించారు. ippuDu పదవీవిరమణ chesina కోవింద్ gArini అవమానించారు. nyAyamA మోదీ gAru.,non-hate,0.523294178216208,0.47670582178379195,0.523294178216208
695,hate,mixed_script,చిరంజీవి gAru ఇష్టం lenappuDu ఆయనతో èMduku వాయ్స్ ovar ఎందుకు cheyuMchukunnAru మీ sinimAlo.,non-hate,0.5280968653657659,0.47190313463423406,0.5280968653657659
696,hate,mixed_script,దీనమ్మ roja ని èvaDikainA చూపించండి rA,non-hate,0.5312542148897723,0.4687457851102277,0.5312542148897723
697,non-hate,mixed_script,"మేఊడి Dres ఖరీదు 15 లక్షలు , ఓక్కోక్క Drès కరిదు mari ఇంత Dabbu ఎక్కడినుంచి vachchAyamma",non-hate,0.5196984828976754,0.4803015171023246,0.5196984828976754
698,hate,mixed_script,ణేత్ I పోథే google లో ela సేఅర్చ్ chestav ర bevakoof,non-hate,0.5310546749533044,0.4689453250466956,0.5310546749533044
699,non-hate,mixed_script,అంబేద్కర్ viluva మీకు tèlisinaTTugA రిజర్వేషన్ tIsukunna వ్యక్తులకి tèliyaledu కనీసం idi చూసిన tarvAta అయినా tèlustuMdi,hate,0.5043506554440488,0.5043506554440488,0.4956493445559512
700,hate,mixed_script,గుడివాడ prajalu ఆలోచన parulu కానంత varaku దేవుడు kUDA బాగు cheyaleDu వేడవలకూ padavulu.,non-hate,0.5291680613921885,0.4708319386078115,0.5291680613921885
701,non-hate,mixed_script,మీరు sUpar మేడం paTTudala ఉంటే edainA సాధించవచ్చు ani మీరు nirUpiMchAru,non-hate,0.5301719830656483,0.4698280169343517,0.5301719830656483
702,hate,mixed_script,ఇది frankness నీ bòMda.... అనాగరికం.... sabhyata సంస్కారం leni ఒక saiko వీడు.... guhallo జీవించాల్సిన vADu.,non-hate,0.5400188621986927,0.45998113780130734,0.5400188621986927
703,non-hate,mixed_script,ప్రభుత్వ sòmmu ఒక్క rUpAyi కూడా vènuka వేసుకోలేదంటే adi ఆPz్ abdul కలామ్,non-hate,0.5479363644828185,0.45206363551718154,0.5479363644828185
704,non-hate,mixed_script,"డెవిల్ mUvI కూడా Blockbuster నీకింకా tappadu దిగ్విజయం... naMdamUri ౩ sTArs జై ènTIAr, జై bAlayya, జై rAm...... జై naMdamUri",non-hate,0.5358992889894484,0.4641007110105516,0.5358992889894484
705,non-hate,mixed_script,ఆన్ధరికి rajamouli ర్గ్వ్ inspiration ఏమో naku మీరే inspiration.....words చన్ do మోరే than అచ్తిఓన్॥॥మీ laga క్నోవ్లేద్గే gain చేయ్యలి sir నేను,non-hate,0.5371893765467366,0.4628106234532634,0.5371893765467366
706,non-hate,mixed_script,Bఅగున్నవు chai and pallavi,non-hate,0.5127326820796783,0.48726731792032174,0.5127326820796783
707,hate,mixed_script,కరోనా vachchi జనాల్ని òka రకంగా saMputuMTe.,non-hate,0.5329702738507941,0.4670297261492059,0.5329702738507941
708,hate,mixed_script,ఆడు chUsi చూసి rojA పక్కన kUrchuMTADeme అనుకున్నా.,hate,0.5047710590105888,0.5047710590105888,0.49522894098941117
709,non-hate,mixed_script,నువ్వు mATlADedi తప్పు. anna గురించి èMtainA చెప్పుకో vachchu కానీ mohan బాబు gArini తమ్ముడు ani మాట్లాడడం emAtraM కరెక్ట్ kAdu. వాళ్ళ kòDukulu కూడా sIriyas అయితే èMta పరిస్తితి eMTI.,non-hate,0.5260060034539387,0.47399399654606134,0.5260060034539387
710,non-hate,mixed_script,ఇంత aMdaMgA ఎలా aMdi మీరు mIlAne మీ svaraM కూడా chAla అందంగా uMdi,hate,0.5106004156535641,0.5106004156535641,0.48939958434643593
711,non-hate,mixed_script,Pఓవేర్ star అన్తే movies and acting కదు real స్తర్ only,non-hate,0.54593538405183,0.45406461594817005,0.54593538405183
712,non-hate,mixed_script,"ఈన్కో rendu పదిథేయ్, aa మిగథ dula కుద theerpoddi ఊదయ్ Kiran ౨",non-hate,0.5023791587929043,0.4976208412070957,0.5023791587929043
713,non-hate,mixed_script,అంతరించి potunna ఆరోగ్యావంతమైన hAsyAnni తట్టి lepina సాత్విక్....,non-hate,0.5301205082605573,0.46987949173944266,0.5301205082605573
714,non-hate,mixed_script,ఇటువంటి chAvu రావాలంటే èMta పుణ్యం chesi ఉండాలో mI ఆత్మకు shAMti కలగాలని korukuMTunnAnu,hate,0.5004418347216728,0.5004418347216728,0.49955816527832714
715,non-hate,mixed_script,బాలయ్య bAbu అభిమానిని I సినిమా pèdda ఇటు kòTTAlani మనస్పూర్తిగా korukuMTunnAnu జై bAlayya జై chiraMjIva,non-hate,0.5397803129686568,0.4602196870313432,0.5397803129686568
716,hate,mixed_script,త్వీత్:ఏన్దుకు kumail నజైని gudda చాల్ rangaluo వున్తధి kumail: ఏన్దుకు mi అమ్మ lipstick వున్థధి,non-hate,0.5380563029200917,0.46194369707990834,0.5380563029200917
717,non-hate,mixed_script,నువ్వు paDiMdi మంచి gAuMdi బ్రో,non-hate,0.5331953887167691,0.4668046112832309,0.5331953887167691
718,non-hate,mixed_script,అన్నా chAlA ఇంప్రూవ్ ayyAv.... సూపర్,non-hate,0.5130913572490146,0.48690864275098544,0.5130913572490146
719,hate,mixed_script,E roju ఏ liger మోవిఏ chusa ఉత్తర్ flop మోవిఏ jeevitham మీధ virakthi పుత్తిపోయిన్ధి,non-hate,0.5272678880940546,0.47273211190594544,0.5272678880940546
720,non-hate,mixed_script,"తన svayaM కృషి to కష్టపడి, tana నటనతో prekShakula హృదయాల్లో chèragani ముద్ర vesukunna మన mègAsTAr చిరంజీవి",non-hate,0.5241420992055997,0.47585790079440027,0.5241420992055997
721,non-hate,mixed_script,షమన్థ acting మత్రమ్ ichipadesindhi థ్రిల్ల్ chestadhi సేచోన్ద్ half fన్తస్తిచ్ anthe,non-hate,0.5135585230656778,0.48644147693432216,0.5135585230656778
722,non-hate,mixed_script,ఃఅర్శ anna ని kalavaali ఓక్కసరైన,non-hate,0.5289363739256598,0.47106362607434016,0.5289363739256598
723,non-hate,mixed_script,ఈన్దుస్త్ర్య్ lo ఒక్క remark కూడా leni ఫ్యామిలీ edainA ఉందా aMTe అది One And Only Vఇచ్తోర్య్ Venky ఆన్న Gaari Fఅమిల్య్ Superb ఱాన Anna,non-hate,0.5365884415809045,0.46341155841909554,0.5365884415809045
724,non-hate,mixed_script,గోరన్త్ల madav ఇస్సుఏస్ side చ్యదనికి jenasena ని kelikaru యేప్పతు lane,non-hate,0.514370630964204,0.485629369035796,0.514370630964204
725,hate,mixed_script,ంఈ Ayya Fఅర్మ్హోఉసే Unte ంఈ ML ళు Appudaina ంఈ Ayyani ఛుసిన్ద్ర Lolly గ,non-hate,0.5029628280253035,0.49703717197469655,0.5029628280253035
726,hate,mixed_script,వీడియో tIsinAnu కొట్టాల vInni కొట్టాల dAni కింద vesi కొట్టాల,non-hate,0.5006316020036667,0.49936839799633326,0.5006316020036667
727,hate,mixed_script,నేను rojU అనసూయను uhiMchu కుంటు kòDutunna,non-hate,0.5227714941529847,0.47722850584701526,0.5227714941529847
728,non-hate,mixed_script,"""నంబి nArAyaNa"" గారికి jarigina అన్యాయం chUstuMTe చాలా bAdha వేస్తుంది, ""naMbi నారాయణ"" gAri త్యాగానికి mA హృదయపూర్వక ""pAdAbhi వందనాలు""",non-hate,0.5271450428550105,0.4728549571449895,0.5271450428550105
729,non-hate,mixed_script,నిజంగా I లవ్ sTorI ఏంది bhai శీనన్న eDiche సీన్ sUpar,non-hate,0.5488270078713443,0.4511729921286557,0.5488270078713443
730,non-hate,mixed_script,షుపేర్ tammudu,non-hate,0.5240912134648286,0.47590878653517144,0.5240912134648286
731,hate,mixed_script,ఓవసి bro's నుపుర్ raja సిన్ఘ్ ni పకిస్తన్ ledha అన్దమన్ ko తర్మిదేన్గలి #the people who దివిదే india,non-hate,0.5060598195639526,0.49394018043604737,0.5060598195639526
732,non-hate,mixed_script,ఇందులో òkka నిజం uMdi... లైఫ్ sAphIgA జరిగేవాళ్ళు bayaTa పాడారు.. èMduku అంటే vALlaki అవకాశాలు unnAyi కాబట్టి..,non-hate,0.5297242759158961,0.4702757240841039,0.5297242759158961
733,non-hate,mixed_script,పోలీస్ vevasthalo మీలాంటి SP లు uMTe పోలీస్ lapai గౌరవం pèrugutuMdi సార్॥ంఈలాంటి SP మా tèlaMgANA లో kUDA రావాలి sAr,hate,0.5040873317611312,0.5040873317611312,0.49591266823886876
734,non-hate,mixed_script,మీరు A స్థాయిలో uMDi కూడా mI స్నేహితుని parichayaM చేయడం AnaMdakaraM,non-hate,0.5286799096062156,0.4713200903937844,0.5286799096062156
735,non-hate,mixed_script,ఆలాన్తి goppollaki ఇలాన్తి goppolle పుదథరు..,non-hate,0.5136672378327591,0.48633276216724086,0.5136672378327591
736,non-hate,mixed_script,బాగున్నారు talli కొడుకులు sTorI,non-hate,0.5636496560516226,0.43635034394837735,0.5636496560516226
737,hate,mixed_script,"ద్రోహం chesiMdi,nijaMgA ఏపీ usuru బీజేపీకి,మోడీకి tagulutuMdi.",non-hate,0.511637837116473,0.48836216288352696,0.511637837116473
738,non-hate,mixed_script,చాలా yUTyUb చానల్లలో mIru చెప్పిన garikapATi వారి abhiprAyaM ప్రచారమౌతున్నది. vATi కింద kAmèMTulanu సినిమా raMgaM వారు chadivite ప్రజాభిప్రాయం tèlustoMdi. ఏమైనా anukoni అనుకుంటే òkanADu వారి bhAryApillalapai అదే prabhAvaM పడవచ్చు. chivaragA బుధ్ధి chèbutuMdi…,hate,0.5000587154045244,0.5000587154045244,0.4999412845954756
739,non-hate,mixed_script,తెలుగు rAShTrAlaki మంచి maMchi నాయకులు dòrikAru సినిమాలు vèLlanavasaraM లేదు vALLe సినిమా chUpistAru మంచి kAlakShepaM,hate,0.5159691486325262,0.5159691486325262,0.48403085136747376
740,hate,mixed_script,Pఓవేర్ Lo ఉన్ది evaru ర vedava,non-hate,0.5231219515857383,0.47687804841426173,0.5231219515857383
741,hate,mixed_script,Wఅస్తే gaadu అలి,non-hate,0.5181935302608787,0.48180646973912133,0.5181935302608787
742,hate,mixed_script,​పవలగది gorrelaki అవేసమ్ thappa అలోచన ledhu,non-hate,0.5089073932823773,0.49109260671762267,0.5089073932823773
743,hate,mixed_script,ంఉన్ధు RTC Bఉసేస్ lo students entha ఇబ్బన్ధి padivelthunnaru చుదన్దీ valla హన్గిన్గ్ conditions యోఉ have తో notice ఏవేర్య్థిన్గ్,non-hate,0.5234543249224413,0.47654567507755874,0.5234543249224413
744,non-hate,mixed_script,హర్ష..! nI మనసులగే... nI రూపం kUDA అందంగా uMdi......,non-hate,0.5448972518146898,0.45510274818531016,0.5448972518146898
745,hate,mixed_script,Pఇల nibha స్తర్ vijgay ఓవేర్కోన్ద guddakonda,hate,0.5074261145835313,0.5074261145835313,0.49257388541646874
746,non-hate,mixed_script,Eదే poindi కాదు manaki,hate,0.5494167658185589,0.5494167658185589,0.4505832341814411
747,hate,mixed_script,ఆపు rA డ్రామా rAvu అన్ని sòllu కబుర్లు,non-hate,0.5425319337930569,0.45746806620694314,0.5425319337930569
748,non-hate,mixed_script,చాలా bAgA చెప్పారు anna.. మొదటి udAharaNa వుంది adi మాత్రం.... mAmUlugA లేదు... sUpar అసలు,non-hate,0.5102100432766965,0.4897899567233035,0.5102100432766965
749,hate,mixed_script,ఃఏరో lu రేమునేరతిఓన్ taggisthe దిల్ raju రతేస్ penchi చోల్లేచ్తిఓన్స్ motham మిన్గేస్థదన్త…।fున్న్య్ fellow,non-hate,0.5324955827794451,0.4675044172205549,0.5324955827794451
750,hate,mixed_script,​ఆప్ state ను sarwa నసనమ్ chesaru,non-hate,0.5100112004418811,0.4899887995581189,0.5100112004418811
751,non-hate,mixed_script,ళోగిచల్ల్య్ what ఉ said is exactly రిఘ్త్.. Appreciated the way యోఉ explained the concepts ఓf్ government and other వయ్ of రులిన్గ్.. Good.. Kీప్ it ఉప్ dear..,non-hate,0.5500839357875654,0.4499160642124346,0.5500839357875654
752,non-hate,mixed_script,"రైతు baMd వల్ల èvarikI లాభంరా nAyana, ఎవరికీ ekuvA భూమి uMTe వాడికే ekuva లాభం, nuvvu నీ brokar జర్నలిజం",non-hate,0.510046504828959,0.48995349517104103,0.510046504828959
753,hate,mixed_script,ఆరేయ్ drama రఓ apura ణే sollu,non-hate,0.5093330381608485,0.4906669618391515,0.5093330381608485
754,hate,mixed_script,వేణు svAmI మీ mATalu అన్నీ abaddaM.,non-hate,0.5147355091174138,0.48526449088258616,0.5147355091174138
755,non-hate,mixed_script,ఏం adRRiShTaM స్వామి anna నే phon తోఉచ్ chesiMdi.. లక్కీ,non-hate,0.529807318825428,0.470192681174572,0.529807318825428
756,non-hate,mixed_script,చిరుత looks అధుర్స్,non-hate,0.5404774265778729,0.4595225734221271,0.5404774265778729
757,hate,mixed_script,ంఅధి sommu ఏఅ kadha వోచేస్థధి,non-hate,0.5157708108770408,0.4842291891229592,0.5157708108770408
758,non-hate,mixed_script,అనిల్ kumAr గారిది tappaledu కానీ ilAMTi సమస్యలు kUDA రాష్ట్రంలో unnAyi అని bAgA తెలియజేసారు.,non-hate,0.515731606594134,0.484268393405866,0.515731606594134
759,hate,mixed_script,షోర్ర్య్ to సయ్ but చిన్న events కి velthe ఇలనేయ్ jarugutundi..,non-hate,0.5417634890109811,0.45823651098901885,0.5417634890109811
760,hate,mixed_script,తెలివైన mUrkhuDu... ఱ్G్V,hate,0.5012925661543499,0.5012925661543499,0.4987074338456501
761,hate,mixed_script,"రోజా AMTI కి bAgA తెలుసు jalaga మొన rèDDi కి vèMTrukalu ఎక్కడ, èkkaDa ఉన్నాయో",hate,0.5001345232846802,0.5001345232846802,0.4998654767153198
762,hate,mixed_script,కరన్ johar అస్ల modda లేవదు anta అన్దుకేయ్ ammaila మతలదుథానే vunatru,non-hate,0.5253370178743285,0.4746629821256715,0.5253370178743285
763,non-hate,mixed_script,​యుద్ధమ్ vadhu please for లోఖమ్ lo శన్థి vunchadhi,non-hate,0.5178302465231109,0.48216975347688906,0.5178302465231109
764,non-hate,mixed_script,ణికు cheppada కోహిలి one దయ్ adanu అని,non-hate,0.5127514763755269,0.48724852362447313,0.5127514763755269
765,non-hate,mixed_script,K్ఛ్ఱ్ ni చుసి Vallabhai పతేల్ anukunnademo.,non-hate,0.5160826235137788,0.48391737648622124,0.5160826235137788
766,non-hate,mixed_script,గ్రేఅత్ raa బాబు movies లోకి vellipoyava ర baabu,non-hate,0.548826398510303,0.451173601489697,0.548826398510303
767,non-hate,mixed_script,టేలుగు tamil ఇన్దుస్త్ర్య్ la కి break దన్చే nerpindhe ప్రభుదేవ॥మేరు evergreen దన్చేర్ sir,non-hate,0.5277387700257805,0.4722612299742195,0.5277387700257805
768,hate,mixed_script,Pఓర kukka,hate,0.5230929324312643,0.5230929324312643,0.4769070675687357
769,hate,mixed_script,ణ్వ్వు first ఏ channel ధేని kosam పేత్తినవ్ kcr కోసమ peoples కి emaina ప్రయోజనమ్ vundhara ఏన్థ sepu క్చ్ర్ sanka నకుథున్నవ్,hate,0.5037336698113504,0.5037336698113504,0.49626633018864963
770,hate,mixed_script,నరోత్తమ్ mishra పేద్ధ langa రమ్ setu మోవిఏ ban చేయమన్తరు deniki మోవిఏ peru లో ram వున్ధి ani,non-hate,0.531155574583281,0.468844425416719,0.531155574583281
771,non-hate,mixed_script,హమ్మయ్య.. ippaTiki ఒక maMchi వీడియో cheshAvu తల్లి,non-hate,0.5212814604758037,0.4787185395241963,0.5212814604758037
772,hate,mixed_script,ఇలాంటివి chestene మీకు 2019 లో bòkka పడింది.,non-hate,0.5547334534775449,0.4452665465224551,0.5547334534775449
773,non-hate,mixed_script,ఱమ్ entra బబు intha అన్దమ్గ undau సుపేర్,non-hate,0.5155330537229837,0.48446694627701625,0.5155330537229837
774,non-hate,mixed_script,కంట్లో durada పెట్టింది kAbaTTi సరిపోయింది,hate,0.5113138582267707,0.5113138582267707,0.48868614177322933
775,hate,mixed_script,ఏక్కడకి poyaMDi ఈ mahiLA కమిషన్,non-hate,0.500202745470244,0.499797254529756,0.500202745470244
776,non-hate,mixed_script,నువ్వు kAdayyA హీరో nI యనకాల uMdi చూడు puli సోను sUd సార్,non-hate,0.5008960949168137,0.49910390508318625,0.5008960949168137
777,hate,mixed_script,జగన్ gabbu గదు cbn పేత్తిన manchi పదకలు ni తోలగిచి auto వల్ల ki ౧౦౦౦౦ర్స్ esthunnaru,non-hate,0.5054712351675871,0.4945287648324129,0.5054712351675871
778,hate,mixed_script,డేసాని dochokotaaniki ఈయనకి emi తక్కువయిన్దిత,non-hate,0.5107875486989811,0.48921245130101887,0.5107875486989811
779,hate,mixed_script,​a bayam ఉన్తే villu పరిపల tinnaga చేస్తే sari పోను,non-hate,0.5092958019836958,0.49070419801630416,0.5092958019836958
780,hate,mixed_script,టేలుగు industry న modda కుదవన్ది ra,non-hate,0.516587189676689,0.48341281032331096,0.516587189676689
781,non-hate,mixed_script,షిస్తేర్॥ఁఏలన్తి vaallu థలుచుకున్తేయ్ condecterley కాధు collectorlu అవ్థారు॥।కలాకరులవ్థరు॥॥నేకు suport చేస్తున్న ne fమిల్య్ ki..A P S ఱ్ T ఛ్ ki నే tharupuna Thanks cheptunna,hate,0.5003883803740163,0.5003883803740163,0.4996116196259837
782,non-hate,mixed_script,ణేను aite zబర్దస్త్ show చుదదమ్ manesanu ట్V 5 ఆBణ్ channels లో debates వ్చినక,non-hate,0.5184355023684079,0.48156449763159215,0.5184355023684079
783,non-hate,mixed_script,ంఅహేశ్ smile ...పురే soul,non-hate,0.5577587222087954,0.4422412777912046,0.5577587222087954
784,non-hate,mixed_script,Madam meeru good questions అదుగుథున్నరు,non-hate,0.5311008387076948,0.46889916129230524,0.5311008387076948
785,hate,mixed_script,𝙋𝙪𝙠𝙪 𝙙𝙖𝙣𝙜𝙞𝙩𝙝𝙝𝙖,non-hate,0.5049325401218846,0.4950674598781154,0.5049325401218846
786,non-hate,mixed_script,మీరు mAku దూరం avvaDaM మా duradRRiShTaM,hate,0.509484512807048,0.509484512807048,0.490515487192952
787,hate,mixed_script,ఆమ్మ pai జోకే enty రాఅ..... Avulagallraa,non-hate,0.5134464201825882,0.48655357981741176,0.5134464201825882
788,non-hate,mixed_script,తాను iMtaku ముందే chèppADu నేను ilA videos cheyaDAniki కారణం aMdarU ఇన్స్పిరే avvAli అని,hate,0.5052427895938328,0.5052427895938328,0.49475721040616716
789,hate,mixed_script,ఛి yentra మకికర్మ,non-hate,0.5048237021339657,0.49517629786603434,0.5048237021339657
790,non-hate,mixed_script,తమ్ముడు nuvvu సూపర్ nijAnni ఈలాగే nirbayaMgA చెప్పు èvvaniki భయపడకు,non-hate,0.514068769941492,0.485931230058508,0.514068769941492
791,non-hate,mixed_script,"ఱ్K్ gAru మీకు, mI టీం ki దన్యవాదాలు, suti మెత్తగా prashnalu వర్ణించారు ahaMkAriki ...అహంకారం kAsta తగ్గినట్లు anipistòMdi",non-hate,0.528420719394955,0.47157928060504495,0.528420719394955
792,hate,mixed_script,ంఉన్ధు veeni ఇన్తేర్విఏవ్ chesthunna చన్నేల్ vallani థన్నలి,non-hate,0.5255718039180876,0.47442819608191245,0.5255718039180876
793,non-hate,mixed_script,గ్రేట్ parphAmèns సిస్ kriMdi టైల్స్ slip అవుతున్న balans చేసుకొని pèrphèkT గా DAns వేసావ్ sUpar,non-hate,0.5141599648185298,0.48584003518147023,0.5141599648185298
794,hate,mixed_script,ఏర్రి puk మూద్య్ valla స్ర్హ్ playoffs కి pole,non-hate,0.5342074361631537,0.4657925638368463,0.5342074361631537
795,non-hate,mixed_script,త్వరలోనే pavan కళ్యాణ్ gAru ముఖ్యమంత్రి kAbotunnAru,non-hate,0.5185754224807829,0.4814245775192171,0.5185754224807829
796,non-hate,mixed_script,Best lIDar and best పోలీస్।ప్రవీణ్ kumAr సర్,non-hate,0.5339519656960994,0.4660480343039006,0.5339519656960994
797,non-hate,mixed_script,ఛోమ్మేన్త్స్ chadivi మస్థు enjoy చేస్థున్న nenaithe,non-hate,0.5235250366023337,0.47647496339766626,0.5235250366023337
798,non-hate,mixed_script,A vaiT డ్రెస్ lo చూస్తుంటే vijayavADa పెద్దపులి vaMgavITi మోహన్ raMgA ను chUsinaTTuMdi అన్న,non-hate,0.5097364802282501,0.49026351977174987,0.5097364802282501
799,hate,mixed_script,ట్త్ర్ dongal త్ర్స్ pata లేఅదేర్స్,non-hate,0.5373275936520598,0.46267240634794016,0.5373275936520598
0,non-hate,mild_noise,strIlanu vIdhiloki lagaakaMdi pavaan gAru chUste Ayanaki pArTI ki chèDDa peru vaastuMdi,hate,0.5718870186990817,0.5718870186990817,0.4281129813009184
1,hate,mild_noise,Gudha paguldegale,hate,0.5705103193883607,0.5705103193883607,0.4294896806116393
2,non-hate,mild_noise,Nijanga ilanti extraordinary persons untaru,hate,0.51916154053893,0.51916154053893,0.48083845946106996
3,non-hate,mild_noise,nAku iMTarnèT mòbail DeTA ledu aMDi iMduloonuMchi Dabulu vaste epiMchukuMdAM ani chUstunna... mAmuluggA ledu anudIp gAAri paMchès,hate,0.5595752170262783,0.5595752170262783,0.4404247829737217
4,non-hate,mild_noise,AP ki manchi rojulu vasthundhi,hate,0.5443617329537744,0.5443617329537744,0.45563826704622556
5,non-hate,mild_noise,Ayiithe life politician kavali ra Babu.,hate,0.5470582021326886,0.5470582021326886,0.4529417978673113
6,hate,mild_noise,KTR:Nannu eri puk cheshavu gah kadhara revanth,hate,0.5953988490970473,0.5953988490970473,0.4046011509029527
7,non-hate,mild_noise,Youtube vedios konni follow ayedhanni tharwatha BB house lo koncham negitive feel aya ipppudu chustuunte badha anipistundhi very good dancer All the Best for your future Shanmukh 💐,hate,0.5418917243672666,0.5418917243672666,0.4581082756327334
8,hate,mild_noise,Recharge aippothey data ela vastadhi ra erri puka,hate,0.5769002023213399,0.5769002023213399,0.4230997976786601
9,hate,mild_noise,vaddu donga nuuv yadava,hate,0.570200898825157,0.570200898825157,0.42979910117484293
10,non-hate,mild_noise,saMskAraavaMtamaina kuTuMbaM,hate,0.5425954413377738,0.5425954413377738,0.4574045586622262
11,non-hate,mild_noise,prajA samasyaala pariShkAAraMpai dRRiShTi pèTTaMDi,hate,0.5460822891387984,0.5460822891387984,0.4539177108612016
12,hate,mild_noise,Waaste gadu Natraj is very bad behaviour,hate,0.5379344988567352,0.5379344988567352,0.46206550114326483
13,hate,mild_noise,Kanisam okka wicket kooda teeyaledu waste galu,hate,0.5858880742867838,0.5858880742867838,0.41411192571321626
14,hate,mild_noise,"Amit Shaw ki slippeers vesthu bathukuthunadu, telugu vaari gowravaanni gujarat gadidhala dhaggara thaakattu petesthunnadu..",hate,0.5622456473556194,0.5622456473556194,0.43775435264438056
15,hate,mild_noise,jihah khan sucide ki karanam sooraj altanchdi suli bhai mafia support free vaare ammailtho dengithunaru,hate,0.5800099572869057,0.5800099572869057,0.41999004271309426
16,non-hate,mild_noise,"Police vallu cheppindi aantha nijamena, poorthi enquiry ayina tharavatha nuvu vallanu criminals Ani cheppu brother.",hate,0.5656431143497196,0.5656431143497196,0.43435688565028036
17,non-hate,mild_noise,pratii sIn... pratI ShAT....mati potuMdi lopala awesome,hate,0.5443040873178309,0.5443040873178309,0.4556959126821691
18,non-hate,mild_noise,Janabha.peregutunaruu.vupadhe.udhyogalu.karuve.vundhe.,hate,0.5689561982215432,0.5689561982215432,0.4310438017784568
19,non-hate,mild_noise,maLLI maLLI ripIT chestU chUstuna vAlu èMtamaMdi unnAru...️,hate,0.5419894030222463,0.5419894030222463,0.4580105969777537
20,non-hate,mild_noise,entha cute couple abbaa..!!,hate,0.5030198429503703,0.5030198429503703,0.4969801570496298
21,non-hate,mild_noise,Allu Arjun cinema ki pranam esatadu,hate,0.5262904235976776,0.5262904235976776,0.47370957640232236
22,hate,mild_noise,tèlivigalavALlani anukuMTAMgAnI kAdu adRRiShTaM emUlo eDustuMdi iTlAMTi vALLaki. janAlato tiTTiMchukuMTe kAni nidra paTTadu,hate,0.5554570031304895,0.5554570031304895,0.4445429968695105
23,non-hate,mild_noise,kaDigeyaMDi mIru samAjAni! nAku bAdhagAne uMdi guruvugAru.,hate,0.5572136826326352,0.5572136826326352,0.44278631736736485
24,non-hate,mild_noise,"God bles your relation maadam, jai sudhIr anna",hate,0.5400182410722741,0.5400182410722741,0.45998175892772586
25,hate,mild_noise,Ammai ni pattukoni kavalisindhi konukko ani anta vurukuntunda,hate,0.5804200948400999,0.5804200948400999,0.4195799051599001
26,non-hate,mild_noise,shukravAraM shukravAraM sTeShan ki vachchi saMtakaM pèTTu,hate,0.542234249943954,0.542234249943954,0.45776575005604603
27,non-hate,mild_noise,èMdaaro mahAnu bAvulu vuMTAru vALlu Urikène uMDaru,hate,0.5557643096752811,0.5557643096752811,0.4442356903247188
28,hate,mild_noise,Nuv annantha mathrana Harsha Sai midha abimanam thaggadu ra,hate,0.5699732324579592,0.5699732324579592,0.4300267675420409
29,non-hate,mild_noise,nIti nijAyitI laaku mAru perugA nilichina vyakti ALLa rAmakRiShNArèDDi. amarAvati raitulakosaM nijamaina porATaM chesina vyakti. Ayana padikAAlAlapATu challagA uMDAli.,hate,0.5506176620146728,0.5506176620146728,0.44938233798532723
30,hate,mild_noise,vachchiMdayyA mahAA pativrata.... anasUUya aMTene niluvèlA bUtu.... Imè chèbutuMdi nItulu... tU..... siggumAlina janma,hate,0.5505728157232477,0.5505728157232477,0.4494271842767524
31,hate,mild_noise,Vedoka puulkagadu vinikanna Prakash Raj better,hate,0.5587984754549777,0.5587984754549777,0.4412015245450222
32,hate,mild_noise,Na modda la expressions,hate,0.5474450980212602,0.5474450980212602,0.45255490197873977
33,hate,mild_noise,AArey ni bondha ra chetha na kodaka,hate,0.5889042430429208,0.5889042430429208,0.41109575695707923
34,hate,mild_noise,Vediki Guddaa baga balisindi anukunta..Balayya babbu meeda jokes endukura ep,hate,0.5618313930603003,0.5618313930603003,0.4381686069396998
35,hate,mild_noise,Veelu vedi over action,hate,0.5303143601104207,0.5303143601104207,0.46968563988957934
36,non-hate,mild_noise,emuMdi padavikosaM gudhdha kUDA nAkestAru I rAjakIya rAbaMdulu,hate,0.5700820048546117,0.5700820048546117,0.4299179951453883
37,hate,mild_noise,Yadava Veshalu taginchukunte Baguntadi,hate,0.5457248054742527,0.5457248054742527,0.45427519452574733
38,non-hate,mild_noise,pratipaakShAlu sAmAnyuDini èdaaganivvaru peda prajalaki illulu kaDutuMTe ippuDu vALlu vachchi èlA kaDutunnAru chUstAraTa MgA uMdi atani nuMchii peda prajalaki ila paTTAlu paMpiNI cheyaDAniki vIlu ledaMTU Ayanna sTeejès kUrchunADu aMTe itanu kaMpu cheeyaDAniki prayatniMchestunnADu jagananna labdhidArulu iTuvaMTivi jariginappuDu bayaTaku vaachchi mI tAlUkA manasulo uMMDe mATanu vALlaki tèliyaparachaMDi,hate,0.5569787255111153,0.5569787255111153,0.44302127448888473
39,hate,mild_noise,Ore ni veshalu api pani chusko,hate,0.5843628737732119,0.5843628737732119,0.41563712622678806
40,hate,mild_noise,priyanka arul moohan gudda chala sexy vuntadhi dani panga chachi dengali,hate,0.5797640307995566,0.5797640307995566,0.4202359692004434
41,non-hate,mild_noise,Deevudimida jookulu vesina aavamanichina chala nasta potaru vinayakudito pettukokuda power full god,hate,0.5820087047550946,0.5820087047550946,0.41799129524490547
42,hate,mild_noise,Nuvvo moddaganivi andhuke aapesnav,hate,0.5802791217038168,0.5802791217038168,0.4197208782961832
43,hate,mild_noise,amarica andatho madam perigi kotukuntundi urikine,hate,0.5809120980493829,0.5809120980493829,0.4190879019506171
44,non-hate,mild_noise,chAlA maMchi mUvI anna ...mIru riyAkT avutAv anukunna ana ..nuvvu sUpar lAyar anna,hate,0.5511147353366413,0.5511147353366413,0.44888526466335865
45,hate,mild_noise,Idi RTC Conduucter ha leka Inka bustannd lo emaina chesinda,hate,0.5771870746125982,0.5771870746125982,0.4228129253874018
46,hate,mild_noise,Krittika Garu Vadine Chepu tho Kothandi Live Lo...,hate,0.5427436894907512,0.5427436894907512,0.45725631050924875
47,hate,mild_noise,iMka Apura nAyanA... akkaDa chUyiMchu...,hate,0.5450476219505942,0.5450476219505942,0.45495237804940586
48,non-hate,mild_noise,mI phyAmilI lo nAku nachchiMdi nuvvu anna.. karèkT gA mATlADutAv..,hate,0.55646217147911,0.55646217147911,0.4435378285208899
49,hate,mild_noise,Suma garu koncham thagichuko,hate,0.5798707450042283,0.5798707450042283,0.4201292549957717
50,hate,mild_noise,Orey adhiga guddha mue,hate,0.5809607246286119,0.5809607246286119,0.419039275371388
51,hate,mild_noise,"Orey jaffa bul bul,go and buffalo muddilo paduuko",hate,0.5640953144712856,0.5640953144712856,0.4359046855287144
52,non-hate,mild_noise,Hanu raghavapudi love story ante super immersive ga untadi,hate,0.5348792522250594,0.5348792522250594,0.46512074777494067
53,hate,mild_noise,chillar party lu Anne okkatyna modi ji ni next pm modi ji yogi baba ni,hate,0.5520337251354313,0.5520337251354313,0.4479662748645687
54,non-hate,mild_noise,Jayamu jayamu chandranna jayamu neeku chandrana,hate,0.553909750054105,0.553909750054105,0.446090249945895
55,hate,mild_noise,Aaku puuku theliyandhi kuda judge aipoindhhi,hate,0.5862412606501772,0.5862412606501772,0.4137587393498227
56,hate,mild_noise,SHOES Amithsha modi kinda Oodigam chey..,hate,0.5432573016244109,0.5432573016244109,0.4567426983755892
57,non-hate,mild_noise,​raani pramadam raani no problem.. next tym bjp ki vote veyandi telangana prajalara,hate,0.552725741733991,0.552725741733991,0.4472742582660089
58,non-hate,mild_noise,Ee madya kaalamlo vochina films lo naaku idhi baaga nachindi,hate,0.5601479896519621,0.5601479896519621,0.4398520103480379
59,hate,mild_noise,"Evidence unna mla kodukuni arest cheyaledhu, police lu ki damu ledhu",hate,0.5742725288241268,0.5742725288241268,0.4257274711758731
60,hate,mild_noise,Veeedu aadi gaadu maaradu veediki stage cleaning pani ivvandi,hate,0.5662380675994225,0.5662380675994225,0.4337619324005775
61,non-hate,mild_noise,E movie Gurinchi okkadu negative ga matladiina vaadu terrorist ayyi undali..,hate,0.5704381099895759,0.5704381099895759,0.42956189001042416
62,non-hate,mild_noise,Kaasta amma nanna paina prema kaligi vundandi bro,hate,0.5419708739516393,0.5419708739516393,0.4580291260483606
63,hate,mild_noise,Kulaaa pechhe fuuga undeanana,hate,0.5685731306627017,0.5685731306627017,0.43142686933729835
64,hate,mild_noise,Are Baabu nikuu endukura,hate,0.5655093755654359,0.5655093755654359,0.43449062443456415
65,non-hate,mild_noise,"Intaki Rahul evadabba, sir indirect ga Congress Rahul Gandhi ki hint istunda kalsipodamani",hate,0.5715503959809385,0.5715503959809385,0.42844960401906157
66,non-hate,mild_noise,"This should be a good lesson for youngsters. Moral is "" jIvitaM lo gèlupuki baMdu mitrulu èkkkuva, kAni oTami èppuDu anAAde""",hate,0.5385157617062626,0.5385157617062626,0.46148423829373747
67,non-hate,mild_noise,Vaddu Bangaram nuvvu hapy ga vundali,hate,0.5625355972206665,0.5625355972206665,0.4374644027793335
68,non-hate,mild_noise,"kaani, ekkuva cheste alasata, weakness, body peragaka povadam, teenage lo tarvaata kuuda face paina gaddalu pimples ravadam nijam...better keep it two-thre times a week..get busy and focuus on yoour studies and career guys.",hate,0.5532167506531088,0.5532167506531088,0.4467832493468912
69,hate,mild_noise,Chempa pagilddemo,hate,0.5642362256739726,0.5642362256739726,0.43576377432602736
70,non-hate,mild_noise,vADi asalu rUpaM ade èvarini èppuDu vADukuni vadileeyAlo vADi kaMTe e rAjakIya nAyakuDiki tèliyadu,hate,0.5725976366366461,0.5725976366366461,0.42740236336335397
71,non-hate,mild_noise,mI iddari valla tèlaMgANa janAlaki emanna upayogaM uMdA chèppuu,hate,0.5707787255626116,0.5707787255626116,0.42922127443738844
72,hate,mild_noise,asla murmu president ela ayindhi iindia parvu poyindhi ni karra mokham eskoni,hate,0.5941741385423898,0.5941741385423898,0.4058258614576103
73,non-hate,mild_noise,Etuvanti interviiews kadhaa maanaki kavalsinavi,hate,0.5592094890333608,0.5592094890333608,0.44079051096663924
74,non-hate,mild_noise,sharma gAru chèppina di nijamA abaddamA ani chèppe dhaairyaM vILlaku ledu,hate,0.5605384728054383,0.5605384728054383,0.4394615271945617
75,non-hate,mild_noise,nani anna meru great,hate,0.5708300449541707,0.5708300449541707,0.42916995504582933
76,non-hate,mild_noise,nuvu tèrAsa pArTI ..uMpuDu gattenè kadA rA nuvvu,hate,0.5628743188355172,0.5628743188355172,0.43712568116448286
77,hate,mild_noise,meDaM ku ukka postunaTTuMdi saMkaalo bADI vesukuMdi,hate,0.5813700749746233,0.5813700749746233,0.4186299250253767
78,hate,mild_noise,prapaMchaMlo atipèdda avinIti pArTI Tiiar yas kèsiAr,hate,0.5551861158692357,0.5551861158692357,0.44481388413076434
79,non-hate,mild_noise,ilAMTi sèlabriTIlu ilA ShoSh ku rAvAli sir,hate,0.5553799399979855,0.5553799399979855,0.4446200600020145
80,non-hate,mild_noise,"Arey Babu Memu chinnappati nunchi chiru fans, pls don't hurt us, first chiru next evaarina maaku",hate,0.5457059945232958,0.5457059945232958,0.4542940054767042
81,non-hate,mild_noise,"eii yevudra veedu, andanga vunnav antunnadu, akka antunnadu",hate,0.5819412662720138,0.5819412662720138,0.41805873372798613
82,non-hate,mild_noise,arey shankar ga nvvu kcr saanka nakaku ra,hate,0.5806197868002475,0.5806197868002475,0.4193802131997525
83,non-hate,mild_noise,èvaDi sTail vADidi.. devarakòMDa sTail devarakòMDa di aMte iMTlo tappemuMdi... vinipistuMdi chèppanA.,hate,0.5398447696231016,0.5398447696231016,0.4601552303768984
84,non-hate,mild_noise,pavan kaLyAN gAAru tammuDu.... mohan bAbu ane sariki annayya chiraMjIvi gAru chinapilloDilA navvutuMTe èMta èMta aMdagA unnADo annayya,hate,0.5492771916037376,0.5492771916037376,0.45072280839626244
85,hate,mild_noise,Veedu am pikaledu ani telusu,hate,0.565630833302297,0.565630833302297,0.4343691666977029
86,non-hate,mild_noise,"Nenu vunnanu,nenu vinnanu,nenu chusanu.... all are eligible for the Oscar level peerformance",hate,0.5037257461172406,0.5037257461172406,0.4962742538827593
87,non-hate,mild_noise,ponlee pApaM kaShTapaDDadAniki kòMchèM ayinaa pratiphalaM dakkiMdi …. kaLLu nètikèkkiMchukokuMDA òdigi uMTe maMchi Future uMDòchchu,hate,0.5607459521804835,0.5607459521804835,0.4392540478195165
88,hate,mild_noise,rgv gadu canipovali vadi chettabandi ayina chestha,hate,0.5955274677371982,0.5955274677371982,0.4044725322628017
89,non-hate,mild_noise,Papam bhayya babi ki potta abbam ga vundhi,hate,0.5874314165438157,0.5874314165438157,0.41256858345618425
90,hate,mild_noise,Chala ibandi pettavu anna Nuvvu maa Chiru garini,hate,0.5806645298469972,0.5806645298469972,0.4193354701530028
91,non-hate,mild_noise,sUpar rk gAru chAlA maMchi progrAM,hate,0.5526986992232423,0.5526986992232423,0.44730130077675767
92,non-hate,mild_noise,bhAraata deshaMlo pAAlana chetakAni sIèM pAlana cheta kAka verre vALLani vimarshiMche ekaika sIèM mana batAla poShèTi,hate,0.5551651600706322,0.5551651600706322,0.44483483992936773
93,non-hate,mild_noise,e rashtraniki jarige prathi anyayam guriinchi niswardhanga matlade ekaika vyakti mere saar,hate,0.5755591349468883,0.5755591349468883,0.4244408650531117
94,hate,mild_noise,ananaaya panadey vi nimma dabbalu lanti payalu,hate,0.586026935592908,0.586026935592908,0.4139730644070921
95,hate,mild_noise,chetha ra baabu NTV,hate,0.5627367538795909,0.5627367538795909,0.4372632461204092
96,hate,mild_noise,Hi ra T.R.S. kukka…,hate,0.5286028342065923,0.5286028342065923,0.4713971657934077
97,hate,mild_noise,Fans ki respect Ivvslira arye ntira,hate,0.5643818613906488,0.5643818613906488,0.43561813860935117
98,non-hate,mild_noise,"first aa ammai family ki security ivvandi.., night night emaina jaragochu...",hate,0.5550232246727047,0.5550232246727047,0.44497677532729524
99,non-hate,mild_noise,mIlAMTi vAru vuMTe ADapillalaku chAlA dharmaM jarugutuMdi sAr,hate,0.5593266958038364,0.5593266958038364,0.4406733041961636
100,hate,mild_noise,Ayanni okasari koditheey meeru laksha sarlu chupisthunnaru emkavali meeku,hate,0.5789991948740415,0.5789991948740415,0.4210008051259585
101,non-hate,mild_noise,Thank you RRR TDP ki bratkinchadamulo mi krushi marvalenidi CBN gariku,hate,0.5672047750529393,0.5672047750529393,0.4327952249470607
102,hate,mild_noise,gudhdha balisi kòTTukuMTunnave,hate,0.5762999439314522,0.5762999439314522,0.4237000560685478
103,hate,mild_noise,inkaa saavaledhu le vaadu baane sacchaadu yedhavakanipisthoone vundhigaaa,hate,0.5850623428808854,0.5850623428808854,0.4149376571191146
104,non-hate,mild_noise,Manaki ibbandi ochinappudu koncham sahinchatam Kastam ochinappudu koncham bhariinchadam Anandham vachinappuduu koncham panchadam,hate,0.5505739825857172,0.5505739825857172,0.4494260174142828
105,non-hate,mild_noise,​trs party lo telangana kosam poradina valle unnara poratam ki vyatirekaam ga unollani ministers ala chesinaru..gurivinda ginja ki kinda unna macha kanapadadu,hate,0.5747179633411554,0.5747179633411554,0.4252820366588445
106,non-hate,mild_noise,Mahesh anna… disappointed with this movie..next moovie hit avvali…,hate,0.5003732964247976,0.5003732964247976,0.4996267035752024
107,hate,mild_noise,"Jagan ni poguthunnava, leka mingutunnava...indirect ga jagan secret lu ani cheptunnav.",hate,0.5230546042862612,0.5230546042862612,0.47694539571373884
108,non-hate,mild_noise,Samudramlo aalalu aagavu Harsha Anna ki anna meda prema chavadi,hate,0.5576579018713987,0.5576579018713987,0.44234209812860126
109,hate,mild_noise,lanja puk maanagment valla ma warner mamali vadi velipoyaru,hate,0.588287409530674,0.588287409530674,0.41171259046932596
110,hate,mild_noise,phasT nItulu chèppAvu kadA Dabbu vaddani ipuDu èMduku tIsukomaMTunnAv..,hate,0.5584405941865925,0.5584405941865925,0.44155940581340747
111,non-hate,mild_noise,sUpar anna nI vIDiyos nI mATalu aMTe nAku chAlA iShTaM aMduuke nI ChAnal sabskraib,hate,0.5506380970954641,0.5506380970954641,0.449361902904536
112,non-hate,mild_noise,"BJP TRS iddaru dosthlu le , bayatiki ivani dramalu",hate,0.5596298255291672,0.5596298255291672,0.4403701744708329
113,hate,mild_noise,maMglI pADina pATalu annI òkelAgane anipistunnAyi pèdda DipharèMT emI ledu,hate,0.5582999655776792,0.5582999655776792,0.4417000344223207
114,hate,mild_noise,Yem matladuthunnav ra? Naralu kattai poiniy Neeku lekkalenduku ra ayya? Wekend politician,hate,0.577615375737808,0.577615375737808,0.4223846242621921
115,non-hate,mild_noise,mIru charitralo nIlustaru bro Hand's off to Your help fuull to por people.,hate,0.5399126613127694,0.5399126613127694,0.46008733868723056
116,non-hate,mild_noise,Smile chudanidhe venakki thaggavu bro nuvu,hate,0.5953685109571432,0.5953685109571432,0.4046314890428568
117,non-hate,mild_noise,Pichola gurinchi vinadame gane direct ga epudu e video lo chustuna ...,hate,0.5292970236544651,0.5292970236544651,0.47070297634553493
118,hate,mild_noise,rechipothunnaru adhikaram lo unnaru ani ahamkara dhorani,hate,0.5619274411061667,0.5619274411061667,0.43807255889383334
119,hate,mild_noise,Title leak ayithe entiii leak avakapoothe entiii....maku enti yee golaaa....title entooo mee buuild up entooo,hate,0.5396438405127479,0.5396438405127479,0.4603561594872521
120,non-hate,mild_noise,Die hard fan frm Kerala Nenu choosina pedha actor uh Tollywod lo Pawan Garuu,hate,0.5513697256986883,0.5513697256986883,0.44863027430131175
121,non-hate,mild_noise,Naa drustilo pspk garu Devudu,hate,0.5579128664626909,0.5579128664626909,0.4420871335373091
122,non-hate,mild_noise,muMduu rAjA siMg nu kApADaMDi appuDe mI pArTIpai prajallo namakaM erpaDutuMdi,hate,0.5639840741274678,0.5639840741274678,0.43601592587253224
123,hate,mild_noise,poye kAlaM daggara paDiMdii deniki,hate,0.5752688869341034,0.5752688869341034,0.42473111306589656
124,hate,mild_noise,"Yeri paapalaam manam , saamanya prajalu",hate,0.5469942687273908,0.5469942687273908,0.4530057312726092
125,non-hate,mild_noise,"Dr YNM 1 month ago iMdulo manaM pèddagA AlochiMchAlsina avasaraM ledu. aMtA kAlaM mahimaa.edo òkaroju kAlaM Ayanaaku iivvavalasina giphT tappakuMDA istuMdi. chesina karmalu anubhaviMchaka tapadu.. soniyAA gAMdhI ayinA, modI ayinA, chaMdrabAbu nAyuDu ayinA, jagan ayinA.. kAlaM aMte..",hate,0.554371297859072,0.554371297859072,0.44562870214092803
126,hate,mild_noise,taTTA buTTA sardukòni rèDI guMDu jaagan rèDi TaiM ayipoyiMdi,hate,0.5655447925307696,0.5655447925307696,0.4344552074692304
127,hate,mild_noise,Jagan eppatiki CM avvaledu raasi pettukoo....ha ....,hate,0.5327966961814551,0.5327966961814551,0.4672033038185449
128,non-hate,mild_noise,"Mega star ane peerson , definitely evadu oppukuna opukokapoyinaa inspiration to many people long live sir",hate,0.5376221341290006,0.5376221341290006,0.46237786587099944
129,hate,mild_noise,jAripotAnayi..kòMchèM gaTTigA muDi veyi,hate,0.5508050481386813,0.5508050481386813,0.4491949518613188
130,non-hate,mild_noise,tAgggi vAgutuMdi pApa Imè chilakalUrapeTalo rikArDiMg DAnsru,hate,0.5482822237719436,0.5482822237719436,0.45171777622805637
131,hate,mild_noise,"Nattu ga , neku manishiki undalsina lakshanam okkati kooda ledhu kadha ra.",hate,0.5677614546616749,0.5677614546616749,0.4322385453383251
132,hate,mild_noise,ap lo road la ki aa dikku ledh malla metro endhi mawa,hate,0.5924423800968746,0.5924423800968746,0.4075576199031255
133,hate,mild_noise,Yedichav le copy cat veshalu nuvvu,hate,0.5883818392948628,0.5883818392948628,0.41161816070513724
134,non-hate,mild_noise,"vALlu I jIvitaM lo kUDa phalaknAma pyAlas lo bojanaM chesivuMDakapoduru,nuvvu greT bro",hate,0.5686758547352128,0.5686758547352128,0.43132414526478724
135,non-hate,mild_noise,Ede antha fack news,hate,0.5461636692847924,0.5461636692847924,0.4538363307152076
136,non-hate,mild_noise,"chAlA bAgA explain cheeshAru bradar. Small correction mUlAdhAra, Aj~na chakra, sahasrAra",hate,0.5456676262997798,0.5456676262997798,0.45433237370022017
137,non-hate,mild_noise,Allu aravind garilo manchi actor vunnaru hilarious,hate,0.5246754738224332,0.5246754738224332,0.4753245261775668
138,non-hate,mild_noise,ee kaalam ammailu ki dabbuli vunte chaalu anukuntaru,hate,0.57059143864579,0.57059143864579,0.42940856135420996
139,hate,mild_noise,Rahuul dravid vadi moddalo selection asla chahal hi endhuuku tesukole,hate,0.5862400619386223,0.5862400619386223,0.4137599380613776
140,non-hate,mild_noise,janaM. kUDA. mAAripote. chAlA bAgunnnu kadA,hate,0.5578379190320188,0.5578379190320188,0.4421620809679811
141,non-hate,mild_noise,pUri chUstte chAlA bAdha gA uMdi ...òkka maMchi DairèkTar ilAAMTi mUvIs tiyaDaM eMTi ...i love you pUri sir... vere hIro to mUvI tiyyi Ana,hate,0.535827670799917,0.535827670799917,0.46417232920008306
142,non-hate,mild_noise,pedavallakuu apadha vasthe ventene velli sahayam chese goppa leaders komatiredy brother's dammunna leader rajanna ma balam ma dhaairyam ma pranam komatiredy brothers,hate,0.5653117356746223,0.5653117356746223,0.43468826432537766
143,non-hate,mild_noise,Aadaa Paduchulaa Usuru thagili Yellow party nasanaam kavali.,hate,0.5727340326486727,0.5727340326486727,0.4272659673513273
144,hate,mild_noise,jagan amma vadi dabbulu pettali nana gudda lo nunchi leppali,hate,0.5939747417429805,0.5939747417429805,0.4060252582570195
145,non-hate,mild_noise,prati pATa arapu èkkuvagA uMTuMdi èMduko anni pATalu òkelA unAyi.,hate,0.5489420077381506,0.5489420077381506,0.4510579922618494
146,non-hate,mild_noise,pUri sir liger movie black baster mIku all the best sir,hate,0.5189974775794794,0.5189974775794794,0.48100252242052055
147,non-hate,mild_noise,Mamulu ga evvaledhu ga anchor anna,hate,0.5796041486499224,0.5796041486499224,0.4203958513500777
148,hate,mild_noise,araTii bòdalu anaMgA vinnAnu. ipuDu shrImukhivi chUshAnu.,hate,0.5458830490356523,0.5458830490356523,0.45411695096434773
149,non-hate,mild_noise,idI òka plAn prakAraM jariginaTTu uMdi bhale sIn,hate,0.5536127123734375,0.5536127123734375,0.44638728762656255
150,non-hate,mild_noise,Kcr bsp valu enni eastunaru month ki Nek,hate,0.5810644020758527,0.5810644020758527,0.41893559792414725
151,non-hate,mild_noise,Abo iragadesindi song vere level,hate,0.5427890107942486,0.5427890107942486,0.4572109892057515
152,hate,mild_noise,bro delete cheyakapothey ma fans ninu degenutharu,hate,0.5708506267750642,0.5708506267750642,0.4291493732249358
153,hate,mild_noise,iMtaa karuvulo unnareMTirA.,hate,0.5444023884018229,0.5444023884018229,0.45559761159817713
154,non-hate,mild_noise,Vinayaka chavithi subhakanshalu Harsha sai,hate,0.5540610129480394,0.5540610129480394,0.4459389870519605
155,non-hate,mild_noise,A B N MD rAdhAkRRiShNa gAri ki chukkalu chUpiMchina ''K A pAl gAru'' mIru sUpar sAr nI mATallo nijAyitI kalpistuMdi.,hate,0.5425986027335605,0.5425986027335605,0.4574013972664394
156,non-hate,mild_noise,Avinash maMchoDu bro episode mottham choodu just nAgabAbu anamani chèpADu aMTA bro episode lo...,hate,0.5511719134670789,0.5511719134670789,0.4488280865329211
157,hate,mild_noise,Pastors aMdarikI òka manavi.dayachesi I vidhamaina debates vèLLi Christianity kI unna viluva taggiMchavadu.,hate,0.5566593204842423,0.5566593204842423,0.44334067951575773
158,hate,mild_noise,Pichi pattinattundi peekeey ki. A P arachekam jaragabothundhi ani anipistundhi naku,hate,0.5677256374015238,0.5677256374015238,0.43227436259847624
159,non-hate,mild_noise,ilA cheste deshaM paruvu potuMdi daya chesi deshaM paruuvu tIyadu,hate,0.5709472748478475,0.5709472748478475,0.4290527251521525
160,non-hate,mild_noise,maMchi Ansaar ichchAru bro,hate,0.5650842242670933,0.5650842242670933,0.4349157757329068
161,non-hate,mild_noise,JD garu mee lanti Genuine persons Pavan gariki support ga unte baguntundi sir,hate,0.554773973590323,0.554773973590323,0.44522602640967696
162,non-hate,mild_noise,èMta mudduguMdo chAlA bAgunnAv baMgAraM,hate,0.5478312020631222,0.5478312020631222,0.45216879793687775
163,hate,mild_noise,Nuvu Am speakeer ra babu,hate,0.5439216757930161,0.5439216757930161,0.4560783242069839
164,hate,mild_noise,èMtamaMdi DyAAns mAsTar lu vachchinA prabhudevA mAsTar lAgA veyaleru,hate,0.5366996879449114,0.5366996879449114,0.4633003120550886
165,hate,mild_noise,DNR still old school... Kalam tho Marakapote evaru aina kala gharbham lo kalisipotaru.,hate,0.5461521657332985,0.5461521657332985,0.4538478342667015
166,non-hate,mild_noise,prabhAs gAru anuShka gAru mIru tòMdaragAA pèLli chesukoMDi,hate,0.5585750732214176,0.5585750732214176,0.4414249267785824
167,non-hate,mild_noise,kòMchèMkUDa hIro ane pògaru leduu greT sAr mIru,hate,0.547029058689531,0.547029058689531,0.45297094131046906
168,hate,mild_noise,Nani iinkosari pk speeech chudu ... Sollu kaakunda raise chesina poiints gurinchi matladu... Sannasivenuv no doubt,hate,0.5526763436070403,0.5526763436070403,0.4473236563929596
169,hate,mild_noise,mohaan babu oppukunna oppukokapoyiina chiranjeevi peddankanni vachchina gouravam m tagipodu,hate,0.5417843086566433,0.5417843086566433,0.4582156913433567
170,hate,mild_noise,AAtlunttadhi palanadu thitlante sarrigga deggutam,hate,0.5795963771236009,0.5795963771236009,0.4204036228763991
171,hate,mild_noise,Sontha Peru meda registraation chey leka piyadu,hate,0.5570355091749348,0.5570355091749348,0.4429644908250652
172,non-hate,mild_noise,"Hi harsha....happy vinayaka chavithi, life long nuv hapy ga undalani............aa devunni korukuntuna sai......may god bless u harsha.",hate,0.5256904295204541,0.5256904295204541,0.4743095704795459
173,hate,mild_noise,sAr kèsiAr gAAru viShayAlanu pUsaguchchinaTlu chèptunnAru mAdhava rèDDi nayIm la saaMbaMdhiMchina vivaraMgA mATlADaDAniki ibbaMdi paDutunnAru mIIru kUDA haMDrèD parrsèMT phek,hate,0.553194621671625,0.553194621671625,0.446805378328375
174,hate,mild_noise,"Maataluu jagratha roja .alaga janam ,kodukulu antunnavv mari antha gb voddu",hate,0.576148999847091,0.576148999847091,0.42385100015290894
175,non-hate,mild_noise,jani ana RC annatho kalissi hero ga cheste chodaalani vundhi,hate,0.5692916054067388,0.5692916054067388,0.43070839459326116
176,hate,mild_noise,jaganmohan rèDDi valla pilalu bAgA chUsukunnADu ani yAMkar vAgu toMdi vAALLa pillalni kAka nI pilalu bAgA chUsukuMTAru,hate,0.5674121498504436,0.5674121498504436,0.4325878501495564
177,hate,mild_noise,"AparA.... nuvvu òka ammAyi to nIchaMgA vyavahariMchi, vènakaa nuMchi gaTTigA paTTukuMdA manukunnA ani nI character lose chesukunnAv.. èvaDèM chestADu?",hate,0.5526911254422695,0.5526911254422695,0.44730887455773044
178,hate,mild_noise,Ni moham ante kada,hate,0.5583927901351755,0.5583927901351755,0.4416072098648245
179,non-hate,mild_noise,ni neews ni over action ki dandam ra babu,hate,0.5704038216025082,0.5704038216025082,0.42959617839749176
180,non-hate,mild_noise,annA kAAsta jAgratta... vALle anukoni lopala nuMDi deMtonana visireru... kAAsta gyAp ichchi potaMDe... Loove you Anna... nI kaShTTaM vRRidhA kAdu,hate,0.5599684543583582,0.5599684543583582,0.4400315456416418
181,non-hate,mild_noise,I promo chUsinaMta sepu nA mòhaMlo chirunavvu Agaledu.,hate,0.5539873762355754,0.5539873762355754,0.4460126237644246
182,hate,mild_noise,Vizag News reporter overaction chestunaadu,hate,0.5226704725459059,0.5226704725459059,0.47732952745409407
183,hate,mild_noise,mI naDumu keka AMTI,hate,0.579424656874256,0.579424656874256,0.42057534312574396
184,hate,mild_noise,kaLLallo nuMchi kAmaM kAripotuMdi,hate,0.560736598619237,0.560736598619237,0.4392634013807631
185,non-hate,mild_noise,Adaarshamaina pòliTikal lIDar ayite rAjakIya sanyAsaM tIsukuMTanani chèpAru. emaiMdi,hate,0.5488816321727936,0.5488816321727936,0.4511183678272063
186,non-hate,mild_noise,jai janasena mana pArTI gèlavAlani manaspUrtigA korukuMTuna,hate,0.556225649701011,0.556225649701011,0.44377435029898904
187,non-hate,mild_noise,deshAniki panikòchche iTuvaMTi vAru nòppi lekuMDAne prANAlanu vaadulutAru,hate,0.5582137514156722,0.5582137514156722,0.44178624858432775
188,non-hate,mild_noise,God aMDii gIta kRiShNa gArU maMchi. iMTarvyu,hate,0.5441684413135031,0.5441684413135031,0.4558315586864969
189,hate,mild_noise,Pichi hospital lo join avara ayomayam,hate,0.5520214926765896,0.5520214926765896,0.4479785073234103
190,hate,mild_noise,​BJP lo seat kosam baga chesav le stunt,hate,0.5398768838063808,0.5398768838063808,0.4601231161936193
191,hate,mild_noise,rauDI TiDipi,hate,0.5486482625908082,0.5486482625908082,0.4513517374091917
192,non-hate,mild_noise,"avasaraM ayinappuuDu prANAlu ki tègiMchi porADutAru mana AMdrapradesh polIsulu, phArèsT ApphIsars. greT",hate,0.5582468138823338,0.5582468138823338,0.4417531861176662
193,non-hate,mild_noise,He is genuine person aMduke lokal chilara nAyakulu aMtA kalisi vADini TArgèT cheshAru,hate,0.5468331442512213,0.5468331442512213,0.45316685574877863
194,non-hate,mild_noise,kArtikeyan 2 Congratulations phar big rèsppAns phram pavan kaLyAN annna,hate,0.5445840218210805,0.5445840218210805,0.4554159781789196
195,hate,mild_noise,Vedhavalu Vedhavalu ani chotla vunnaru..inka janalani yedipinchadam tappa,hate,0.550976128504413,0.550976128504413,0.4490238714955869
196,non-hate,mild_noise,chaMdrabAbu shivuDu lAMTi vADu. viShAnnii kUDA tanaloki tIsukuMTADu...ika ilAMTivi òka lèke kAdu..,hate,0.567323786947,0.567323786947,0.43267621305299997
197,non-hate,mild_noise,jai rgv jai purii,hate,0.5480980899417827,0.5480980899417827,0.4519019100582174
198,non-hate,mild_noise,sodarulu èMta gòDava unna èvaDanA tammuDini emannA aMTe raktaM Urukodu. alAge bhAratIyuulu kUDA uMDAlani gòppagA chUpiMchina rAAjamauLi gAriki dhanyavAdAlu,hate,0.5506340822645563,0.5506340822645563,0.44936591773544365
199,non-hate,mild_noise,"tèlaMgANa udyama gItAla nuMDi, mAs gItAla mIdiki rUT mArchina maMglI",hate,0.5443940941791215,0.5443940941791215,0.45560590582087845
200,hate,mild_noise,Exams lo vundey vallani invigilators antaru adi kuda teleedhu Veeeduu minister chesadu.... karmara babu chi.... Thuppas na kodaaka,hate,0.5661704969526036,0.5661704969526036,0.4338295030473965
201,hate,mild_noise,pk inka ka pauk ap lo jokers,hate,0.5735282147714902,0.5735282147714902,0.4264717852285098
202,hate,mild_noise,tèlugu bAy phrèMD kAvAlI,hate,0.5518584539097959,0.5518584539097959,0.448141546090204
203,hate,mild_noise,Bochu pikanddii,hate,0.5809882878038678,0.5809882878038678,0.4190117121961322
204,hate,mild_noise,dInamma dInii ki iMkA eM paniledA..,hate,0.5446988312214398,0.5446988312214398,0.45530116877856025
205,hate,mild_noise,Em kanapadathunnayi boka,hate,0.5880893155806838,0.5880893155806838,0.4119106844193162
206,hate,mild_noise,Manu garu meru involve avvakandi chala chirakuu ga vuntundhi,hate,0.5458521639109253,0.5458521639109253,0.4541478360890748
207,hate,mild_noise,Konda gani over action kompamunchindi,hate,0.5645409300317364,0.5645409300317364,0.43545906996826356
208,non-hate,mild_noise,ramaNa gAAru sUpar gA pADeeru maLli maLli vinAli anipistuMdi mIku a devuDu iMka maMchi stAyiloo vuMchAli ani korukuMTAnu,hate,0.572073561712718,0.572073561712718,0.42792643828728205
209,non-hate,mild_noise,Aaa Voice lo unna rajasa yogame vere level Jai Prabhas Anna,hate,0.5438216183746143,0.5438216183746143,0.45617838162538576
210,non-hate,mild_noise,Jetla ​INDIA ni developed cheyadam evarivalla kaadani thelisipoindi prajalaki.....unnodi inka unnntha lenodiki inka lenantha....life tho brathakali thappadu,hate,0.5597711603169432,0.5597711603169432,0.4402288396830568
211,non-hate,mild_noise,Anna super bro,hate,0.52790994373406,0.52790994373406,0.47209005626594003
212,hate,mild_noise,Self dabba yekkuva indhi Nagababu nevu ne bussu lu thoo,hate,0.589029058762697,0.589029058762697,0.41097094123730304
213,hate,mild_noise,teenmmar mallana kcr cheppu nakutadhu,hate,0.5908527998841213,0.5908527998841213,0.40914720011587863
214,hate,mild_noise,Veelu chesadi gymnaastics mala vale dhani dannce anukuntaru,hate,0.5740731441528177,0.5740731441528177,0.42592685584718226
215,hate,mild_noise,pèda pIThAdhipati lAgA aMdariki AshIrvAdaM istunADugA,hate,0.5504348878580555,0.5504348878580555,0.4495651121419445
216,non-hate,mild_noise,vADu edo jok cheste adi nuvvu nammaDame nA,hate,0.5736026083142016,0.5736026083142016,0.4263973916857983
217,non-hate,mild_noise,Pspk vachi phooto dhigudham anteey aa excitement ey veru adhi clear ga nivetha face lo kanipisthunadhi,hate,0.5827907625664539,0.5827907625664539,0.41720923743354604
218,hate,mild_noise,RGV efect valla Puuri cinemalu annii dobbayi.,hate,0.5425507110412212,0.5425507110412212,0.4574492889587788
219,hate,mild_noise,ilAMTi vIDiyos chestuMTe mI phyAmilI lo ADavALlu gurtuku vastalerA rA..blU byAch gA... dAnni tannAli phasT IlAMTi vIDiyo kI òppukunnaMduku,hate,0.5468509004657225,0.5468509004657225,0.45314909953427757
220,non-hate,mild_noise,guuMDèla paina kAAdu guMDè lopala vunAru sar mIru,hate,0.5756394882682097,0.5756394882682097,0.4243605117317904
221,non-hate,mild_noise,mAmulugA ledu TvisT sUpar aha kèvvu keka,hate,0.5664160481640402,0.5664160481640402,0.43358395183595977
222,non-hate,mild_noise,ilA emi lekuMDA unna ekaika nAyakuDu... Apj abdul kalam gaaru mAAtrame,hate,0.5705181900402809,0.5705181900402809,0.429481809959719
223,hate,mild_noise,yoogi baba ram rahim sistudu edharu adava vallaki respect eyyaru edharu pedha laanga gallu,hate,0.5782010811052269,0.5782010811052269,0.421798918894773
224,non-hate,mild_noise,gAD blèss yu samaMta sisTar,hate,0.5551264855243943,0.5551264855243943,0.4448735144756057
225,non-hate,mild_noise,iTuvaMTi kathalu paDtAne dhikku lekuMDA poyiMdi,hate,0.5828329810867265,0.5828329810867265,0.4171670189132734
226,non-hate,mild_noise,mIkuu vaMda namaskArAlu rA bAbu,hate,0.5606844866739105,0.5606844866739105,0.43931551332608954
227,hate,mild_noise,Ravii anna oudi ounte nani vamsi anil kumar ambanti lanti vaalu noru lepevaru kaademo,hate,0.5843380201744837,0.5843380201744837,0.4156619798255163
228,hate,mild_noise,muMdu arèsT cheyaMDi.. mIDiyA muddu tIsukuraaMDi rA..,hate,0.5599510165546275,0.5599510165546275,0.4400489834453724
229,hate,mild_noise,vd overconfidence valla ciniema dengindhi,hate,0.5627204889943453,0.5627204889943453,0.4372795110056546
230,hate,mild_noise,Andra prajalaaku siggu undali soontha amma nu chellini patinchukoleni vadu Memanli chusukuntadu,hate,0.5726647269223224,0.5726647269223224,0.42733527307767755
231,hate,mild_noise,Vijay devarakonda hype tho dhamal. Jr NTR next turn. Meeru akashaniki ethe anthaa great actor emi kaadu..,hate,0.5459008862107135,0.5459008862107135,0.4540991137892864
232,hate,mild_noise,Mere brathukulu inthey eka. Nasanayam aaipotai,hate,0.5753660628673363,0.5753660628673363,0.42463393713266373
233,hate,mild_noise,Meeru moosukunte baguntadi,hate,0.572713426905251,0.572713426905251,0.42728657309474904
234,hate,mild_noise,Meru mi over action apandra babbu,hate,0.5705629052975993,0.5705629052975993,0.4294370947024007
235,non-hate,mild_noise,aMta chirAggA vuMTe.. sTej mIda ki èMdukèllAr sAr,hate,0.5357433695573062,0.5357433695573062,0.4642566304426939
236,hate,mild_noise,pm modi ni pakisthan ki tarmidengali jai kcr mere next pm,hate,0.5726853709227215,0.5726853709227215,0.42731462907727846
237,non-hate,mild_noise,bayaTaku geMTesAru òkasAri laiv progrAM nuMDi aMtte pAsT gA paiki lechADu chUpiMchAvu oTami lo kUDA èlA paiki rAvAlo ani,hate,0.5693422287992489,0.5693422287992489,0.43065777120075116
238,non-hate,mild_noise,Nayaakudu ela undali God bless you sir,hate,0.5355528145688622,0.5355528145688622,0.4644471854311379
239,hate,mild_noise,bjp malli ade double game maatladutondi....amaravathi meeda,hate,0.5507274849542003,0.5507274849542003,0.4492725150457996
240,hate,mild_noise,Nvvy nee build up,hate,0.5348402616836023,0.5348402616836023,0.4651597383163976
241,hate,mild_noise,Banisa La unaru kadara meeru me overacting,hate,0.5431489439082665,0.5431489439082665,0.4568510560917335
242,hate,mild_noise,andukokune vaalu laga vunnaru meru natho comparisioon na,hate,0.5930710169315949,0.5930710169315949,0.4069289830684051
243,hate,mild_noise,Lancham aantunaru anam garu...... inthaaku mundu your government ilagey chesinda...,hate,0.5467205779506009,0.5467205779506009,0.4532794220493991
244,non-hate,mild_noise,paruchUri gopAla kRRiShNa gAri ki namaste mimmulanu mòdaTisAri bhArgava rAmuDi sinimAlo chUsAnu sUpar vèraiTI yAkShan sAr,hate,0.5550243382666751,0.5550243382666751,0.44497566173332487
245,hate,mild_noise,Ma campus ee bro lanjodukuu,hate,0.5641499026627934,0.5641499026627934,0.43585009733720664
246,hate,mild_noise,"Ipl ki best manna palyers , international matches enduku waste",hate,0.5495249074818451,0.5495249074818451,0.45047509251815493
247,non-hate,mild_noise,Dnr sampadinchalani anukunte today ciniema fieeld lo eewaru sariiporu mahanubavudu daring man,hate,0.5769697914302987,0.5769697914302987,0.42303020856970136
248,hate,mild_noise,preity zinta oka bazzar kuka team tesuukovadam kuda radu,hate,0.5907791178759125,0.5907791178759125,0.40922088212408747
249,hate,mild_noise,shankar ninnu bjp kukka kottinattu kodutaru,hate,0.5644814901762334,0.5644814901762334,0.4355185098237666
250,non-hate,mild_noise,sAr mimalni chUstuMTe kòMDaMta dairyaM vastuMdi,hate,0.5538783929967177,0.5538783929967177,0.44612160700328235
251,non-hate,mild_noise,mI èMTrI vachchinapuDu nitin anna bhayapaDutunnADu,hate,0.5549831279280188,0.5549831279280188,0.4450168720719812
252,hate,mild_noise,nenuu opèènahArT vit RK tappaka chUstuMTA. iMta daridrapu iMTarvvyU pèTTakuMDA vuMDAlsiMdi. tenè pUsinakatti,hate,0.5561896398436164,0.5561896398436164,0.44381036015638364
253,hate,mild_noise,Ne bathukula sulli net nenu dengiina vadu esthada recharge aipothe,hate,0.6024728108703075,0.6024728108703075,0.3975271891296926
254,non-hate,mild_noise,blAk sArI lo bAguMdi,hate,0.5447944966293525,0.5447944966293525,0.45520550337064747
255,non-hate,mild_noise,Ayana piTTakathalanu bAgA enjoy chestAM... aMtarlInaMgA oka adbhutavedAMtavAkyaM chèbutAru dAnini vadilestAM.. adImanaM. “devuDu òkkaDee.. nI maThaM kAnaMtamAtrAna veerevArini dUShiiMchanavasaraNaledu.”,hate,0.5467049428599364,0.5467049428599364,0.4532950571400635
256,hate,mild_noise,Buthula saka mantri ....,hate,0.55338587335293,0.55338587335293,0.44661412664707
257,non-hate,mild_noise,Aatla vastai Anna niku enni telivi tetalu oka cinema thi anna,hate,0.5595378434870025,0.5595378434870025,0.44046215651299747
258,hate,mild_noise,Paramboku ias officers ni vetiki kcr Jagan tesku vachi AP Telaangana lo pedtaru,hate,0.5757873818632835,0.5757873818632835,0.4242126181367165
259,hate,mild_noise,Endhuku ante vallu chetha lanchodukulu bro,hate,0.5851680065957949,0.5851680065957949,0.414831993404205
260,hate,mild_noise,raja singh kalthi maal ammutharu and rowdy gunda,hate,0.5682204995655424,0.5682204995655424,0.43177950043445756
261,non-hate,mild_noise,"rma kosaM chUsAnu ,mòdaTisAri atanu òka hIroo abhimAni èlA ulAsaMgA sTeji pai mATlADuttAro alA anipiMchAAru",hate,0.5411151232364946,0.5411151232364946,0.4588848767635055
262,hate,mild_noise,Rai atanu udyogaM correect gA chestunnADu èMduku ra nAyakulu aMduru kalissi niMdalu vestAru.. nijAyitI pani cheste èvaarikI nachchadu..ChI,hate,0.547776521896657,0.547776521896657,0.45222347810334296
263,non-hate,mild_noise,Ee videoo chusintarvatha mee meeda respect perigindi,hate,0.5577018447227935,0.5577018447227935,0.44229815527720656
264,hate,mild_noise,Chavu Nenu avadu apadu,hate,0.5746836555327829,0.5746836555327829,0.4253163444672171
265,hate,mild_noise,RK Garu neku interview cheyadam rakapoty miskuni veeray vallaku chance evvandi niku reespect evvadam teledu,hate,0.5832864387478988,0.5832864387478988,0.41671356125210124
266,non-hate,mild_noise,Ee momment ki nizam gaa aricham,hate,0.5647666598680543,0.5647666598680543,0.43523334013194576
267,non-hate,mild_noise,Inthamandi abhmaninchali ante entha adrushtam chesuko undali,hate,0.5750735263174176,0.5750735263174176,0.42492647368258235
268,non-hate,mild_noise,Paristhithulu maree intha pagabattesayenti,hate,0.5785585644399811,0.5785585644399811,0.42144143556001895
269,non-hate,mild_noise,mAtRRi bhASha tèlugu aMTe aMta lokuvA pakka rAShTrAla vALLu vAri mAtRRi bhASha ki èMMta gauravaM ichchu kuMTAro chUsi nerchukoMDi,hate,0.5486516520595663,0.5486516520595663,0.45134834794043366
270,hate,mild_noise,Lakshalu lakshalu fees lu dengina,hate,0.5463472657733366,0.5463472657733366,0.45365273422666336
271,non-hate,mild_noise,idi kUDA pichchii DAnsulu ki òppesukuMdi. tu dInamma. ADadi aMTe gauravaM potoMdi.,hate,0.5594769973324705,0.5594769973324705,0.4405230026675295
272,hate,mild_noise,Arey sollu comedy apandraaa,hate,0.5688914594153129,0.5688914594153129,0.431108540584687
273,non-hate,mild_noise,Green dress sis suuper ga chesaru,hate,0.5718594961507386,0.5718594961507386,0.4281405038492614
274,hate,mild_noise,"Me iddaru valla epI lo ADavALLa parruvu poyiMdi, paadavi kosaM èMtakainA digajAre bratukulu mIvi",hate,0.564503374165789,0.564503374165789,0.43549662583421106
275,hate,mild_noise,oka ammai vi vundhi natho argue chesthava puku mosukoni inti panulu cheeyi,hate,0.5783635400397374,0.5783635400397374,0.42163645996026256
276,non-hate,mild_noise,nijAniki prajala kosaM porAADutunna ekaika nAyakuDu revaMt rèDDi gAru,hate,0.5617615144332262,0.5617615144332262,0.43823848556677375
277,hate,mild_noise,prathi chethanakoduku viratkohli ni anetode lavdapuk galu,hate,0.5875275172048637,0.5875275172048637,0.41247248279513626
278,hate,mild_noise,Movie matram modda gudisi potadhiii pakkaa,hate,0.591482494452357,0.591482494452357,0.408517505547643
279,hate,mild_noise,roja ninnu choosthey nak guddalo edo nakuladhi nuuvu ni barrey guntu,hate,0.5985519483196386,0.5985519483196386,0.4014480516803613
280,hate,mild_noise,Nuv dancer va chiiii sigguledhu Neku,hate,0.5911686340380178,0.5911686340380178,0.4088313659619822
281,hate,mild_noise,Tokka kooda oppukonu,hate,0.5811688553122139,0.5811688553122139,0.4188311446877862
282,non-hate,mild_noise,"abhivRRidhi, saMkShemaM rèMDu chUUDagala chaMdrabAbu vale rAShTraniki maMMchi jarugutuMdanedi mumATiki nijaM",hate,0.5694712178324102,0.5694712178324102,0.4305287821675899
283,non-hate,mild_noise,Bahubali time antha Baganey Unav Ana . Tharwatha ee sahoo ki radhe shyam nachinatlu frnds tho sitting uu food padypoyav Anna ..Ayina sarey darling ee no one,hate,0.5665192524551991,0.5665192524551991,0.4334807475448009
284,hate,mild_noise,"Frank ga cheppalante evari personal life valladi... Meru chesthundi enti mari Peruki peda news channels... Avasaramayina news vadilesi sodhi news lu cheppatle....Apudu mimmalni alage anaali ga Enta sepu cinema vala personaals lo, leda social mediia peru cheppi Netizeenlu troll cheesthunaru anatam... Controversy lani pani kattukuni crete cheytam...ila sodhi news ee kani paniki vachevi epudyna cheppara ra? Scraap media channels....",hate,0.5553790388622094,0.5553790388622094,0.4446209611377906
285,non-hate,mild_noise,Heema kuturu chala chala baguntadi chala suma show lo chusanu,hate,0.5649518730552672,0.5649518730552672,0.4350481269447329
286,hate,mild_noise,women ki respect ledhu malla vadu oka yogi malla ha modda cm kurchi lo vuundhi,hate,0.5921980993097773,0.5921980993097773,0.4078019006902227
287,non-hate,mild_noise,nuv hIro avatAvu anna aMtaa sTayil vuMdi niloo idi riyal mATa,hate,0.5703126246607544,0.5703126246607544,0.42968737533924556
288,hate,mild_noise,Nice baaga dhiimpav Anchor bro.,hate,0.5555809107144356,0.5555809107144356,0.4444190892855644
289,hate,mild_noise,chArmi pUrrtigA kudelu nAku iMko la kanipiMchiMdi,hate,0.5588459937137173,0.5588459937137173,0.4411540062862826
290,hate,mild_noise,ery pappa la tho comedy very pappa la uanttadhi dhodhu dhodheey,hate,0.5771286694527864,0.5771286694527864,0.4228713305472136
291,non-hate,mild_noise,vèMkI mAma phyAns jai vèMkI mAma,hate,0.5244258794052676,0.5244258794052676,0.4755741205947324
292,non-hate,mild_noise,"Babu gogineni garu, suereb ga Chepparu",hate,0.5636392599740232,0.5636392599740232,0.4363607400259768
293,non-hate,mild_noise,Bangaram lanti wife failure kuda supporting ga undi kani veedu vini veshalu,hate,0.5211639749064756,0.5211639749064756,0.47883602509352446
294,hate,mild_noise,bAgA chadivinav gA rAsukuni marI.. madhyalo mana bhAryalu annAv chUDu,hate,0.5621952378639379,0.5621952378639379,0.4378047621360622
295,hate,mild_noise,bAnisa kaTTappalu bayaTaki vachchAru..ika jagan ki bhajana chèyyaDAniki..,hate,0.5557327652105496,0.5557327652105496,0.4442672347894504
296,non-hate,mild_noise,pAppa chetiki katti ichchee sIn ènnisArluu chUsinA kaLLalo nILlu tirugutunnAyi... Great thought by director,hate,0.5448538000133087,0.5448538000133087,0.45514619998669126
297,non-hate,mild_noise,mègAsTAr chiraMjIvi gAruu appaTiki ippaTiki èppaTikI lèjèMDarI AkTar in world,hate,0.5368056207523187,0.5368056207523187,0.46319437924768125
298,non-hate,mild_noise,In direct resshmi ke kiss aadiga du sudheer bhaiyya,hate,0.5746877851696048,0.5746877851696048,0.42531221483039516
299,non-hate,mild_noise,saMkrAMtiki rAbotunna chiraMjIvi gAri sinimA mariyu bAlakRRiShNa gAri sinimA maMchi vijayaM sAdhiMchAlani korukuMTU,hate,0.5454968284919495,0.5454968284919495,0.4545031715080505
300,non-hate,mild_noise,sUpar anna jai pavan kaLyAN jai janasena nèksT sIIèM pavan kaaLyAN gAre,hate,0.5375396266562342,0.5375396266562342,0.4624603733437657
301,hate,mild_noise,appude amindi mundundi musallapanda chudu ra,hate,0.5830595783171668,0.5830595783171668,0.41694042168283324
302,non-hate,mild_noise,Vedu gelisthe telangana people dhi kuuda adhe situation,hate,0.5867322677798072,0.5867322677798072,0.4132677322201928
303,hate,mild_noise,Dhusta chaathuryam! Meeru ilantivi eenni chesina em pikalerra!,hate,0.5651618087085515,0.5651618087085515,0.4348381912914486
304,non-hate,mild_noise,Helping nature kuda vundaali apude manishiki viluva,hate,0.5661688886102033,0.5661688886102033,0.4338311113897967
305,hate,mild_noise,marade tèlisi tèlisi nippullo chetulu pèTaDaM aMTe,hate,0.5585596941737592,0.5585596941737592,0.44144030582624083
306,non-hate,mild_noise,Mr. Bandi asalu 2019 ki muMdu ni asthi èMta ippuDu nI Asthi èMta..,hate,0.5474893465253373,0.5474893465253373,0.4525106534746627
307,hate,mild_noise,Anchor be like: pichi na kdklni andharu ikkade unnaru,hate,0.5516436731672283,0.5516436731672283,0.4483563268327717
308,non-hate,mild_noise,Megastar tho dutt garu 4movvies theeesthey 3 industry hits.charan janvi tho thwaraga jvvas 2 thiyandi Dutt garu,hate,0.544813939752347,0.544813939752347,0.45518606024765296
309,non-hate,mild_noise,E bjp oil rates increase chesi vanta cheyali ante kastam undi anna,hate,0.5476196388225018,0.5476196388225018,0.45238036117749825
310,non-hate,mild_noise,prajala tarapuuna iMta sudIrgha porATaM chesi tAnu gèlichi mammalni gèlipiMchina dilIp suMkaraa gAriki hRRidaya pUrvaka shubhAkAMkShalu...jai bhIm ...jai bhArat...,hate,0.5670715773581954,0.5670715773581954,0.4329284226418046
311,non-hate,mild_noise,Vijay Devarakonda fans ekkada thaggedhele,hate,0.5556188737862706,0.5556188737862706,0.44438112621372944
312,non-hate,mild_noise,maheSh bAbu la vuMD sitAra pAApa chAlA kyUT gA uMdi,hate,0.5584017379934596,0.5584017379934596,0.4415982620065404
313,hate,mild_noise,Pove pukuu mundaa,hate,0.5872803103803534,0.5872803103803534,0.4127196896196465
314,non-hate,mild_noise,"poyi central appulu chudu, hunger index, inflaation, poverty, unemployment etc Teelangana lo least unemployment and development is peaking up rapidly.",hate,0.5378745519766628,0.5378745519766628,0.46212544802333727
315,hate,mild_noise,laMjAkòDukulu laMjamuMDala jokulA ivi nA kòDakallArA,hate,0.5513667430640783,0.5513667430640783,0.4486332569359217
316,hate,mild_noise,shaq modda ante vunnavu ra kevin neku enduku affair,hate,0.5811147818230726,0.5811147818230726,0.41888521817692737
317,non-hate,mild_noise,nA Upiri unnaMtavaraku nA oTu mIke annA,hate,0.5609456689891463,0.5609456689891463,0.4390543310108536
318,non-hate,mild_noise,Prathi scene prathi shot u mind pothundhi Amma baboy Awesome script selection,hate,0.5373928100117273,0.5373928100117273,0.46260718998827266
319,hate,mild_noise,Idendayya idi Mariiii ila thayarayyaru Dandaalu ra ayya,hate,0.5697398454409475,0.5697398454409475,0.4302601545590526
320,non-hate,mild_noise,special respect for Indian crickket thanks for ( inteernational board of Auustralia),hate,0.5107597602942311,0.5107597602942311,0.48924023970576885
321,non-hate,mild_noise,Cheppedhi em lekapoina ha hm ani anna parleedhu vallatho matladali anthee,hate,0.5764147209782091,0.5764147209782091,0.42358527902179094
322,non-hate,mild_noise,Gudivada king true leader,hate,0.527454324696312,0.527454324696312,0.47254567530368796
323,hate,mild_noise,siggu vundaali amma jaagan lanti erripuk kanna aanduku,hate,0.5664596986385837,0.5664596986385837,0.43354030136141625
324,non-hate,mild_noise,All the best annya aaa..ni Hard work apudu ki waste kadhu sir jai janasena,hate,0.5536394823549005,0.5536394823549005,0.44636051764509954
325,non-hate,mild_noise,apaTlo sunIl kosaame DailAgs uMDevi ipuDu AlA lèv,hate,0.5626351219049825,0.5626351219049825,0.4373648780950175
326,non-hate,mild_noise,vAv mI DAns sUpar sUpar,hate,0.5340919792817096,0.5340919792817096,0.46590802071829046
327,non-hate,mild_noise,vAru èvarito pèTTukuMTe mIkèMdukusAr.mIru roDlu èMduku iyyaledu? prAjèkTulu èMduku kaTTaDaM leddu? èMduku iMta appulu chestunnAru madyapAna niShedhaM èMduku cheyaledu? kaMpènIlu èMduku tIsukurAvaaDaM ledu?,hate,0.5479533244648332,0.5479533244648332,0.45204667553516675
328,hate,mild_noise,siggu saraM vunna vALLu èvaru vIDi sinimAlaku pòkaDadu ..... eMTrA A bAShA ...,hate,0.5375102374599257,0.5375102374599257,0.46248976254007435
329,hate,mild_noise,po ra pichi kukka . siggu ledhu em ledhu asla manishi vey na,hate,0.5829161150503404,0.5829161150503404,0.41708388494965964
330,non-hate,mild_noise,Ilanti MLA Anni niyojaka vargalo enduku leru!!,hate,0.5521514264301108,0.5521514264301108,0.4478485735698892
331,non-hate,mild_noise,Full video please bayya,hate,0.5150882997824452,0.5150882997824452,0.4849117002175548
332,hate,mild_noise,tòDalu... assalu unnnAyi,hate,0.5249080445696774,0.5249080445696774,0.4750919554303225
333,non-hate,mild_noise,Dress bavundi kaani phone poyiindi,hate,0.5606086835555713,0.5606086835555713,0.4393913164444288
334,hate,mild_noise,èMduku rikArDiMg DAns vALLaki viluva ledu aMTe... ilAAMTi mATalu.. vèkili cheShTalu valle..,hate,0.5500320081572474,0.5500320081572474,0.4499679918427526
335,non-hate,mild_noise,asalu iMglIShu sinimAlu lone iilAMTi padAlu uMTAAyi.,hate,0.557197696456159,0.557197696456159,0.442802303543841
336,hate,mild_noise,muMdu muMdu spaShTaM gA bUtulu mATlADestAru emo,hate,0.5483244939473251,0.5483244939473251,0.451675506052675
337,hate,mild_noise,Anduke film dobbiindii,hate,0.5586147910092418,0.5586147910092418,0.44138520899075817
338,hate,mild_noise,kallu pathukoni sanka kannidhi meru,hate,0.5721759188754887,0.5721759188754887,0.42782408112451137
339,non-hate,mild_noise,Ade matani dukuduga cheppandi. Siva garu kanabadatharu maaku. Voice belaga vundi.,hate,0.572361633179583,0.572361633179583,0.427638366820417
340,hate,mild_noise,ideMTI ilA naDustuMdi,hate,0.552269641579473,0.552269641579473,0.447730358420527
341,non-hate,mild_noise,kohlI ki anuukulaM gA mariyu phAm lo unapuDu 3 icc cups aMdiMchinA dhoni gauravaMgA kèpTènsI vaduluukunnADu..aMdaru riTairmèMT taravAta lèjèMDs ayyaru kAnI kohli krikèT aDutune lèjèMD sthAyI nI aMdukunADu..kohlI sTeyi vADu kèpTènsI kosaM ilA gòDavapaDaTaM valla prapaMcha sthAyI abhimanulunnA kohli tAnA sthAyini tAgiMchukunnavADu avvutADu..kohli winning persentage yèkkuvunnA..IPL.kAni,hate,0.5533314894002286,0.5533314894002286,0.44666851059977136
342,hate,mild_noise,Areeyy vanni mental hospiital loo join cheyyadraaa,hate,0.5564658866664474,0.5564658866664474,0.4435341133335526
343,hate,mild_noise,Nijame lanjalara ammavadipuku degiichukoniki thisukunara,hate,0.5702384088091068,0.5702384088091068,0.42976159119089313
344,non-hate,mild_noise,"chAlA adbhutaMgA myUjik DAns sTèp riisalT sUpar,,",hate,0.5341309142484283,0.5341309142484283,0.4658690857515717
345,non-hate,mild_noise,anil gAAnI vAyis viMTe nAku èkkaDo kaludi.... viDu vini mATalu...vèsT na kòMdi,hate,0.5506402393109505,0.5506402393109505,0.4493597606890495
346,non-hate,mild_noise,asaalu hAran kòTTakapote Train ippaTlo rAdani arthaM,hate,0.5549386997608303,0.5549386997608303,0.4450613002391697
347,hate,mild_noise,fiirst koja johar ni india nunchi tarmidengithe sangam pedha pothadhi,hate,0.5799925240849853,0.5799925240849853,0.4200074759150147
348,non-hate,mild_noise,Ending naku tears vachai bro. Harsh sai real hero. God bless u brother.,hate,0.5226650765344045,0.5226650765344045,0.4773349234655954
349,non-hate,mild_noise,Sometimes nuvvu vacchinanduku chala feel avutunna ninnu ilaanti position lo vunchina naaa lanti die hard fans ni chustunte anna,hate,0.5534998365855501,0.5534998365855501,0.4465001634144498
350,hate,mild_noise,roja oka noru vunna pichi lanja norru vundhaani edho edho matladthi,hate,0.5775414876590841,0.5775414876590841,0.42245851234091586
351,hate,mild_noise,Eema em peekindhi ra judgee la pettaru,hate,0.5888831842620261,0.5888831842620261,0.4111168157379738
352,non-hate,mild_noise,Avnu nenu mimmalni chusanu chaala sarl,hate,0.5642109569800366,0.5642109569800366,0.43578904301996335
353,hate,mild_noise,Modda gudisipotav bollywod content lamti movies tistey,hate,0.5650876354453214,0.5650876354453214,0.43491236455467863
354,hate,mild_noise,Pichha Na Kodaka! Vinipisthunda Ra Vijay Ga !!,hate,0.5360976239434609,0.5360976239434609,0.463902376056539
355,hate,mild_noise,Poyakalam deeggara padinappudu alage chesthaaru,hate,0.5632985212258912,0.5632985212258912,0.4367014787741088
356,hate,mild_noise,saMkanAkistuMdi... idi kUDA nijame,hate,0.5513704546101204,0.5513704546101204,0.44862954538987965
357,hate,mild_noise,Arey howle Nizamabad MP Pasuppu bord Edhi be Nv esukunna Angi laagu kudha Cangress icchindhe and TELANGANA icchindhi kuda Cangress A meeru chepe Digital India lo ni AAdhar card kuda Cangress tecchindhe,hate,0.5613933744203788,0.5613933744203788,0.43860662557962116
358,hate,mild_noise,"Tickets rates thagginchaali..appudey janaalu theatre ki vastaaru.. Budget peruguthondhantey dhaanikkaranam producers e... Heroes budget, north Indian heroines, vallaa staff ni mepaali ivanni thadisi mopodavuuthunnayi",hate,0.5541724844468734,0.5541724844468734,0.44582751555312655
359,non-hate,mild_noise,First telangana gurunchi edvu jai bjp,hate,0.5660235709126258,0.5660235709126258,0.43397642908737416
360,hate,mild_noise,"vidveShAla ,vaaiShamyAlu guriMchi bIIjepI mATlADaTaM....",hate,0.5444324015932491,0.5444324015932491,0.4555675984067508
361,hate,mild_noise,vIDiki iMta maMdi avasaramA voovar kUDA,hate,0.5587476389521959,0.5587476389521959,0.4412523610478041
362,hate,mild_noise,"alI siggundali nIku, sanskaaram ledu nIku, navvutU unnaa so calleed celebritiees ki navvu èlA vastuMdo",hate,0.5661802031676961,0.5661802031676961,0.4338197968323039
363,hate,mild_noise,Gee bajaaru chillara dhaniki baga hype icharru kaadha ra thu,hate,0.5881357442820054,0.5881357442820054,0.4118642557179945
364,hate,mild_noise,nehru amman denga ni valla iindia pakistan godava inka vundhi,hate,0.5848786567012474,0.5848786567012474,0.41512134329875255
365,non-hate,mild_noise,Alochana cheestunnAM DrAmA rAv IsAri mimmalni oDiMchAli ani,hate,0.5561185197524312,0.5561185197524312,0.44388148024756885
366,hate,mild_noise,AArey baadcaw recharge iypothe data ala osthundhr rah,hate,0.5668344311014293,0.5668344311014293,0.4331655688985708
367,hate,mild_noise,òrey musilDAni kUDA vadala vArA,hate,0.5587664162863655,0.5587664162863655,0.4412335837136346
368,hate,mild_noise,shaarmila nuvvu oriki ki poyi record dancelu cheskho,hate,0.5777370922266466,0.5777370922266466,0.4222629077733534
369,hate,mild_noise,Vedi matalaku yentha mandii kodathaaru veni,hate,0.5810073740820473,0.5810073740820473,0.4189926259179527
370,non-hate,mild_noise,Are yAdava llA rA megastar taravAtaa pavan kaLyAN rA chiru sar Ayana Vera leval jai bAlayya,hate,0.5652424593642837,0.5652424593642837,0.4347575406357162
371,non-hate,mild_noise,Ennisarlu chusina chudalanipinche great scene idi,hate,0.5384218331280455,0.5384218331280455,0.4615781668719546
372,non-hate,mild_noise,sUpar DyAns mAsTar jAnI,hate,0.534256020119975,0.534256020119975,0.465743979880025
373,hate,mild_noise,Ammai ni pattukoni kavalissindhi konuuko ani anta vurukuntunda,hate,0.5713992194340433,0.5713992194340433,0.42860078056595674
374,hate,mild_noise,nIlAMTolu pAAlammina vALlu chAlAmaMdi unnAru vALLaki èMduku rAvaDaM ledu adRRiShTaM ... anni dòMga panulu chesinav,hate,0.5401126463001596,0.5401126463001596,0.45988735369984035
375,non-hate,mild_noise,Ee styles and manerisms present andaru vaduthunnaru mana industry lo,hate,0.5630988184904268,0.5630988184904268,0.43690118150957324
376,non-hate,mild_noise,"nenu chUsina velAdi phannI vIDiyolallane TAp 1 leDI AkShan vIDiyo idi .,,,ammAyi AkShan sUpar",hate,0.5497435661417615,0.5497435661417615,0.45025643385823855
377,non-hate,mild_noise,elaanti sannasi matalu vinalani maku ledu munduu sari ga matladu mariiyada ichi puchukovale antheegani Telangana slag Ani memilage matladtha mante vere partila telanganollu kada,hate,0.5881177943812869,0.5881177943812869,0.41188220561871314
378,non-hate,mild_noise,Sir Arun Kumar garu meeku hrudayapurvaka namaskaraamulu.sir nenu kuda Kapil chhit lo chit one L.. veesanu .chit purti ayipoyindi.nene kakunda ma brother cheta friends cheta kuda veyinchaanu.but ippariki amont ivvatam ledu.amont adigite danilone fiixid deposit cheyyamantunnaru. consumeer court ki velte baguntunda.plz salaha istarani aasisunanu,hate,0.5528602259154697,0.5528602259154697,0.4471397740845303
379,hate,mild_noise,mohan bAbu gAru kònni prashnalaku samAdhAnaM chèppaleka bikkamòhaM veshADu. nILlu naamulutunnADu,hate,0.5527389374187176,0.5527389374187176,0.4472610625812824
380,hate,mild_noise,Roja nikku minister ichindhi ha shaka ki nayam cheystav ani. Cheera lu pampala miku antey anam garu cutdrawer lu pampala annadu saripoyindha. Power unnantha varaku baganey untundhi.,hate,0.5853210744862514,0.5853210744862514,0.4146789255137487
381,hate,mild_noise,Ee over actioon ke... Sankaa naakadu.. Kada. Ayina buddi raa ledu,hate,0.5642565643423572,0.5642565643423572,0.4357434356576428
382,non-hate,mild_noise,Orey baffun gaa college fees lu thakkuvva chesthe nee mukaniki adi chaluu,hate,0.5796430082191381,0.5796430082191381,0.42035699178086194
383,hate,mild_noise,BJP Sanka naku teenmar vartalu,hate,0.5543075929981855,0.5543075929981855,0.4456924070018145
384,non-hate,mild_noise,Rip sir.... Atma ki shAMti kalagAlani korukuMTunAnu....mana deshaMloo unnadi ilAMTi baDA pArishrAmikavettalu sAr.,hate,0.557771447447757,0.557771447447757,0.442228552552243
385,non-hate,mild_noise,iTuvaMTolu maMtrulugA uMDaDaM tèlaMgANa chhesina duradRRiShTaM,hate,0.5496405961131101,0.5496405961131101,0.45035940388688983
386,hate,mild_noise,Twaralo telugolanta pichollawutaaru,hate,0.573761499963003,0.573761499963003,0.426238500036997
387,non-hate,mild_noise,Next geeneration chala strong ga prepare chesthunnaaru,hate,0.542633301671158,0.542633301671158,0.45736669832884197
388,non-hate,mild_noise,vAmmo sUpar chiTTi thalli ️ AkShan ke prANaaM posèla anav rA mummy,hate,0.5598743621678095,0.5598743621678095,0.44012563783219044
389,non-hate,mild_noise,kutta paguluddi èvaDainA(any party/any other fans) ènTIAr anna ni takkuva chesi mATlAADite,hate,0.5515733950953363,0.5515733950953363,0.44842660490466374
390,hate,mild_noise,Edi oover actiion,hate,0.5510256783992511,0.5510256783992511,0.44897432160074896
391,hate,mild_noise,"Chi chi neeku anchoring evadu nerponchondo....farmers ni arrest chesinaru ante...safety ki antava,intha dikkumaalina answer emina vuntada asalu,ante anyayam jarigindi Ani chepte arest lu chestaru,ala arest cheyyadam correct antava nv",hate,0.561187347740393,0.561187347740393,0.438812652259607
392,non-hate,mild_noise,gèTap shInu vAv sUpar mAn mègAsTAr bADI lAMgvej yAs iT is diMchesAvu sUpaar,hate,0.5442963580144322,0.5442963580144322,0.45570364198556784
393,non-hate,mild_noise,Sudheer ni timingi timing anna,hate,0.5410909468533914,0.5410909468533914,0.45890905314660857
394,non-hate,mild_noise,tèlugu lo unnA anni vlog ChAnèl vALlani esukunna NTB Anna ki dhanyavAdAlu..,hate,0.5463454381723774,0.5463454381723774,0.4536545618276226
395,hate,mild_noise,abaddhAAniki pèdda noru uMTuMdi,hate,0.5709166768540721,0.5709166768540721,0.4290833231459279
396,non-hate,mild_noise,"ghaDagA marI manAvar gAniki kUDA chèppu hiMdU devuLLa paina jokulu cheyòddani, mari vAAni Sho ku parmiShan ivvakuMTe ivannI kAkuMDè kadAA",hate,0.5728744244838642,0.5728744244838642,0.4271255755161359
397,non-hate,mild_noise,èMduku sir ayipoyina pèLliki meLAlu!!! vadileyaMDi sir. iddarU ilA tiTukovaDaM janAAlaki vinodaM ayipoyiMdi sir,hate,0.5641715215547505,0.5641715215547505,0.4358284784452496
398,hate,mild_noise,itlaantivi èMduku chestAraMDi meeru rotta cineemalu matrame chestaru sir meru... any way .. ayina meerante nakistam sir,hate,0.5474557308265129,0.5474557308265129,0.45254426917348717
399,hate,mild_noise,iShhTaM leni jAb chestunaTTu uMdi prabhAAs phes,hate,0.5594582078569486,0.5594582078569486,0.4405417921430514
400,non-hate,mild_noise,Poweer star.....anedi oka brand...evadu padithe vadu power star kadu...kaledu...king okkade poower star okkale...only powerful power star pavan Kalyan okkade,hate,0.5258910913757254,0.5258910913757254,0.47410890862427457
401,non-hate,mild_noise,Maa allu aravind gari comedy super allu sir plz meru movies loo act cheyandi,hate,0.5486376021417902,0.5486376021417902,0.4513623978582097
402,hate,mild_noise,inumu inumuni️ kAdu ènumu ènumuni anAli,hate,0.541167921635211,0.541167921635211,0.458832078364789
403,hate,mild_noise,malla manchii erri puku vodu,hate,0.5942667609543343,0.5942667609543343,0.4057332390456657
404,hate,mild_noise,pedavADuu ki jagan gAru è maMchi paani chestunna dAniki korTulo kesulu pèTTi na. bòlli gADu kI oTu èvaaru vèyaru,hate,0.5686419593136511,0.5686419593136511,0.4313580406863488
405,hate,mild_noise,Dancce raani dhanni dance judge ga pettaru,hate,0.5530123595502087,0.5530123595502087,0.44698764044979133
406,non-hate,mild_noise,Chala ante chala bagundi bro,hate,0.5636258240351932,0.5636258240351932,0.4363741759648068
407,non-hate,mild_noise,Are o nuvvu sollu aapu thammi,hate,0.5789133000555613,0.5789133000555613,0.42108669994443876
408,non-hate,mild_noise,noTi tègulu ani rAsAv kadarA. mI ChAnal kannA noTi tègulu èvarikI uMTAdi.,hate,0.5506074061908306,0.5506074061908306,0.44939259380916935
409,non-hate,mild_noise,friendly ga annadu,hate,0.5441980129478209,0.5441980129478209,0.4558019870521791
410,hate,mild_noise,pòrapATuna maLLI gAnI rAjashekhar rèDDi gAru vastè kurchI pòdani tIsukèLLi kUrchobèTTaDu,hate,0.5470512306544899,0.5470512306544899,0.45294876934551004
411,non-hate,mild_noise,vALlU èlA uMTe manaku èMduku vALa sòMtavishAyalu,hate,0.5473631061478613,0.5473631061478613,0.4526368938521387
412,non-hate,mild_noise,Ycp lo meeru emi cheyaleru Jsp lo neeku nachhinattu vundavachhu,hate,0.5736960411283234,0.5736960411283234,0.42630395887167655
413,hate,mild_noise,pavan kaLyAN mUvIs lo hIro... rAjakIyaM lo ' 0',hate,0.537132213699977,0.537132213699977,0.46286778630002307
414,non-hate,mild_noise,mòttaM chUsA nijAyatI gA vunnAyi prashnalu javAbulu..sUUpar bai rèDDi siddArth rèDDi,hate,0.5446402159135093,0.5446402159135093,0.45535978408649064
415,non-hate,mild_noise,"RK gAru, sagaM mIre mATlADestunAru, dayachesi avatalivALLani pUrti gA mATlADanIyaMDi.",hate,0.5557983850585528,0.5557983850585528,0.44420161494144716
416,non-hate,mild_noise,Manchu faamily ki inka respect undi ante adi only nee vale manoj anna,hate,0.5716221138932274,0.5716221138932274,0.42837788610677263
417,non-hate,mild_noise,Godfather maro Pan India Block buster coming soon jai chiraMjIva,hate,0.5178343751535297,0.5178343751535297,0.4821656248464703
418,non-hate,mild_noise,Meku kuda manchi bavisath unntadi,hate,0.5669614183644023,0.5669614183644023,0.4330385816355977
419,hate,mild_noise,"Bhuthuluu guurinchi, double meanings gurinchi nuv matladodhu anusuya plz",hate,0.575574558156704,0.575574558156704,0.42442544184329606
420,non-hate,mild_noise,ènni sArlu chUsina chUDAlani anipiMchee spech,hate,0.5458881522632302,0.5458881522632302,0.4541118477367698
421,non-hate,mild_noise,Evadiki vadu acting eraga tistunnaru,hate,0.5702342648095834,0.5702342648095834,0.4297657351904166
422,non-hate,mild_noise,Maanchu Family Paruvu kapade Manishi Nuvvu Okkade anna,hate,0.5451746726193085,0.5451746726193085,0.4548253273806914
423,hate,mild_noise,nuvvu òkka roju jabardast lo bAlayya bAAbuto phonlo mATlADaledA ve,hate,0.5448172814022103,0.5448172814022103,0.45518271859778964
424,non-hate,mild_noise,memu prajalaki phalAnAdi chestAmani chèppukòni prajalloki rAAvAli e bòkka leedu vachchi eM pIkutAru,hate,0.5539185727222358,0.5539185727222358,0.44608142727776423
425,non-hate,mild_noise,iMMta parij~nAnnaM unna sIèM AMdhraki sIèM kAvaDaM ènno janmala puNyaM,hate,0.5460580852074236,0.5460580852074236,0.4539419147925764
426,hate,mild_noise,laik lu kòTTevALLu èkkuvA kAnII oTlu vesevALLu chAlA takkuvA,hate,0.5516154609387968,0.5516154609387968,0.44838453906120324
427,non-hate,mild_noise,Ka pal garu miru supeer,hate,0.563852700236978,0.563852700236978,0.436147299763022
428,non-hate,mild_noise,kShavaraM ayite gAnI vivaraM tèliyadu lèMDi... pRRidhvI gAru,hate,0.5441091212266362,0.5441091212266362,0.45589087877336376
429,non-hate,mild_noise,praShu vALLa DADIki òka laik kòTTaMDi,hate,0.5605940515780521,0.5605940515780521,0.43940594842194797
430,hate,mild_noise,Aaa cheera etthi guddalo pettaara be nee mogga ni,hate,0.5929322036240031,0.5929322036240031,0.4070677963759969
431,non-hate,mild_noise,"rameSh mAsTar DyAns prAkTIs sUpar, idI paddatii",hate,0.5492594956559542,0.5492594956559542,0.45074050434404583
432,hate,mild_noise,Neelanti valu vala nijame ayina devunuki avamanam jarukutundhi,hate,0.568204925745509,0.568204925745509,0.43179507425449104
433,non-hate,mild_noise,koDalu pilla mA kòDuku nI pèLli chesukuMTAvA kaaTnaM eM vòddu meme iShTamu kAvAlaMTe,hate,0.5563302563185626,0.5563302563185626,0.4436697436814374
434,hate,mild_noise,Anchor be like: pichi na kdklni andharu ikkade unnaaru,hate,0.5522924017256995,0.5522924017256995,0.4477075982743005
435,non-hate,mild_noise,asalu eM uMdi rA akkaDa pòTTa òkaTi uMdi akkaDa,hate,0.5489342913889113,0.5489342913889113,0.4510657086110887
436,non-hate,mild_noise,meeku assalu em matladalo kuda telidhu edo vaagali vaaguthaaru nv pedda leader vi nv cheppindhe nijam enduku paniki maalina debate lu,hate,0.5841423761996256,0.5841423761996256,0.4158576238003744
437,non-hate,mild_noise,malArèDDi aMtaDabbu revaMt rèDDiki ichchAru aMTe... mallArèDDi ènni vela koTla Dabbu avinItigA saMpAdiMchi uMTADu.. sakramaMgA saaMpadiste èvvariki ivvanavasaraM uMDadugA.... revaMt òkkaDikè kAdu.prajalaMdarikI nI avinIti Dabbu paMchAli.. appuDu èvvaDu blAk mèl cheyaDu.,hate,0.5483933355037756,0.5483933355037756,0.45160666449622444
438,hate,mild_noise,oka ammai vi vundhi natho argue chesthava puku mosukoni innti panulu cheyi,hate,0.5811683889304311,0.5811683889304311,0.41883161106956895
439,hate,mild_noise,Antha energy guddhaalo nundi vastundi,hate,0.5575549806125408,0.5575549806125408,0.4424450193874591
440,hate,mild_noise,bonda uma kukkka esaga mafia king,hate,0.5773488407210391,0.5773488407210391,0.4226511592789609
441,hate,mild_noise,Padavvi kosam penta ina tintadu,hate,0.5814940675270484,0.5814940675270484,0.4185059324729517
442,hate,mild_noise,Kcpd men's kuutha chnpi padengutha,hate,0.5728942283909462,0.5728942283909462,0.42710577160905383
443,hate,mild_noise,Veedemma vedi lssge waste dhi,hate,0.5819274760457727,0.5819274760457727,0.41807252395422734
444,hate,mild_noise,vijay mallya nirav modi kapadindhi bjp malla ha baate shah gadu nak emtelidhu antaru,hate,0.5975577669836027,0.5975577669836027,0.4024422330163973
445,hate,mild_noise,kesIAr kebinèTlo mITiMg leduu bòchchu ledu,hate,0.5667190206029771,0.5667190206029771,0.433280979397023
446,hate,mild_noise,"atleast akkaadaina vudyogam vacchindi,chaala mandiki adi sampadinche scene leedu le bro",hate,0.5822457173436054,0.5822457173436054,0.4177542826563946
447,hate,mild_noise,Ee Rashmii ki roju rojuki dhebbalu gattigaane gudhuthunnaru,hate,0.5613721202914957,0.5613721202914957,0.43862787970850425
448,hate,mild_noise,Rayalaseema simham paritala Ravi telugurashtrala devudu NTR but family members of both have utterly faileed to carry the legacy of these both in their respective range and categories,hate,0.5126189508055752,0.5126189508055752,0.4873810491944248
449,hate,mild_noise,Antha fake ey solu gaalu baga ekuvaa ayaru,hate,0.5807414663142687,0.5807414663142687,0.41925853368573124
450,non-hate,mild_noise,"Mustache kosam wait chesii untadu,ini rojulu ee video cheyadaniki,enthaina ne dedication ki hats off bro",hate,0.5368061117117477,0.5368061117117477,0.4631938882882522
451,non-hate,mild_noise,I sinimA maMchi vijayaM sAdhiMchAli ani èMtamaMdi korukuMTunnAru.,hate,0.5468461577327792,0.5468461577327792,0.4531538422672207
452,hate,mild_noise,"rAShTra vibhajana hAmI prakAraM railve jon, pratyeka hodA, chènnai vishAkhapaTnaM sI kAriDAr, sTIl plAMT punaruddaraNa mòdalagu hAmIlu migile unnAyi",hate,0.5445179745184794,0.5445179745184794,0.45548202548152067
453,hate,mild_noise,Kama kukka,hate,0.5434862295736608,0.5434862295736608,0.4565137704263392
454,non-hate,mild_noise,ku DAns rAdu ane sTeej nuMDi DAns aMTe idi rA ane reMj ki vachchAvu jAni annA,hate,0.566099123444286,0.566099123444286,0.43390087655571397
455,hate,mild_noise,tAAta nIku 60 pApa kI 25yèMdIrA mAkku I daridram...?️️️,hate,0.545246695012988,0.545246695012988,0.454753304987012
456,non-hate,mild_noise,Kasta paadithe eppudu pratipalam untundi.. congratulations,hate,0.5515182316702604,0.5515182316702604,0.4484817683297396
457,hate,mild_noise,Suli ra,hate,0.5349941369614223,0.5349941369614223,0.4650058630385777
458,non-hate,mild_noise,4 lo second di tisi 1 ki 2 ki madyalo pedite 4 avtundi order saripootadi,hate,0.5655940831305216,0.5655940831305216,0.4344059168694784
459,non-hate,mild_noise,Nivetha konni interviews lo aa time lo Rajinikanth garithi movie chestuna idem peddha movie kanattu matladindhi.she was not greatful to act in PSSPK's movie.,hate,0.5375951111875852,0.5375951111875852,0.46240488881241487
460,hate,mild_noise,Charmi ki Edo ayindi navvaleka sachipothundi,hate,0.5756630035998019,0.5756630035998019,0.42433699640019806
461,hate,mild_noise,dayachesi èvarainA muMdu vIDini mèMTal hAspiTal ki tIsukuvèLlaMDi vIDu èvaarèvarini eM mATlADutuMdo arthaM kAvaTledu I nA kòDukki pichchi paTTiMdi,hate,0.5497271898180716,0.5497271898180716,0.45027281018192844
462,non-hate,mild_noise,pavan kuparuvupòTame nitikiètirèkaMgapòraDutunaDu ayanakumachidikaadu jagan niilaMTòDukadu jagan devuDulaMTivaDu,hate,0.5541643651519141,0.5541643651519141,0.4458356348480858
463,non-hate,mild_noise,The great honest truue leader Pawan Kalyan sir cm kavali nyayam jaruguthundhi ap prajalaki sir,hate,0.5469531202115888,0.5469531202115888,0.4530468797884112
464,non-hate,mild_noise,"Peli meda naku challa dreams, respect vundedhi itlanti interviews chusinappudalla pelli chesukokuunda vundadame manchidi anipistundhi",hate,0.5590427910607794,0.5590427910607794,0.44095720893922064
465,non-hate,mild_noise,Mari atluntadhi krithi brm thoni andham ante miniimam atta,hate,0.5823035312684784,0.5823035312684784,0.41769646873152155
466,non-hate,mild_noise,hyaTsAAph polIs sar,hate,0.533287836129551,0.533287836129551,0.46671216387044895
467,non-hate,mild_noise,nA baMgAraM.. A navvulone uMdi anna mA saMtoShaaM,hate,0.5458645141357046,0.5458645141357046,0.4541354858642954
468,hate,mild_noise,Ree babu Nani GA neku eaaduku Ra avasaram vaajaya Sai chappali ha visayam nevu eaduku neku avasaram eamiti,hate,0.5796136097282221,0.5796136097282221,0.420386390271778
469,non-hate,mild_noise,rAju gAru mIru sUpaar sAr bAAhubali raghu rAm rAj sUpar sAr puli aMTe mIruu sAr,hate,0.5481249134727594,0.5481249134727594,0.4518750865272406
470,non-hate,mild_noise,mIru kònuDu kAdu sAru nI biDDalAMTi prajallu kònAli,hate,0.5532596662560958,0.5532596662560958,0.44674033374390426
471,non-hate,mild_noise,kiMg is byAk,hate,0.5269417348786629,0.5269417348786629,0.47305826512133714
472,non-hate,mild_noise,Nani faans ante mamoluga undadhu mari super love you nani love you,hate,0.5373390228882725,0.5373390228882725,0.4626609771117275
473,hate,mild_noise,Niku yevadu ra cheyyamannadu,hate,0.5698802594991546,0.5698802594991546,0.4301197405008454
474,hate,mild_noise,E vedio chusi nenu chesukovaalsi vastundi inka chaalu,hate,0.5631737317433436,0.5631737317433436,0.43682626825665644
475,non-hate,mild_noise,Full clarity tho unnaru and correct ga chepparu ... movies lo fan folowing veruu ...real life lo fan following veru ..,hate,0.5242930763410116,0.5242930763410116,0.4757069236589883
476,non-hate,mild_noise,kApI kAkuMDA vere Traii chese sUpar vijayaM nIde pilli DuD,hate,0.5571000130337389,0.5571000130337389,0.44289998696626104
477,non-hate,mild_noise,Village pilla nIvu super,hate,0.5654459354102879,0.5654459354102879,0.4345540645897122
478,non-hate,mild_noise,dattaputruDiki iMkA siggu rAledu,hate,0.5660363441783921,0.5660363441783921,0.4339636558216079
479,non-hate,mild_noise,iMta tèlivaina mukhyamaMtri ni ènnukunnAru,hate,0.5570820474462916,0.5570820474462916,0.4429179525537083
480,hate,mild_noise,Waste fellow he did nothing for telengana,hate,0.5058580567508482,0.5058580567508482,0.4941419432491519
481,non-hate,mild_noise,Vaadu feel avvadu... Vaadi annswer ki nuv aavthav,hate,0.572909908990811,0.572909908990811,0.427090091009189
482,non-hate,mild_noise,kalyAN dilIp suMkara gAru chAlA chakkagA vivariMchAru. dhanyavAAdAlu.,hate,0.5616807967478572,0.5616807967478572,0.43831920325214285
483,hate,mild_noise,nuvvu poyyi modi modda cheeku mms oka great econmist ani prapamcham anukondhi antanu lekunte india ledhu,hate,0.5856091450234573,0.5856091450234573,0.4143908549765427
484,hate,mild_noise,Amè nI talli ayite ilAge chestAvA,hate,0.544233078754735,0.544233078754735,0.45576692124526497
485,hate,mild_noise,",visvak gADiki bAgA èkkuvaiMdi.idi maMchi padhati kAdu",hate,0.5663578796354016,0.5663578796354016,0.43364212036459837
486,non-hate,mild_noise,iMta phiT bADI uMDi appu anna ala maraNiMchaDaM bAdhagA uMdi,hate,0.5580660077436526,0.5580660077436526,0.4419339922563474
487,hate,mild_noise,Shooting lekaa mind dobbindi .court should consider this issue .if students takke him as inspiration then what will happen. Is it correct .pls consider it,non-hate,0.5000090578203358,0.4999909421796642,0.5000090578203358
488,hate,mild_noise,Sketch vesiMdi èvaro kUDA chèppaMDi (damu uMTe),hate,0.5539618017313669,0.5539618017313669,0.4460381982686331
489,non-hate,mild_noise,"The courage to be disliked"" ee book summary cheyyandi anna.",hate,0.5289432274169878,0.5289432274169878,0.4710567725830122
490,hate,mild_noise,Ntr kadhu bey ntr garu giive respect,hate,0.5770171227216434,0.5770171227216434,0.42298287727835654
491,non-hate,mild_noise,èkkaDiki potoMdi mana saMskRRiti,hate,0.5485423480084932,0.5485423480084932,0.45145765199150684
492,non-hate,mild_noise,ponI AMdhrapradesh ku separate karènsI noTu pèTTI noTluu guddu jagan anna gAMdhi gAri phòTo badulu nI phòToo pèTTu anna,hate,0.5626613426069818,0.5626613426069818,0.4373386573930182
493,non-hate,mild_noise,Super Maadam dance chala bagavesaaru,hate,0.5251319090766835,0.5251319090766835,0.47486809092331655
494,hate,mild_noise,jagan sharIraMlo aNuvu aNuvu ròjakkaku bAAgA tèlisinaTluMde,hate,0.5411712612783309,0.5411712612783309,0.45882873872166907
495,hate,mild_noise,"talli nuvvu navòddu, A mukhaMlo mUti tappa emi kanipiMchadu mAAku",hate,0.5469714955044916,0.5469714955044916,0.45302850449550836
496,hate,mild_noise,Teeskelli railway station loo paadeyandi,hate,0.5608203122260045,0.5608203122260045,0.43917968777399546
497,non-hate,mild_noise,DabbA rAyuDu mana pèda rAyuDu mòttaM mIda mekka potu gAMbhIryaM kanaparchADu phasak,hate,0.5647996852350908,0.5647996852350908,0.43520031476490917
498,non-hate,mild_noise,mIru mI lAAMTi vAru rAShTraa niki chAlA avasaraM,hate,0.5478073033037427,0.5478073033037427,0.4521926966962573
499,non-hate,mild_noise,kAdannA navvi navvi chachchipote èvaru rèsppAnsibiliTI annA sUpar anna,hate,0.5531253895570185,0.5531253895570185,0.4468746104429815
500,non-hate,mild_noise,Super settiandi voice to video,hate,0.5297422714325606,0.5297422714325606,0.4702577285674394
501,hate,mild_noise,Over action apandi raa Babu,hate,0.5490793940128491,0.5490793940128491,0.4509206059871509
502,non-hate,mild_noise,annayya vadina. èppuDu hyyApI gA vuMDAli,hate,0.5568851994926329,0.5568851994926329,0.443114800507367
503,hate,mild_noise,Pichodini interview endhuku chesthunnaaru may be TRP kosama,hate,0.5599584006081221,0.5599584006081221,0.4400415993918779
504,non-hate,mild_noise,I pATa vinnapuDallA SPB gAre maLI tirigòchchi pADAruu anipistuMdi,hate,0.5580708296415271,0.5580708296415271,0.44192917035847284
505,hate,mild_noise,kotulu digedAniki iMta bulid up aaa,hate,0.5676036440225287,0.5676036440225287,0.43239635597747134
506,non-hate,mild_noise,Punch veyyalantay...Sunil anna tharuvathayee...yavarina...,hate,0.5374426490216933,0.5374426490216933,0.46255735097830675
507,hate,mild_noise,"jai kumar next nee amma nee ,sisters nee andharni petti prank thesthadu vadu wait",hate,0.5629979371450133,0.5629979371450133,0.43700206285498666
508,hate,mild_noise,Elagaina vastadu mee dhulaa thirustadu.,hate,0.5683390916130413,0.5683390916130413,0.43166090838695875
509,hate,mild_noise,kaMTlo durada pèTTiMdi kAbaTTi saripoyiMdi,hate,0.5596633777636357,0.5596633777636357,0.44033662223636433
510,hate,mild_noise,Raaja Singh nuvvu ni karra tagubthu mokam neeku mokham nuvvu mla ela ayyavu,hate,0.5825056702795333,0.5825056702795333,0.4174943297204668
511,non-hate,mild_noise,"Manchi cinema ni prathi okkaru aadaristaru,all the best nikhil, have a bright future",hate,0.5329001015668302,0.5329001015668302,0.46709989843316974
512,non-hate,mild_noise,nuvu chAlA chAlA bAgunnAvu. parphèkT gA unnAv.. mIru nAku nachchAru,hate,0.5561562846913501,0.5561562846913501,0.4438437153086499
513,hate,mild_noise,Vedi nathinakoodaka,hate,0.5689695955608338,0.5689695955608338,0.4310304044391662
514,hate,mild_noise,Meeru Gopi Goda meeda pilli anna mata edava,hate,0.5735917381024038,0.5735917381024038,0.4264082618975962
515,non-hate,mild_noise,Naku prabhas anna ennto rana anna kuda antey,hate,0.5725561606620928,0.5725561606620928,0.4274438393379072
516,non-hate,mild_noise,Ilantivi kaaadha ee geeneration ki inspiriing untadhi...plz do more,hate,0.5604373102570828,0.5604373102570828,0.43956268974291723
517,non-hate,mild_noise,polIs phArèsT DipArTmèMT 2kalasi porADAru pApaM dAni bAri nuMDi prajalni,hate,0.5588526542477337,0.5588526542477337,0.44114734575226633
518,hate,mild_noise,bhajana bhajana byAch èkuva ayipoyAru pavar sTAr ki pApaM,hate,0.5611946278833806,0.5611946278833806,0.43880537211661935
519,hate,mild_noise,noru muy. vAADu paripAlanA chetagAni vALlaki ana... aMte.,hate,0.5672644338318216,0.5672644338318216,0.43273556616817843
520,hate,mild_noise,"Paritala nu nuvve sampinavu raa nennu gaali, vana devudu sampeedu",hate,0.5746516054859863,0.5746516054859863,0.4253483945140137
521,hate,mild_noise,Washing powder NIRMA neevu maa mukyamantri awadam maa KARRMA,hate,0.5557211885922895,0.5557211885922895,0.4442788114077105
522,hate,mild_noise,​political fit kakapothe bayapadatam endukandi,hate,0.5835486888307782,0.5835486888307782,0.4164513111692219
523,hate,mild_noise,Peetha … idokAA Lavada lo buildup,hate,0.557491034880552,0.557491034880552,0.44250896511944804
524,hate,mild_noise,Marea srihan pakkana moddagudvala,hate,0.5890822756295573,0.5890822756295573,0.41091772437044277
525,hate,mild_noise,Rey arripuku adhi munda sollu apu ra,hate,0.5826613203154536,0.5826613203154536,0.4173386796845464
526,hate,mild_noise,ilA vAge ChI ani parishrama pèdalu dUraMgA pèTTa ru maheSh maLLI daridrani maLLI sTeejI mIdaku tèchchADu 20saM chiru chAlA naaShTapoyAru,hate,0.5496423365063736,0.5496423365063736,0.4503576634936264
527,non-hate,mild_noise,Me kastam palinchali sir,hate,0.56747562318717,0.56747562318717,0.43252437681282996
528,hate,mild_noise,mòttAniki yUTyUb ne kApuraM cheyarA mIku mA buddhilaku mAnAllo ledu,hate,0.5439217155283378,0.5439217155283378,0.45607828447166215
529,hate,mild_noise,Audience be like :- Bengu ! Athi bengaku,hate,0.531229868287872,0.531229868287872,0.46877013171212806
530,non-hate,mild_noise,èMta navvu vachchiMdo . sUpar spIch annna.,hate,0.5499668569359726,0.5499668569359726,0.45003314306402736
531,non-hate,mild_noise,40 saMvatsarAlu rAjakIya anubhavaM,hate,0.553010820208472,0.553010820208472,0.446989179791528
532,hate,mild_noise,oho I nijAyitIparuuDaina ravi prakASh lo pavan lakShaNAlu unAyA,hate,0.5641478796375556,0.5641478796375556,0.4358521203624443
533,hate,mild_noise,West mokalu motham judge laa,hate,0.5592159181302685,0.5592159181302685,0.44078408186973156
534,hate,mild_noise,Dhani pandhi moham chusi shock avuthada,hate,0.5741228795003206,0.5741228795003206,0.4258771204996794
535,hate,mild_noise,ni pelam puku denugutha ma anna annavu ante,hate,0.5998365827470655,0.5998365827470655,0.4001634172529344
536,non-hate,mild_noise,ligger movi bAguMdi but hIro ki natti èkkuva gA uMDaDaM valla sinimA poyiMdi aMte,hate,0.5654905713906951,0.5654905713906951,0.43450942860930486
537,non-hate,mild_noise,byUTiphul meeDaM,hate,0.5400896035057674,0.5400896035057674,0.45991039649423265
538,hate,mild_noise,Are meru marara dappukottu kovam,hate,0.5867413013141388,0.5867413013141388,0.4132586986858612
539,non-hate,mild_noise,dAnni peru eeMTi aiDi eMTi chapUU bradar,hate,0.5600581878724495,0.5600581878724495,0.43994181212755046
540,non-hate,mild_noise,sAkShi aMTene abaddalaku care of address,hate,0.5437485554016843,0.5437485554016843,0.4562514445983156
541,non-hate,mild_noise,"appaTlo dirctors ki, kaMTèMT raiTaars ki una hyUmar sains ippuDu èvarikI ledu.",hate,0.5417174184350286,0.5417174184350286,0.45828258156497137
542,non-hate,mild_noise,èvvaru chèyyaleni gòppa pani mIru cheshAranna mIru greT annA,hate,0.5527067361147254,0.5527067361147254,0.4472932638852746
543,non-hate,mild_noise,mIIru chèppe TApik valla upayogaM chAlAA uMdi!,hate,0.5505126240570516,0.5505126240570516,0.4494873759429484
544,hate,mild_noise,Fingerprint malareddy Pedda donga na kodku,hate,0.5814509354576993,0.5814509354576993,0.41854906454230073
545,hate,mild_noise,ipuDu kUDa taana tapulu òppuukovaTaM ledu.. pichi munda,hate,0.5527265212049264,0.5527265212049264,0.4472734787950737
546,hate,mild_noise,entandi pusukunna aantha pedha Mata anesav,hate,0.5703856248783371,0.5703856248783371,0.4296143751216629
547,hate,mild_noise,rgv ki siggu ledhu ammail ni oka sex doll laga choostahru,hate,0.5872830327561176,0.5872830327561176,0.41271696724388246
548,hate,mild_noise,Antha perfect ga ayithae raledhu but try chesaru kaadha that's more important,hate,0.5669836900055931,0.5669836900055931,0.4330163099944068
549,non-hate,mild_noise,​debate la lo paalgone TRS naayakulaku edhutivaarini maatladaneeyakapovadam samskaaram kaadhu.,hate,0.5727411336270476,0.5727411336270476,0.42725886637295246
550,hate,mild_noise,Party paranga vaduu. Godameeda pilli laga kuuda vaddu ra hoowla,hate,0.597175651975405,0.597175651975405,0.402824348024595
551,non-hate,mild_noise,chAlA bAguMdi bro. chinnapuDu ivi anni memu chesAmu bro chAlA hyApI gA uMdi I sirIs chUstuMTe. Best of luck bro.,hate,0.5424216748602054,0.5424216748602054,0.4575783251397946
552,hate,mild_noise,nenU rèMDu Trai chesAnu sammagA uMdi,hate,0.558486459179386,0.558486459179386,0.441513540820614
553,hate,mild_noise,Modda gudu aithyy,hate,0.5701813527674093,0.5701813527674093,0.4298186472325907
554,hate,mild_noise,ani tèlusu polIs laku yUniphAm uMdanna ahaMkAraM chaTTaM tèlisina vADu tapu cheste tATa tIyaMDi aDvakeT hakkula kosaM prajala taraphunaa porADaMDi,hate,0.5710276584684995,0.5710276584684995,0.4289723415315006
555,non-hate,mild_noise,Musliims hindu devullanu entha thittina parledhu... Kaani hinduvulu Mee devudini thidiithe thappenti,hate,0.5683170265287891,0.5683170265287891,0.4316829734712109
556,hate,mild_noise,Pilichi petinchukuntaru ga...TV9 ki eemadhyaa sarada ayindi...,hate,0.5374080973613145,0.5374080973613145,0.4625919026386856
557,non-hate,mild_noise,prati òka iMTarvyU lo chAlA kUl gA mATlADatAru. nijAluu nirbhayaMgA chèbutAADu. èvaDannA emannA anukòni nennu chèpedi chèptA anukune vyakti RGV...,hate,0.5492778193969264,0.5492778193969264,0.45072218060307356
558,hate,mild_noise,annayyaa ane pilupu vini vènakki tirigADu,hate,0.579620777858165,0.579620777858165,0.420379222141835
559,hate,mild_noise,aalsa janalu erripuk galu jagan ni cm cheyadam enti,hate,0.5700329057151472,0.5700329057151472,0.4299670942848528
560,hate,mild_noise,aMduke 400 ammAyilato sex cheeshADu,hate,0.5593331235128298,0.5593331235128298,0.4406668764871701
561,non-hate,mild_noise,Mulapeta lo 2 years chhadhukuna,hate,0.5653630284781073,0.5653630284781073,0.43463697152189273
562,hate,mild_noise,Chance esti champidengala vunnadu aunty ne,hate,0.5711590103563571,0.5711590103563571,0.42884098964364287
563,hate,mild_noise,"100% literracy rate unna keraala lo ne janalu gorrelu la unte, migilin rashtrallo unna janalu paristhiti emito..... I feel ashameed being part of this type of public",hate,0.5427555240549315,0.5427555240549315,0.45724447594506845
564,non-hate,mild_noise,"Prabhas ki super jodi,,,arabian bread vastundi",hate,0.5531040716630673,0.5531040716630673,0.44689592833693276
565,non-hate,mild_noise,Acting super undhi ga bro just stoory lo damu ledh,hate,0.5598796168692934,0.5598796168692934,0.4401203831307066
566,non-hate,mild_noise,iddarU chAlA bAgunnAru sooooo kyUT,hate,0.5533773201071017,0.5533773201071017,0.44662267989289833
567,hate,mild_noise,èMduku alyasAO chestunavu peTaka,hate,0.5584998148551608,0.5584998148551608,0.4415001851448392
568,hate,mild_noise,Vadapav gaadu icc trophy elaa win aiythadoo neenu chusthaa,hate,0.5732898129293309,0.5732898129293309,0.42671018707066916
569,non-hate,mild_noise,annayya chèbutuMTe noru UripotunnAdi....,hate,0.562406922456226,0.562406922456226,0.43759307754377397
570,hate,mild_noise,mahAAnubhAvuDivi sAr nuvvu. meDaM gAAru miko namaskAraM. iddaru saripoyAru. nijAnni nirbhaayaMgA,hate,0.5523563404047747,0.5523563404047747,0.4476436595952254
571,hate,mild_noise,nuvu vèèsT dAnivi dòmmari dAna idi eeMTide,hate,0.5445840813649236,0.5445840813649236,0.4554159186350763
572,non-hate,mild_noise,"ntha brainwashed gorrelu chesthunnaru, inko vargam eenti ante bjp bots SSR influencers ga mari yuvatha ni thappu thovva pattisthunnaru a",hate,0.5753783889888461,0.5753783889888461,0.4246216110111539
573,hate,mild_noise,Car top meedhega kurchuni vachinddhi mee araganta auntymedha kurchuni kaadhu ga me fans tega feel aypothu support chestnaaru manchi atagaadivey,hate,0.5862674192584552,0.5862674192584552,0.4137325807415448
574,non-hate,mild_noise,"Shiva gari smile ki fida..mee anchoring supeer sir..nenu macha cheppe Answers kante meru iche smile ne chusthu undipoyanu..your voice, yoour style of anchoring awaysome",hate,0.5514133436527024,0.5514133436527024,0.4485866563472976
575,non-hate,mild_noise,Cut paste.. viideo cut aaeindhi,hate,0.536536620803123,0.536536620803123,0.4634633791968769
576,hate,mild_noise,samantha oka trigubothu lanja chai lantii moguddu vadilesindhi,hate,0.5899827332165262,0.5899827332165262,0.41001726678347383
577,non-hate,mild_noise,"Legendary aMTene ntr, anr, tarvAAta chiiru. Ayana sinimAlu nijajIvitAniki adaM paDatAyi. yuvataku dishAnirdeshaM chestAyi. èvaDo edo annaMta mAtrAna legennd kAkuMDA pootArA",hate,0.557491951315427,0.557491951315427,0.44250804868457305
578,hate,mild_noise,bandi sanjay gadu amit shah kuukka vadu poyi vadi kalu nakuutaru,hate,0.5899977912123509,0.5899977912123509,0.41000220878764915
579,non-hate,mild_noise,Murkulani evarru emi cheyaleru...,hate,0.5508689800320629,0.5508689800320629,0.44913101996793714
580,non-hate,mild_noise,Ee videoo chusintarvatha mee meeda respect perigindi,hate,0.5577018447227935,0.5577018447227935,0.44229815527720656
581,hate,mild_noise,hom minisTar 2000% UNFIT.. Amèki unna tèlivi ki Village memmber ke èkkuva,hate,0.5577252684055543,0.5577252684055543,0.44227473159444575
582,hate,mild_noise,aMTe jagan ku bhayapaDutUne uMTAru,hate,0.5666009354558252,0.5666009354558252,0.43339906454417476
583,non-hate,mild_noise,sisTar nuvvu chAlA bAgA chesAv amma nIlo TAlèMT mAmUlugA ledu.,hate,0.5492055261009148,0.5492055261009148,0.45079447389908517
584,hate,mild_noise,kcr dhi baarrey karrrey mukku vadu waste pm ki,hate,0.5934171271035922,0.5934171271035922,0.4065828728964079
585,hate,mild_noise,Orey manam cinemaalu chudabatte valu luxury ga brathukunnaru ra,hate,0.5526919011282038,0.5526919011282038,0.44730809887179623
586,non-hate,mild_noise,Life lo okasri ina kalavli darling ninnu,hate,0.5735193323105187,0.5735193323105187,0.42648066768948134
587,hate,mild_noise,edo pèTTedani leka aDigiMdi,hate,0.5512682603440968,0.5512682603440968,0.44873173965590324
588,hate,mild_noise,EErripuku matalu baga matlaadathavu ra adhi nuvu,hate,0.5721647673957879,0.5721647673957879,0.4278352326042121
589,non-hate,mild_noise,Vammo mamulodivi kadu swamy Nuvvu,hate,0.557494624698128,0.557494624698128,0.442505375301872
590,non-hate,mild_noise,Movie lo content chala bagundi evvadu apaledu movie ni dilraju kuda,hate,0.5587375869432817,0.5587375869432817,0.4412624130567183
591,non-hate,mild_noise,Yenta mandhi stars vunna PAWAN KAALYAN YE POWER STAR,hate,0.5428308496123024,0.5428308496123024,0.4571691503876975
592,hate,mild_noise,Adhikaram vunte thuglak gadu emaina chesasthadu,hate,0.5721523453226247,0.5721523453226247,0.4278476546773753
593,hate,mild_noise,sia vinadaniki notlo motham petta vuntauu padutadhi,hate,0.5848892930545136,0.5848892930545136,0.41511070694548635
594,hate,mild_noise,niku family undi gah ra jagratamma venkata,hate,0.5716044847854801,0.5716044847854801,0.4283955152145199
595,hate,mild_noise,kòni AMdhraa paMdulaki buradalone (ycp)AnaMdaM...eM chesttAM paMdi jAti kadA aTlAge uMTadi,hate,0.5581816508265243,0.5581816508265243,0.44181834917347573
596,non-hate,mild_noise,anA nèksT mUvI iMkA gaTTigA kòTTAli... Al di bèsT,hate,0.5345123647652896,0.5345123647652896,0.46548763523471043
597,non-hate,mild_noise,myUjik chAlA chAlA bAguMdi..,hate,0.5259657376607187,0.5259657376607187,0.47403426233928125
598,non-hate,mild_noise,chIra kaTTukuMTe chAlu èvarikainA òka huMdAtanaM vachchestuMdi.,hate,0.5536021823002046,0.5536021823002046,0.44639781769979536
599,hate,mild_noise,muMdu arrest chèyyaMDi. vADu ShikAru chestunnADu. vAADu èMduku mIIDiyA muMduku rAledu.,hate,0.5526936604932471,0.5526936604932471,0.44730633950675286
600,non-hate,mild_noise,òkka èkShprèShantò mòttaM naDipiMchinav nuvvuu nijaMgA lèjaMD anna,hate,0.5577825062898797,0.5577825062898797,0.4422174937101203
601,hate,mild_noise,eMdi rA mAku I sodi nI èpisoD,hate,0.5504723953043097,0.5504723953043097,0.4495276046956903
602,non-hate,mild_noise,Dijil badulu maMdu kòDite saripotuMdi,hate,0.5752767505207896,0.5752767505207896,0.4247232494792103
603,hate,mild_noise,A paTukovaDaM lopaliki vèLlii paTukòra bAbU rUMlo kUrchuni panicheseyi,hate,0.5571810893862001,0.5571810893862001,0.4428189106137999
604,hate,mild_noise,pèTTiMdi padi velu.. lAgedi 10koTlu,hate,0.5531313645308206,0.5531313645308206,0.44686863546917943
605,non-hate,mild_noise,nèksT kArtikeeya 3 mAtraM samudraM lo unna dvAraka nagaaraM miisTarI ...Vere level lo uMTadi...,hate,0.5399874608056413,0.5399874608056413,0.4600125391943587
606,non-hate,mild_noise,One and only Mega star .....Potthi leyru....Raleyru,hate,0.5226441947504809,0.5226441947504809,0.47735580524951915
607,non-hate,mild_noise,jaayaho rAAjAsiMg bhArat mAta ki jai,hate,0.54774223466923,0.54774223466923,0.45225776533077006
608,hate,mild_noise,Re charrge ayepothe Ela ra Google open avrhundu,hate,0.5704821920612835,0.5704821920612835,0.4295178079387165
609,non-hate,mild_noise,Anna mee Spandhana bagundhi,hate,0.5484321768313292,0.5484321768313292,0.4515678231686709
610,non-hate,mild_noise,IDini chUsAka....mana saMpu mIda chAlA gauravvaM pèrigiMdi...,hate,0.544775261763756,0.544775261763756,0.45522473823624404
611,hate,mild_noise,"idi laaMjalA rAjyaaM..,. kaaliyugaM lo laMjele nItuluu chèbutAru",hate,0.5540902098704439,0.5540902098704439,0.44590979012955606
612,hate,mild_noise,"Paytm kukkalu ekkada, idi kuda cbn gare plan chesaru antaremooo",hate,0.5837254969158642,0.5837254969158642,0.4162745030841358
613,hate,mild_noise,Edi lanja kabate ela janalanu chedakodutundi,hate,0.5800939406252541,0.5800939406252541,0.41990605937474595
614,hate,mild_noise,kodali nani koja na koduku mla lankadhnulu okati leevu,hate,0.584248176633791,0.584248176633791,0.415751823366209
615,non-hate,mild_noise,study chesi kcr em pikindu velumundra ayina pm position lo undu that is modi,hate,0.5775644454683728,0.5775644454683728,0.42243555453162723
616,hate,mild_noise,Pilla puk comedy,hate,0.5521274777367089,0.5521274777367089,0.4478725222632911
617,non-hate,mild_noise,gèTap sInu acting yèMta maMdiki nacchindi adbhutaM super,hate,0.556912463071457,0.556912463071457,0.443087536928543
618,non-hate,mild_noise,akka nI pATa prati òkkaTi adiiripotuMdi,hate,0.5766576428246546,0.5766576428246546,0.42334235717534535
619,hate,mild_noise,vachanu anuko gudda paligipodhi,hate,0.5938399909827221,0.5938399909827221,0.40616000901727795
620,non-hate,mild_noise,shekhar mAsTar gAru aMD shrImukhi gAru mI DyAns bAgA aadiriMdi,hate,0.5462720712181895,0.5462720712181895,0.45372792878181045
621,hate,mild_noise,A 1 chillara rAjakIyAlu apu...... muMdu iMTlo vunna mahILalaku nyAyaM cheyamanu.... akkA chèllèLu chebutAru A1 Bach ki,hate,0.5588212007977302,0.5588212007977302,0.4411787992022698
622,non-hate,mild_noise,alu arjun ki ekkaDo sUDi u0di.multitalent vunnoDu allu arjun òkkaDe in i0DiyA,hate,0.5494745743599381,0.5494745743599381,0.45052542564006187
623,non-hate,mild_noise,onnlI bai rèDDi sidhArtha rèDDi anayya koosaM chUsinavALlu like me....,hate,0.5561761347282328,0.5561761347282328,0.44382386527176726
624,non-hate,mild_noise,revaMtanna ichchina ShAk ki mallArèDDi ki pichchi paTTinaTTu uMdii,hate,0.5631745601546727,0.5631745601546727,0.4368254398453273
625,hate,mild_noise,"rAShTrAnni nakiMchesi talli, kuturu saiiD aayipoyAru",hate,0.5490068410485317,0.5490068410485317,0.4509931589514683
626,hate,mild_noise,ChI dInamma èMduku rA vIDu,hate,0.5457561337659388,0.5457561337659388,0.4542438662340612
627,non-hate,mild_noise,ninu chUstuMTe KGF sinimAlo RACKY bAy gurrtuku vastunnADu,hate,0.5616905788316315,0.5616905788316315,0.43830942116836846
628,hate,mild_noise,Me Bathukulu yenduku ra,hate,0.5654049769935576,0.5654049769935576,0.4345950230064423
629,hate,mild_noise,abbA bòDDu iiMta pèdagA uuMTe bòkka samudraM lAgA uMTAdemo?,hate,0.5497094382687664,0.5497094382687664,0.45029056173123355
630,non-hate,mild_noise,Hii Bagunnara Harsha Sai garu meku. Mee team members ki happy vinayaaka chavithi,hate,0.5445142564393521,0.5445142564393521,0.4554857435606478
631,non-hate,mild_noise,mIru devuDu sAr,hate,0.5592914686210708,0.5592914686210708,0.4407085313789291
632,non-hate,mild_noise,Aat..... taatha on fire,hate,0.5271520594790366,0.5271520594790366,0.4728479405209633
633,hate,mild_noise,punju vachi pitta ni deengithey nenu commentry chepijry ala vuntadhi # punjuunggamer,hate,0.5820971452237911,0.5820971452237911,0.4179028547762089
634,non-hate,mild_noise,Abboo sigulekundaa vadu matladina matalu okkadu kuda levaledu iikkada.. Just for hate in Modi how much low can go anywhere,hate,0.5637600684508011,0.5637600684508011,0.4362399315491989
635,hate,mild_noise,Evadra erri puukodu vaadu.. Duplicate gild eskuni show dhenguthunnadu,hate,0.5868341322438295,0.5868341322438295,0.41316586775617054
636,non-hate,mild_noise,Aallu eellu andaru okkate,hate,0.5503904929382644,0.5503904929382644,0.4496095070617357
637,non-hate,mild_noise,raShmidi ani chèppi Adi lekapote alugutuMdi strIla paruvutIstunnaadi,hate,0.5751862841181972,0.5751862841181972,0.4248137158818028
638,hate,mild_noise,Leaak enndhi ra secret aaa dhii,hate,0.5694880125504154,0.5694880125504154,0.4305119874495846
639,non-hate,mild_noise,Anna plz pelichesuko sir age 43 plz ana,hate,0.5405631634336513,0.5405631634336513,0.4594368365663487
640,non-hate,mild_noise,AhA sUpar mr khan hiMdU devatalanu anna vArito kUUDA kShamApaNa chèppiMchaMDi appuDe mI nijAyitI ni nammutA.,hate,0.5604178931849085,0.5604178931849085,0.43958210681509147
641,hate,mild_noise,Chala worst ga undi,hate,0.5370383511089925,0.5370383511089925,0.46296164889100755
642,hate,mild_noise,kcr niku bagaa ekkuva ayidhi anni moukni cm avvu next karre muku ki cm endhuku ra lanje boss,hate,0.5999806846181823,0.5999806846181823,0.4000193153818176
643,non-hate,mild_noise,Nu Track medha unteey enni sarlu horn kottidhi ???,hate,0.5807793365517915,0.5807793365517915,0.4192206634482085
644,hate,mild_noise,siggu lekuMDAA tiirugutunnAru èm Abivudi cheshArani tirurugutunnAru,hate,0.5748509606356165,0.5748509606356165,0.42514903936438353
645,non-hate,mild_noise,Mis u sirr.... nijAnni sinimA lo chakkagA chUpiMchAru.... greT lèjèMD,hate,0.5413207429863645,0.5413207429863645,0.4586792570136355
646,non-hate,mild_noise,I pAdayAtra ayipoyina tarvAta A 80 kaMTèrnarlu asalu uMDaDAniki iLlu lenivAAriki ivvaMDi,hate,0.5660552972901025,0.5660552972901025,0.43394470270989755
647,hate,mild_noise,Mentel gadini tesuku vachi kurcho pettukunnaru enti anker garu,hate,0.5829590485247855,0.5829590485247855,0.41704095147521447
648,hate,mild_noise,I ammAyi siggu lekuMDA iMkA kAvariMg òkaTi,hate,0.5557148917357189,0.5557148917357189,0.4442851082642811
649,hate,mild_noise,nimATalu kaDupuki anaM tinevADu èvaru namaru jai harSha jai harSha harSha,hate,0.5625993591456084,0.5625993591456084,0.4374006408543916
650,hate,mild_noise,nupur sharama rape chheshi dengutha,hate,0.5894175353462383,0.5894175353462383,0.41058246465376175
651,non-hate,mild_noise,Acting super undhi ga bro just story lo dammu leedh,hate,0.555494644899182,0.555494644899182,0.44450535510081796
652,hate,mild_noise,anni tèlugu prAMtAla nAyaakulu ilAne vunnAru.. lophars.... tappu manadi.. manaku sigguMDAli iilAMTi nAyakulanu ènukunnaMduku...tu…,hate,0.5532292717228495,0.5532292717228495,0.4467707282771505
653,non-hate,mild_noise,"Brooooooooooooooo chala mandiki untai pailsu, neku vachindi movie lo chancesu pola adiri pola , all the best bro",hate,0.5423967376408059,0.5423967376408059,0.45760326235919413
654,hate,mild_noise,me koduuku ki eva ra poka,hate,0.6019522182297561,0.6019522182297561,0.39804778177024397
655,hate,mild_noise,anni ichcheyAlsiMdi bradar òMTi mIda emi lekuMDA sigu lenu edava laga,hate,0.5828848102734681,0.5828848102734681,0.41711518972653194
656,non-hate,mild_noise,"pAlu, pèrugu, puvvulu kèsiAr phAm haus lo amminnav adi aMdariki tèlisina viShayame",hate,0.5705906794397517,0.5705906794397517,0.42940932056024833
657,hate,mild_noise,Ramu inner peeliing : night ki gunta tho dengulata ki set ipoyindi,hate,0.5824764677241898,0.5824764677241898,0.4175235322758102
658,non-hate,mild_noise,Enti Puri nuvvu entha knowledge gaiin chestavu.,hate,0.5714618016914945,0.5714618016914945,0.42853819830850554
659,hate,mild_noise,Apara thagubothu abbati,hate,0.5731741137415225,0.5731741137415225,0.4268258862584775
660,non-hate,mild_noise,rooju I sAMg viMTAnu nA riMg Ton ide anna sUpar sAMg,hate,0.5464228712021011,0.5464228712021011,0.45357712879789897
661,non-hate,mild_noise,iMta chakkaTi sinimA tIsinaMdu mIku èlA kRRitaj~natalu chèppAlo arthaM kAvaaTaM lèdu.. I classic movie chaaritra lo nilichipotuuMdi,hate,0.5516714072913835,0.5516714072913835,0.44832859270861647
662,non-hate,mild_noise,Samantha script selection lo actiing scope roles choose cheskuntundi,hate,0.5354091029009915,0.5354091029009915,0.46459089709900847
663,hate,mild_noise,nuvu emi pani mIda vachchAvu nuvvu edi matlduthunvu muMdu mlc ni arest chèyyaMDi,hate,0.5930943495795772,0.5930943495795772,0.4069056504204228
664,hate,mild_noise,Evadentha eecharu neeku dabbulu bewerse yadavalraa,hate,0.587653156350337,0.587653156350337,0.412346843649663
665,hate,mild_noise,"Assaminchani suryudu ma paritala ravanna, champi chiindhi nuvu nikodukey, andukey ni maranam uhathitham.",hate,0.5855831849277081,0.5855831849277081,0.4144168150722919
666,non-hate,mild_noise,òka prajA pratinidhi hodAllo uuMDi iMta digajAri mATlADe saMskRRiti I madhya chAlA èkuvaiMdi,hate,0.5550716418492316,0.5550716418492316,0.44492835815076837
667,non-hate,mild_noise,Super concept inka music chala bagundhi short film kuda chalaa bagundhi,hate,0.5424840268888262,0.5424840268888262,0.4575159731111737
668,non-hate,mild_noise,sky kohili vale india semis ki vachindhi,hate,0.5690943261288073,0.5690943261288073,0.4309056738711927
669,non-hate,mild_noise,vIDu poTIcheste vArDDu nèMbar kUDA gèlavaDu vIDu chaMdrabAbu nAyuDu gAriini TArgèT pèTTukòni tèlaMgANalo chèMpaa dèbbalu tinnADu,hate,0.5524199219562163,0.5524199219562163,0.4475800780437838
670,non-hate,mild_noise,Nivu kcr tho thov ra chilka,hate,0.5729853975638899,0.5729853975638899,0.4270146024361101
671,non-hate,mild_noise,Babulake Baabu Super star Mahesh Baabu,non-hate,0.5101565452086345,0.4898434547913655,0.5101565452086345
672,non-hate,mild_noise,Anna nv thopu neki sati yevaru leru,hate,0.5904377233029955,0.5904377233029955,0.4095622766970045
673,hate,mild_noise,roja nuvvU A ikalu pikaDaniki tappA denikki panikirAvu,hate,0.5675693353497648,0.5675693353497648,0.4324306646502351
674,non-hate,mild_noise,BJY chaala manchi conceept,hate,0.5392586400691465,0.5392586400691465,0.4607413599308535
675,hate,mild_noise,Idhi language class aa Leeda mimicry artist class aa,hate,0.5341765149574287,0.5341765149574287,0.4658234850425713
676,non-hate,mild_noise,Nuvvu king mawa,hate,0.5626567052769786,0.5626567052769786,0.4373432947230214
677,hate,mild_noise,Arey budder khan nuvvu asalu,hate,0.5680173315569537,0.5680173315569537,0.4319826684430464
678,non-hate,mild_noise,maheSh bAbu I reMj lo navvaDaM ippaTi varaku ide mòdaTi sAri. Big thanks to Sathi anna.,hate,0.5432929721336845,0.5432929721336845,0.4567070278663154
679,hate,mild_noise,janAlu leru bochchu leru aMtA aMbak,hate,0.5631459439848224,0.5631459439848224,0.43685405601517757
680,hate,mild_noise,"​vaisIpI, bijepi òkaTe. rèMDuu pArTIlu understandig.jagan gAru ikkaDaa gaTTigA ariste apojiShan repu DibeT lo sIèM gAru aDagaleduu ani aMTAru.aMtaku miMchi emI ledu.",hate,0.5586274719578752,0.5586274719578752,0.44137252804212485
681,hate,mild_noise,"90ml sIèM, nIku hiMduuvulu aMTe èMduku aMta chulakana,",hate,0.548343058512715,0.548343058512715,0.45165694148728497
682,hate,mild_noise,Ila suitcaselu petti mosam cheyatam kanna afrer results vachaka prize money la petti untey beest ga endhuko ee mosalu,hate,0.5799997956525405,0.5799997956525405,0.4200002043474596
683,hate,mild_noise,Ycp Gunda na kodakalara randra chuskundham,hate,0.5854415334277427,0.5854415334277427,0.4145584665722573
684,non-hate,mild_noise,From recent 3 months iam addicted to your videos anna. Your way of explaining and slang is very nice,non-hate,0.5110876129532229,0.4889123870467771,0.5110876129532229
685,non-hate,mild_noise,​pavan anna madagudu ra ani cheppa,hate,0.580867437222081,0.580867437222081,0.41913256277791894
686,non-hate,mild_noise,nI iMTarvyU anniTilo nAku nachchina iMTarvyU idi òkkaTe anna,hate,0.5478787563818891,0.5478787563818891,0.4521212436181109
687,hate,mild_noise,"AMdhrapradesh kòMDalu, guTTalu kabjA mAphiyA DAn jagguu bhAy",hate,0.5536903191930145,0.5536903191930145,0.4463096808069856
688,hate,mild_noise,Paniki malina chana,hate,0.5690437756657277,0.5690437756657277,0.4309562243342723
689,non-hate,mild_noise,I pATa aMTe èMtamaMdiki iShTaM,hate,0.5323783647682641,0.5323783647682641,0.467621635231736
690,hate,mild_noise,Stage ekithe chalu sollu,hate,0.5659379164555066,0.5659379164555066,0.4340620835444934
691,hate,mild_noise,"Staarting lo full cover aiye vesedi dreses, raating kosam ippudu Air free",hate,0.5512131103044661,0.5512131103044661,0.44878688969553393
692,hate,mild_noise,memu videos chusthe kani meku annam kuda dorakadhu alantappudu mammilini yedavalu ni chesi anukoku ra nayana solu apu,hate,0.5993584764019857,0.5993584764019857,0.40064152359801425
693,non-hate,mild_noise,Porapatuna cinema bagaledu janalu raledu ante paristiti Vijay:Intlo padukovalsinde,hate,0.5728077691655544,0.5728077691655544,0.4271922308344456
694,non-hate,mild_noise,appuDu rAjakIya èdugudalaaku kArakulayina advAAnI gArni avamAAniMchAru. ippuDu padavIviramaNa chesina koviMd gArini avamAniMchAAru. nyAyamA modI gAru.,hate,0.5608308576739364,0.5608308576739364,0.43916914232606363
695,hate,mild_noise,chiraMjIvi gAru iShTaM lenapuDu Ayanato èMduku vAys ovar èMduku cheyuMchukunnAru mI siinimAlo.,hate,0.5496598868474913,0.5496598868474913,0.45034011315250866
696,hate,mild_noise,dInamma rojja ni èvaDikainA chUpiMchaMDi rA,hate,0.5476071848071832,0.5476071848071832,0.4523928151928168
697,non-hate,mild_noise,"meUDi Dres khaarIdu 15 lakShalu , okkokka Drès karidu mari iMta Dabbu èkkaDinuMchi vachchAyamma",hate,0.5633023773903332,0.5633023773903332,0.43669762260966677
698,hate,mild_noise,Net I pothe google lo ela search cheestav ra bevakof,hate,0.556816777125879,0.556816777125879,0.443183222874121
699,non-hate,mild_noise,aMbedkaar viluva mIku tèlisinaTTugA rijarveShan tIsukunna vyaktulaki tèliyaledu kanIsaM idi chUsiina tarvAtaa ayinA tèlustuMdi,hate,0.5587657680566318,0.5587657680566318,0.44123423194336825
700,hate,mild_noise,guDivADa prajalu Alochana parulu kAnaMta varaku devuDu kUDA bAAgu cheyaleDuu veDavalakU paadavulu.,hate,0.5586222442126827,0.5586222442126827,0.4413777557873173
701,non-hate,mild_noise,mIru sUpar meDaM paTTudala uMTe edainA sAdhiMchavachchu ani mIrru nirUpiMchAru,hate,0.5641132083519528,0.5641132083519528,0.4358867916480472
702,hate,mild_noise,idi frankness nI bòMda.... anAgarikaM.... sabhyata saMskAraM leni òka saiko vIDu.... guhallo jIviMchAlsina vADu.,hate,0.5437505396371505,0.5437505396371505,0.45624946036284947
703,non-hate,mild_noise,prabhutva sòmmuu òkka rUpAyi kUDAA vènuka vesukoledaMTe adi APJ abduul kalAm,hate,0.5636782349364333,0.5636782349364333,0.4363217650635667
704,non-hate,mild_noise,"Dèvil mUvII kUDA Blockbuster nIkiMkA tappadu digviijayaM... naMdamUri 3 sTArs jai ènTIAAr, jai bAlaya, jai rAm...... jai naMdamUri",hate,0.5364896794620232,0.5364896794620232,0.4635103205379768
705,non-hate,mild_noise,Andhariki rajamouli rgv inspiration emo naku meere inspiration....words can do more than action...mee laga knowledgee gain cheyyali sir nenu,hate,0.5473980789667835,0.5473980789667835,0.4526019210332165
706,non-hate,mild_noise,Bagunnavu chai and pallavi,hate,0.5471763129181726,0.5471763129181726,0.45282368708182735
707,hate,mild_noise,karonAA vachchi janAlnii òka rakaMgA saMpuutuMTe.,hate,0.5433832236037754,0.5433832236037754,0.4566167763962246
708,hate,mild_noise,ADu chUsi chUsi rojA pakkana kUrchuMTADeme anukunnA.,hate,0.5613502157250526,0.5613502157250526,0.4386497842749474
709,non-hate,mild_noise,nuvvu mATlADedi tappu. anna guriMchi èMtainA chèppuko vachchu kAnI mohan bAbu gAriini tammuDu ani mATlADaDaM emAtraM karèkT kAdu. vALLa kòDukulu kUDA sIriyas ayite èMta paristiti eMTI.,hate,0.5631716980017667,0.5631716980017667,0.4368283019982333
710,non-hate,mild_noise,iMta aaMdaMgA èlA aaMdi mIru mIlAne mI svaraM kUDA chAla aMMdaMgA uMdi,hate,0.5431621576780508,0.5431621576780508,0.45683784232194924
711,non-hate,mild_noise,Power star ante movies and acting kadu real star only,hate,0.5231594970229352,0.5231594970229352,0.47684050297706476
712,non-hate,mild_noise,"Inko rendu padithey, aa migatha dula kuuda theerpoddi Uday Kiran 2",hate,0.586034368140984,0.586034368140984,0.413965631859016
713,non-hate,mild_noise,aaMtariMchi potuunna AroogyAvaMtamaina hAsyAnni taTTi lepina sAtvik....,hate,0.5602613078924272,0.5602613078924272,0.4397386921075728
714,non-hate,mild_noise,iTuvaMTi chAvu rAvAlaMTe èMta puNyaM cheesi uMDAlo mI Atmaku shAMti kalagAlani korukuMTunnAnu,hate,0.568792785490829,0.568792785490829,0.431207214509171
715,non-hate,mild_noise,bAlayya bAbu abhimAnini I sinimA pèdda iTu kòTTAlani manaspUrtigA korukuMTunnAnu jai bAlaya jai chiraMjIva,hate,0.5563979169512812,0.5563979169512812,0.44360208304871884
716,hate,mild_noise,tweet:enduku kumail najaini gudda chaal rangaluo vuntadhi kumaail: enduku mi ama lipstick vunthadhi,hate,0.5695826653623166,0.5695826653623166,0.43041733463768334
717,non-hate,mild_noise,nuvvu paDiMdi maMchi gAuMdi bro,hate,0.5609003454720813,0.5609003454720813,0.4390996545279186
718,non-hate,mild_noise,annA chAlA iMprUv ayyAv.... sUpar,hate,0.5312135321933917,0.5312135321933917,0.4687864678066083
719,hate,mild_noise,E roju e liger movie chusa uttar flop movie jeevitham meedha viraktthi puttipoyindhi,hate,0.5620343430059271,0.5620343430059271,0.4379656569940729
720,non-hate,mild_noise,"tana svayaaM kRRiShi to kaShTapaDi, tana naTanato prekShakula hRRidayAllo chèragani mudra vesukuna mana mègAsTAr chiraMjIIvi",hate,0.5594211917011003,0.5594211917011003,0.4405788082988997
721,non-hate,mild_noise,Samantha acting matram ichipadesindhii thrill chestadhi second half fantastic anthe,hate,0.5512755714158529,0.5512755714158529,0.4487244285841471
722,non-hate,mild_noise,Harsha anna ni kalavali okkasaraina,hate,0.5721976609141223,0.5721976609141223,0.4278023390858777
723,non-hate,mild_noise,Industry lo òkka remark kUDA leni phyAmilI edainA uMdA aMTe adi One And Only Victory Vennky Anna Gaari Family Superb Raana Anna,hate,0.5319350357406932,0.5319350357406932,0.46806496425930677
724,non-hate,mild_noise,gorantla madav issues side chyadaniki jenasena ni kelikaru yeppatu lane,hate,0.568564349091812,0.568564349091812,0.43143565090818803
725,hate,mild_noise,Mee Ayya Farmhouse Unte Mee ML Lu Appudaina Mee Ayani Chusindra Lolly ga,hate,0.5342606783370477,0.5342606783370477,0.4657393216629523
726,hate,mild_noise,vIDiyo tIsinAnu kòTTAla vInni kòTTAla dAni kiMda vesi kòTTAla,hate,0.5447636942173556,0.5447636942173556,0.4552363057826444
727,hate,mild_noise,nenu rojU anasUyanu uhiMchuu kuMTu kòDutunna,hate,0.567034696862468,0.567034696862468,0.43296530313753206
728,non-hate,mild_noise,"""naMbi nArAyaNa"" gAriki jarigina anyAyaM chUstuMTe chAlA bAdha vestuMdi, ""naMbi nArAyaNa"" gAri tyAgAnikki mA hRRidayapUrvaka ""pAdAbhi vaMdanAlu""",hate,0.5486997664337827,0.5486997664337827,0.45130023356621723
729,non-hate,mild_noise,nijaMgA I lav sTorI eMdi bhai shInanna eDiche sIn sUpar,hate,0.5454447196177579,0.5454447196177579,0.4545552803822421
730,non-hate,mild_noise,Super tammudu,hate,0.5256797738346459,0.5256797738346459,0.47432022616535413
731,hate,mild_noise,owasi bro's nupur raja singh ni pakistan ledhha andaman ko tarmidengali #the people who divide india,hate,0.5656160738518168,0.5656160738518168,0.4343839261481832
732,non-hate,mild_noise,iMdullo òkka nijaM uMdi... laiph sAphIgA jarigevALLu bayaTa pADAru.. èMduku aMTe vALlaki avakAshAlu unnAyi kAbaTTi..,hate,0.5547667052367148,0.5547667052367148,0.4452332947632852
733,non-hate,mild_noise,polIs vevasthaloo mIlAMTi SP lu uMTe polIs lapai gauravaM pèrugutuMdi sAr...mIlAMTi SP mA tèlaMgANA lo kUDA rAvAli sAr,hate,0.543978518867237,0.543978518867237,0.4560214811327629
734,non-hate,mild_noise,mIru A sthAyilo uMDi kUDA mI snehituni parichayaM cheyaDaM AAnaMdakaraM,hate,0.5495765046653303,0.5495765046653303,0.4504234953346697
735,non-hate,mild_noise,Alaanti goppollaki ilaanti goppolle puudatharu..,hate,0.5688201509345288,0.5688201509345288,0.4311798490654713
736,non-hate,mild_noise,bAgunnAru talli kòDukulu sTTorI,hate,0.5383929550071154,0.5383929550071154,0.46160704499288463
737,hate,mild_noise,"drohaM chesiMdi,nijaMgA epI usuru bIjepIki,moDIki tagulutuMdi.",hate,0.5501428982255823,0.5501428982255823,0.44985710177441773
738,non-hate,mild_noise,chAlA yUTyUb chAnallalo mIru chèppina garikapAATi vAri abhiprAyaM prachAramautunnadi. vATi kiMda kAmèMTulanu sinimA raMgaM vAru chadivite prajAbhiprAyaM tèlustoMdi. emainA anukonii anukuMTe òkanADu vAri bhAryApillalapai ade prabhAvaM paDavachchu. chivaraagA budhdhi chèbutuMdi…,hate,0.560974778449003,0.560974778449003,0.439025221550997
739,non-hate,mild_noise,tèlugu rAShTrAlaki maMchi maMchi nAyakulu dòrikAru siinimAlu vèlanavasaraM ledu vALe sinimA chUpistAru maMchi kAlakShepaM,hate,0.5490529675372438,0.5490529675372438,0.4509470324627563
740,hate,mild_noise,Power Lo undi evaru ra vedava,hate,0.5542670335716744,0.5542670335716744,0.44573296642832566
741,hate,mild_noise,Waste gadu ali,hate,0.5496618582441362,0.5496618582441362,0.4503381417558639
742,hate,mild_noise,​pawalagadi gorrelaki avesam thappa alochana ledhu,hate,0.5926735120943106,0.5926735120943106,0.40732648790568937
743,hate,mild_noise,Mundhu RTC Buuses lo students entha ibbandhi padivelthunnaru chudandii valla hanging conditions you have to notice everything,hate,0.5502146285126761,0.5502146285126761,0.44978537148732395
744,non-hate,mild_noise,harSha..! nI manasulage... nI rUpaM kUDA aMdaMgA uMdi......,hate,0.534456966168809,0.534456966168809,0.46554303383119094
745,hate,mild_noise,Pila nibha star vijgay overkonda guddakonda,hate,0.5661022459638627,0.5661022459638627,0.43389775403613734
746,non-hate,mild_noise,Ede poindi kaadu manaki,hate,0.5773665546470894,0.5773665546470894,0.42263344535291064
747,hate,mild_noise,Apu rA DrAmA rAvu anni sòllu kaburlu,hate,0.5554019400604309,0.5554019400604309,0.44459805993956913
748,non-hate,mild_noise,chAlA bAgA chèppAru ana.. mòdaTi udAharaNa vuMdi adi mAtraM.... mAmUlugA ledu... sUpar asalu,hate,0.5419523717929621,0.5419523717929621,0.4580476282070379
749,hate,mild_noise,Hero lu reemuneration taggisthe dil raju rates peenchi collections motham mingesthadanta….funny fellow,hate,0.5580792079034637,0.5580792079034637,0.44192079209653634
750,hate,mild_noise,​Ap state nu sarwa nasanam chesaru,hate,0.5644386326261535,0.5644386326261535,0.4355613673738465
751,non-hate,mild_noise,Logically what u said is exactly right.. Appreciated the way you explained the concepts of government and other way of ruling.. Good.. Kep it up dear.,non-hate,0.5239951706214251,0.4760048293785749,0.5239951706214251
752,non-hate,mild_noise,"raitu baMd valla èvarikI lAbhaMrA nAAyana, èvarikI ekuvA bhUmi uMTe vADike ekuva lAbhaM, nuvvu nI brokar jarnalijaM",hate,0.559675882054474,0.559675882054474,0.440324117945526
753,hate,mild_noise,Arey drama rao apura Ne sollu,hate,0.5728367423230283,0.5728367423230283,0.4271632576769717
754,hate,mild_noise,veNu svAmI mI mATalu anI abaddaM.,hate,0.5423318343345758,0.5423318343345758,0.4576681656654243
755,non-hate,mild_noise,eM adRRiShTaM svAmi ana ne phon touch chesiMdi. lakkI,hate,0.5582855923308448,0.5582855923308448,0.44171440766915515
756,non-hate,mild_noise,chirutaa looks adhurs,hate,0.5404729856442405,0.5404729856442405,0.4595270143557595
757,hate,mild_noise,Madhii sommu ea kaadha vochesthadhi,hate,0.581582123940418,0.581582123940418,0.418417876059582
758,non-hate,mild_noise,annil kumAr gAridi tappaledu kAnI ilAMTi samasyalu kUDA rAAShTraMlo unnAyi ani bAgA tèliyajesAru.,hate,0.5659668522808006,0.5659668522808006,0.4340331477191995
759,hate,mild_noise,Sory to say but chinna events ki velthe ilaney jarugutuundi..,hate,0.5452752285055258,0.5452752285055258,0.4547247714944742
760,hate,mild_noise,tèlivaina mUrkhuDu... RGV,hate,0.5483720444456565,0.5483720444456565,0.45162795555434354
761,hate,mild_noise,"roojA AMTII ki bAgA tèlusu jalaga mòòna rèDDi ki vèMTrukalu èkaDa, èkkaDa unnAyo",hate,0.5454778550428911,0.5454778550428911,0.4545221449571089
762,hate,mild_noise,karan johar aasla moda levadu anta andukey amaila mataladuthaane vunaatru,hate,0.5852207604270768,0.5852207604270768,0.4147792395729232
763,non-hate,mild_noise,​yuddham vadhu please for lokham lo shanthi vunchadhi,hate,0.5588577015388291,0.5588577015388291,0.4411422984611709
764,non-hate,mild_noise,Niku cheppada kohili one day adanu ani,hate,0.5772092630905832,0.5772092630905832,0.4227907369094169
765,non-hate,mild_noise,KCR ni chusi Vallabhai patel anukunnademo.,hate,0.5029667433405416,0.5029667433405416,0.49703325665945847
766,non-hate,mild_noise,great raa baabu movies loki vellipoyava ra baabu,hate,0.5734406743980953,0.5734406743980953,0.4265593256019047
767,non-hate,mild_noise,Telugu tamil industry la ki break dance nerpindhe prabhudeva.meru evergreen dancer sir,hate,0.5471263509476418,0.5471263509476418,0.45287364905235816
768,hate,mild_noise,Pora kukka,hate,0.5509608747304995,0.5509608747304995,0.44903912526950046
769,hate,mild_noise,Nvvu first e channel dheni kosam petinav kcr kosama peoples ki emaina prayojanam vundhara entha sepu kcr sanka nakuuthunnav,hate,0.5880819951748564,0.5880819951748564,0.41191800482514357
770,hate,mild_noise,narottam mishra peddha langa ram setu movie ban cheyamantaru deniki movie peru lo ram vundhi ani,hate,0.5716355727539417,0.5716355727539417,0.4283644272460582
771,non-hate,mild_noise,hammayya.. ippaTiki òka maMchi vIDiyo cheeshAvu talli,hate,0.5432543050406073,0.5432543050406073,0.45674569495939266
772,hate,mild_noise,ilAMTivi chestene mIku 2019 lo bòkka paDiMdi.,hate,0.5415197560611716,0.5415197560611716,0.45848024393882836
773,non-hate,mild_noise,Ram entra babu intha andaamga undau super,hate,0.5595464174677117,0.5595464174677117,0.4404535825322883
774,non-hate,mild_noise,kaMTlo durada pèTTiiMdi kAbaTTi saripoyiMdi,hate,0.5620574758277279,0.5620574758277279,0.4379425241722721
775,hate,mild_noise,ekkaDaki poyaMDi I mahiLA kamiShan,hate,0.5797301925189777,0.5797301925189777,0.4202698074810223
776,non-hate,mild_noise,nuvvu kAdayyA hIro nI yanakAla uMdi chUDu puli sonu sUd sAr,hate,0.5710435013837802,0.5710435013837802,0.4289564986162198
777,hate,mild_noise,jagan gabbu gadu cbn pettina manchi padakalu ni toolagichi auto valla ki 10000rs esthunnaru,hate,0.5832320894729478,0.5832320894729478,0.4167679105270522
778,hate,mild_noise,Desaani dochokotaaniki eeyanaki emi takkuvayindita,hate,0.5598888285756832,0.5598888285756832,0.44011117142431677
779,hate,mild_noise,​a bayam unte villu paripala tinnaga cheeste sari ponu,hate,0.5841008511931828,0.5841008511931828,0.4158991488068172
780,hate,mild_noise,Teelugu industry na modda kudavandi ra,hate,0.5789234477215759,0.5789234477215759,0.42107655227842405
781,non-hate,mild_noise,Sister...Nelanti vaallu thaluchukunteey condecterley kaadhu collectorlu avthaaru...kalaakarulavtharu....neku suport chestuna ne family ki..A P S R T C ki ne tharupuna Thanks cheptunna,hate,0.5553668697627138,0.5553668697627138,0.44463313023728623
782,non-hate,mild_noise,Nenu aite Jabardast show chudadam manesanu TV 5 ABN chanels lo debates vchinaka,hate,0.5625149010910346,0.5625149010910346,0.4374850989089654
783,non-hate,mild_noise,Mahesh smile ...pure soul,hate,0.5029484735719102,0.5029484735719102,0.4970515264280898
784,non-hate,mild_noise,Madam meeru god questions aduguthunnaru,hate,0.5200120370232264,0.5200120370232264,0.47998796297677354
785,hate,mild_noise,𝙋𝙪𝙠𝙪 𝙙𝙖𝙣𝙜𝙞𝙩𝙝𝙖,non-hate,0.5049325305200952,0.49506746947990476,0.5049325305200952
786,non-hate,mild_noise,mIru mAku dUraM avvaDaM mA duradRRiShTaM,hate,0.5391793606746935,0.5391793606746935,0.4608206393253064
787,hate,mild_noise,Amma pai joke enty raaa..... Avulagallraa,hate,0.5514659085362672,0.5514659085362672,0.44853409146373285
788,non-hate,mild_noise,tAnu iMtaku muMde chèppADu nennu ilA videos cheyaDAniki kAraNaM aMdarU inspire avvAli ani,hate,0.569174329602132,0.569174329602132,0.430825670397868
789,hate,mild_noise,Chi yentra makikarma,hate,0.5653065318576072,0.5653065318576072,0.4346934681423929
790,non-hate,mild_noise,tammuDu nuvvu sUpar nijAnni IlAge nirbayaMgA chèppu èvvaniki bhayapaDaku,hate,0.5637808348944999,0.5637808348944999,0.43621916510550013
791,non-hate,mild_noise,"RK gAruu mIku, mI TIM ki danyavAdAlu, suti mèttagA prashnalu varNiMchAru ahaMkAriki ..ahaMkAraM kAsta tagginaTlu anipistòMdi",hate,0.5499667531007011,0.5499667531007011,0.4500332468992989
792,hate,mild_noise,Mundhu veeeni interview chesthunna channel vallani thannali,hate,0.5538635739045397,0.5538635739045397,0.4461364260954604
793,non-hate,mild_noise,greT parphAmèns sis kriMdi Tails slip avutunna balans chesukòni pèrphèkT gA DAns vesAv sUpar,hate,0.5459510881541763,0.5459510881541763,0.4540489118458237
794,hate,mild_noise,erri puk moody vaalla srh playoffs ki poole,hate,0.5921704848491863,0.5921704848491863,0.40782951515081367
795,non-hate,mild_noise,tvaralonee pavan kaLyAN gAru mukhyamaMtri kAbotunnAru,hate,0.5570163049540513,0.5570163049540513,0.4429836950459487
796,non-hate,mild_noise,Best lIDar and best polIs.praavIN kumAr sar,hate,0.5406391491963134,0.5406391491963134,0.45936085080368655
797,non-hate,mild_noise,Comments chadivi masthuu enjoy chesthunna nenaiithe,hate,0.5733479438827317,0.5733479438827317,0.4266520561172683
798,non-hate,mild_noise,A vaiT Drès lo chUstuMTe vijayavADa pèddapuli vaMgavITi mohan raMgA nu chUsinaTTuMdi anna,hate,0.5632488199419108,0.5632488199419108,0.43675118005808916
799,hate,mild_noise,Ttr dongal trs pata leadeers,hate,0.56137231158387,0.56137231158387,0.43862768841613003
0,non-hate,severe_noise,strIanu vIdhilokii lagakaMddi paavan gAAru chUste Ayaanaki pAArTI ki chèDaD peeru vstuMdi,hate,0.5683634208955456,0.5683634208955456,0.4316365791044544
1,hate,severe_noise,Gudha paguldegalle,hate,0.5775293287392143,0.5775293287392143,0.4224706712607857
2,non-hate,severe_noise,Nijanga ilanti extraordinary persons untaru,hate,0.51916154053893,0.51916154053893,0.48083845946106996
3,non-hate,severe_noise,nAAku iMTarnèT mòbail DeeTA leddu aDMi iMdulonuMchi Dabbulu vastte epiMchukuMdMA ani chUUstunna... mAmulugA ldu anudIp gAri apMchès,hate,0.5648254631224748,0.5648254631224748,0.43517453687752516
4,non-hate,severe_noise,AP ki mnchi rojjulu vasthundhi,hate,0.5671050113558973,0.5671050113558973,0.43289498864410264
5,non-hate,severe_noise,Ayithe life politician kaavali ra Babu.,hate,0.5405040521616451,0.5405040521616451,0.4594959478383549
6,hate,severe_noise,KTR:Nannu errri puk cheshavu gah kaadhara reevanth,hate,0.5927597713462961,0.5927597713462961,0.4072402286537039
7,non-hate,severe_noise,Youtube evdios knni follow ayyedhanni tharwatha BB huse lo koncham negittive feeel ayyaa ipudu chuustunte baadha anipistundhi veery goood dancr All the Bst for yuor future Shanmmukh 💐,hate,0.5740122008610025,0.5740122008610025,0.4259877991389975
8,hate,severe_noise,Rcharge aipothey daa ela vaastadhi ra eerri puka,hate,0.5761439212483412,0.5761439212483412,0.42385607875165876
9,hate,severe_noise,vadu donga nuuuv yadava,hate,0.5897272617630307,0.5897272617630307,0.41027273823696925
10,non-hate,severe_noise,saMskAravaMtamaina kuTuMbaM,hate,0.5399318079832156,0.5399318079832156,0.46006819201678434
11,non-hate,severe_noise,prrajA samasyala pariShkAraMpai dRiShTi pèTTaMDi,hate,0.5464855803110079,0.5464855803110079,0.4535144196889921
12,hate,severe_noise,Waste gadu Ntaraj is evry bad behavioru,hate,0.5632745142342861,0.5632745142342861,0.4367254857657139
13,hate,severe_noise,Kainsam okkka wicket kooda teeeyaledu waset gaul,hate,0.5851210490581866,0.5851210490581866,0.4148789509418134
14,hate,severe_noise,"Amit Shaw ki slppers veshu bathukuthunnadu, telgu vaari gorwavaanni guujarat gdaidhala dhaaggara thaaakattu pettesthunnadu..",hate,0.5761423342806702,0.5761423342806702,0.4238576657193298
15,hate,severe_noise,jiihah khan suciide ki karanam soorajj alanchdi sullli bhhai mafia support rfee varre ammmailtho dengiithunaru,hate,0.5887961720115789,0.5887961720115789,0.4112038279884211
16,non-hate,severe_noise,"Police vaallu cheeppindi anttha niijamena, poorthi enquiry ayina thaaravatha nuvvu vallanu criminasl Ani cheppu broother.",hate,0.5789070259706486,0.5789070259706486,0.4210929740293515
17,non-hate,severe_noise,prati sIn.. patI ShAT....mmati potuMdii lopala awesome,hate,0.5462278385858514,0.5462278385858514,0.45377216141414856
18,non-hate,severe_noise,Janabha.peregutunaru.vupadhe.udhyogalu.karuve.vundhe.,hate,0.5702993647017482,0.5702993647017482,0.42970063529825175
19,non-hate,severe_noise,maLLI maaLLI ripIT chsetU chUsstunna vAALlu èMtamaMdi unnArru...️,hate,0.5400939096066932,0.5400939096066932,0.4599060903933068
20,non-hate,severe_noise,entha cuute couple abbaa..!!,hate,0.5388231710348796,0.5388231710348796,0.4611768289651203
21,non-hate,severe_noise,Allu AArjun ciinema ki prranam estaadu,hate,0.5716238816768153,0.5716238816768153,0.4283761183231847
22,hate,severe_noise,tèlivigalavALlani anukuMTTAMgAnI kAAdu adRRiShTaM emlUo eDusttuMdi iiTlAMTi vAALLaki. janAllato tiTiMchukuMTe kAAni nida paTTadu,hate,0.5594684923745369,0.5594684923745369,0.4405315076254631
23,non-hate,severe_noise,kaaDigeyaMDi mrIu saamAjAnni! nAku bAdhagAne uMdi guruvugAru.,hate,0.5572947902526708,0.5572947902526708,0.44270520974732924
24,non-hate,severe_noise,"God bless your relation maddam, jai sudhIr anna",hate,0.5315057295001232,0.5315057295001232,0.4684942704998768
25,hate,severe_noise,Ammai ni paattukoni kavalissindhi knouko ani antaa vurukuntunda,hate,0.5711907896472882,0.5711907896472882,0.4288092103527118
26,non-hate,severe_noise,shukravAraM shkravAraM sTSehan ki vachhchi saaMtakaM pèTTu,hate,0.5497541061340323,0.5497541061340323,0.45024589386596764
27,non-hate,severe_noise,èMdaro mahAnu bAvuul vuMTAru AvLlu UUrikène uMDaru,hate,0.5456384414072677,0.5456384414072677,0.45436155859273225
28,hate,severe_noise,Nuv annantha mathranaa Harsa Sai midhaa aabimanam thgagadu ra,hate,0.5737691025573954,0.5737691025573954,0.4262308974426045
29,non-hate,severe_noise,nIti niAyitI laku mAAru perugA nilihcina vykti AALLa rAmakRRiShNArèDDi. amaAvati raitullakosaM nijamainaa porATaM chhesina vaykti. AAyana padikAlAlapATTu chhallagA uMDDAli.,hate,0.5582463070905037,0.5582463070905037,0.44175369290949634
30,hate,severe_noise,vachchiMdayyA mahA pativrata.... anasUya MaTene niluvèllA Ubtu..... Imè chèbutuMdi nIItulu... tU..... siggumAlina janma,hate,0.5456295640651877,0.5456295640651877,0.4543704359348123
31,hate,severe_noise,Vedoka plukagadu vinkianna Prakash Raj betterr,hate,0.5618290809223718,0.5618290809223718,0.43817091907762823
32,hate,severe_noise,Na moodda la expressios,hate,0.544852707492601,0.544852707492601,0.45514729250739905
33,hate,severe_noise,Arey ni bondha ra chethaa na koodaka,hate,0.59327241266965,0.59327241266965,0.40672758733035
34,hate,severe_noise,Veediki Guddaa baga balisindi anukunta..Balayya abbu meeeda jokes endukura ep,hate,0.5626060603573755,0.5626060603573755,0.43739393964262446
35,hate,severe_noise,Veelu veedi oevr action,hate,0.5574723207762979,0.5574723207762979,0.4425276792237021
36,non-hate,severe_noise,eemuMdi padavikosaM gudhdhha kUDAA nAkesttAru I rAjakIya rAAbaMdulu,hate,0.5635860903033411,0.5635860903033411,0.43641390969665894
37,hate,severe_noise,Yadava Vehalu taginchukunte Bguntadi,hate,0.5504470759394284,0.5504470759394284,0.4495529240605716
38,non-hate,severe_noise,partipakShAlu sAmAnyuDini èdagnaivvaru peda prajalakii lilulu kaDutuMTe pipuDu vALlu vachchi èlA kaDutunnAru chUstAraTa MgA uMdi atni nuMchi peda prajaalki iLlla paTTAlu paMpNiI cheeyaDAniki vIlu ledaMTU Ayana sTeèjs kUrchunnADuu aaMTe ianu kaMMpu cheyaDAniki prayatniMchestunnADu jagananna labdhidArulu iTuvaMTivi jriginappuDu bayaTTaku vachchi mI tlAUkA manasulo uMDDe mATnau vALlaki tèliyaparacaMDi,hate,0.5678839530983119,0.5678839530983119,0.43211604690168814
39,hate,severe_noise,Ore ni veshalu api paani chuso,hate,0.5877502458930564,0.5877502458930564,0.4122497541069436
40,hate,severe_noise,priyaka arul mohann gudda chaaala sexy vuntadhi dani paanga chachhi dengli,hate,0.5891977865347073,0.5891977865347073,0.41080221346529266
41,non-hate,severe_noise,Devudiimda jookulu veesina avamanichina chala naasta pootaru vinayakduito pettukokuda pwer flul god,hate,0.5934413479811673,0.5934413479811673,0.4065586520188326
42,hate,severe_noise,Nuvvo moddaganivi andhuke aapesnav,hate,0.5802791217038168,0.5802791217038168,0.4197208782961832
43,hate,severe_noise,aamarica andtho madam perrigi kotukuntundi urrikine,hate,0.5871528641389419,0.5871528641389419,0.4128471358610582
44,non-hate,severe_noise,chAlA maMchi mUvI anna ...mIru riyAkT avutAv anukunna anna ..nuvvu sUar Alyar aanna,hate,0.5455822308573166,0.5455822308573166,0.45441776914268334
45,hate,severe_noise,Idi RTC Conducter ha lekaa Inkaa buustand lo emaiina chesinda,hate,0.5676327015685455,0.5676327015685455,0.4323672984314545
46,hate,severe_noise,Kirttika Gau Vadine Cheu tho Koothandi Lvie Lo...,hate,0.5471347127711828,0.5471347127711828,0.45286528722881725
47,hate,severe_noise,iiMka Apura nAyanA... akkkaDa chUyiMchu...,hate,0.5508578505898304,0.5508578505898304,0.4491421494101696
48,non-hate,severe_noise,mI phAymilI lo nAkuu anchchiMdi nvuvu anna.. karèTk gA mATlADutAv..,hate,0.5561771080688984,0.5561771080688984,0.44382289193110164
49,hate,severe_noise,Smua garu koncham thaichuko,hate,0.5809806088519699,0.5809806088519699,0.4190193911480301
50,hate,severe_noise,OOrey adhigga gddha mue,hate,0.5770207771177033,0.5770207771177033,0.4229792228822967
51,hate,severe_noise,"Orey jafa bul bl,go and buffalo muddiloo paaduko",hate,0.570303525939914,0.570303525939914,0.42969647406008604
52,non-hate,severe_noise,Hannu raghavapudi loove story atne super immersive ga uuntadi,hate,0.5424762889460072,0.5424762889460072,0.4575237110539928
53,hate,severe_noise,cihllar patry lu Ane okkatyna modi ji ni neext pm moodi ji yoogi baab ni,hate,0.5790427477799635,0.5790427477799635,0.42095725222003655
54,non-hate,severe_noise,Jaayamu jaymu chandranna jayau neeku chaandranna,hate,0.5524948119306665,0.5524948119306665,0.44750518806933354
55,hate,severe_noise,Akau puuuk thheliyandhi kuda juddge aaipoindhi,hate,0.5883082850537107,0.5883082850537107,0.4116917149462893
56,hate,severe_noise,SHOSE Amithshha moi kiinda OOodigam chey..,hate,0.5493514353068821,0.5493514353068821,0.45064856469311787
57,non-hate,severe_noise,​raani praamadam raani no problem.. next tym bjp ki vote veyandi telangana prajalaraa,hate,0.5513043924319863,0.5513043924319863,0.4486956075680137
58,non-hate,severe_noise,Ee maya kaalamol vocina fiilms lo naaku ihi baaga nachindi,hate,0.577840625092831,0.577840625092831,0.42215937490716904
59,hate,severe_noise,"Evidecne unnna mla koodukuni arrest cheyaledhu, poolice lu ki dammu lehdu",hate,0.5855256904055467,0.5855256904055467,0.4144743095944533
60,hate,severe_noise,Veedu aadi gaadu maaadu veeediki stage cleaning pani ivvandi,hate,0.5613899262865432,0.5613899262865432,0.43861007371345684
61,non-hate,severe_noise,E movie Gurincih ookkadu negative ga matladina vaaadu teerrorist ayyi undali..,hate,0.562636270387662,0.562636270387662,0.4373637296123381
62,non-hate,severe_noise,Kaasta ama nanna paina prma kaligi vuundandi bro,hate,0.5502593873551724,0.5502593873551724,0.4497406126448276
63,hate,severe_noise,Kulaaa peechhe fuuuga undeanana,hate,0.5752357497780136,0.5752357497780136,0.42476425022198644
64,hate,severe_noise,Are Babu niku endukura,hate,0.5627393837509301,0.5627393837509301,0.43726061624906987
65,non-hate,severe_noise,"Intkai Raul evadabba, sir iindirect ga Congress Rauhl Ganhi ki hint istuna kalsipodamani",hate,0.5800103520488902,0.5800103520488902,0.4199896479511099
66,non-hate,severe_noise,"Thiis should be a good lesson for yonugsters. Mooral is "" jIvitaM lo gèlupuik baaMdu mitrulu èkkkuvva, kAni oTami èpuDu anAde""",hate,0.5448379507367542,0.5448379507367542,0.45516204926324577
67,non-hate,severe_noise,Vaddu Bangaram nuuvvu hapyp ga vundai,hate,0.573434755094206,0.573434755094206,0.4265652449057939
68,non-hate,severe_noise,"kani, eekkuva chste aalasata, weakness,, boyd peragaka povadam, teenagee lo tarvata kudaa faace paina gddalu piimples raadam niijam...better keep it tow-three ties a week..et buy and focsu on yourr studies and carreer guys.",hate,0.5638371710478127,0.5638371710478127,0.4361628289521872
69,hate,severe_noise,Chema pagilddemo,hate,0.5561121405397845,0.5561121405397845,0.4438878594602155
70,non-hate,severe_noise,vADi asau rUpaM ade èvarini èppuuDu vADukuni vadileeyAlo vADi kaMTe e rAjakIya nAyakuDiki tèliyadu,hate,0.572992285900279,0.572992285900279,0.42700771409972105
71,non-hate,severe_noise,mI iddari avlla tèlaMgANa janAalki meanna upayogaM uMdA cèppu,hate,0.5649517507854096,0.5649517507854096,0.43504824921459034
72,hate,severe_noise,aasla mumru president ela ayindhi indiia paruv poyindhi ni kaarra mokahm esoni,hate,0.5974808424609321,0.5974808424609321,0.40251915753906786
73,non-hate,severe_noise,EEtuvanti interviews kadhaa manaki kavalsinvi,hate,0.5324706851596249,0.5324706851596249,0.4675293148403751
74,non-hate,severe_noise,sharma gAAru chèppina di niijamA abaddamA ani chèppee dhairyaM vIILlaku leud,hate,0.5641347847480551,0.5641347847480551,0.43586521525194494
75,non-hate,severe_noise,nni aanna meu greta,hate,0.574492943000719,0.574492943000719,0.42550705699928104
76,non-hate,severe_noise,nuvvu tèrAAsa pArI ..uuMpuDu gaattenè akdA rA nuuvvu,hate,0.5565562657021466,0.5565562657021466,0.4434437342978535
77,hate,severe_noise,meeDaM ku ukkka poostunaTTuMdi sakMalo bDI vesukuMdi,hate,0.5834357757991442,0.5834357757991442,0.4165642242008558
78,hate,severe_noise,prapaMchaMlo aatipèdda aavinIti pAArTI Tiar yas kèsiAr,hate,0.5495611154389302,0.5495611154389302,0.4504388845610698
79,non-hate,severe_noise,ilAMTi sèlabriITlu ilA ShoSh ku rAvAil sir,hate,0.5551276174493909,0.5551276174493909,0.4448723825506092
80,non-hate,severe_noise,"Arey Baub Meemu chinnapapti nunnchi chirru fans, pls don't hrut us, fiirst cihru next evarina maaku",hate,0.5658580417051198,0.5658580417051198,0.4341419582948803
81,non-hate,severe_noise,"eii yevudra veeedu, andanga vunnav aantunnadu, akkaa antunnadu",hate,0.5728777671639009,0.5728777671639009,0.4271222328360991
82,non-hate,severe_noise,aarey shankaar ga nvu kcr sanka nakaku ra,hate,0.5955867697244122,0.5955867697244122,0.4044132302755879
83,non-hate,severe_noise,èvai sTail vAiDdi... deevarakòMDa sTaail devarakòMDa di aMte iMTo tappemuMdi... viniistuMdi chèppanA.,hate,0.53393376248025,0.53393376248025,0.4660662375197499
84,non-hate,severe_noise,paan kayAN gAru tammuDu.... moan bAAbu ane saariki annyaya chiraMjIvi grAu chinnapilloDilA navutuMTe èMtaa èMa aMdaagA unADo annaya,hate,0.5580754138846122,0.5580754138846122,0.4419245861153878
85,hate,severe_noise,Veeedu am piikaledu ani teelusu,hate,0.5672757267804938,0.5672757267804938,0.43272427321950624
86,non-hate,severe_noise,"Nenu vunnanu,nenu vinnanu,nennu chuusanu.... all are eligible for the Oscra lvel performance",hate,0.5218094495579026,0.5218094495579026,0.4781905504420973
87,non-hate,severe_noise,ponle pAApaM kaaShTapaDDadAniki òkMchèM ayina praiphalaM daakkiMdi …. kaLLu nèttiikèkkiMchukokuMDA òdigi uuMTe maMcchi Futre uMDòchchu,hate,0.5586880571676013,0.5586880571676013,0.4413119428323987
88,hate,severe_noise,rgv gaud caipovali vadii chettabandi ayina chestha,hate,0.5950217103007331,0.5950217103007331,0.4049782896992668
89,non-hate,severe_noise,Paam bhayya baib ki potta abbam ga vunndhi,hate,0.585176676503742,0.585176676503742,0.4148233234962579
90,hate,severe_noise,Chala ibandii pettvu anna uNvvu maa Chiiru garini,hate,0.5857517928858453,0.5857517928858453,0.4142482071141547
91,non-hate,severe_noise,sUUpar rk gAru chAlA maMchii progrAM,hate,0.5522627936944321,0.5522627936944321,0.4477372063055679
92,non-hate,severe_noise,bhArata dshaMlo pAlana chetakAni sIèM pAlaana cheta kAAka vere vALLani vimarshicMhe ekaika sIèM mana baatAla poShTi,hate,0.5553442365658328,0.5553442365658328,0.4446557634341673
93,non-hate,severe_noise,e raashtraniki jarrige prahi anyyam guurinchi niiswardhanga mtalade eekaika vyaakti meere saaar,hate,0.5796037551223862,0.5796037551223862,0.42039624487761384
94,hate,severe_noise,aannaya panadey vi nimma daabbalu lanti payalu,hate,0.5798269134021341,0.5798269134021341,0.42017308659786584
95,hate,severe_noise,cheha ra babu NTV,hate,0.5486656885488053,0.5486656885488053,0.4513343114511947
96,hate,severe_noise,Hi ra .TR.S. kukka…,hate,0.5353064921828288,0.5353064921828288,0.4646935078171713
97,hate,severe_noise,Fans ki respecct Ivvvslira arye nttira,hate,0.5664636050032037,0.5664636050032037,0.43353639499679636
98,non-hate,severe_noise,"fiirst aa mamai family ki security ivvandii.., night inght emiana jargochu...",hate,0.5583378219897491,0.5583378219897491,0.44166217801025087
99,non-hate,severe_noise,mIlAMTi vArru vuTe ADapillalku chAlA dhharmaM jarugutudi sAr,hate,0.566628484355109,0.566628484355109,0.433371515644891
100,hate,severe_noise,Ayanni ookasari koditehy meeeru laskha saarlu chupisthunnaru eemkavali meeku,hate,0.5829428915450322,0.5829428915450322,0.4170571084549678
101,non-hate,severe_noise,Thaank you RRR TDP ki bratkinchdaamulo mi krushi marvalenidi CBN gariku,hate,0.5754148673438285,0.5754148673438285,0.4245851326561715
102,hate,severe_noise,gudhdha baalisi kòTTukuMTunanve,hate,0.571852266665825,0.571852266665825,0.42814773333417505
103,hate,severe_noise,inkaa saavaledhu le vaaadu baaen saacchaadu yehavakanipisthoone vundhigaa,hate,0.575976451245219,0.575976451245219,0.42402354875478104
104,non-hate,severe_noise,Manaki ibbandi oochinappudu kooncham sahinchatam Kasam ochinappudu koncham bhariinchadam Anandhham vachinappdu koncham panchadam,hate,0.5562454506269587,0.5562454506269587,0.4437545493730413
105,non-hate,severe_noise,​trs party lo telangana kossam pordina vaalle unara portam ki vytirekam ga uunnollani ministeers ala chesinaru..gruivinda ginja ki kida uunna macha kaanapadadu,hate,0.5867285161754576,0.5867285161754576,0.4132714838245424
106,non-hate,severe_noise,Maheesh aanna… disappoitned wiith thhis movie..next moviee hit avvali…,hate,0.5239942548566003,0.5239942548566003,0.4760057451433997
107,hate,severe_noise,"Jaggan ni opguthunnava, leeka mingutunnava...indirect ga jaagan secrt lu ani cheptnunav.",hate,0.5544955857443895,0.5544955857443895,0.4455044142556105
108,non-hate,severe_noise,Samudramlo alau aaagavu Harrsha Anna ki aanna meeda prrema chavadi,hate,0.5706387513473361,0.5706387513473361,0.42936124865266384
109,hate,severe_noise,lnaja puk managment vaalla ma warnre maamali vaadi velioyaru,hate,0.5932654598398784,0.5932654598398784,0.40673454016012156
110,hate,severe_noise,phaasT nItulu chèppAAvu kdaA Dabbuu vaaddani ippuDu èMduuku tIsukomaMTnnAv..,hate,0.5576989540841678,0.5576989540841678,0.4423010459158322
111,non-hate,severe_noise,sUUpar annna nI vIDiyos nI mATau aMTe nAuk cAhlA iiShTaM aMudke nI ChAAnal sabskraib,hate,0.5528346394504245,0.5528346394504245,0.44716536054957545
112,non-hate,severe_noise,"BJP TRS idddaru doosthlu le , bayatkii ivanni draamalu",hate,0.5691232267753936,0.5691232267753936,0.4308767732246063
113,hate,severe_noise,maMgglI pADina pATalu anI òkeelAgane anipisutnnAyi pèdda DipharèMT emI ldeu,hate,0.5658811942367046,0.5658811942367046,0.4341188057632954
114,hate,severe_noise,Yem matlduthunnav ra? Naralu katai poiniy Neeku lekalenduku ra ayya? Wekend politician,hate,0.5777620715517181,0.5777620715517181,0.4222379284482819
115,non-hate,severe_noise,mIru charitrlo nIlustrau bro Hands' off to Yoru helpp full to poor people.,hate,0.5435433650591976,0.5435433650591976,0.4564566349408024
116,non-hate,severe_noise,Smile cudanidhe veenakki thagggavu bro nuuvvu,hate,0.5917004754655386,0.5917004754655386,0.40829952453446144
117,non-hate,severe_noise,Pichola ugrinchi viinadame gane diect ga eepudu e video lo chustuna ...,hate,0.5631357504036523,0.5631357504036523,0.4368642495963478
118,hate,severe_noise,rechipothunnaru adhikaram lo unnaru ani ahamara dhoorani,hate,0.5644125659606012,0.5644125659606012,0.43558743403939887
119,hate,severe_noise,Title leaak ayithe enitii leeak avakapothe entiii....mauk eni yee golaaaa....title entooo mee buuild up entoooo,hate,0.5538765387033973,0.5538765387033973,0.4461234612966027
120,non-hate,severe_noise,Die hard fan frm Kreala Nenu chooosina pdeha actor uh Toollywood lo Pawan Garuu,hate,0.5382147949530381,0.5382147949530381,0.46178520504696186
121,non-hate,severe_noise,Naa drusttilo pspk agru Devudu,hate,0.5576047850143407,0.5576047850143407,0.44239521498565926
122,non-hate,severe_noise,muMdu rAjA siiMg nu kApADaMDi appuDe mI pAArTIpai prajallo nammkaM erpaDutudMi,hate,0.5619771357880918,0.5619771357880918,0.4380228642119082
123,hate,severe_noise,opye kAalM daaggara paDiMdii deniki,hate,0.5801449666641607,0.5801449666641607,0.4198550333358393
124,hate,severe_noise,"Yerrri papalam manam , samanya pajalu",hate,0.5678658673764607,0.5678658673764607,0.43213413262353934
125,non-hate,severe_noise,"Dr YNM 1 monnth ago iMdulo mnaaM pèddagA AlochichAlsina avsaraM ledu. aaMtA klaM mahima.edo òkarooju kAlaM Aanaku iivvavalasina gipTh tappakkuMDA situMdi. cheesina karmalu anubhaviMchaka tappadu.. sonyA gAMdhI ayinA, moodI ainA, hcaMdrabAbu nAyuDu ayinA, jaggan ayinA.. kAaM aMte..",hate,0.5575210875690675,0.5575210875690675,0.44247891243093257
126,hate,severe_noise,taTTA buTTA sardukònii rèI guMDu jaagan rèDDi TaiiM ayipoyMidi,hate,0.5623838139475452,0.5623838139475452,0.43761618605245484
127,hate,severe_noise,Jaagan eppatkii CM avvaledu raasi peettukoo....ha .....,hate,0.5442947463420821,0.5442947463420821,0.4557052536579179
128,non-hate,severe_noise,"Mega star ane peson , definitey evadu opukunna oppukokapoyinaa inspiration to many people olng live sir",hate,0.5533839657839634,0.5533839657839634,0.44661603421603663
129,hate,severe_noise,jAripotAnayi..kòMchèM gaTTgiA muDi veyi,hate,0.5511379615945073,0.5511379615945073,0.4488620384054927
130,non-hate,severe_noise,tggi vAgutudMi pAApa Imè chlakalUrapeTalo rikArDiMg DAAnsru,hate,0.545579810626891,0.545579810626891,0.454420189373109
131,hate,severe_noise,"Nattu ga , nku manishiki uundalsina lakshhanam okkatti koda ledhuu kadah ra.",hate,0.5867824945582183,0.5867824945582183,0.41321750544178176
132,hate,severe_noise,ap lo rad la ki aa dkiku ledh mala metro endhhi mawa,hate,0.5977637025154234,0.5977637025154234,0.40223629748457657
133,hate,severe_noise,Yediichav le ocpy cat veshalu nuvvu,hate,0.5775579131866451,0.5775579131866451,0.4224420868133549
134,non-hate,severe_noise,"vAlLu I jIvitaM lo kUDa phalaknAma pyAls lo bojanaM chesivuMDakapoduru,nuvvu greeT bro",hate,0.5635551819793738,0.5635551819793738,0.43644481802062624
135,non-hate,severe_noise,Ede anhta fack news,hate,0.5448496295695919,0.5448496295695919,0.455150370430408
136,non-hate,severe_noise,"cAhlA bAgA expalin cheeshAru bradar. Small correction mUlAdhAra, AAj~na chakra, sahasrAra",hate,0.5505392064974632,0.5505392064974632,0.4494607935025367
137,non-hate,severe_noise,Allu aravind garilo macnhi actor vunanru hilarius,hate,0.5555739993550117,0.5555739993550117,0.44442600064498833
138,non-hate,severe_noise,ee kalaam ammaailu ki dabbuli vune chaaalu aanukuntaru,hate,0.5726977126303319,0.5726977126303319,0.4273022873696681
139,hate,severe_noise,Rahul dravid avdi mooddalo selection aslla chahl hi endhuku teesukole,hate,0.5755394698301306,0.5755394698301306,0.42446053016986934
140,non-hate,severe_noise,janaM. kUDA. mArpiote. chAlA bAggunnu kadA,hate,0.5441499353963548,0.5441499353963548,0.45585006460364524
141,non-hate,severe_noise,pUir chUsste chAlAA bAAdha gA uMdi ...òkkaa maMchi DairèTar ilAMTi mUIvs tiiyyaDaM eTi ...ii loove you pUi siir... vere hIro to mUvII tiyyi Annaa,hate,0.5428865486487946,0.5428865486487946,0.4571134513512054
142,non-hate,severe_noise,pedavallaku appadha vasthe evntene vleli saahayam cheese gooppa laeders komatireddy broother's dammuunna leaedr rajanna ma ballam ma dhairym ma praanam komatireddy brothers,hate,0.5755749311360082,0.5755749311360082,0.4244250688639918
143,non-hate,severe_noise,Aadda Paduhula Usuru thagli Yellow praty nasanam kavali.,hate,0.5630495419523904,0.5630495419523904,0.43695045804760957
144,hate,severe_noise,ajgan ammma vadi dabbulu petttali nanna guudda lo nunchi elppali,hate,0.5956400969846446,0.5956400969846446,0.4043599030153554
145,non-hate,severe_noise,prati pTAa arapu èkkuuvagA uMTuMdi èMduko anin pATlau òeklA uunnAyi.,hate,0.54954212127803,0.54954212127803,0.4504578787219699
146,non-hate,severe_noise,pri sir liger moovie blcak baster mIku all the besst sir,hate,0.5407029013187704,0.5407029013187704,0.4592970986812296
147,non-hate,severe_noise,Mamulu ga evvaleduh ga aanchor ana,hate,0.5875928455996748,0.5875928455996748,0.4124071544003251
148,hate,severe_noise,aaraTi bòalu anaMgA vinnAn.u ippuDu shrImukhivi chUUshAnu.,hate,0.5525670822442229,0.5525670822442229,0.4474329177557771
149,non-hate,severe_noise,idI òka plAAn prakrAaM jariginaTu udi bhael sIn,hate,0.5539810777493389,0.5539810777493389,0.4460189222506611
150,non-hate,severe_noise,Kcr bsp valu enin eastunaru month ki Nek,hate,0.5752834218678984,0.5752834218678984,0.4247165781321016
151,non-hate,severe_noise,AAbbo iragadesiindi sng vere leevel,hate,0.5756982475173268,0.5756982475173268,0.4243017524826732
152,hate,severe_noise,bro deelete cheyakapothey ma fns nnnu degenutaru,hate,0.5840135161663689,0.5840135161663689,0.4159864838336312
153,hate,severe_noise,iiMta karuvulo unnareMTirA.,hate,0.5514871689641101,0.5514871689641101,0.44851283103588985
154,non-hate,severe_noise,Vinaayaka chavitthi subhakanshalu Harsha sai,hate,0.5538417628483718,0.5538417628483718,0.4461582371516281
155,non-hate,severe_noise,A B N MD rAdhAkRRiShNa gAir ki chukaklu chUpMichina ''K A pAl gArru'' mru sUpar sAr nI mATllo niAyitI kaalpistuMdi..,hate,0.5448214864555434,0.5448214864555434,0.45517851354445665
156,non-hate,severe_noise,Ainash maMchoDDu bro epsode moottham choodu juust nAAgabAbu anamani chèppAADu aMTA bro episode loo...,hate,0.5579326046519362,0.5579326046519362,0.4420673953480638
157,hate,severe_noise,Pastors aaMdarikI òka manai.dayachesi I vihamaina debates vèLLi Christianity kI una viluva taggiMhavadu.,hate,0.5583567382174496,0.5583567382174496,0.4416432617825504
158,hate,severe_noise,Pihci pattinattundi peekeey ki. A P arcahekam jaragabotuhndhi ani anipistundhi nakku,hate,0.5769350942762459,0.5769350942762459,0.42306490572375416
159,non-hate,severe_noise,ilA cheeste deshaaM paruvu ptouMdi daya chesi deshMa paruvu tIaydu,hate,0.5754959837247371,0.5754959837247371,0.42450401627526285
160,non-hate,severe_noise,mMachi Anar cihchAru bro,hate,0.5520451013614434,0.5520451013614434,0.4479548986385567
161,non-hate,severe_noise,JD grau mee latni Genuinee peersons Pavan gariik support ga unet baguntundi sir,hate,0.5705144153493631,0.5705144153493631,0.4294855846506369
162,non-hate,severe_noise,èMtta mudduguMdoo chhAlA bAgunAv baMMgAraM,hate,0.5491379463649354,0.5491379463649354,0.4508620536350646
163,hate,severe_noise,Nuvuu Am speakker ra bbu,hate,0.5640773224101716,0.5640773224101716,0.4359226775898284
164,hate,severe_noise,MètamaMdi yDAns AmsTar lu vcahchinA prbahudevA mAsTar lAgA veyalerru,hate,0.5520961198909162,0.5520961198909162,0.44790388010908383
165,hate,severe_noise,DNR sitll old schoool... Kaalam tho Mraakapote vearu aina kla gharbham lo kalisipotaru..,hate,0.5566114665484487,0.5566114665484487,0.4433885334515513
166,non-hate,severe_noise,prabhsA gAAru aanuShka gAur mIIru tòMdaaragA pèLil chseukoMDi,hate,0.5484716111018081,0.5484716111018081,0.4515283888981919
167,non-hate,severe_noise,kòMchèMkUDa hIro ane òpgaru ledu greeT sAr Imru,hate,0.5406829897086787,0.5406829897086787,0.4593170102913214
168,hate,severe_noise,Naani inkosaari pk speech chudu ... Solul kakunda rase chesina points gurinchi matladu.. Sannasvenuv no doubt,hate,0.5393230081536475,0.5393230081536475,0.4606769918463524
169,hate,severe_noise,mohan babuu oppukunna oppukokaapoyina chirajeevi pdedankanni vahchina gouravam m tagipodu,hate,0.5675388664172962,0.5675388664172962,0.4324611335827038
170,hate,severe_noise,Atluunttadhi palanadu thitlantte sarrigga deeggutam,hate,0.5794923761514901,0.5794923761514901,0.4205076238485099
171,hate,severe_noise,Sontah Peru mead reegistration chy leeka piyadu,hate,0.5681444703343843,0.5681444703343843,0.4318555296656157
172,non-hate,severe_noise,"Hi haarsha....happy vinayaka chavithi, liife loong nuv happy ga undalani............aa devunni koorukuntunna sai......my god bleess u harsha.",hate,0.5333541589809905,0.5333541589809905,0.4666458410190096
173,hate,severe_noise,sAr kèsiAr gAru viiShayAlanu pUUsaguchchinaTlu chèptunnrAu mAdhava rèDDi nayIm la saMbaMdhMichina vivarMgA mATlDaDAniki ibbaMdi paDutunnAru mIIru kUDA haMDrèD parsèMT pheek,hate,0.5503215273899562,0.5503215273899562,0.4496784726100438
174,hate,severe_noise,"Maatalu jagratha rooja .alaga janam ,kodukulu antunnavv maari antha gb vooddu",hate,0.569989907390615,0.569989907390615,0.430010092609385
175,non-hate,severe_noise,jani anna RC annatho kalisi hero ga hceste choodaalani uvndhi,hate,0.561818836083688,0.561818836083688,0.43818116391631196
176,hate,severe_noise,jaaganmohan rDDi valal pillalu bAgA chUskuunnADu ani yAMkar vAAgu toMdi vALLa piillalni kAAka nI pillalu bAA chUsukuMTAru,hate,0.5699178329328527,0.5699178329328527,0.43008216706714725
177,hate,severe_noise,"AparA.... nuvvu òka mamAyi to nIcaMgA vyavahariMchi, vènaaka nuMchi gaaTTigA paTTukudMA maanukunnA ani nI charcter lse chesukunnAv... èvaDèM chestAADu?",hate,0.5436141223644422,0.5436141223644422,0.4563858776355578
178,hate,severe_noise,Ni mohma aante kaada,hate,0.581813240257254,0.581813240257254,0.418186759742746
179,non-hate,severe_noise,ni news ni ovver action ki dndam ra babu,hate,0.5769002603701394,0.5769002603701394,0.42309973962986064
180,non-hate,severe_noise,annA ksAta jAgrattta... vALLle anukoni loopala nMuDi deMtonanan visireru... kAsta gyAp ihcchi potaMDe.. Love you Anan... nI kaShTaM vRRidhA kAud,hate,0.5570010981842636,0.5570010981842636,0.4429989018157364
181,non-hate,severe_noise,I pomo chUsiaMta spu nA mòhalMo chirunavvvu Agaeldu.,hate,0.5537097577786302,0.5537097577786302,0.4462902422213698
182,hate,severe_noise,Vizag News erporter oveeraction chesstunadu,hate,0.5465810753471579,0.5465810753471579,0.45341892465284206
183,hate,severe_noise,mI nDaumu keak AMTI,hate,0.5630809289701189,0.5630809289701189,0.4369190710298812
184,hate,severe_noise,kaLLallo nuuMchi kAmaaM kAripotuMdi,hate,0.5612345285926309,0.5612345285926309,0.4387654714073691
185,non-hate,severe_noise,Adarshamaina pòliTikal lIDar ayite rAjkaIya sanAysaM tIsuukMTanani chèppAAru. emaiMdi,hate,0.5445864961683823,0.5445864961683823,0.4554135038316177
186,non-hate,severe_noise,jai jaanasena mana pArTI gèèlavAlani maanaspUrtigA korukuMTunna,hate,0.5497012787759958,0.5497012787759958,0.45029872122400416
187,non-hate,severe_noise,deshAniki panikòchhe iiTuvaMTi vAur npòpi lekuMDAne prANAlanu vaadulutAru,hate,0.5598881279706749,0.5598881279706749,0.44011187202932517
188,non-hate,severe_noise,Goood aMDi gIIta kRRiShNa gAArU maMchi. iMTrvyu,hate,0.5475941819453793,0.5475941819453793,0.4524058180546207
189,hate,severe_noise,Pichi hospital lo joinn avra ayomayam,hate,0.5522429896012383,0.5522429896012383,0.4477570103987617
190,hate,severe_noise,B​JP lo seeat kosm abga chesav le stunt,hate,0.5775930558146617,0.5775930558146617,0.4224069441853383
191,hate,severe_noise,raDI TiDipi,hate,0.5424580718449061,0.5424580718449061,0.4575419281550938
192,non-hate,severe_noise,"avasaraM ayinpapuDu prNAlu ki tègMichi porADutAru mana AMdraprdesh polIsulu, phArèsT ApIsars. grT",hate,0.5586730440926222,0.5586730440926222,0.44132695590737775
193,non-hate,severe_noise,He is genune person aMduke lokal cillara nAyakuu aMtA kalisi vADini TAgrèT cheshAru,hate,0.5459220891662426,0.5459220891662426,0.4540779108337573
194,non-hate,severe_noise,kArtikeayn 2 Congartulations phaar big rèspAnss pharm pavvan kaLyANN ana,hate,0.5470827896722568,0.5470827896722568,0.4529172103277432
195,hate,severe_noise,Vedhavalu Veedhavalu aanni chotla vunnaru..inka janalani yedipinchadam tppa,hate,0.5568953855880023,0.5568953855880023,0.4431046144119976
196,non-hate,severe_noise,chaMdrabAAbu shivuDu lAAMTi vAuD.. viShAnni kUDDA tanaaloki tIsukuMTADu...ika ilATivi òka lèkke kAdu..,hate,0.5627518977198573,0.5627518977198573,0.4372481022801426
197,non-hate,severe_noise,jai rgv jai puuri,hate,0.546582687055762,0.546582687055762,0.45341731294423804
198,non-hate,severe_noise,sodarulu èMta gòava unna èvaDannA tammuDini emannnA aTe raaktaM UUrukodu. alAge bhAAratIyulu kUDAA uMDAlani gòppaagA chUipMchina rAjamuaLi gAriki dhanyavAddAlu,hate,0.5457934367109951,0.5457934367109951,0.4542065632890048
199,non-hate,severe_noise,"tèlaMAgNa uudyama gItAla nuuMDi, mAs gIAla mIIdiki rUT mAArchina maaMglI",hate,0.5471938211268731,0.5471938211268731,0.4528061788731269
200,hate,severe_noise,EExams lo vudey valalni invigiltors aantaru adi kda teleedhu Veeeud mniister chesadu..... karmara baub chii.... Thuppas na kodaka,hate,0.5809024230916796,0.5809024230916796,0.4190975769083204
201,hate,severe_noise,pk inka ka paauk ap lo jookers,hate,0.5705119223216708,0.5705119223216708,0.42948807767832914
202,hate,severe_noise,tèluugu bAy phrèMD kAvAI,hate,0.5526648929793201,0.5526648929793201,0.44733510702067986
203,hate,severe_noise,Bcohu pikanddii,hate,0.5814777823063679,0.5814777823063679,0.418522217693632
204,hate,severe_noise,Idnamma dInni ki iMkA eM paniledA..,hate,0.5534129971586297,0.5534129971586297,0.4465870028413704
205,hate,severe_noise,Em kanapaddathunnayi bokka,hate,0.5797179902061882,0.5797179902061882,0.4202820097938118
206,hate,severe_noise,Manuu gaur meeru involvve avvaakandi chaala chiraku ga vuntundhi,hate,0.540224478081121,0.540224478081121,0.459775521918879
207,hate,severe_noise,Konda gani over action kompamunchindi,hate,0.5645409300317364,0.5645409300317364,0.43545906996826356
208,non-hate,severe_noise,ramaaNa gAru sUpar gA pDAeru maLli maaLli vinAli aanipistuMdi mIuk a devuDu iMa macMhi sAyilo vMchAli ani koorukuMTAnu,hate,0.5695787440508524,0.5695787440508524,0.43042125594914765
209,non-hate,severe_noise,Aaa Vooice lo unna rajasa yogamme veree leevl Jai Praabhas Anna,hate,0.5642380733340198,0.5642380733340198,0.4357619266659803
210,non-hate,severe_noise,Jetla ​INIA ni deeveloped cheeyadam evrivalla kaadani thelisipoindi praajalaki.....unnodi inka unnntha leondiki inkka lenantha....life tho brahtakali thhappadu,hate,0.5776099868362439,0.5776099868362439,0.4223900131637561
211,non-hate,severe_noise,AAnna super bro,hate,0.5368326172006892,0.5368326172006892,0.46316738279931075
212,hate,severe_noise,Selff adbba yekkuva indhi Nagbabu nevu ne buussu lu thooo,hate,0.5909071997826951,0.5909071997826951,0.40909280021730493
213,hate,severe_noise,teenmmar mallna kcr hceppu nakutadhuu,hate,0.5850094432172981,0.5850094432172981,0.41499055678270197
214,hate,severe_noise,Velu chesadii gynmastics maalla vaale dhaani daance anukntaru,hate,0.584681023316462,0.584681023316462,0.415318976683538
215,hate,severe_noise,pèdad pIThAhipati lAAgA aMdariki AhsIrvAdaM istnnADugA,hate,0.5437601916398793,0.5437601916398793,0.4562398083601207
216,non-hate,severe_noise,vAADu edo jok chste adi nuvu nammaDame nA,hate,0.5742838490837081,0.5742838490837081,0.42571615091629195
217,non-hate,severe_noise,Psspk vachi photo dhiigudham anty aa eexcitement ey veeru adhi clear ga nivetha face lo kanipisthunahdi,hate,0.57062730886114,0.57062730886114,0.42937269113886
218,hate,severe_noise,RGV effecct valla Puuri ciinemalu aanni dobbayi.,hate,0.5624506915393843,0.5624506915393843,0.4375493084606156
219,hate,severe_noise,ilATi vIDios cehstuMTe mI phyAmilI lo ADavAlLu grtuku vastalerA rA...blU byAch gAA.. dAnin tannAli hpasT IIlAMTi vIiyo kI òppukunnnaMduku,hate,0.5484379743714763,0.5484379743714763,0.45156202562852366
220,non-hate,severe_noise,guMDDèla pana kdAu guMDè lopala vuunnAru sar mIru,hate,0.568452910430509,0.568452910430509,0.43154708956949095
221,non-hate,severe_noise,mAmuluAg ledu TvisT sUpaar aha kèvvuu keeka,hate,0.5661699668888032,0.5661699668888032,0.4338300331111968
222,non-hate,severe_noise,ilA emi lekuMDAA uunna eaika nAakuDu... Apj abdul kallam gaarru mtArame,hate,0.568782376205468,0.568782376205468,0.431217623794532
223,hate,severe_noise,ygi baab ram raahim sistudu deharu aadava vaallaki resect eyyyaru edharu peedha lnaga glalu,hate,0.5987935162159179,0.5987935162159179,0.40120648378408214
224,non-hate,severe_noise,gAD blèèss yu saamaMta sisTar,hate,0.5470452561100145,0.5470452561100145,0.4529547438899855
225,non-hate,severe_noise,iTuvMTi kathhalu paDtAne dhiku lekuMDA poyiMMdi,hate,0.5855388045582548,0.5855388045582548,0.41446119544174514
226,non-hate,severe_noise,mIIku vaMda namsakArAlu rA bAbu,hate,0.5699229533250968,0.5699229533250968,0.4300770466749032
227,hate,severe_noise,Ravi aanna oudi onute nni vamsi anil kumra aambanti lanit vaaalu noru lepearu kaadmeo,hate,0.5962377612176122,0.5962377612176122,0.4037622387823878
228,hate,severe_noise,muMMdu arèèsT cheyaMDi.. mIDiyA muddu tIsukuraMDi rA...,hate,0.5568754634713482,0.5568754634713482,0.44312453652865175
229,hate,severe_noise,vd overconfidence vallla ciniema deengindhi,hate,0.5611556160949508,0.5611556160949508,0.4388443839050492
230,hate,severe_noise,Andra prajalaku siggu undali sonta ama nu chellini patincuhkoleni vau Meemnali chuusukuntadu,hate,0.5808894562553355,0.5808894562553355,0.41911054374466444
231,hate,severe_noise,Vijay deevarakonda hype tho dhamla. Jr NTR enxt tun. Meeru aashaniki eethe antha geat actor emi kaadu.,hate,0.5666152150766792,0.5666152150766792,0.4333847849233207
232,hate,severe_noise,Meere brahukulu intehy ea. Nasanayam aaipotai,hate,0.5779804563185074,0.5779804563185074,0.4220195436814926
233,hate,severe_noise,Meeru moosukuunte baugntadi,hate,0.5841218991621392,0.5841218991621392,0.4158781008378608
234,hate,severe_noise,Meeru mi ovr acton apandra baabu,hate,0.5862881247839199,0.5862881247839199,0.4137118752160801
235,non-hate,severe_noise,aMMta chirAggA vuMTe.. sTej mIda ki èMdkuèllAr sAr,hate,0.5380259739979041,0.5380259739979041,0.46197402600209597
236,hate,severe_noise,pm moodi ni apkisthan ki tarmidengali jai kcr meree next pm,hate,0.5690630869574096,0.5690630869574096,0.43093691304259046
237,non-hate,severe_noise,bayaTaku geMTesAru kòkasAri liv proogrAM nuMDi aMtee psT gA paaiki lechADu chUpiMchAAvu oTami lo kUUDA èlA piaki rAAvAlo ani,hate,0.5666695193544542,0.5666695193544542,0.43333048064554586
238,non-hate,severe_noise,Nayakkudu ela undali God bless you sir,hate,0.5352924303928417,0.5352924303928417,0.46470756960715837
239,hate,severe_noise,bjp malli ade doublle gme maatladutondi....amaravathi meeda,hate,0.5634912275880275,0.5634912275880275,0.43650877241197256
240,hate,severe_noise,Nvvy nee build up,hate,0.5348402616836023,0.5348402616836023,0.4651597383163976
241,hate,severe_noise,Banisa La unnarru kadaa meeru me ooveracting,hate,0.5670959572821328,0.5670959572821328,0.43290404271786714
242,hate,severe_noise,andukokue valu laaga vunaru meru natho comparision na,hate,0.5775071402727987,0.5775071402727987,0.42249285972720135
243,hate,severe_noise,Lancham antuaru aanam garu...... iinthaku muundu your governemnt ilagey chesinda...,hate,0.5540634458871443,0.5540634458871443,0.44593655411285565
244,non-hate,severe_noise,paruchUri gopAla kRRiShNa gAri ki namaste mimmulaanu mòdaTisArri bhArgvaa rAmuDi siniimAlo chUsAnu sUpaar vèraiTI yAAkShan sAr,hate,0.5558759054762378,0.5558759054762378,0.4441240945237622
245,hate,severe_noise,Ma camps ee bro lanjooduku,hate,0.5802016514103078,0.5802016514103078,0.4197983485896922
246,hate,severe_noise,"Ipl ki beest mnaa palyerss , international maatches enduku waaste",hate,0.5684742872049516,0.5684742872049516,0.43152571279504837
247,non-hate,severe_noise,Dnr sampadinchalani anukuunte tooday ciniema fied lo ewaru sariporu mahanubbavudu daaring man,hate,0.5800402026940301,0.5800402026940301,0.41995979730596983
248,hate,severe_noise,preityy zina oka bazzarr kukak tem tesukovadam kda radu,hate,0.5947938503996493,0.5947938503996493,0.4052061496003507
249,hate,severe_noise,shnkar ninnu bjp kuka kottinatttu kodutau,hate,0.5978639003001194,0.5978639003001194,0.40213609969988057
250,non-hate,severe_noise,sAr mimalni chUstuMTee kòMDaMta daiyaM vaastuMdi,hate,0.5559025329543906,0.5559025329543906,0.4440974670456094
251,non-hate,severe_noise,mI èMTrrI vacchhinapuDu ntin aanna bhayapaDutuunnADu,hate,0.5741398423699089,0.5741398423699089,0.42586015763009105
252,hate,severe_noise,nenu oènahArT vit RK tappaka chUstuMTA. iMta daidrapu iMTaryvU pèTTakuMDA vuMMDAlsiMdi. tenè pUsinakatti,hate,0.557507591490133,0.557507591490133,0.44249240850986704
253,hate,severe_noise,Ne bathukula suli net nenu denngina vdau estthada reecharge aipothe,hate,0.6044740398786059,0.6044740398786059,0.395525960121394
254,non-hate,severe_noise,blkA sArI lo bAguMdi,hate,0.5416671354530604,0.5416671354530604,0.4583328645469396
255,non-hate,severe_noise,Ayana piTTakathalaanu bgAA enjoy chestAM.... aMtarlInaMgA oka adbhutvedAMtavAkyaM chèbutAru dAnnii vadilestAM.. adImaaM. “devuDu òkkDe.. nI maThhaM kAnaMtaAtrAna verveArini dUShiMchanavasaraNaledu.”,hate,0.5473390725500584,0.5473390725500584,0.45266092744994163
256,hate,severe_noise,Buthula saaka maantri .....,hate,0.5532873365593511,0.5532873365593511,0.4467126634406488
257,non-hate,severe_noise,Aatlaa vaastai Annna niuk enni telivi tetalu oka cinnema thi anna,hate,0.5789622041801428,0.5789622041801428,0.4210377958198573
258,hate,severe_noise,Paaramboku ias oofficers ni vetki kcr Jagan tesku vachii AP Telangana lo pedtaru,hate,0.5706392338349779,0.5706392338349779,0.4293607661650221
259,hate,severe_noise,EEndhuku ante vallu cheta lancohdukulu bro,hate,0.5921168777642467,0.5921168777642467,0.40788312223575335
260,hate,severe_noise,rajja sinhg klthi maaal ammutharu and roowdy guunda,hate,0.5869755796323846,0.5869755796323846,0.4130244203676154
261,non-hate,severe_noise,"rma kosMa chUssAnu ,mòdaTisAri ataun òka hrIo abbhimAni èlA ulAsaMgA sTejji pai mATlAuDtAro alA anipiMchAAru",hate,0.5431687775790688,0.5431687775790688,0.4568312224209312
262,hate,severe_noise,Rai attanu udyogaM corretc gA chestunnDu èdMuku ra nAAyakulu aMduu kalissi nMidalu veestAru... nijAyitI pni cheste èvarkiI nahcchadu..ChI,hate,0.5514189335852291,0.5514189335852291,0.44858106641477086
263,non-hate,severe_noise,Ee video chussintarvatha mee meeeda resepct perigindi,hate,0.5613686603675254,0.5613686603675254,0.4386313396324745
264,hate,severe_noise,Chavu Nenu aavadu aapadu,hate,0.5776198264701117,0.5776198264701117,0.4223801735298883
265,hate,severe_noise,RK Garu neku itnerview cheyadam raakapoty miiskuni verayy vallaku chaance evvandi niku respect eevvadam teledu,hate,0.5904105413210364,0.5904105413210364,0.40958945867896357
266,non-hate,severe_noise,Ee momment ki nizam gaa ariham,hate,0.561729509545708,0.561729509545708,0.43827049045429195
267,non-hate,severe_noise,IInthamandi abhaninchali atne entha adruhstam chhesuko undali,hate,0.5804766675143511,0.5804766675143511,0.41952333248564894
268,non-hate,severe_noise,Paristhithulu amree intha pagabattsayenti,hate,0.5736229740569541,0.5736229740569541,0.4263770259430459
269,non-hate,severe_noise,mAtRRRi bAhSha tèugu aMTee aMtta lkouvA pakka rAAShTrAla vLALu vArri mAtRRi bhASha ki èMta gauraavaM ichchhu kuuMTAro chUsi nerchukoMDi,hate,0.5334985065917428,0.5334985065917428,0.4665014934082572
270,hate,severe_noise,Laakshalu lakkshalu fees lu dengina,hate,0.5652035355848766,0.5652035355848766,0.4347964644151235
271,non-hate,severe_noise,idi UkDA pichchi DAnsulu ki òppesuuMdi. tu dInamma. ADadi aMTe gauravaM potoMdi.,hate,0.5611514143044951,0.5611514143044951,0.43884858569550483
272,hate,severe_noise,Arey soollu coomedy apandraaa,hate,0.572966383162253,0.572966383162253,0.427033616837747
273,non-hate,severe_noise,Geren dress sis superr ga chesru,hate,0.5659665986630056,0.5659665986630056,0.4340334013369944
274,hate,severe_noise,"Me iddaru vaalla epI lo ADavALLa paaruvu poyiMdi, apdavi oksaM èMtakainA digajAre bratukulu mIvvi",hate,0.57105457279177,0.57105457279177,0.42894542720823003
275,hate,severe_noise,oka ammai vi vuundhi natho argue chsthava puku mosukoni init panuulu cheeyi,hate,0.5848171196311452,0.5848171196311452,0.41518288036885476
276,non-hate,severe_noise,nijAniki prajala kosM porADutunnaa ekaika nAyakuDu rvaMt rèDDii gAru,hate,0.5576874393192417,0.5576874393192417,0.44231256068075836
277,hate,severe_noise,parthi chethanakoduku viratkhli ni anetoed lavdapuk galu,hate,0.5913100310855774,0.5913100310855774,0.40868996891442255
278,hate,severe_noise,Moovie matram moodda guudisi pootadhiii pakkaa,hate,0.5884746643789449,0.5884746643789449,0.41152533562105514
279,hate,severe_noise,roja nnnu choosthey nak guddalo edo nakuadhi unuvu ni barrey guntu,hate,0.5973041932473306,0.5973041932473306,0.40269580675266936
280,hate,severe_noise,Nuv dancer va cihii sigguledhu Neuk,hate,0.5763257217281533,0.5763257217281533,0.42367427827184667
281,hate,severe_noise,Tokka koooda oppukonu,hate,0.5800457039128096,0.5800457039128096,0.41995429608719037
282,non-hate,severe_noise,"abhivvRRiddhi, saMkShemaM rèMDu chUUDagala chaMdrabAbu vallee rAAShTraniki maaMchi jaruguuMdanedi mumAmTiki niijaM",hate,0.5642832353279048,0.5642832353279048,0.43571676467209514
283,non-hate,severe_noise,Baahubali time antha Baganey Unnav Anna . Tharwatha ee sahoo ki rahde shyam nachinatu frns tho sitting uu foood padypoyav nAna ..Ayina saey darling ee no one,hate,0.5673144431076922,0.5673144431076922,0.43268555689230787
284,hate,severe_noise,"Fank ga cheppalante evari peersonal lief vallaid... Meru chesthnudi neti mari Peruki pedda news channels... Avasaramayina nesw vadilsi sodhi news lu cheppatle....Apudu mimmmalni alage aali ga Enat sepu cinea vallla personaals lo, ledda socil meedia peeru cheppi Neetizenlu trooll chesthunaru anatam... Controverys lani pnai kattukuni crete cheytam...ila sodhi news ee kaani paniik vaachevi eppudyna cheppara ra? Scraap mediia channnels....",hate,0.5566279353734762,0.5566279353734762,0.44337206462652384
285,non-hate,severe_noise,Hema kuturu chaala chaala baaguntadi chala smua show lo chusnau,hate,0.5479015152791709,0.5479015152791709,0.4520984847208291
286,hate,severe_noise,womne ki reespect leedhu malla vaadu oka yoggi mala ha modda cm kurchi lo vundih,hate,0.6006647197825723,0.6006647197825723,0.39933528021742765
287,non-hate,severe_noise,nuv hIIro avatAvu anna aMta sTayil vuMdi nlo idi riyla mAa,hate,0.5694971562367008,0.5694971562367008,0.4305028437632992
288,hate,severe_noise,Niec baaga dhimmpav nAchor bo.,hate,0.5616388982796514,0.5616388982796514,0.43836110172034864
289,hate,severe_noise,chArmii pUrtigA kuudelu nAku iMko la kanipiMchiMdi,hate,0.5636741242685049,0.5636741242685049,0.43632587573149506
290,hate,severe_noise,ery ppapa la tho comedy very papppa la uanttadhi dhoodhu dhodhey,hate,0.5822023800464478,0.5822023800464478,0.4177976199535523
291,non-hate,severe_noise,vèMkII mAAma phyAAns jai vèMkI Amma,hate,0.5350746115009584,0.5350746115009584,0.4649253884990416
292,non-hate,severe_noise,"Babu goginni garu, suereb ga Cheppaaru",hate,0.552977462399734,0.552977462399734,0.447022537600266
293,non-hate,severe_noise,Baangaram laanti wiife failure kuuda supporting ga undi kanii vedu vinii veeshalu,hate,0.5609480472572994,0.5609480472572994,0.43905195274270065
294,hate,severe_noise,bAgA chadivinav gA rAAsukuni maI.. madhaylo maa bhAyalu nanAv chUDu,hate,0.5625128218805289,0.5625128218805289,0.43748717811947113
295,hate,severe_noise,bAnisa kaaTTappalu bayaTaki vachchAr.u.ika jagan ki bhajna cèyyaDAniki..,hate,0.565456085704806,0.565456085704806,0.434543914295194
296,non-hate,severe_noise,pAap chteiki katti iichche sIn ènnisAru chsUinA kaLLalo nIlLu tirugutunnAAyi... Great thought by diirector,hate,0.5467179440788498,0.5467179440788498,0.45328205592115023
297,non-hate,severe_noise,mègAsTAr chiraMIvi gAu appTaiki iippaTiki èppaTikI lèjèDarI AAkTar in world,hate,0.5402800261874243,0.5402800261874243,0.4597199738125757
298,non-hate,severe_noise,In direct reshmi ke kiss adiga du sudheer bhaiyya,hate,0.5663415462323101,0.5663415462323101,0.43365845376768986
299,non-hate,severe_noise,saMkrAMtiki rAbotnna chirajMIvi gAir sinimmA maryiu bAlakRRiShNa gAAri sinimA maaMchi vijayaM sAdhiMchAlani koorukuMTU,hate,0.54667614701926,0.54667614701926,0.45332385298074
300,non-hate,severe_noise,sUppar anna jai pavan kaLyAAN jai janasena nèksT sIIèM pavn kaLyAN gAAre,hate,0.5491678356493267,0.5491678356493267,0.4508321643506733
301,hate,severe_noise,appdue amindii munduni musallapanda chudu ra,hate,0.5884849327736832,0.5884849327736832,0.4115150672263168
302,non-hate,severe_noise,Veeedu gelisthhe telangana people dhi kudaa adhe situaiton,hate,0.5813444051721,0.5813444051721,0.4186555948279001
303,hate,severe_noise,Dhusta chaathuryam! Meeru ilantivi enin cheina em pkalerra!,hate,0.5649472090573198,0.5649472090573198,0.4350527909426802
304,non-hate,severe_noise,Helping nature kuda vundali paude manishii viluav,hate,0.5744322638869183,0.5744322638869183,0.42556773611308174
305,hate,severe_noise,marade tèlisi tèliisi nippullo chetulu pèTTaDaM aMTe,hate,0.564339738315973,0.564339738315973,0.435660261684027
306,non-hate,severe_noise,Mr. Bandi asalu 2019 ki muMu ni asthi èMta ippuu nI Asthi èMta..,hate,0.5442492512306117,0.5442492512306117,0.45575074876938826
307,hate,severe_noise,Anchor be liike: pichii na kdkni andaru ikkade unnau,hate,0.5737391469114315,0.5737391469114315,0.42626085308856854
308,non-hate,severe_noise,Meegastar tho duutt gaaru 4moovies theesthhey 3 inudstry hits.haran ajnvi tho tharaga jvaas 2 thiyyanndi Dutt garu,hate,0.5542938268491807,0.5542938268491807,0.4457061731508193
309,non-hate,severe_noise,E bjp oil rtaes icnrease chesi vaanta chyeali ante kastm uundi anna,hate,0.5764064109219471,0.5764064109219471,0.42359358907805283
310,non-hate,severe_noise,praajala taarapuna iMta sudIrha porATaM cheesi tAnu gèlicih mammallni gèèlipiMchina diilIp suMkara griki hRRidaaya pUrvaka shubhAkAMkkShalu...jai bhIm ...jai bhrat...,hate,0.5622144023265901,0.5622144023265901,0.43778559767340985
311,non-hate,severe_noise,Vijayy Dvarakonda faans ekkada thagedhelee,hate,0.5713145632566727,0.5713145632566727,0.42868543674332726
312,non-hate,severe_noise,maheSh bAbu la vuMD sitAraa pAApa chAlA kyUUT gA uMid,hate,0.5558288296303799,0.5558288296303799,0.44417117036962006
313,hate,severe_noise,Pvee pukuu munda,hate,0.5907951786055599,0.5907951786055599,0.4092048213944401
314,non-hate,severe_noise,"pyi centrla applu chuud, huner inddex, inflationn, poverty, unemployment etc Telagnana lo laest unemployment and deevelopment is peakng up raipdly.",hate,0.558378738284208,0.558378738284208,0.44162126171579197
315,hate,severe_noise,laMjAkòDukulu laMjamuMDala jookulA ivi nA kòDaakallArA,hate,0.5599507165655186,0.5599507165655186,0.4400492834344813
316,hate,severe_noise,shaaq moddda atne vuunnavu ra ekvin neku enuku aaffair,hate,0.5890606160101485,0.5890606160101485,0.4109393839898515
317,non-hate,severe_noise,nA Upiri unnaMtavarakku nA oTu mIke annA,hate,0.5587224776576115,0.5587224776576115,0.4412775223423885
318,non-hate,severe_noise,Prathi sceene prathi shot u midn pohundhi Ama baaboy Awseome script selection,hate,0.553645962336744,0.553645962336744,0.44635403766325593
319,hate,severe_noise,Idendyaya idi Mariiii ila thayarayyaru Dandaalu ra ayya,hate,0.5637129880315213,0.5637129880315213,0.43628701196847874
320,non-hate,severe_noise,speial respect for Inidan cricket thansk for ( internatinal board of Austalia),hate,0.5291906538417219,0.5291906538417219,0.4708093461582781
321,non-hate,severe_noise,Chepepdhi em lekapoiina ha hm ani aanna parledhu vallatho maatladali anthee,hate,0.5789243660806209,0.5789243660806209,0.42107563391937913
322,non-hate,severe_noise,Guudivada king tre leader,hate,0.5637758020979545,0.5637758020979545,0.4362241979020455
323,hate,severe_noise,siggu vundali amma jagan laanti eerripuk knna anduu,hate,0.582258868544363,0.582258868544363,0.417741131455637
324,non-hate,severe_noise,All the best annnya aaaa..ni Hadr work apuudu ki wate kadhu sir jai jansena,hate,0.5657284110987578,0.5657284110987578,0.4342715889012422
325,non-hate,severe_noise,appaTlo sunl kosame DailAgs uMevi ipuDu AlA lèv,hate,0.5582841960525582,0.5582841960525582,0.4417158039474418
326,non-hate,severe_noise,vAv mI Dns sUpar sUUpar,hate,0.5322334396472945,0.5322334396472945,0.46776656035270553
327,non-hate,severe_noise,vAAru èvaarito pèTTukuMTe mIkèMdukusA.rmIru rDolu èMduku iyyaleduu? prAjèkTulu èdMuku kaTTaDaM leedu? èMduku iMMta apppulu chesstunnAru madyapAna niiShedhaM èMduku cheyaledu? kaMpènIlu èMduku tIsukurAvaDaM led?u,hate,0.5466321197310808,0.5466321197310808,0.45336788026891917
328,hate,severe_noise,siggu saraMM vunan vALLLu èvaaru vIDi siniAlaku pòkaDadu ..... eTMrA A bAAShA ...,hate,0.544994918309576,0.544994918309576,0.455005081690424
329,hate,severe_noise,po ra pcihi kkka . sigu leedhu em leduh ala mansihi vey na,hate,0.5973644712737494,0.5973644712737494,0.40263552872625064
330,non-hate,severe_noise,IIlanti MLA Anni niyojaka vaargallo enduku leru!!!,hate,0.5504343724193288,0.5504343724193288,0.44956562758067126
331,non-hate,severe_noise,Full video please byya,hate,0.5015358765306683,0.5015358765306683,0.4984641234693316
332,hate,severe_noise,tòDalu... assalu unnAyi,hate,0.5195459628485433,0.5195459628485433,0.4804540371514567
333,non-hate,severe_noise,Dess bavuni kaani phone poyindi,hate,0.5647462324005488,0.5647462324005488,0.4352537675994513
334,hate,severe_noise,èMduku riikArDiMg DAAns vALaki viluva ldu aMTe... ilAMTi mATlau... vèkili chSehTalu vlle...,hate,0.5457094755569669,0.5457094755569669,0.4542905244430331
335,non-hate,severe_noise,asalu iMgllIShu siinimAlu lone ilAMTi padAlu uMTAy.i,hate,0.5621070959787726,0.5621070959787726,0.4378929040212273
336,hate,severe_noise,muMddu muMdu spaShTaM gA bUtulu mATllADestAru emo,hate,0.5504771406924844,0.5504771406924844,0.4495228593075155
337,hate,severe_noise,AAnduke film dobbindii,hate,0.5791643266393904,0.5791643266393904,0.4208356733606096
338,hate,severe_noise,kaallu pathukoni asnka kannidhhi meru,hate,0.5838694195756922,0.5838694195756922,0.41613058042430784
339,non-hate,severe_noise,Ade matain duuduga cheeppandi. iSva gau kaabadatharu mau. Vooice beelaga vundi..,hate,0.5836327058876147,0.5836327058876147,0.4163672941123852
340,hate,severe_noise,iideMTI ilA anDustuMdi,hate,0.5481884024688561,0.5481884024688561,0.4518115975311439
341,non-hate,severe_noise,kohlI ki anukulM gA maiyu phAAm lo uunnapuDu 3 icc cups aaMdiMchinA doni gauravaMgA kèpTTènsI vadulukunnADu..aMdaru riTarmèMT taravAta lèjèMDs ayyrau kAnI koohli krkèT aDtune lèjjèMD sthAyI nI aaMdukunnADu..kohlI sTeyi vADu kèpTènsI kosaM ilA gòDvapaDaTaM vaalla prapMcha sthhAyI abhimanulunnA kohli tAnnA sthAAyini tAgiMchukunnaavADu avvutADu..kkohli winning persentage yèkkvuunnA..IPL.kAni,hate,0.560746165906123,0.560746165906123,0.4392538340938769
342,hate,severe_noise,Areyy vnani mental hoospital loo join cheyyadraaa,hate,0.5574550077910114,0.5574550077910114,0.4425449922089886
343,hate,severe_noise,Nijame laanjalara ammavadipuku degichukoniki thiisukunara,hate,0.5710836792660442,0.5710836792660442,0.4289163207339558
344,non-hate,severe_noise,"chAAlA adbhutaMgA myUUjik DAns sTèp risaT sUpar,,",hate,0.534496316321258,0.534496316321258,0.46550368367874195
345,non-hate,severe_noise,aanil gAAnI vAyis viiMTe nkAu èkkaDo kaludi.... vDu vii mATalu..vèsT na kòMdi,hate,0.5489574371950876,0.5489574371950876,0.4510425628049124
346,non-hate,severe_noise,asalu hran kòTTakapote Train iippaTlo rAddani aarthaM,hate,0.562247410401628,0.562247410401628,0.4377525895983721
347,hate,severe_noise,firrst koja johar ni idia nunchi tarmidenithe sangam peda pothahdi,hate,0.5835836862384848,0.5835836862384848,0.4164163137615152
348,non-hate,severe_noise,Endingg nau tears vachai bro. Harrsh sai reeal ehro. God blesss u brohter.,hate,0.5463092090819728,0.5463092090819728,0.4536907909180272
349,non-hate,severe_noise,Somettimes nuvvu vacchinanduku chaa fel avutunnna ninnu ilanti poosition lo vuunchina naa latni die hrad fans ni chustunte aanna,hate,0.585677525798957,0.585677525798957,0.4143224742010429
350,hate,severe_noise,roja oka norru vuunna picih laja noru vuundhaani edho eho matladthi,hate,0.5801895402602066,0.5801895402602066,0.4198104597397933
351,hate,severe_noise,Eema em peeindhi ra judeg la peettaru,hate,0.5831007577748835,0.5831007577748835,0.4168992422251165
352,non-hate,severe_noise,Avnu nenu mimmalni chsuanu caala sarl,hate,0.5696357567864914,0.5696357567864914,0.43036424321350863
353,hate,severe_noise,Moodda gudisipotav bollywood contennt lamti mvoies tisttey,hate,0.5759579225560671,0.5759579225560671,0.42404207744393285
354,hate,severe_noise,Picha Na Kdoaka!! Vinipisthunda Ra Vijay Ga !!,hate,0.5368384634659938,0.5368384634659938,0.46316153653400616
355,hate,severe_noise,Pooyakalam deggaraa padinappudu alage chesthaaru,hate,0.5704775979515699,0.5704775979515699,0.4295224020484301
356,hate,severe_noise,saaMkanAkistuMdi... idi kUUDA nijamme,hate,0.5512872079898846,0.5512872079898846,0.4487127920101154
357,hate,severe_noise,Arey hoowle Nziamabad MP Pasuupu boord Edhi be Nv esukunna AAngi lagu kudha Caangress iicchindhe and TEELANGANA icchindi kuuda Cangress A meeeru chepppe Digital India lo ni AAAdhar caard kda Cangress teecchindhe,hate,0.5705853546074662,0.5705853546074662,0.42941464539253377
358,hate,severe_noise,"Tickets ratess thgginchaali..appudey janaalu theatre ki vastaaru.. Budgett peruguthondhatney dhaanikkkaranam prdoucers .e.. Heores buudget, north Indian heroines, vaalla staff ni meppaali ivvanni thaddisi mopodavthunnayi",hate,0.5606995361764925,0.5606995361764925,0.4393004638235075
359,non-hate,severe_noise,First telangana gurunhci eddvu jai bjp,hate,0.5641584849358565,0.5641584849358565,0.43584151506414354
360,hate,severe_noise,"vidveShAla ,vaiShamyAlu gruiMchi bIjepI mAATlADaTaM....",hate,0.5439461480234542,0.5439461480234542,0.45605385197654574
361,hate,severe_noise,IvDiki iMMta maMdi avasaramA voar kUDAA,hate,0.5609133179303472,0.5609133179303472,0.43908668206965284
362,hate,severe_noise,"alI siggundali Inku, sanskaram leedu nIku, navvutU unna so called celebrities ki navvvu èlA vatsuMdo",hate,0.5717912525841284,0.5717912525841284,0.4282087474158716
363,hate,severe_noise,Gee bajaru chiillara daniki abga hypee icharu kahda ra thu,hate,0.5854869257157767,0.5854869257157767,0.4145130742842233
364,hate,severe_noise,nehru aman denga ni valla india pakiistan gdoava inka vunhi,hate,0.5889967511487642,0.5889967511487642,0.4110032488512358
365,non-hate,severe_noise,Alchana cheestunnAM DrmAA rAv IsAi mimmalnni oDiMchAli ani,hate,0.5574632983336418,0.5574632983336418,0.4425367016663581
366,hate,severe_noise,Ary baddcaw reecharge iypothe dataa ala ostuhndhr rah,hate,0.56808659932659,0.56808659932659,0.43191340067341
367,hate,severe_noise,òrey muilDAnni kUUDA vadala vArA,hate,0.5615835380083269,0.5615835380083269,0.4384164619916731
368,hate,severe_noise,sharmilla nuvvu oriki ki poyi reccord daancelu cheskkho,hate,0.59424314519461,0.59424314519461,0.40575685480539
369,hate,severe_noise,Veeedi maaatalaku yenta mandi kodathaaru veeni,hate,0.5717926967720323,0.5717926967720323,0.42820730322796774
370,non-hate,severe_noise,Are yAAdava llA rA mgastar taravAta paavan kaLyAN rA chiru sar AAyana Veraa leval jai bAlayay,hate,0.5670568841972595,0.5670568841972595,0.4329431158027405
371,non-hate,severe_noise,Ennisarlu chusina chudalanipinche rgeat csene idi,hate,0.572417015225649,0.572417015225649,0.42758298477435097
372,non-hate,severe_noise,sUar DyAns mAsar jAAnI,hate,0.533152315792019,0.533152315792019,0.466847684207981
373,hate,severe_noise,Amami ni patttukoni kaavlissindhi konuko ani antaa vuruukuntunda,hate,0.5890622474895554,0.5890622474895554,0.4109377525104446
374,hate,severe_noise,nIlAMToLlu pAlammina vAALlu chAAlAmaMdi uunnAru vAALLaki èMduu rAAvaDaM ledu adRRiShTaM .... anni dòMga paanulu chessinav,hate,0.5408376965631179,0.5408376965631179,0.45916230343688214
375,non-hate,severe_noise,Ee stylees and mannerisms prseent adaru vaduthunnaru mna industry lo,hate,0.5679591113699465,0.5679591113699465,0.43204088863005347
376,non-hate,severe_noise,"nenu chUsina velAi phnnI vIDiyolallane TAp 1 leDI AAkShan vIDiyo idi ,.,,ammAyi AkShan spUar",hate,0.5500018355154275,0.5500018355154275,0.4499981644845726
377,non-hate,severe_noise,eelaanti saannasi matalu viinalani maku leduu mndu sri ga matladu maariyada ichii puchukovale anthegani Telangana salg Ani memmilage matldatha maante verre paritla telanganollu kdaa,hate,0.5936421263467575,0.5936421263467575,0.4063578736532425
378,non-hate,severe_noise,Sir Arrun Kumar gru meeku hruddayapurvaka namaskaramulu.sir nenu kuda Kapil chti lo chit one L.. vesanu .chiit prti aayipoyindi.nene kakunda ma brother chetaa friiends chtea kudda veyinchaan.ubut ippariki amont ivvaatam ledu.amont aadigite danilone fixid deposit cheyyamantunnaru. consuer ocurt ki velte baguntunda.plz salaa istarani aaasisunnanu,hate,0.5636463817647087,0.5636463817647087,0.4363536182352913
379,hate,severe_noise,mohan bbu gAru knni praashnalaku samAdhAnaM chèppaaleka bikkamòhaM veshAD. nILlu namultuunnADu,hate,0.5613737071572533,0.5613737071572533,0.4386262928427467
380,hate,severe_noise,Roja niku minister iichindhi ha shaaka ki naayam cheystva ain. Cheear lu papmala miiku aney anm gaur cudtrawer lu pampala annaud saaripoyindha. oPwer unnanta varaku baganey untundhii.,hate,0.5814019134197403,0.5814019134197403,0.4185980865802596
381,hate,severe_noise,Ee over aaction ke... Sankaa naakadu.. Kada. Ayinaa buuddi raa leu,hate,0.5689875509268781,0.5689875509268781,0.43101244907312186
382,non-hate,severe_noise,Orey baffun gaa colllege fes lu thakkuva chesthee nee mukaniki adi challuu,hate,0.5893412003084557,0.5893412003084557,0.4106587996915443
383,hate,severe_noise,BJP Sanak naaku teenmr varttalu,hate,0.5916029830244101,0.5916029830244101,0.40839701697558994
384,non-hate,severe_noise,Rip si.... Atmaa ki shAMti kalagAlanii koorukuMTunnAnu....mana deshMlo unnadi ilAMTi baaDA pArishrAmikavettalu sAAr.,hate,0.5618948168492244,0.5618948168492244,0.4381051831507757
385,non-hate,severe_noise,iTuvaMToLlu maMMtrulugA uMDaDaM tèlaMgANa chesina duradRRiShTaM,hate,0.5522101298149751,0.5522101298149751,0.4477898701850249
386,hate,severe_noise,Twaralo telugollanta pichollawutaaru,hate,0.5736460350808613,0.5736460350808613,0.4263539649191387
387,non-hate,severe_noise,Next generatoin cala strong ga prepre chesthunnau,hate,0.5674035434369904,0.5674035434369904,0.43259645656300966
388,non-hate,severe_noise,vAmo spar chiTTi thalli ️ AAkShan ke prANaaM poosèla ananv rA mummy,hate,0.564738188223392,0.564738188223392,0.43526181177660805
389,non-hate,severe_noise,kutta paguluddi èvaDainA(any party/aany other fasn) èTIAr aanna ni taakkuva chesi mATAlDite,hate,0.5591222799603861,0.5591222799603861,0.44087772003961395
390,hate,severe_noise,Edi over action,hate,0.5319825549630401,0.5319825549630401,0.4680174450369598
391,hate,severe_noise,"Chi chi neeku annchoring evdu nerponchondo....farmers ni arrest chesinaru nate...safety ki antava,intha dikkumaallina answer emnia vunada aasalu,ante anyayam jariigindi Ani chetpe arest lu cestaru,ala arest cehyyadam correct antava nv",hate,0.5696796240878479,0.5696796240878479,0.4303203759121521
392,non-hate,severe_noise,gèTTap shnIu vAv spUar mAn mègAAsTAr bADI lAMgvejj yAs iT is diiMchesAvu sUapr,hate,0.543616248613284,0.543616248613284,0.45638375138671605
393,non-hate,severe_noise,Sudheer ni tiingi timing anna,hate,0.5518222628203379,0.5518222628203379,0.44817773717966214
394,non-hate,severe_noise,tèèlugu lo unnA anni vloog ChAnèl vALlani esukuna NTB Anna ki dhanyavAdAluu..,hate,0.555441374040857,0.555441374040857,0.44455862595914303
395,hate,severe_noise,abaddhAniki pèdda nru uMTuMdi,hate,0.566257202942011,0.566257202942011,0.43374279705798907
396,non-hate,severe_noise,"ghaDagA maarI maanAvar gAAniki kUDA hcèppu hiiMdU devLuLa paina jookulu cheyòddani, mri vAni Sho ku parmiShan ivvakuMTe iivannI kAkuMDè kdaA",hate,0.5666344717487617,0.5666344717487617,0.43336552825123836
397,non-hate,severe_noise,èMdukuu sir ayipoyian pèLliki meALlu!!! vaadileyaMDi sri. iddarrU ilA tiiTTukovaDaM jannAlaki vinodaM ayipoyiMdi sir,hate,0.5608606190999661,0.5608606190999661,0.43913938090003396
398,hate,severe_noise,itlantivi èMduku cheestAraMDi meeru rotta cinemmalu amtrame chstaru sir meru... any way .. ayinaa emerante naakistam sir,hate,0.5595053879290393,0.5595053879290393,0.4404946120709607
399,hate,severe_noise,iShTaM leeni jAb chestunaTTu udMi prabhsA hpes,hate,0.5636650668298739,0.5636650668298739,0.4363349331701261
400,non-hate,severe_noise,Power staar.....anedi oka brand....evaadu paadithe vadu powr star kadu...kaledu..king okkkade power star okkale....only powerful poewr stra pavan Kalyan okkade,hate,0.5375290440254337,0.5375290440254337,0.4624709559745664
401,non-hate,severe_noise,Maa lalu aravvind gai comedy suuper allu sir plz meeeru movis loo act cheeyandi,hate,0.5774269528460199,0.5774269528460199,0.42257304715398014
402,hate,severe_noise,inumu inumuni️ kAAdu ènumu ènumnui anAil,hate,0.5407627427907786,0.5407627427907786,0.45923725720922143
403,hate,severe_noise,malla maanchi erri puku vodu,hate,0.5970226110231155,0.5970226110231155,0.4029773889768845
404,hate,severe_noise,pedavADu ki jaagan gAru è maMchi pai chestunna dAAniki korTullo kesullu pèTTi na. bòllli gADu kI oTu èvru vèyaru,hate,0.5710383028260791,0.5710383028260791,0.42896169717392085
405,hate,severe_noise,Dace raani dhanni dace judgge ga pettaruu,hate,0.5846550946979475,0.5846550946979475,0.4153449053020525
406,non-hate,severe_noise,Chalaa ante chala bagndi bro,hate,0.5499619380457887,0.5499619380457887,0.4500380619542113
407,non-hate,severe_noise,Are o nuvvvu slolu aapu thamim,hate,0.5879446332910776,0.5879446332910776,0.4120553667089224
408,non-hate,severe_noise,nooTi tègluu ani rAssAv kaadarA. mI ChAAnal kannA nooTi tèulu èvarikI uMTAdi.,hate,0.5504538555106198,0.5504538555106198,0.4495461444893803
409,non-hate,severe_noise,friendly ga annnadu,hate,0.5325741807605648,0.5325741807605648,0.4674258192394352
410,hate,severe_noise,pòrapATuna maLLI gAAnI rAAjashekhar rèDDi gAru vastè kurchhI pòddani tIsukèLLi kUrchobèTTaDu,hate,0.5462316388775772,0.5462316388775772,0.45376836112242275
411,non-hate,severe_noise,vAALlU èlA uTMe maaku èMMduku vLLa sòMtavishAyalu,hate,0.5399392707788819,0.5399392707788819,0.460060729221118
412,non-hate,severe_noise,Ycp lo meru emi cheyalreu Jsp lo neeku nachhinattu vnudavachhu,hate,0.5892823967995067,0.5892823967995067,0.4107176032004933
413,hate,severe_noise,paavan kaLLyAN mUvIs lo hro... rAjakIyaM lo ' 0',hate,0.5422089408984038,0.5422089408984038,0.45779105910159623
414,non-hate,severe_noise,mòttaM chUUsA nijAyyatI gA vunnAiy prashanlu javAbulu..sUpar bai rèDDii siiddArth rèDDi,hate,0.5513821058923856,0.5513821058923856,0.44861789410761443
415,non-hate,severe_noise,"RK gAru, sagaM mIrre mATlADestunnAru, daayachesi avatalivALLani pUrti gA mAATlADanIyaMDi.",hate,0.5475654094357915,0.5475654094357915,0.45243459056420854
416,non-hate,severe_noise,Maanchu family ki inka reespect udi ante adi onlly nee vlale manoj anan,hate,0.5828022573020942,0.5828022573020942,0.41719774269790577
417,non-hate,severe_noise,Godfather amro Pan India Blcok bustter coming son jai chiraMjIva,hate,0.5394875269798579,0.5394875269798579,0.4605124730201421
418,non-hate,severe_noise,Meku kdua manchhi bavisatth unntadii,hate,0.5875583543188643,0.5875583543188643,0.4124416456811357
419,hate,severe_noise,"Buthulu gurinchhi, doouble meanigs gurinhci nuv matladodhu ansuya plz",hate,0.570211658595537,0.570211658595537,0.42978834140446304
420,non-hate,severe_noise,ènni sAArlu chUUsina chUUDAlani anipicMhe speech,hate,0.5438555843101431,0.5438555843101431,0.4561444156898569
421,non-hate,severe_noise,Evadiki vau aacting erraga tiistunnaru,hate,0.5745185049925505,0.5745185049925505,0.4254814950074494
422,non-hate,severe_noise,Mancuh Faamily Paurvu kaapade Manisih Nuuvvu Okkade aanna,hate,0.572655170991222,0.572655170991222,0.42734482900877807
423,hate,severe_noise,nuvvu òkkka rooju jabardast lo bAlayya bAbutto pohnlo mATlADaledA ve,hate,0.5656681449873789,0.5656681449873789,0.43433185501262106
424,non-hate,severe_noise,meemu praajalaki phaalAnAdi cheestAmani chèppukòni prajalloki rAAli e bòkka ledu vachchhi eM pIkutAru,hate,0.547746976982328,0.547746976982328,0.45225302301767195
425,non-hate,severe_noise,iMa parij~~nAnaM unna sIèMM Adhraki sIMè kAvaDM ènno jamnala puNyaM,hate,0.5496018574056949,0.5496018574056949,0.45039814259430516
426,hate,severe_noise,laik lu kTòTevALLu èkkuvA kAAnI oTu veesevALLu chAlA takkuvAA,hate,0.5500302290195656,0.5500302290195656,0.4499697709804345
427,non-hate,severe_noise,Ka pal agru miru suuper,hate,0.5798329013724761,0.5798329013724761,0.4201670986275238
428,non-hate,severe_noise,kSavaraM ayite gnAI vivaraM tèliyadu lèDi.... RpRidhvI gru,hate,0.5447130445179136,0.5447130445179136,0.45528695548208636
429,non-hate,severe_noise,praShu vALLa DAADIki òka laikk kòTTaMDi,hate,0.5532944107929009,0.5532944107929009,0.44670558920709913
430,hate,severe_noise,Aaa cheera etthhi guddalo peettara be nee mogga ni,hate,0.5918179623975901,0.5918179623975901,0.40818203760240984
431,non-hate,severe_noise,"rameSh mAAsTar DAns prAkTIs sUar, idI paddati",hate,0.5433352399214989,0.5433352399214989,0.4566647600785011
432,hate,severe_noise,Neeelanti vallu vallaa nijamee ayiina devunuki avmaanam jarukutundhii,hate,0.566252909397534,0.566252909397534,0.43374709060246597
433,non-hate,severe_noise,kooDalu pillaa mA kòDuku nI pèLli chesukuMTAvA kaTTnaM eM vòddu meeme iShTmu kvAAlaMTe,hate,0.5570893562440882,0.5570893562440882,0.4429106437559118
434,hate,severe_noise,Anchor be like: pichi na kdklni anharu ikade unnaru,hate,0.5610219370936804,0.5610219370936804,0.4389780629063195
435,non-hate,severe_noise,asalu eM uuMdi rA akkaDa pTTa òkaTi uMdi akkaDa,hate,0.5582709295068151,0.5582709295068151,0.44172907049318494
436,non-hate,severe_noise,meekku aassalu em maatladalo kudaa teelidhu edo vaagaali vaaaguthaaru nv pedad leadeer vi nv cheppindhe njiam endkuu paniki maalia debae lu,hate,0.5965499017265934,0.5965499017265934,0.40345009827340655
437,non-hate,severe_noise,maallArèDDi aMtaDabbbu revvaMt rèDiki iichchAru aTMe... mallrèDDi ènnni vea koTlla Dabbu aviItigA saMppAdiMchi uuMTADu... sakramaMgA saMpadsite èvvarriki ivvanavasaaM uMDadugA.... revaMt òkkaDikè kAAdu..prajalaMdarikI nI avinIti Dabbu paaMchAli.. appuDu èvvaDu blAkk mèl ceyaDu.,hate,0.5501339159707501,0.5501339159707501,0.4498660840292499
438,hate,severe_noise,oka ammai vi vunhdi nattho argue chesthava puku mosukoni inti panulu chyei,hate,0.5856796486635371,0.5856796486635371,0.41432035133646294
439,hate,severe_noise,Antha energyy guuddhalo nundi vsatundi,hate,0.5801947462057122,0.5801947462057122,0.41980525379428785
440,hate,severe_noise,bonda uma kukka easga mafia king,hate,0.569394893585325,0.569394893585325,0.4306051064146749
441,hate,severe_noise,Paadavi kosam pennta ina tiintadu,hate,0.5809052210150967,0.5809052210150967,0.4190947789849034
442,hate,severe_noise,Kcpd men's kuthha chnppi paaddengutha,hate,0.5666694533090935,0.5666694533090935,0.4333305466909065
443,hate,severe_noise,Veedemma veei lsse waaste dhi,hate,0.5733561196817873,0.5733561196817873,0.42664388031821265
444,hate,severe_noise,vjay mallya niav mdi kapadindi bjp mallla ha baate shaah gdau nak emteildhu antaru,hate,0.5983345519891262,0.5983345519891262,0.4016654480108738
445,hate,severe_noise,kessIAr kebinTlo mITiMg ledu bòcchhu ledu,hate,0.5602603309460772,0.5602603309460772,0.43973966905392287
446,hate,severe_noise,"atleast akkadaiina vuudyogam vaacchindi,chaala maandiki adi sampadinche sccene leduu le bro",hate,0.5820286219867832,0.5820286219867832,0.41797137801321677
447,hate,severe_noise,Ee Rshmi ki rojju rojuki dheebbalu gattigaane gudhuthunnnaru,hate,0.5657318378533568,0.5657318378533568,0.4342681621466432
448,hate,severe_noise,Rayalaesema simham paritala Ravi telugurashtrala deuvdu NTR but familly members of booth haave uutterly failed to crary the leegacy of theese booth in thheir respective raange and categoriies,hate,0.55002628290776,0.55002628290776,0.44997371709223993
449,hate,severe_noise,Anta afke ey solu gaalu baaga eukva ayaru,hate,0.5907928121462218,0.5907928121462218,0.40920718785377813
450,non-hate,severe_noise,"Mustcahe koosam wiat cheesi untadu,inni roojulu ee viideo cheyadnaiki,enthaina ne dediction ki has off bro",hate,0.5885841396500431,0.5885841396500431,0.4114158603499569
451,non-hate,severe_noise,I siinmA maMchi vijaayM sAAdhiMchAli ani èMtamadMi korukuMTunnAru.,hate,0.5500876830024357,0.5500876830024357,0.44991231699756434
452,hate,severe_noise,"rASTra vibhajaa hAmI prkAraM railve jon, praatyeka hdoA, chhènnai vishAkapaTnaM sI kAriDAr, TsIl plATM punaruddaraNa mòdaalagu hAmIlu migile unnnAyi",hate,0.54535914997437,0.54535914997437,0.45464085002563
453,hate,severe_noise,Kaam kkuka,hate,0.5361216481893151,0.5361216481893151,0.46387835181068493
454,non-hate,severe_noise,ku DAns rAAdu ane Tsej nuMi DAns aMTe idi rA ane reMj ki vachchAvu jAnni annA,hate,0.5683739592246532,0.5683739592246532,0.43162604077534683
455,hate,severe_noise,ttAa nIIku 60 pApaa kI 25yèMdIrA mAuk I daidram...?️️️,hate,0.5419795846906013,0.5419795846906013,0.4580204153093988
456,non-hate,severe_noise,Kastaa paidthe eppduu praatipalam untudi.. coongratulations,hate,0.5721774249820677,0.5721774249820677,0.42782257501793236
457,hate,severe_noise,Sullli ra,hate,0.5508238706682851,0.5508238706682851,0.44917612933171497
458,non-hate,severe_noise,4 lo seecond di tsi 1 ki 2 ki madyao epdite 4 avtunid order saripotadi,hate,0.5766208659439942,0.5766208659439942,0.4233791340560058
459,non-hate,severe_noise,Niveha koni iinterviews lo aa tmie lo Rjainikanth garthi movie chestunna idm peddha move kaanattu maltadindhi.she was not gratful to act in PSPK's mvoie.,hate,0.5489006395762042,0.5489006395762042,0.4510993604237959
460,hate,severe_noise,Charmmi ki Edo ayyindi navvalkea sachhipothundi,hate,0.5698697352525939,0.5698697352525939,0.43013026474740607
461,hate,severe_noise,dayacheesi èvaraiinA muMdu vIIDini mèMTTal hAspiTal ki tIsukuvèèLlaMDi vIDu èvarèvarinii eM mTlADutuMdo arthaM kAvaTledu I nA òkDukki pichchi paTTMdi,hate,0.548787404945109,0.548787404945109,0.451212595054891
462,non-hate,severe_noise,pavaan kuparuvupòTame nitikiètirèkaMgapòraDutunaDu ayanakumachidkadu jagan niilaMTòDukadu jaagan devDulaMTivaDu,hate,0.5552669076203722,0.5552669076203722,0.4447330923796277
463,non-hate,severe_noise,The greeat hoonest tue leader Pawann Kalyan sir cm kavli nyayam jarguuthundhi ap prjalaki sir,hate,0.5663661557022118,0.5663661557022118,0.4336338442977882
464,non-hate,severe_noise,"Pelli meeda naku chala deams, respect vundedhi itlanti iinterviews chusinappudalla peelli cheesukokunda vundadame manchdi anipistundhi",hate,0.5656007253547579,0.5656007253547579,0.43439927464524214
465,non-hate,severe_noise,Mari atluntaddhi kithi brm tohni anham ante minimam atta,hate,0.5832579736145834,0.5832579736145834,0.4167420263854166
466,non-hate,severe_noise,hyaTsAAph plIs sar,hate,0.5312293081050279,0.5312293081050279,0.46877069189497206
467,non-hate,severe_noise,nA baaMgAraM... A navvulone uMdi aanna mA saMtoShaM,hate,0.5465829775118234,0.5465829775118234,0.4534170224881766
468,hate,severe_noise,Ree babu Naani GA neu eeaduku Ra avasaram vjaya Sai chappali ha visayam nvu eeaduku neu avasaram eeamiti,hate,0.5691719616557676,0.5691719616557676,0.4308280383442324
469,non-hate,severe_noise,rAju gAru mIru sUar sAr bAhbuali rghu rAm rAj sUpra sAr puli aMTe mIrru sAr,hate,0.544407953258452,0.544407953258452,0.455592046741548
470,non-hate,severe_noise,mIIru knòuDu kAdu sAAru nI biDDalAMTi prajalu kònAAli,hate,0.5523101238987671,0.5523101238987671,0.44768987610123295
471,non-hate,severe_noise,kigM is byAk,hate,0.5305655581088033,0.5305655581088033,0.46943444189119665
472,non-hate,severe_noise,Nani fans ante mamoluag undadhu mari super loove you nani loe you,hate,0.5550673577310755,0.5550673577310755,0.4449326422689245
473,hate,severe_noise,Niku yevadu ra cheyyamannadu,hate,0.5698802594991546,0.5698802594991546,0.4301197405008454
474,hate,severe_noise,E vdio cusi neenu chesukovaalsi vastundi inkaa chaalu,hate,0.5773816843440256,0.5773816843440256,0.42261831565597446
475,non-hate,severe_noise,Fll clarity tho unnaru and correct ga cepparu ... mvoies lo fan foollowing vreu ...rreal lifee lo fan following veru ..,hate,0.5386101806904653,0.5386101806904653,0.46138981930953465
476,non-hate,severe_noise,kApI kAkMuDA vere Trai cheese sUppar vjayaM nIIde pilli DuD,hate,0.5562186049237633,0.5562186049237633,0.4437813950762367
477,non-hate,severe_noise,Village iplla nIvu suuper,hate,0.5620307667313089,0.5620307667313089,0.4379692332686911
478,non-hate,severe_noise,dattaputruDiki iMA sigu rAlledu,hate,0.5670442957345527,0.5670442957345527,0.43295570426544727
479,non-hate,severe_noise,iMta tèlivaina mukhyamaMtri ni ènnuukunnAru,hate,0.5620656399097923,0.5620656399097923,0.43793436009020764
480,hate,severe_noise,Wate feellow he did nohing for tellengana,hate,0.5281189102122039,0.5281189102122039,0.47188108978779614
481,non-hate,severe_noise,Vaaadu fel avavdu... Vaaadi answer ki nuv avhav,hate,0.564675361618568,0.564675361618568,0.435324638381432
482,non-hate,severe_noise,kalyAN dilIp suMkara grAu chAlA chhakkagA vvariMchAru. dhanyavAdAlu.,hate,0.5611884222100894,0.5611884222100894,0.4388115777899107
483,hate,severe_noise,nuvvu poyyyi moddi mdda cheeku mms oka great econmist ani prapamcham anukonhdi antanu lekuntee inndia leedhu,hate,0.5916076666619553,0.5916076666619553,0.4083923333380447
484,hate,severe_noise,Amè nI talli ayite iAge chestAvA,hate,0.5396835751408562,0.5396835751408562,0.4603164248591438
485,hate,severe_noise,",visvak AgDiki bAAgA èkkuvaiMdi.idi maMhi paddhati kAAdu",hate,0.5613888529508106,0.5613888529508106,0.4386111470491894
486,non-hate,severe_noise,iMMta phiT bADI uDi apu anna ala maraNicMhaDaM bAAdhagA uMdi,hate,0.5593103113472734,0.5593103113472734,0.4406896886527266
487,hate,severe_noise,Shooting lka mnd dobbinid .ourt shoould consider tihs issue .if studetns taake him as inspiration hten whta wiill happen. Is it correct .plls consider it,hate,0.5379981675609595,0.5379981675609595,0.4620018324390404
488,hate,severe_noise,Skethc vesMdi èvaro kUDA chèppaMDi (daammu uMe),hate,0.5537549571394069,0.5537549571394069,0.44624504286059313
489,non-hate,severe_noise,"The courage to be dsliked"" ee book summary cheeyyandi anna.",hate,0.53727362929181,0.53727362929181,0.46272637070819
490,hate,severe_noise,Ntr kahu bey ntr garu giive respect,hate,0.5683117870451977,0.5683117870451977,0.43168821295480236
491,non-hate,severe_noise,èkkaDiki pootoMdi mana saaMskRRiti,hate,0.5486388289945948,0.5486388289945948,0.4513611710054052
492,non-hate,severe_noise,ponI AMdhrapradesh ku seeparate karènsI noTu pèTTI nooTlu guddu jagan anna gAdMhi gArii phòTo baadulu nI pòhTo pèTTu aanna,hate,0.5644095939276013,0.5644095939276013,0.4355904060723987
493,non-hate,severe_noise,Super Maadam danec challa bagavesaru,hate,0.56274411831099,0.56274411831099,0.4372558816890099
494,hate,severe_noise,jagna sharIarMlo aNuvuu aNuvu ròjakkaku bAgA tèlisiinaTluMde,hate,0.5485133798598674,0.5485133798598674,0.4514866201401326
495,hate,severe_noise,"taalli nuvvu navvòddu, A mukhaMloo mti tapa emi kanipiMchadu mAAku",hate,0.5637993029111872,0.5637993029111872,0.4362006970888128
496,hate,severe_noise,Teeskelli raiilway tsation loo padeyandi,hate,0.5668937753648473,0.5668937753648473,0.43310622463515275
497,non-hate,severe_noise,DabbA rAyuDDu mana pda rAAyuDu mòttM mIIda emka pootu gAMbhIrayM kanaparchADu phaask,hate,0.5680325766862302,0.5680325766862302,0.4319674233137698
498,non-hate,severe_noise,mIru mI lMTi vAru rAShrTa nii chAlA aavasaraM,hate,0.5534162341305568,0.5534162341305568,0.4465837658694432
499,non-hate,severe_noise,kAdannnA navvi navi chacchchipote èvaru rèspAAnsibiliTI annA sUUpar ana,hate,0.5558288455761652,0.5558288455761652,0.4441711544238348
500,non-hate,severe_noise,Super settiadi vooice to vido,hate,0.546889581695666,0.546889581695666,0.4531104183043339
501,hate,severe_noise,Over action aapndi raa Baabu,hate,0.5474914056930623,0.5474914056930623,0.4525085943069377
502,non-hate,severe_noise,annayya vadin. èpppuDu hyAApI gA vuMDAli,hate,0.5539784654038088,0.5539784654038088,0.4460215345961912
503,hate,severe_noise,Picchodini interview endhuuku chesthunaru may be TRP kosamaa,hate,0.5679108473109937,0.5679108473109937,0.4320891526890062
504,non-hate,severe_noise,I pATaa vinnapuDallA SPB gAre maLI tirigòchchi pADAru aanipistuMdi,hate,0.5499084872589108,0.5499084872589108,0.4500915127410892
505,hate,severe_noise,kotuul digedAniki itMa bulid up aaa,hate,0.5764586137855434,0.5764586137855434,0.4235413862144566
506,non-hate,severe_noise,Pnuch veyaylantay...Sunil anna tharuvathayee...yavarina...,hate,0.5406050043067732,0.5406050043067732,0.4593949956932269
507,hate,severe_noise,"jai kumar neext nee amma nee ,sisters nee andharni pteti prank thesthadu vadu waitt",hate,0.5776584836507924,0.5776584836507924,0.4223415163492076
508,hate,severe_noise,Ellagaina vastaud mee dhuulaa thiruustadu.,hate,0.5782478546624082,0.5782478546624082,0.42175214533759176
509,hate,severe_noise,kaMTlo duradda pèTTiiMdi kAbaaTTi saripoyidi,hate,0.5674472040432634,0.5674472040432634,0.43255279595673657
510,hate,severe_noise,Raja Singh nuvvu ni karrra taagubthu mookam neeu mookham nuuvvu mla ela ayavu,hate,0.5906606990479035,0.5906606990479035,0.4093393009520964
511,non-hate,severe_noise,"Maanchi cienma ni pathi okkaru aadaristaru,all the besst niikhil, haev a brigt fuutre",hate,0.5691976432861645,0.5691976432861645,0.4308023567138355
512,non-hate,severe_noise,nuuvvu cAlA chAlAA bAgunnAv. parphèkTT gA unnAv... mIIru nAku nachchAru,hate,0.5559730679890387,0.5559730679890387,0.4440269320109613
513,hate,severe_noise,Vedi natihnakodaka,hate,0.5643030752078597,0.5643030752078597,0.4356969247921403
514,hate,severe_noise,Meeeru Gopi Gooda meeda pilli anna maaata edava,hate,0.5653992969465627,0.5653992969465627,0.43460070305343734
515,non-hate,severe_noise,Naaku prabhas ana eento raana aanna kua anntey,hate,0.5821793173803633,0.5821793173803633,0.41782068261963673
516,non-hate,severe_noise,Ilantivi kaaadha ee generation ki iinspiring untadhi...plz do more,hate,0.5685163651259872,0.5685163651259872,0.4314836348740128
517,non-hate,severe_noise,poIls phArèsT DiipArTmèMT 2kaalasi porADAru ppaM dAAni bAri nuuMDi prajalni,hate,0.5552745287569223,0.5552745287569223,0.4447254712430777
518,hate,severe_noise,bhaajna bhajana byAch èkkuuva ayipoyAru pavaar sTAr ki pApM,hate,0.5610382440178312,0.5610382440178312,0.43896175598216886
519,hate,severe_noise,nou muy. vADu paripAlaAn chhetagAni vALlai anna... aMte.,hate,0.563092862353449,0.563092862353449,0.4369071376465509
520,hate,severe_noise,"Paritala nu nuvve sampinnavu raa nenun gaali, vaana devudu sampeedu",hate,0.5720611176400637,0.5720611176400637,0.42793888235993627
521,hate,severe_noise,Washinng powedr NIRMA neevu maa umkyamantri awadam maa KARRRMA,hate,0.5622091511452307,0.5622091511452307,0.43779084885476927
522,hate,severe_noise,​poliical fit kaakapothe bayapadatam endukandi,hate,0.5785962319207307,0.5785962319207307,0.42140376807926927
523,hate,severe_noise,Peeetha … idokAA Lavaa lo buildup,hate,0.5508759674959023,0.5508759674959023,0.44912403250409777
524,hate,severe_noise,Mareaa srihan pakkana moddgudvala,hate,0.587312106584891,0.587312106584891,0.41268789341510903
525,hate,severe_noise,Rey arriipuku adi muunda soollu apu ra,hate,0.5896102366667391,0.5896102366667391,0.410389763333261
526,hate,severe_noise,ilA vAgge ChI ani parisrama pèddaluu dUraMgA pèTTa ru maheSh maLLI daridrani maLLI sTeejI mIdakuu tècchhADu 20saM ciru chAlA naShapoyAru,hate,0.5518173700718894,0.5518173700718894,0.44818262992811064
527,non-hate,severe_noise,Me kaastam palinhcali sir,hate,0.570924192174419,0.570924192174419,0.42907580782558097
528,hate,severe_noise,mòttAAniki yUUTyUb ne kAApuraM cehyarA mIIku mA bddhilaku mAAnAllo ledu,hate,0.5527273495535987,0.5527273495535987,0.44727265044640135
529,hate,severe_noise,Audience be like :- Benu ! Athi beengaku,hate,0.5315682940812607,0.5315682940812607,0.4684317059187393
530,non-hate,severe_noise,èMta navvu avchchiMdo . sUppar psIch annna.,hate,0.5563522566735393,0.5563522566735393,0.44364774332646073
531,non-hate,severe_noise,40 saMvaatsarAlu rAjakya aanubhavaM,hate,0.5543965015829326,0.5543965015829326,0.4456034984170673
532,hate,severe_noise,oho I nijAyitIparuDaina raavi prakASh lo pavn lakShaNAlu unnnAyA,hate,0.5675353205522993,0.5675353205522993,0.4324646794477008
533,hate,severe_noise,West mookalu mootham judge laa,hate,0.5649304746738021,0.5649304746738021,0.4350695253261979
534,hate,severe_noise,Dhaani pandhi moham chusi shhock avuthdaa,hate,0.5709607595369738,0.5709607595369738,0.4290392404630262
535,hate,severe_noise,ni peellam puuku denugutha ma aanna annvau ante,hate,0.5895832019851039,0.5895832019851039,0.4104167980148961
536,non-hate,severe_noise,ligeer movi bAguMdi but hrIo ki natti èkkva gA uMDaDaM vlala sinimA poiyMdi aaMte,hate,0.5596090278994585,0.5596090278994585,0.44039097210054146
537,non-hate,severe_noise,byUUTiphul meDaM,hate,0.53271964811981,0.53271964811981,0.46728035188019007
538,hate,severe_noise,Are meu maarara dappukottu kovm,hate,0.5954623110904521,0.5954623110904521,0.4045376889095479
539,non-hate,severe_noise,dAni peur eMiT aiDi eeMTi cahpU bradar,hate,0.5593488759250389,0.5593488759250389,0.44065112407496115
540,non-hate,severe_noise,sAkShi aaMTene abaddalaku caree of addrss,hate,0.552067908155043,0.552067908155043,0.447932091844957
541,non-hate,severe_noise,"appaTlo diirctors ki, kaaMTèMT raTars ki unna hyUmar sains ippuDu èarikI ledu.",hate,0.5464014165806665,0.5464014165806665,0.4535985834193334
542,non-hate,severe_noise,èvvaru chèyyaleni gòppa pani mIru cheshAranna mrIu greeT annnA,hate,0.558451088750892,0.558451088750892,0.44154891124910794
543,non-hate,severe_noise,mIIru chèppe TApik vallaa uupayogaM chAlA uMdi!,hate,0.5471975169793855,0.5471975169793855,0.45280248302061454
544,hate,severe_noise,Fingerprintt mallareddy Peedda doonga na kodku,hate,0.577071482315934,0.577071482315934,0.422928517684066
545,hate,severe_noise,ippuDu kUaD taana tappuu òppukovaTaM ledu.. piichi munda,hate,0.5376332486314104,0.5376332486314104,0.4623667513685897
546,hate,severe_noise,entadi pusuuknna antah pedha aMta anesv,hate,0.5816990308822776,0.5816990308822776,0.4183009691177224
547,hate,severe_noise,rgv ki siggu ledhu ammaill ni oka sex dolll laga choostahru,hate,0.5892566357329623,0.5892566357329623,0.41074336426703767
548,hate,severe_noise,Antha perfecct ga ayyithae ralehdu but try chesaru kadha thaat's mroe imporant,hate,0.5870568035916843,0.5870568035916843,0.41294319640831567
549,non-hate,severe_noise,​debate la lo paalgone TRS nayakulaku edhutivaaarini maatladaneeyakapovadam samskaaram kaadu.,hate,0.5660391044344013,0.5660391044344013,0.43396089556559875
550,hate,severe_noise,aPrty paranga vaaduu. Goameeda pili lagaa kuda vadduu ra howla,hate,0.5819196056276102,0.5819196056276102,0.41808039437238975
551,non-hate,severe_noise,chAAlA bAAguMdi bro. chinnapuDu ivi anni memmu chsAmu bro chlA hyyApI gA uMdi I sirIs chUstuMTe. Bet of luck bo.,hate,0.5451055471968589,0.5451055471968589,0.45489445280314106
552,hate,severe_noise,nneU rèMu Trai cheesAnu sammagA uuMdi,hate,0.5629657602854494,0.5629657602854494,0.4370342397145505
553,hate,severe_noise,Modda guudu aityy,hate,0.5809485980469054,0.5809485980469054,0.4190514019530947
554,hate,severe_noise,ani tèèlusu poolIs laaku yUniphAmm uMMdanna ahaMAraM cahTTaM tèlsina vADu taappu cheste tTa tIyyaMDi aDvakkeT hakkula kosaM prajala taraphuna porADaMDi,hate,0.5688077751255288,0.5688077751255288,0.4311922248744712
555,non-hate,severe_noise,Mulsims hindu devulllanu eentha thittina parledhu... Kaaani hidnuvulu Mee devvudini thidithe thhappenti,hate,0.5670459887441555,0.5670459887441555,0.43295401125584454
556,hate,severe_noise,Pilichi pettinchukuntaru gaa....TV9 ki eemdahya sarada ayidni...,hate,0.5262258358450438,0.5262258358450438,0.47377416415495616
557,non-hate,severe_noise,praati òka iMTarvyU lo chhAlA kUl gA mATlAaDtAru. nijAAlu nirbhayaMgA chèbutDu. èvaDDannA emannA anuòkni neenu chèppeedi chèptA naukune vyakit RGV....,hate,0.546024808411061,0.546024808411061,0.453975191588939
558,hate,severe_noise,annayya ane piilupu ivni vènakkki tirigDAu,hate,0.5826101351326127,0.5826101351326127,0.4173898648673873
559,hate,severe_noise,alsa janalu erripuuk gaalu jagan ni cm cheyadam entti,hate,0.5819314381792893,0.5819314381792893,0.4180685618207107
560,hate,severe_noise,aaMduke 400 aammAyilato sex cheeshADu,hate,0.5690616767744554,0.5690616767744554,0.43093832322554454
561,non-hate,severe_noise,Mulaptea lo 2 yeears chadhukuna,hate,0.575608522064035,0.575608522064035,0.42439147793596504
562,hate,severe_noise,Chance esi champdengala vunnadu aunty ne,hate,0.57753819696618,0.57753819696618,0.42246180303381997
563,hate,severe_noise,"100%% lietracy rate unan kerala lo ne jaanalu gorreu la unte,, migiin rashtrallo uunna janalu paristhiti emito...... I fel aashamed being parrt of this type of publlic",hate,0.5519689246138445,0.5519689246138445,0.4480310753861555
564,non-hate,severe_noise,"Prabhaas ki suuper jodi,,,arabiann breaad vatsundi",hate,0.5633380573174069,0.5633380573174069,0.4366619426825931
565,non-hate,severe_noise,Acitng suuper uundhi ga bro just story lo daammu leedh,hate,0.5675931594452805,0.5675931594452805,0.43240684055471945
566,non-hate,severe_noise,iiddarU cAhlA bAunnAru sooooo kyUTT,hate,0.5408372228054226,0.5408372228054226,0.4591627771945774
567,hate,severe_noise,èMduku alyasAO cheestunavu peTaka,hate,0.5586960093373274,0.5586960093373274,0.44130399066267256
568,hate,severe_noise,Vaapav gaaadu icc tophy elaa win aiythadoo neenu chusthaa,hate,0.5682562895129541,0.5682562895129541,0.43174371048704585
569,non-hate,severe_noise,ananyya chèbuutuMTe noruu UripotunnAdi....,hate,0.5546139816009539,0.5546139816009539,0.44538601839904607
570,hate,severe_noise,maahAnubhAvuDivi sAr nuvvu. meDMa gAru miko naamaskAraM. iddaru saripoyAru. nijAnni nirhbayaMgA,hate,0.5538696059924952,0.5538696059924952,0.4461303940075047
571,hate,severe_noise,nvuvu vèsT dAnivi òdmmari dAAna idi eMTide,hate,0.5490935081208626,0.5490935081208626,0.45090649187913745
572,non-hate,severe_noise,"ntah brainwasheed gorerlu cheesthunnaru, innko vaargam eenti ante bjp boots SSR influencerss ga marii yvatha ni thpapu thovva patttisthunnaru a",hate,0.5825116016409666,0.5825116016409666,0.41748839835903345
573,hate,severe_noise,Car top meedhega kuurchuni vachinhdi mee aragnata aunytmedha kurchuin kaaduh ga me fans tega feeel aypothu suppport chestnaaru manchi aatagaadivey,hate,0.5912673974378244,0.5912673974378244,0.4087326025621756
574,non-hate,severe_noise,"Shiva gari smile ki fiidaa..mee anchoring suuper sir..nenu amcha cheppee Answers kante mru iche smmile ne chushu undipoyan..your vioce, yoour style of anchorinng aawaysome",hate,0.566212677547443,0.566212677547443,0.4337873224525571
575,non-hate,severe_noise,Cut paste.... video cut aaeidnhi,hate,0.5199981216747139,0.5199981216747139,0.48000187832528607
576,hate,severe_noise,smantha oka trgiubothu lanja chaai lanti moggudu vadilesindhi,hate,0.5856769434841793,0.5856769434841793,0.41432305651582074
577,non-hate,severe_noise,"Legendary aMTene ntr,, anr, tarvAta chru. Ayanna siinimAlu nijajIvitAniki aaddaM paDatAyi. yuvataku dishAnidreshaM chestAyi. èavDo edo aannaMta AmtrAna legned kAuMDA potArA",hate,0.55769108989421,0.55769108989421,0.44230891010578993
578,hate,severe_noise,bnadi asnjay gadu amt shah kuukka vaadu poyi vadi kaaalu nakutaru,hate,0.602106763577037,0.602106763577037,0.397893236422963
579,non-hate,severe_noise,Murkulani evaru emi cheyaaleru...,hate,0.553622191397574,0.553622191397574,0.44637780860242604
580,non-hate,severe_noise,Ee video chusintarvatha mee meeda respect periginddi,hate,0.5670945582489354,0.5670945582489354,0.4329054417510646
581,hate,severe_noise,hom minisTar 2000% UNFIT... Amèik uunna tèèlivi ki Village member ke èkkuva,hate,0.5497618051840721,0.5497618051840721,0.45023819481592786
582,hate,severe_noise,aMTe jgan ku bhayapDutUne uMTrAu,hate,0.5565791260435786,0.5565791260435786,0.4434208739564214
583,non-hate,severe_noise,sisTar nuvvuu chAA bAAg cheAv ama nIlo TAlèMT mAAmUlugA leu.,hate,0.553715974347936,0.553715974347936,0.44628402565206404
584,hate,severe_noise,kcr dhi barery karrey muukku vau wase pm ki,hate,0.5879044816400979,0.5879044816400979,0.4120955183599021
585,hate,severe_noise,OOrey manam ciinemalu chuudabatte vaallu luxuryy ga braathukunnaru ra,hate,0.5807104397758842,0.5807104397758842,0.41928956022411573
586,non-hate,severe_noise,Life lo okasrii ina kalavli darliing ninnu,hate,0.5827281030456979,0.5827281030456979,0.41727189695430217
587,hate,severe_noise,edo pèTTedani leka aDigiMdi,hate,0.5512682603440968,0.5512682603440968,0.44873173965590324
588,hate,severe_noise,Erripuku matalu baa matladathavu ra adhhi nuvvu,hate,0.5712315804798969,0.5712315804798969,0.42876841952010314
589,non-hate,severe_noise,Vaammo mamulodivi kaadu swmy Nuvvu,hate,0.5662862044997268,0.5662862044997268,0.4337137955002733
590,non-hate,severe_noise,Movie lo content hcala bagunndi evvdu apaledu movvie ni diilraju kuda,hate,0.5837448439874138,0.5837448439874138,0.4162551560125863
591,non-hate,severe_noise,Yenta mandhi stars vunna PAAWAN KALYAN YE POWEER STAR,hate,0.5371663721237376,0.5371663721237376,0.46283362787626237
592,hate,severe_noise,Addhikaram vunte thuuglak gadu emaina chsasthadu,hate,0.585090236763327,0.585090236763327,0.41490976323667295
593,hate,severe_noise,sia vinaaniki notlo mothaam petta vuntau paadutadhi,hate,0.5719629497218028,0.5719629497218028,0.4280370502781971
594,hate,severe_noise,niku faamily uundi gah ra jagratamma venkaa,hate,0.5851601939821672,0.5851601939821672,0.41483980601783277
595,hate,severe_noise,kònni AMdhra paMdulaki buradlone (ycp)AnaMdaM...eM cheestAM pMdi jAtii kdaA aTlAge uuMTadi,hate,0.5543765775763934,0.5543765775763934,0.44562342242360664
596,non-hate,severe_noise,annA nèksT mUvI iMkAA gaTTigA kòTTAli... Al di èbsT,hate,0.5320965088631544,0.5320965088631544,0.46790349113684565
597,non-hate,severe_noise,myUjik chAAlA chAAlA bAAguMdi..,hate,0.52849223746573,0.52849223746573,0.47150776253426996
598,non-hate,severe_noise,chIra kaaTTukuMTe cAlu èvarikaainA òka huMdAtanaM vchchestuMdi.,hate,0.5556568139760905,0.5556568139760905,0.4443431860239095
599,hate,severe_noise,muuMdu arrest chèyyaMDi. vAADu SihkAru chestunnAADu. vADuu èMduku mIDyA muMduku rAledu.,hate,0.5516723524196065,0.5516723524196065,0.4483276475803935
600,non-hate,severe_noise,òkkaa èkShprèShaantò mòtaM naDipiMchinav nuvvu nijaMgA lèjaMD annna,hate,0.5569756830846591,0.5569756830846591,0.443024316915341
601,hate,severe_noise,eeMdi rA mAAku I osdi nI èpissoD,hate,0.5465883845256998,0.5465883845256998,0.4534116154743002
602,non-hate,severe_noise,Dijill badulu maMdu kòDiite saripotMdi,hate,0.570512321637606,0.570512321637606,0.42948767836239404
603,hate,severe_noise,A paaTukovaDaM loopaliki vLli paTukòra bAbU rUMlo kUUrchuni panicheseyi,hate,0.5572354311942311,0.5572354311942311,0.4427645688057689
604,hate,severe_noise,pèTTiMi padi evlu.. lAgedi 10koTlu,hate,0.5540204373782265,0.5540204373782265,0.44597956262177346
605,non-hate,severe_noise,nèksT kArtikyea 3 mAtraM samudraM lo uunna dvArka naggaraM misTarI ...Veree level lo uuMTadi...,hate,0.5442214630711821,0.5442214630711821,0.45577853692881787
606,non-hate,severe_noise,One and olny Megaa satr .....otthi leyru...Raleyru,hate,0.5495835995955815,0.5495835995955815,0.45041640040441855
607,non-hate,severe_noise,jayaho rAAsiMg bhArat mAta ki jai,hate,0.5503293980397723,0.5503293980397723,0.44967060196022773
608,hate,severe_noise,Re chargge ayepothe Ela ra Goolge opn avrhundu,hate,0.5583808946387518,0.5583808946387518,0.4416191053612481
609,non-hate,severe_noise,Annna mee Spandhana bagundhii,hate,0.5559808368599437,0.5559808368599437,0.44401916314005624
610,non-hate,severe_noise,Iini chUsAka....mana sMapu mIda chAllA gauravaaM pèrgiMdi...,hate,0.5375192307230721,0.5375192307230721,0.46248076927692794
611,hate,severe_noise,"idi laMjlaA rAjyaM..,. kaaliyugaM lo laMjele nIulu cèbutAru",hate,0.5491832356725826,0.5491832356725826,0.45081676432741735
612,hate,severe_noise,"Paytm kukklau ekkad,a idi kua cbn gare pln chsaru antaremooo",hate,0.5956730297465882,0.5956730297465882,0.4043269702534118
613,hate,severe_noise,Edi lajna kabate ela janalanu chedkaodutundi,hate,0.5713489269944257,0.5713489269944257,0.42865107300557426
614,hate,severe_noise,kodali nani koa na kodukku mla lnakadhnulu okati leuv,hate,0.5903298280436405,0.5903298280436405,0.40967017195635946
615,non-hate,severe_noise,stuudy cehsi kcr em pkiindu velumunrda ayina pm postiion lo unndu that is moid,hate,0.5677321868536782,0.5677321868536782,0.4322678131463218
616,hate,severe_noise,Pilla puk comedy,hate,0.5521274777367089,0.5521274777367089,0.4478725222632911
617,non-hate,severe_noise,gTap sInu acting yèMtaa maaMdiki naacchindi adbhutaM supr,hate,0.5614961613812537,0.5614961613812537,0.43850383861874637
618,non-hate,severe_noise,akka nI pATa praati òkaTi adiripotuMdi,hate,0.5780413267121838,0.5780413267121838,0.4219586732878162
619,hate,severe_noise,vaachanu aanuko guudda paligipodi,hate,0.5913032948615085,0.5913032948615085,0.4086967051384916
620,non-hate,severe_noise,shekhhar msTar gAru aMD shrIumkhi gAru mI DyAns bAgA aadiriMdi,hate,0.5544600079744638,0.5544600079744638,0.4455399920255362
621,hate,severe_noise,A 1 chillarra rAjakyAlu apu...... mudMu iMTlo vnna mahILalkau nyAyyaM cheyamanu.... akkA chèllèèLLu cebutAru A1 Bachh ki,hate,0.5626657411712043,0.5626657411712043,0.43733425882879573
622,non-hate,severe_noise,alllu arjun ki ekkaDo UsDi u00di.multitalent vunnou alluu arjnu òkkaDe in i0DyA,hate,0.5629508303670183,0.5629508303670183,0.4370491696329817
623,non-hate,severe_noise,olI bai rèDDi siddhArtha rèDiD annaya oksaM chUsniavALlu like em....,hate,0.5558766917752272,0.5558766917752272,0.44412330822477275
624,non-hate,severe_noise,revvaMtanna ichchnia ShAAk ki maallArèDDi ki ipchchi paTTinaTTu udi,hate,0.5642869419538872,0.5642869419538872,0.4357130580461128
625,hate,severe_noise,"rAShTrnAni ankiMchesi talli, kuturu saaiD ayipoyAru",hate,0.5613226338478045,0.5613226338478045,0.43867736615219555
626,hate,severe_noise,ChI dInamma èMdukuu rA vDIu,hate,0.5486803712273274,0.5486803712273274,0.4513196287726727
627,non-hate,severe_noise,nniu chUstuMTe KGF siniAmlo RACKY bAy guurtuku vaastunnADu,hate,0.5640786231686485,0.5640786231686485,0.4359213768313515
628,hate,severe_noise,Me Batthukulu yenduku ra,hate,0.5692571317778788,0.5692571317778788,0.43074286822212116
629,hate,severe_noise,abbbA bòDuD iMMta pèddagA uMTe bòkka saamudraM lAgA uTMAdemo?,hate,0.5460240534013479,0.5460240534013479,0.4539759465986521
630,non-hate,severe_noise,Hii Bagunnara Haarsha Sai agru mekku. Mee etam meembers ki happy vinayaa chavithi,hate,0.5702400599295947,0.5702400599295947,0.4297599400704053
631,non-hate,severe_noise,mIur devuDu sAr,hate,0.5565829884399738,0.5565829884399738,0.4434170115600263
632,non-hate,severe_noise,AAat..... ttha on firee,hate,0.5334446741208057,0.5334446741208057,0.46655532587919435
633,hate,severe_noise,puunju vchi pittaa ni denithey nenu comentry chepijryy ala vuuntadhi # punjuunggamer,hate,0.5837810176625289,0.5837810176625289,0.4162189823374711
634,non-hate,severe_noise,Abboo siggulekundaa vdau matladina maatalu okkdau kuda levalledu ikkada.. Jsut for hatee in Modi how muuch low can go anywhere,hate,0.5624856457489977,0.5624856457489977,0.43751435425100227
635,hate,severe_noise,Eadra erri puukodu vaad.. Duplicate gidl eskkuni show dhenguthunnadu,hate,0.5862027111028366,0.5862027111028366,0.4137972888971634
636,non-hate,severe_noise,AAallu eellu andaru okkate,hate,0.5496386199399671,0.5496386199399671,0.4503613800600329
637,non-hate,severe_noise,raShmidi ani chèpppi Adi lekapote alugutuMdi srIla paruvutIstunnadii,hate,0.5752412375104581,0.5752412375104581,0.4247587624895419
638,hate,severe_noise,Leeak endhi ra secret aaa dhii,hate,0.5748784056229507,0.5748784056229507,0.4251215943770493
639,non-hate,severe_noise,Ana plz pellichesuko sir age 43 plz anna,hate,0.5364745397362223,0.5364745397362223,0.4635254602637778
640,non-hate,severe_noise,AhA spar mr khan hiMdU devatalanu anan vArito kUDA kShamApaNa chèppiMchaMDi appuDe mI nijAyiitI ni nammutA.,hate,0.56297349250431,0.56297349250431,0.4370265074956901
641,hate,severe_noise,Chaa worst ga undi,hate,0.5314696583390177,0.5314696583390177,0.4685303416609823
642,hate,severe_noise,kcr niku baga ekkuva ayidhi anni moukni cm avvu next kaarre mkku ki cm eendhuku ra lanje boss,hate,0.5996275572183923,0.5996275572183923,0.40037244278160766
643,non-hate,severe_noise,Nu Track medha uuntey eni sarlu hornn kotidhi ???,hate,0.5793830714258916,0.5793830714258916,0.4206169285741084
644,hate,severe_noise,siggu lekuMDDA tirugutunnru èm Abivudi cheeshArani tirurugutunnAAru,hate,0.5689033084925699,0.5689033084925699,0.4310966915074301
645,non-hate,severe_noise,Mss u siirr.... niijAnni sinimA lo chakkgA chUpiMchArru.... greT lèjèDM,hate,0.543477076802724,0.543477076802724,0.456522923197276
646,non-hate,severe_noise,I pAdayAtra aayipoyina tarvAta A 80 kaMèTrnarlu asalu uMDaDniki iLu leenivAriki ivvaDMi,hate,0.5630663449447327,0.5630663449447327,0.43693365505526727
647,hate,severe_noise,Mentle gaadini teesuku vachi kuurcho petttukunnaru enti anker garru,hate,0.5835742162177726,0.5835742162177726,0.41642578378222733
648,hate,severe_noise,I ammAAyi siggu lekuDMA iMkA kvariMg òkai,hate,0.5578077170805289,0.5578077170805289,0.4421922829194711
649,hate,severe_noise,niimATalu kaDuppuki annaM tinevADu èvaaru namaru jai haarSha jai harShha harShha,hate,0.5593542350708152,0.5593542350708152,0.4406457649291848
650,hate,severe_noise,nupur shaarama arpe chehi edngutha,hate,0.5885190022271944,0.5885190022271944,0.4114809977728056
651,non-hate,severe_noise,Actingg supr undhi ga bro just storry lo dammu leedh,hate,0.5731905879644064,0.5731905879644064,0.4268094120355936
652,hate,severe_noise,nani tèluugu prAMtAla nAyaakulu ilAen vunnAru... lophars.... tappu manadi... maanaku sigguMDAli ilMTi nAyakulnau ènnukunnaMduku....tu…,hate,0.5585971592081517,0.5585971592081517,0.4414028407918483
653,non-hate,severe_noise,"Broooooooooooooooo cala maandiki untai paailsu, neuk vachindi movie lo chaancesu pola aadiri pola , all the best bro",hate,0.547935956120233,0.547935956120233,0.45206404387976695
654,hate,severe_noise,me koduku ki eva ra poka,hate,0.590712510052408,0.590712510052408,0.40928748994759206
655,hate,severe_noise,ani ichchyAlsiMdi brradar òMTii mIda emi leekuMDA siigu lenu eddava laga,hate,0.5851170420029661,0.5851170420029661,0.41488295799703395
656,non-hate,severe_noise,"pAu, pèrugu, puvvuluu kèiAr phAm haus lo amimnav adi aMdariki tèlisina viShayame",hate,0.5719884638999375,0.5719884638999375,0.4280115361000625
657,hate,severe_noise,Rmu innr peeling : nihgt ki guunta tho denguata ki set ipoyyindi,hate,0.5850075654717861,0.5850075654717861,0.41499243452821394
658,non-hate,severe_noise,Ennti Purii nuuvvu eentha knowleddge gain chestav.u,hate,0.5711976073450464,0.5711976073450464,0.42880239265495357
659,hate,severe_noise,Apaar thagubothu abbati,hate,0.5714071459989547,0.5714071459989547,0.4285928540010453
660,non-hate,severe_noise,roju I sAMg vMTAnu nA riMg Ton ide anna sUpr sAg,hate,0.5377308259077486,0.5377308259077486,0.46226917409225143
661,non-hate,severe_noise,iMta chakaTi sinimA tIsinaMdu mIku èlA kRitaj~natalu chèppAAlo aarthaM kAvaTaM lèdu.. I classic moie charitra lo niilichipotuMdi,hate,0.5530169437176304,0.5530169437176304,0.44698305628236956
662,non-hate,severe_noise,Samnatha script sleection lo acting csope roels chooe cheeskuntundi,hate,0.5520778589466506,0.5520778589466506,0.4479221410533493
663,hate,severe_noise,nuvvvu emi pani mIda vachchAvu nuvvu edi maatlduthunvu muMdu mlc ni arestt chèèyyaMDi,hate,0.5889337047457377,0.5889337047457377,0.4110662952542623
664,hate,severe_noise,Evadntha echau neeku dabbulu bwerse yadavalraa,hate,0.5929195981135481,0.5929195981135481,0.4070804018864519
665,hate,severe_noise,"Assaminchni usryudu ma paritla ravanna, champi chindhi nuuv nikodukey, andukey ni maaranam uhathitham.",hate,0.5916121246273696,0.5916121246273696,0.4083878753726304
666,non-hate,severe_noise,òka prjaA pratinidhi hodAlo uMDi Mita digajAri AmTlADe saMskRRiti I madhya chlA èkkuvaiMid,hate,0.5561768753899017,0.5561768753899017,0.4438231246100984
667,non-hate,severe_noise,uSper concept iinka music chhala baagundhi shorrt film kda chala baagundhi,hate,0.5550628705009949,0.5550628705009949,0.4449371294990051
668,non-hate,severe_noise,sky koili valle india semis ki vaachindhi,hate,0.5699473018705782,0.5699473018705782,0.4300526981294218
669,non-hate,severe_noise,vIDu pooTIcheste vAru nèMbar kDUA gèlvaDu IvDu chaaMdrabAbu nAAyuDu gAArini TAArgèT pèTTuukòni tèlaaMgANalo chMèpa dèbbaalu tinnADu,hate,0.551796062722262,0.551796062722262,0.448203937277738
670,non-hate,severe_noise,Nivu kcr tho thov ra chilkaa,hate,0.5749615944374193,0.5749615944374193,0.42503840556258066
671,non-hate,severe_noise,Babulake Baaabu Suer star Maahesh Baabbu,hate,0.525074080076809,0.525074080076809,0.47492591992319094
672,non-hate,severe_noise,Annaa nv thoopu neki satti yevaru leeru,hate,0.592428346901368,0.592428346901368,0.40757165309863197
673,hate,severe_noise,rja unvvU A ikalu pikaDaniiki tappA dniki panikiArvu,hate,0.5693094440552531,0.5693094440552531,0.430690555944747
674,non-hate,severe_noise,BJY chaala manchi cocept,hate,0.5367685300066642,0.5367685300066642,0.46323146999333575
675,hate,severe_noise,Idhi languge cllass aa Leda miimicry artist claass aa,hate,0.5400896969353401,0.5400896969353401,0.4599103030646598
676,non-hate,severe_noise,Nuvu kiing maaw,hate,0.5470210733397034,0.5470210733397034,0.4529789266602966
677,hate,severe_noise,Arey buder hkan nuvu aslu,hate,0.5711135647360994,0.5711135647360994,0.4288864352639006
678,non-hate,severe_noise,maheSh bAAbu I reMj lo navvaDaM ippai varaku ide mòdaaTi sAAri. Big thnks to Sthi anna.,hate,0.5527321666830519,0.5527321666830519,0.4472678333169481
679,hate,severe_noise,janAu elru bochchu leru aMA aMbakk,hate,0.584552097572349,0.584552097572349,0.415447902427651
680,hate,severe_noise,"​vaisIIpI, bijei òkaTe. rèMu pArTIlu uunderstandig.jagan gru iikkaDa gaTTigA ariste apojiiShan reup DibT lo sIèMM gAru aDagaledu ani aMTAru.aMtkau miMhi emI leedu.",hate,0.564134358694545,0.564134358694545,0.435865641305455
681,hate,severe_noise,"90lm sIèM, nIku hiMduvulu aMTe èMduku aMta chuulakana,",hate,0.5512920404399106,0.5512920404399106,0.4487079595600893
682,hate,severe_noise,Ila suuitcaselu peetti msam cheyatam kanna afrer results vaachaka prize money la petti untey best ga endhuko ee omsalu,hate,0.5851720678552861,0.5851720678552861,0.414827932144714
683,hate,severe_noise,Ycp Gunda na kodakalara randra chuskudnham,hate,0.5902825683833781,0.5902825683833781,0.40971743161662183
684,non-hate,severe_noise,From receent 3 montsh iam addicteed to your viideos anna. Yur way of explaining and slaang is vey niice,hate,0.5306000132056703,0.5306000132056703,0.46939998679432965
685,non-hate,severe_noise,​paavan anna mdagudu ra ani chppa,hate,0.5878036309721947,0.5878036309721947,0.4121963690278053
686,non-hate,severe_noise,nI iMTarvyU annTiilo nAku naachchina iMTarvyU idi òkaTe anna,hate,0.5461008684346658,0.5461008684346658,0.4538991315653342
687,hate,severe_noise,"AMdhrapradesh kòMaDlu, guuTTalu kabjjA mAphiyAA DAn jaggu bhAAy",hate,0.552192423633013,0.552192423633013,0.447807576366987
688,hate,severe_noise,Panniki malina chaana,hate,0.5543667632927387,0.5543667632927387,0.44563323670726135
689,non-hate,severe_noise,I pAATa aMTee èMtaamaMdiki iiShTaM,hate,0.5308558824455885,0.5308558824455885,0.4691441175544116
690,hate,severe_noise,Stage ekkithe calu solllu,hate,0.5824772832903335,0.5824772832903335,0.4175227167096665
691,hate,severe_noise,"Staarting lo full coover aiye vesedi dresses,, rating koasm ippuudu Air rfee",hate,0.5477042616498788,0.5477042616498788,0.45229573835012116
692,hate,severe_noise,mmeu vieos chusthe kani emku aannam kuda dorakaadhu aalntappudu maammilini yedavau ni chesi aanukoku ra naayana soollu apu,hate,0.6025586114768815,0.6025586114768815,0.3974413885231185
693,non-hate,severe_noise,Porapatuna cinema bgaledu janalu raledu nate paaristiti Vijay:Intlo paadukovalsinde,hate,0.5728654646585946,0.5728654646585946,0.42713453534140544
694,non-hate,severe_noise,appuDu rAjakIya èdugudalaku kAArakulayina advvAnI gAArni aamAniMchAru. ippDuu paadavIviramaNa chsina koviMd gAArini avamAniMchAru. nyyamA modI gAAru.,hate,0.5630647891917822,0.5630647891917822,0.43693521080821784
695,hate,severe_noise,chiraMjIvi gAur iShTaM leenappuDu Ayaato èMdukku vAys ovar èMduku cheyuMchukunnAru mI sinimAlo.,hate,0.5420907115696807,0.5420907115696807,0.45790928843031925
696,hate,severe_noise,dInmama rooja ni èvvaDikainA chUpiMchaMDi rA,hate,0.5482054453048604,0.5482054453048604,0.45179455469513957
697,non-hate,severe_noise,"meUiD Dres karIdu 15 lakShalu , okkokka Drèès kariidu mai iMta Dbabu èkkaDinMuchi vachchAyamma",hate,0.5538777940505557,0.5538777940505557,0.44612220594944435
698,hate,severe_noise,Net I pohe gooogle lo ela search chestav ra beevakoof,hate,0.5657577161487177,0.5657577161487177,0.4342422838512822
699,non-hate,severe_noise,aMbedkar viluva mIku tèlisinaTuTgA riijarveShan tIsukunna vyakktulaki tèliyaledu kaanIsaM idi chUsina tarvvAta ayinA tèlustuMdi,hate,0.5642863732916594,0.5642863732916594,0.4357136267083405
700,hate,severe_noise,guDivAADa praajalu Alohcana parulu kAnaMta varaaku deevuDu kUUDA bAug cheyaleDu veDavalakU paddavulu.,hate,0.5683302878330481,0.5683302878330481,0.43166971216695194
701,non-hate,severe_noise,mIIru sUpr mDaM paTTudala uMTe edainA sAdhiMchavachchu ani mru nirUUpiMchAru,hate,0.5679348330527929,0.5679348330527929,0.43206516694720715
702,hate,severe_noise,idi fraankness nI bòMda.... anAgrikaM.... sbahyata saMskAraM leni òka saaiko vIDu.... ughallo jIviMchAlsina vADu.,hate,0.5430074681328807,0.5430074681328807,0.4569925318671193
703,non-hate,severe_noise,rpabhutva sòmmmu òkka rUpAyyi kUDA vnèuka vesukoleddaMTe adi APJ abdull klAm,hate,0.5623143179973187,0.5623143179973187,0.4376856820026813
704,non-hate,severe_noise,"Dvil mUvII kDUA Blockuster nIkiMkA tapadu diigvijayaM... nMdamUri 3 sTArss jai ènTIAr, jai Ablayya, jai rAm...... jai naMdamUri",hate,0.5373672907633024,0.5373672907633024,0.46263270923669764
705,non-hate,severe_noise,Andhariki rajaomuli rgv iinspiration emo nku meeere inspiration.....words can do more thaan action....mee laga knowlede gaain cheeyyali sir nenu,hate,0.5550197284345697,0.5550197284345697,0.44498027156543024
706,non-hate,severe_noise,Bagunnavu hcai and palalvi,hate,0.5697204394800788,0.5697204394800788,0.4302795605199213
707,hate,severe_noise,karonAA vachchi janlni òka rkaMgA saMputuTMe.,hate,0.5463163072685709,0.5463163072685709,0.45368369273142906
708,hate,severe_noise,ADu chUUsi chsUi roojA pakkana kUrrchuMTADeme annukunnA.,hate,0.5545078895359714,0.5545078895359714,0.44549211046402865
709,non-hate,severe_noise,nuvu mATlADedi tappu. aanna guriMchi èMtinA chèppuuko vaachchu AknI mohan bAbu gArini tammuDu ani mAlTADaDaM emAtraM karèkT kAdu. vALLa kòDukulu kUDDA sIriys ayiet èMtaa pariistiti eMMTI.,hate,0.5654395512725228,0.5654395512725228,0.4345604487274772
710,non-hate,severe_noise,iMMta aMdaMgAA èlA adi mIru mIlAne mI svaaraM kUUDA cAla aMdaMgA uMdi,hate,0.542224667943125,0.542224667943125,0.45777533205687504
711,non-hate,severe_noise,Powerr staar antee moovies and acting kaadu reeal star onlly,hate,0.5351638388724183,0.5351638388724183,0.46483616112758175
712,non-hate,severe_noise,"Inkko rendu pdithey, aa miigatha duula kudaa theerpoddi UUday Kiiran 2",hate,0.5785290472135947,0.5785290472135947,0.4214709527864053
713,non-hate,severe_noise,aMtariiMchi potunna AroyAvaMtamaina hAsyAnni taTTi lepina sAtvik....,hate,0.5592651048537405,0.5592651048537405,0.4407348951462596
714,non-hate,severe_noise,iTuvaMTi chAAvu rAvAlaMTe èMta puNyaM cesi uMDAlo mI Ataku shAMti kalagAlani koorukuMTunnAnu,hate,0.5635049478567302,0.5635049478567302,0.4364950521432698
715,non-hate,severe_noise,bAlayya bAAbu abbhimAnini I isnimA pèdda iTu kòTTAAlani maanaspUrtigA kroukuMTunnAnu jai bAAlayya jai chiiraMjIva,hate,0.5551486251334077,0.5551486251334077,0.4448513748665923
716,hate,severe_noise,tweet:enduku kmuail najaini guudda chal ragaluo vuntdhi ukmail: enduku mi ama lipstick vunthadhi,hate,0.5601576138698516,0.5601576138698516,0.43984238613014837
717,non-hate,severe_noise,nuvvu paaDiMdi maMchhi gAuMMdi bro,hate,0.5586106387775538,0.5586106387775538,0.4413893612224462
718,non-hate,severe_noise,annA cAlA iMpprUv ayyAv.... sUUpar,hate,0.5304513490226778,0.5304513490226778,0.46954865097732224
719,hate,severe_noise,E rooju e liger moovie chua uuttar flop movie jeevitham meedhaa viirakthi puttipoyindhii,hate,0.5668804837046315,0.5668804837046315,0.4331195162953685
720,non-hate,severe_noise,"tna svayaM kRRiSShi to kaShTapaDi, tana naaTanato preShakula hRRidayAllo chèraagani muddra veesukunna mana èmgAsTAr chirMajIvi",hate,0.5554976679019832,0.5554976679019832,0.44450233209801676
721,non-hate,severe_noise,Samanntha actng martam ichipadesindhi thrlil chestadhi seecond halff fanastic aanthe,hate,0.5741635648742685,0.5741635648742685,0.4258364351257316
722,non-hate,severe_noise,Harsha anna ni kaalavaali okkasarania,hate,0.5677116521984727,0.5677116521984727,0.43228834780152725
723,non-hate,severe_noise,Industry lo òkkka remark kUA leni phyAmilI edinA uMdA aMe adi One And nOly Victoryy Vekny AAnna Gari Famliy Spuerb Raaa Anna,hate,0.5420027038332712,0.5420027038332712,0.4579972961667288
724,non-hate,severe_noise,goranla madav issues sied chyadaniki jenaena ni kelikkaru yeeppatu lane,hate,0.5770529181589399,0.5770529181589399,0.42294708184106006
725,hate,severe_noise,Mee Ayya aFrmhouse Unte Mee ML Lu pApudaina Mee Ayyani Chusndra Lolly ga,hate,0.533825289277366,0.533825289277366,0.4661747107226339
726,hate,severe_noise,vIDiyo tsIinAnu kòTTAla vInni kòTTla dAAni kiMda veesi kòTATla,hate,0.5501963866287072,0.5501963866287072,0.4498036133712929
727,hate,severe_noise,nennu rojU anaUsyanu uuhiMchu kuMTu kòDuutnna,hate,0.5667506582671864,0.5667506582671864,0.43324934173281354
728,non-hate,severe_noise,"""naMib nArAyaNa"" gAriki jarigina anyAyyaM chUUstuMTe chAA bAdha veestuMdi, ""naMbi nArAyNaa"" gri tyAgAniki mA hRRidayapUrvaka ""pdAbhi vadManAlu""",hate,0.5452173817355359,0.5452173817355359,0.45478261826446414
729,non-hate,severe_noise,niaMgA I lav sTorI eMdi bai shInanna eDiche sIn sUUpar,hate,0.5464489830694539,0.5464489830694539,0.4535510169305461
730,non-hate,severe_noise,Suuper tammudu,hate,0.539230587926814,0.539230587926814,0.460769412073186
731,hate,severe_noise,owasi broo's nupur raja sinh ni apkistan ledhaa anndaman ko tarmidenngali t#he peopel who diivde inia,hate,0.5961070445902733,0.5961070445902733,0.4038929554097267
732,non-hate,severe_noise,iMduloo òkka niijaM uMd... liph sAphIgA jarigevALLu byaaTa pADAu.. èMduku aMTee vAALlaki avakAshAlu unnnAyi kAbaTTi..,hate,0.5551252649863287,0.5551252649863287,0.4448747350136712
733,non-hate,severe_noise,pols vevasthalo mIlAMTi SP lu uMTe poolIs lapia garavaM pèruugutuMdi sAr...mIlAMTi SP mA tèlaMgANA lo kDA rAvlAi sAr,hate,0.5457212390746631,0.5457212390746631,0.45427876092533687
734,non-hate,severe_noise,mIIru A shAyilo MuDi kUDAA mI sehituni paricchayaM cheyaDDaM AnaMdakaraMM,hate,0.5594440582029331,0.5594440582029331,0.4405559417970669
735,non-hate,severe_noise,Alaanti goppollaki ilaanti goppolle puudatharu..,hate,0.5688201509345288,0.5688201509345288,0.4311798490654713
736,non-hate,severe_noise,bAgunnAru talli kòDukulu sTorI,hate,0.5389066479129665,0.5389066479129665,0.4610933520870335
737,hate,severe_noise,"drohaaM cesiMdi,nijaMgA epI usuu bIjepIki,moDIki taagulutuMdi.",hate,0.5568767902131706,0.5568767902131706,0.4431232097868294
738,non-hate,severe_noise,hcAlA yUUTyUb chAnallalo mIur chèpina garikappATi vAAri abhiprAyaM prachAramautunnadi. vATi kiMda kmAèMTulanu siinimA raMgM vAru chadivite prajAbhiprAyaM tèlustoMdi. meainA aunkoni anukuMTe òkanAu vAAri bhAryApillalapai ade praabhAvaM paDavachch.u chiaragA buudhdhi chèbutuMdi…,hate,0.5627084687381103,0.5627084687381103,0.43729153126188963
739,non-hate,severe_noise,tèlugu rAShTrAlaki maaMchi maMchi nAakulu dòrikAru sinimAu vèLlanavassaraM ledu vALeL sinimA chUUpistAru maMchi kAAlakShepaM,hate,0.5475261131124982,0.5475261131124982,0.4524738868875018
740,hate,severe_noise,Power Lo undii evrau ra vdava,hate,0.5718945473827579,0.5718945473827579,0.42810545261724203
741,hate,severe_noise,Waset gaaadu ali,hate,0.5495820871264072,0.5495820871264072,0.4504179128735928
742,hate,severe_noise,​pawalagadi goorrelaki avesam thaappa aochana ledhu,hate,0.5939328580470172,0.5939328580470172,0.40606714195298277
743,hate,severe_noise,Muundhu RTC Buses lo students enhta ibbanhi padivelthunnaur chudandii valla hanging coditions you haave to nootice everything,hate,0.5552450886663485,0.5552450886663485,0.4447549113336515
744,non-hate,severe_noise,harSha..! nI manasulage... nI rUpaM kDUA aMdaMgAA uMdi.....,hate,0.5326649751944763,0.5326649751944763,0.4673350248055237
745,hate,severe_noise,Pila nibha stra vijjgay ooverkonda ugddakonda,hate,0.5783700463741741,0.5783700463741741,0.42162995362582595
746,non-hate,severe_noise,Ede piondi kaadu amnaki,hate,0.579431643353234,0.579431643353234,0.4205683566467659
747,hate,severe_noise,Apu rA DrAA rvu anni sòllu kaburlu,hate,0.5670450498984807,0.5670450498984807,0.43295495010151935
748,non-hate,severe_noise,chAlA bAAgA chèppAru anna.. mòdaTTi udAharNaa vuuMdi adi mAtrM.... mAmUugA ledu... sUpar asalu,hate,0.5377814387824236,0.5377814387824236,0.4622185612175765
749,hate,severe_noise,Hero lu remunreation atggisthe dil raju rates peenchi collectioons motham mingesthadanta….funny fellow,hate,0.5529342077532408,0.5529342077532408,0.44706579224675924
750,hate,severe_noise,​Ap statte nu sara nasanam chesaru,hate,0.561867156421411,0.561867156421411,0.438132843578589
751,non-hate,severe_noise,Logically what u saaid is excatly right.. Appreciated the way you explainde the concetps of govrnment and oother way of ruling.. Goood.. Keep it up dar..,non-hate,0.5055466462118343,0.4944533537881657,0.5055466462118343
752,non-hate,severe_noise,"raitu badM vaalla èvaarikI lAAbhaMrA nAAyana, èvaarikI eekuvA bhUUmi uMTe vADikke ekuvva lAbhaM,, nuvvu nI brookar jaarnalijaM",hate,0.5537619400121931,0.5537619400121931,0.44623805998780686
753,hate,severe_noise,rAey dama rao apura Ne solluu,hate,0.5739959455913302,0.5739959455913302,0.42600405440866984
754,hate,severe_noise,veNu svAmI mI mAATalu annnI baaddaM.,hate,0.5480032306054039,0.5480032306054039,0.45199676939459604
755,non-hate,severe_noise,eM adRRihSTaM sAmi anna ne pon toouch chesiMdi.. lakIk,hate,0.5608434643252853,0.5608434643252853,0.43915653567471474
756,non-hate,severe_noise,chirtua looks aduhrs,hate,0.5520400621034418,0.5520400621034418,0.44795993789655814
757,hate,severe_noise,Maadhi sommu ea kadhaa vochesthadhi,hate,0.5640368291616181,0.5640368291616181,0.4359631708383819
758,non-hate,severe_noise,anil kuumAr gAirdi taappaledu kAnI iilAMTi samasyalu kUA rAShTraMlo unnAAyi ani bAggA tèliiyajesAru.,hate,0.5591208558886884,0.5591208558886884,0.44087914411131157
759,hate,severe_noise,oSrry to say but chinna eventss ki vlthe iilaney jaugutundi..,hate,0.560477582528539,0.560477582528539,0.43952241747146104
760,hate,severe_noise,tlivaina mUUrkhuDu... RGV,hate,0.5474470303854879,0.5474470303854879,0.452552969614512
761,hate,severe_noise,"rojA AMTI ki bgA tèèlusu jalaga mòòna rèDDii ki vèMTrukau èkkkaDa, èkkaDa unnyAo",hate,0.5456216064311321,0.5456216064311321,0.45437839356886783
762,hate,severe_noise,karan jhoar aslaa modda levaud anta andukye ammaila matalaudthaane vunatru,hate,0.5920017581745459,0.5920017581745459,0.4079982418254541
763,non-hate,severe_noise,y​uddham avdhu please for lookham lo shanthi vunchadhi,hate,0.5558786876784153,0.5558786876784153,0.4441213123215847
764,non-hate,severe_noise,Niku cheppada kohili one day adaanu ani,hate,0.568583311641996,0.568583311641996,0.431416688358004
765,non-hate,severe_noise,KCR ni hcusi Vllabhai patel ankunnademo.,hate,0.5692789983222766,0.5692789983222766,0.4307210016777234
766,non-hate,severe_noise,great raa baabu moveis loki vellipoyava ra baabu,hate,0.5838087399971842,0.5838087399971842,0.4161912600028158
767,non-hate,severe_noise,Telugu taml indstry la ki break dance nerrpindhe pabhudeva..meru evergren dancer sir,hate,0.5530815667869048,0.5530815667869048,0.4469184332130952
768,hate,severe_noise,Pra kukka,hate,0.5516178058663318,0.5516178058663318,0.4483821941336682
769,hate,severe_noise,Nvu fiirst e chaannel dheni koosam pettniav kcr koosama peeoples ki eemaina prayoanam vundhara enntha sepu kcr sanka nakuthunnav,hate,0.5949865129620449,0.5949865129620449,0.4050134870379552
770,hate,severe_noise,narottam mishra peeddha langa ram seetu movvie ban cheyamantaru deniki moive preu lo ram vundhi ani,hate,0.597285290019827,0.597285290019827,0.402714709980173
771,non-hate,severe_noise,hamayya.. ippaTiki òka maMchii vIDyo cheeshAvu tlli,hate,0.5538604810062571,0.5538604810062571,0.4461395189937429
772,hate,severe_noise,iilAMTivi chsetene mIkku 20199 lo bòkkaa paDiMdi.,hate,0.5556160725459451,0.5556160725459451,0.4443839274540548
773,non-hate,severe_noise,Ram entra babu inntha andagma undau supr,hate,0.5693260441615151,0.5693260441615151,0.4306739558384849
774,non-hate,severe_noise,kaMTo durada pèTTiMdi kAbTaTi saripoyiMdi,hate,0.5529163185749139,0.5529163185749139,0.44708368142508614
775,hate,severe_noise,ekkkaDaki poyaMMDi I mahiLA kamiShan,hate,0.5754214556489484,0.5754214556489484,0.4245785443510516
776,non-hate,severe_noise,nuvu kAAdayyA hro nI yaanakAla uMdi chUUDu puli sonu sUd sAr,hate,0.5706427904700642,0.5706427904700642,0.4293572095299359
777,hate,severe_noise,jagann gabbu gadu cbn epttina mnachi padakalu ni tolagichi auto valla ki 1000rs esthunnaru,hate,0.5932698527469364,0.5932698527469364,0.40673014725306356
778,hate,severe_noise,Desaani doochokotaaniki eeyanakki emi takkuvayindita,hate,0.5615845731888003,0.5615845731888003,0.4384154268111997
779,hate,severe_noise,​a bayaam une villlu paripala tinnaga cheeste sari ponu,hate,0.5942648866706961,0.5942648866706961,0.40573511332930395
780,hate,severe_noise,Telugu industry na modda kudavandi ra,hate,0.5671913732621513,0.5671913732621513,0.4328086267378487
781,non-hate,severe_noise,Sister..N.elanti vaalu thaluchukutney condecterley kaadhhu ocllectorlu avthaaru...kalaakarulavtharu....enku suport chestunna ne famly k.i.A P S R T C ki ne thaarupuna Thanks cheptunna,hate,0.5634724767612151,0.5634724767612151,0.4365275232387849
782,non-hate,severe_noise,Nenuu aaite Jabardast hsow chudadam mnaesanu TV 5 ABN chaannels lo debaets vchhinaka,hate,0.5733341502535227,0.5733341502535227,0.4266658497464773
783,non-hate,severe_noise,Mahseh smlie ....pure soul,hate,0.5110361123531768,0.5110361123531768,0.4889638876468232
784,non-hate,severe_noise,Madam meru goood questions aaduguthunnaru,hate,0.5638157464283592,0.5638157464283592,0.4361842535716408
785,hate,severe_noise,𝙋𝙪𝙠𝙪 𝙙𝙖𝙣𝙜𝙞𝙩𝙝𝙝𝙖,non-hate,0.5049325305200952,0.49506746947990476,0.5049325305200952
786,non-hate,severe_noise,mIru mAuk dUraM avvaDaM mA duradRiRShTaM,hate,0.5383303272323405,0.5383303272323405,0.46166967276765947
787,hate,severe_noise,Amma pai joke enyt raaa.... Avulgallraa,hate,0.5610836303841362,0.5610836303841362,0.43891636961586383
788,non-hate,severe_noise,tAAnu iMtaku mudMe chèppADu nenu ilA videos cheyaAniki kAaNaM aaMdarU inspire avvAli ani,hate,0.5657679158928799,0.5657679158928799,0.43423208410712005
789,hate,severe_noise,Chi yentraa makikarma,hate,0.5676784287403347,0.5676784287403347,0.4323215712596653
790,non-hate,severe_noise,tammuDuu nuvvu sUpar nijAnni IlAgge nirbayaMgAA chhèppu èvaniki bhaayapaDaku,hate,0.5618157970693639,0.5618157970693639,0.4381842029306361
791,non-hate,severe_noise,"RK gAAru Imku, mI TIM ki dayavAdAlu, suti mètttagA praashnalu varNiMchAru ahhaMkAriki ....ahaMkAraM kAstaa tagginaTlu anipistòMdi",hate,0.5502996207851414,0.5502996207851414,0.4497003792148586
792,hate,severe_noise,uMndhu veeeni interviiew chesthunna channel vallani thaannali,hate,0.5695968849278683,0.5695968849278683,0.43040311507213164
793,non-hate,severe_noise,gerT parphAAmèns sis kriiMdi aTils sliip avutunna baalans cheesukòni pèrpphèkT gA DAs vesv sUUpar,hate,0.5519673872505069,0.5519673872505069,0.4480326127494931
794,hate,severe_noise,erri puk mooy valla srh plyoffs ki pole,hate,0.5801961260800568,0.5801961260800568,0.41980387391994317
795,non-hate,severe_noise,tvaaralone paan kaLyAN gAru mukhyamatri kAbtounnAru,hate,0.5566010401754427,0.5566010401754427,0.4433989598245574
796,non-hate,severe_noise,Beest lIDar and ebst polIs.pravIN kumAr sar,hate,0.5557348163610716,0.5557348163610716,0.44426518363892836
797,non-hate,severe_noise,Coomments chaadivi mastu enjoy cesthunna nenaitthe,hate,0.5618698726513087,0.5618698726513087,0.4381301273486913
798,non-hate,severe_noise,A vaTi Drès lo chUstuMTe vijayavADa pèddapuli vaMgaITi mohan ragA nu chUsinaTTuMdi aanna,hate,0.5633372492494948,0.5633372492494948,0.43666275075050515
799,hate,severe_noise,Ttr dogal trs pata leaderss,hate,0.5557655482262813,0.5557655482262813,0.4442344517737187
