id,true_label,condition,text,prediction,confidence,probability_hate,probability_non_hate
0,non-hate,original,స్త్రీలను వీధిలోకి లగకంది పవన్ గారు చూస్తే ఆయనకి పార్టీ కి చెడ్డ పేరు వస్తుంది,non-hate,0.5605428634296303,0.43945713657036967,0.5605428634296303
1,hate,original,Gudha paguldegale,hate,0.9057402805512367,0.9057402805512367,0.09425971944876328
2,non-hate,original,Nijanga ilanti extraordinary persons untaru,non-hate,0.5599775144023093,0.44002248559769075,0.5599775144023093
3,non-hate,original,నాకు ఇంటర్నెట్ మొబైల్ డేటా లేదు అండి ఇందులోనుంచి డబ్బులు వస్తే ఏపించుకుందాం అని చూస్తున్న... మాములుగా లేదు అనుదీప్ గారి పంచెస్,non-hate,0.8391972618338489,0.1608027381661511,0.8391972618338489
4,non-hate,original,AP ki manchi rojulu vasthundhi,hate,0.5564263756301855,0.5564263756301855,0.4435736243698145
5,non-hate,original,Ayithe life politician kavali ra Babu.,hate,0.7062903765861199,0.7062903765861199,0.2937096234138801
6,hate,original,KTR:Nannu erri puk cheshavu gah kadhara revanth,hate,0.729054127930433,0.729054127930433,0.270945872069567
7,non-hate,original,Youtube vedios konni follow ayyedhanni tharwatha BB house lo koncham negitive feel ayya ippudu chustunte badha anipistundhi very good dancer All the Best for your future Shanmukh 💐,non-hate,0.8747491591607549,0.1252508408392451,0.8747491591607549
8,hate,original,Recharge aipothey data ela vastadhi ra erri puka,hate,0.8933758990087056,0.8933758990087056,0.10662410099129437
9,hate,original,vadu donga nuuv yadava,hate,0.9171556831135664,0.9171556831135664,0.0828443168864336
10,non-hate,original,సంస్కారవంతమైన కుటుంబం,non-hate,0.827262652132552,0.172737347867448,0.827262652132552
11,non-hate,original,ప్రజా సమస్యల పరిష్కారంపై దృష్టి పెట్టండి,non-hate,0.8461775297214619,0.15382247027853813,0.8461775297214619
12,hate,original,Waste gadu Natraj is very bad behaviour,non-hate,0.5251800117290105,0.4748199882709895,0.5251800117290105
13,hate,original,Kanisam okka wicket kooda teeyaledu waste galu,hate,0.880946433561851,0.880946433561851,0.11905356643814902
14,hate,original,"Amit Shaw ki slippers vesthu bathukuthunnadu, telugu vaari gowravaanni gujarat gadidhala dhaggara thaakattu pettesthunnadu..",hate,0.8603762567217882,0.8603762567217882,0.13962374327821178
15,hate,original,jihah khan sucide ki karanam sooraj altanchdi sulli bhai mafia support free vare ammailtho dengithunaru,hate,0.8095714390307178,0.8095714390307178,0.19042856096928215
16,non-hate,original,"Police vallu cheppindi antha nijamena, poorthi enquiry ayina tharavatha nuvvu vallanu criminals Ani cheppu brother.",hate,0.6898393681318337,0.6898393681318337,0.31016063186816634
17,non-hate,original,ప్రతి సీన్... ప్రతీ షాట్....మతి పోతుంది లోపల awesome,non-hate,0.9404057016220811,0.05959429837791885,0.9404057016220811
18,non-hate,original,Janabha.peregutunaru.vupadhe.udhyogalu.karuve.vundhe.,hate,0.7482112258021208,0.7482112258021208,0.25178877419787915
19,non-hate,original,మళ్ళీ మళ్ళీ రిపీట్ చేస్తూ చూస్తున్న వాళ్లు ఎంతమంది ఉన్నారు...️,non-hate,0.5826690221911275,0.4173309778088725,0.5826690221911275
20,non-hate,original,entha cute couple abbaa..!!,hate,0.5618806087390549,0.5618806087390549,0.43811939126094507
21,non-hate,original,Allu Arjun cinema ki pranam esatadu,non-hate,0.7443072524458655,0.2556927475541345,0.7443072524458655
22,hate,original,తెలివిగలవాళ్లని అనుకుంటాంగానీ కాదు అదృష్టం ఏమూలో ఏడుస్తుంది ఇట్లాంటి  వాళ్ళకి. జనాలతో తిట్టించుకుంటే కాని నిద్ర పట్టదు,hate,0.5858054804382069,0.5858054804382069,0.41419451956179304
23,non-hate,original,కడిగేయండి మీరు సమాజాన్ని!  నాకు బాధగానే ఉంది గురువుగారు.,non-hate,0.8635802865644169,0.13641971343558312,0.8635802865644169
24,non-hate,original,"God bless your relation madam, జై సుధీర్ అన్న",non-hate,0.9234670338518194,0.07653296614818061,0.9234670338518194
25,hate,original,Ammai ni pattukoni kavalissindhi konuko ani anta vurukuntunda,hate,0.7923035795904207,0.7923035795904207,0.20769642040957922
26,non-hate,original,"శుక్రవారం శుక్రవారం స్టేషన్ కి వచ్చి సంతకం
పెట్టు",hate,0.5485072466462675,0.5485072466462675,0.4514927533537325
27,non-hate,original,ఎందరో  మహాను బావులు  వుంటారు వాళ్లు ఊరికెనే ఉండరు,hate,0.6444763991361542,0.6444763991361542,0.3555236008638459
28,hate,original,Nuv annantha mathrana Harsha Sai midha abimanam thaggadu ra,hate,0.6873827985667911,0.6873827985667911,0.312617201433209
29,non-hate,original,నీతి నిజాయితీ లకు మారు పేరుగా నిలిచిన వ్యక్తి ఆళ్ళ రామకృష్ణారెడ్డి. అమరావతి రైతులకోసం నిజమైన పోరాటం చేసిన వ్యక్తి. ఆయన పదికాలాలపాటు చల్లగా ఉండాలి.,non-hate,0.9671812526026262,0.03281874739737378,0.9671812526026262
30,hate,original,వచ్చిందయ్యా మహా పతివ్రత.... అనసూయ అంటేనే నిలువెల్లా బూతు..... ఈమె చెబుతుంది నీతులు... తూ..... సిగ్గుమాలిన జన్మ,non-hate,0.5415299809736593,0.45847001902634066,0.5415299809736593
31,hate,original,Vedoka pulkagadu vinikanna Prakash Raj better,non-hate,0.6515347348528131,0.3484652651471869,0.6515347348528131
32,hate,original,Na modda la expressions,hate,0.9350656142622088,0.9350656142622088,0.0649343857377912
33,hate,original,Arey ni bondha ra chetha na kodaka,hate,0.8884453101620077,0.8884453101620077,0.11155468983799234
34,hate,original,Vediki Gudda baga balisindi anukunta..Balayya babu meeda jokes endukura ep,hate,0.6556972259569411,0.6556972259569411,0.34430277404305887
35,hate,original,Veelu vedi over action,hate,0.8411607981608096,0.8411607981608096,0.1588392018391904
36,non-hate,original,ఏముంది పదవికోసం గుధ్ధ కూడా నాకేస్తారు ఈ రాజకీయ రాబందులు,hate,0.7402991863354105,0.7402991863354105,0.25970081366458947
37,hate,original,Yadava Veshalu taginchukunte Baguntadi,hate,0.5582166991449939,0.5582166991449939,0.4417833008550061
38,non-hate,original,ప్రతిపక్షాలు సామాన్యుడిని ఎదగనివ్వరు పేద ప్రజలకి ఇల్లులు కడుతుంటే ఇప్పుడు వాళ్లు వచ్చి ఎలా కడుతున్నారు చూస్తారట ంగా ఉంది అతని నుంచి పేద ప్రజలకి ఇళ్ల పట్టాలు పంపిణీ చేయడానికి వీలు లేదంటూ ఆయన స్టేజెస్ కూర్చున్నాడు అంటే ఇతను కంపు చేయడానికి ప్రయత్నించేస్తున్నాడు జగనన్న లబ్ధిదారులు ఇటువంటివి జరిగినప్పుడు బయటకు వచ్చి మీ తాలూకా మనసులో ఉండే మాటను వాళ్లకి తెలియపరచండి,hate,0.6310965179213768,0.6310965179213768,0.36890348207862317
39,hate,original,Ore ni veshalu api pani chusko,hate,0.8714093941615101,0.8714093941615101,0.12859060583848994
40,hate,original,priyanka arul mohan gudda chaala sexy vuntadhi dani panga chachi dengali,hate,0.7124995999810417,0.7124995999810417,0.28750040001895827
41,non-hate,original,Devudimida jokulu vesina avamanichina chala nasta potaru vinayakudito pettukokuda power full god,non-hate,0.5143099324614565,0.4856900675385435,0.5143099324614565
42,hate,original,Nuvvo moddaganivi andhuke aapesnav,hate,0.6997079469698069,0.6997079469698069,0.3002920530301931
43,hate,original,amarica andatho madam perigi kotukuntundi urikine,hate,0.7800877131910716,0.7800877131910716,0.2199122868089284
44,non-hate,original,చాలా మంచి మూవీ అన్న ...మీరు రియాక్ట్ అవుతావ్ అనుకున్న అన్న ..నువ్వు సూపర్ లాయర్ అన్న,non-hate,0.9540683180127458,0.04593168198725417,0.9540683180127458
45,hate,original,Idi RTC Conducter ha leka Inka bustand lo emaina chesinda,hate,0.6963174843928546,0.6963174843928546,0.3036825156071455
46,hate,original,Krittika Garu Vadine Chepu tho Kothandi Live Lo....,non-hate,0.5015928035770507,0.4984071964229493,0.5015928035770507
47,hate,original,ఇంక ఆపుర నాయనా... అక్కడ చూయించు...,hate,0.5658540356746111,0.5658540356746111,0.43414596432538893
48,non-hate,original,మీ ఫ్యామిలీ లో నాకు నచ్చింది నువ్వు అన్న.. కరెక్ట్ గా మాట్లాడుతావ్..,non-hate,0.8218119828405469,0.1781880171594531,0.8218119828405469
49,hate,original,Suma garu koncham thagichuko,hate,0.5962242440396307,0.5962242440396307,0.4037757559603693
50,hate,original,Orey adhiga guddha mue,hate,0.7705616500034465,0.7705616500034465,0.22943834999655352
51,hate,original,"Orey  jaffa bul bul,go and buffalo muddilo paduko",hate,0.7344597154151551,0.7344597154151551,0.2655402845848449
52,non-hate,original,Hanu raghavapudi love story ante super immersive ga untadi,non-hate,0.81464969655924,0.18535030344075998,0.81464969655924
53,hate,original,chillar party lu Anne okkatyna modi ji ni next pm modi ji yogi baba ni,non-hate,0.6056021960636268,0.39439780393637325,0.6056021960636268
54,non-hate,original,Jayamu jayamu chandranna jayamu neeku chandranna,non-hate,0.8267164064889793,0.17328359351102074,0.8267164064889793
55,hate,original,Aaku puuku theliyandhi kuda judge aipoindhi,hate,0.7238130527674194,0.7238130527674194,0.2761869472325806
56,hate,original,SHOES  Amithsha modi kinda Oodigam chey..,hate,0.7605294655500194,0.7605294655500194,0.2394705344499806
57,non-hate,original,​raani pramadam raani no problem.. next tym bjp ki vote veyandi telangana prajalara,hate,0.8154173076516695,0.8154173076516695,0.1845826923483305
58,non-hate,original,Ee madya kaalamlo vochina films lo naaku idhi baaga nachindi,hate,0.5993796642145202,0.5993796642145202,0.4006203357854798
59,hate,original,"Evidence unna mla kodukuni arrest cheyaledhu, police lu ki dammu ledhu",hate,0.8681133686224973,0.8681133686224973,0.13188663137750262
60,hate,original,Veedu aadi gaadu maaradu veediki stage cleaning pani ivvandi,hate,0.8247881664441847,0.8247881664441847,0.1752118335558153
61,non-hate,original,E movie Gurinchi okkadu negative ga matladina vaadu terrorist ayyi undali..,non-hate,0.5402802464825963,0.4597197535174037,0.5402802464825963
62,non-hate,original,Kaasta అమ్మ నన్న పైన ప్రేమ కలిగి vundandi bro,non-hate,0.6618854605166207,0.33811453948337933,0.6618854605166207
63,hate,original,Kulaaa pechhe fuuga undeanana,hate,0.828579333891923,0.828579333891923,0.171420666108077
64,hate,original,Are Babu niku endukura,hate,0.8034631969311863,0.8034631969311863,0.1965368030688137
65,non-hate,original,"Intaki Rahul evadabba, sir indirect ga Congress Rahul Gandhi ki hint istunda kalsipodamani",non-hate,0.5485358301509061,0.4514641698490939,0.5485358301509061
66,non-hate,original,"This should be  a good lesson for youngsters.  Moral is "" జీవితం లో గెలుపుకి బందు మిత్రులు ఎక్క్కువ, కాని ఓటమి ఎప్పుడు అనాదే""",non-hate,0.8061508066882938,0.19384919331170625,0.8061508066882938
67,non-hate,original,Vaddu Bangaram nuvvu happy ga vundali,hate,0.5368300992111027,0.5368300992111027,0.4631699007888973
68,non-hate,original,"kani, ekkuva cheste alasata, weakness, body peragaka povadam, teenage lo tarvata kuda face paina gaddalu pimples ravadam nijam...better keep it two-three times a week..get busy and focus on your studies and career guys.",hate,0.5544713515187136,0.5544713515187136,0.4455286484812864
69,hate,original,Chempa pagilddemo,hate,0.8222455854175024,0.8222455854175024,0.17775441458249766
70,non-hate,original,వాడి అసలు రూపం అదే  ఎవరిని ఎప్పుడు వాడుకుని వదిలేయాలో వాడి కంటే ఏ రాజకీయ నాయకుడికి తెలియదు,non-hate,0.621785688123452,0.37821431187654797,0.621785688123452
71,non-hate,original,మీ ఇద్దరి వల్ల తెలంగాణ జనాలకి ఏమన్న ఉపయోగం ఉందా చెప్పు,non-hate,0.7921670099644647,0.20783299003553535,0.7921670099644647
72,hate,original,asla murmu president ela ayindhi india parvu poyindhi ni karra mokham eskoni,hate,0.7817365052887568,0.7817365052887568,0.21826349471124315
73,non-hate,original,Etuvanti interviews kadhaa manaki kavalsinavi,non-hate,0.5216580536468512,0.47834194635314875,0.5216580536468512
74,non-hate,original,శర్మ గారు చెప్పిన ది నిజమా అబద్దమా అని చెప్పే ధైర్యం వీళ్లకు లేదు,non-hate,0.8544862825121037,0.14551371748789632,0.8544862825121037
75,non-hate,original,nani anna meru great,non-hate,0.7881264505285184,0.21187354947148163,0.7881264505285184
76,non-hate,original,నువ్వు తెరాస పార్టీ ..ఉంపుడు గత్తేనె కదా రా నువ్వు,hate,0.7851128617627905,0.7851128617627905,0.21488713823720945
77,hate,original,మేడం కు ఉక్క పోస్తునట్టుంది సంకలో బాడీ వేసుకుంది,hate,0.7801145053555618,0.7801145053555618,0.21988549464443824
78,hate,original,ప్రపంచంలో అతిపెద్ద అవినీతి పార్టీ టిఅర్ యస్ కెసిఆర్,non-hate,0.8191502766635862,0.1808497233364138,0.8191502766635862
79,non-hate,original,ఇలాంటి సెలబ్రిటీలు ఇలా షోష్ కు రావాలి sir,non-hate,0.7891536673471696,0.21084633265283037,0.7891536673471696
80,non-hate,original,"Arey Babu Memu chinnappati nunchi chiru fans, pls don't hurt us, first chiru next evarina maaku",non-hate,0.6306491938310611,0.3693508061689389,0.6306491938310611
81,non-hate,original,"eii yevudra veedu, andanga vunnav antunnadu, akka antunnadu",hate,0.7938389968731612,0.7938389968731612,0.20616100312683883
82,non-hate,original,arey shankar ga nvvu kcr sanka nakaku ra,hate,0.7776129468349006,0.7776129468349006,0.22238705316509946
83,non-hate,original,ఎవడి స్టైల్ వాడిది... దేవరకొండ స్టైల్ దేవరకొండ ది అంతే ఇంట్లో తప్పేముంది... వినిపిస్తుంది చెప్పనా.,non-hate,0.6477300520043588,0.35226994799564115,0.6477300520043588
84,non-hate,original,పవన్ కళ్యాణ్ గారు   తమ్ముడు.... మోహన్ బాబు అనే సరికి  అన్నయ్య చిరంజీవి గారు చిన్నపిల్లోడిలా నవ్వుతుంటే ఎంత ఎంత అందగా ఉన్నాడో అన్నయ్య,non-hate,0.8656162832258439,0.13438371677415606,0.8656162832258439
85,hate,original,Veedu am pikaledu ani telusu,hate,0.8877799140470144,0.8877799140470144,0.11222008595298558
86,non-hate,original,"Nenu vunnanu,nenu vinnanu,nenu chusanu.... all are eligible for the Oscar level performance",non-hate,0.620122182885159,0.37987781711484103,0.620122182885159
87,non-hate,original,పోన్లే పాపం కష్టపడ్డదానికి కొంచెం అయిన ప్రతిఫలం దక్కింది …. కళ్ళు నెత్తికెక్కించుకోకుండా ఒదిగి ఉంటే మంచి Future ఉండొచ్చు,non-hate,0.5971551479701392,0.40284485202986076,0.5971551479701392
88,hate,original,rgv gadu canipovali vadi chettabandi ayina chestha,hate,0.5263010786828626,0.5263010786828626,0.47369892131713737
89,non-hate,original,Papam bhayya babi ki potta abbam ga vundhi,non-hate,0.5430736706482849,0.45692632935171507,0.5430736706482849
90,hate,original,Chala ibandi pettavu anna Nuvvu maa Chiru garini,non-hate,0.5273693909390813,0.4726306090609187,0.5273693909390813
91,non-hate,original,సూపర్ rk గారు చాలా మంచి ప్రోగ్రాం,non-hate,0.9933877201579858,0.006612279842014179,0.9933877201579858
92,non-hate,original,భారత దేశంలో పాలన చేతకాని సీఎం పాలన చేత కాక వేరే వాళ్ళని విమర్శించే ఏకైక సీఎం మన బతాల పోషెటి,non-hate,0.6014517521828687,0.3985482478171313,0.6014517521828687
93,non-hate,original,e rashtraniki jarige prathi anyayam gurinchi niswardhanga matlade ekaika vyakti meere saar,hate,0.7867309892870251,0.7867309892870251,0.21326901071297488
94,hate,original,ananaya panadey vi nimma dabbalu lanti payalu,hate,0.7767873997851528,0.7767873997851528,0.22321260021484723
95,hate,original,chetha ra babu  NTV,hate,0.6206168804589481,0.6206168804589481,0.37938311954105186
96,hate,original,Hi ra T.R.S. kukka…,non-hate,0.6303146423687103,0.36968535763128973,0.6303146423687103
97,hate,original,Fans ki respect Ivvslira arye ntira,hate,0.6253911204340966,0.6253911204340966,0.3746088795659034
98,non-hate,original,"first aa ammai family ki security ivvandi.., night night emaina jaragochu...",non-hate,0.547908192643212,0.452091807356788,0.547908192643212
99,non-hate,original,మీలాంటి వారు వుంటే ఆడపిల్లలకు చాలా ధర్మం జరుగుతుంది సార్,non-hate,0.582937512191298,0.41706248780870203,0.582937512191298
100,hate,original,Ayanni okasari kodithey meeru laksha sarlu chupisthunnaru emkavali meeku,hate,0.8549552032543399,0.8549552032543399,0.1450447967456601
101,non-hate,original,Thank you RRR TDP ki bratkinchadamulo mi krushi marvalenidi CBN gariku,non-hate,0.5827086545017407,0.4172913454982593,0.5827086545017407
102,hate,original,గుధ్ధ బలిసి కొట్టుకుంటున్నవే,hate,0.7662233352871114,0.7662233352871114,0.2337766647128886
103,hate,original,inkaa saavaledhu le vaadu baane sacchaadu yedhavakanipisthoone vundhigaa,hate,0.8858011765093348,0.8858011765093348,0.11419882349066526
104,non-hate,original,"Manaki  ibbandi ochinappudu koncham  sahinchatam
Kastam ochinappudu koncham bharinchadam
 Anandham vachinappudu koncham panchadam",non-hate,0.6147050414584975,0.38529495854150253,0.6147050414584975
105,non-hate,original,​trs party lo telangana kosam poradina valle unnara poratam ki vyatirekam ga unnollani ministers ala chesinaru..gurivinda ginja ki kinda unna macha kanapadadu,hate,0.759038031329444,0.759038031329444,0.24096196867055594
106,non-hate,original,Mahesh anna… disappointed with this movie..next movie hit avvali…,non-hate,0.871688838838057,0.12831116116194297,0.871688838838057
107,hate,original,"Jagan ni poguthunnava, leka mingutunnava...indirect ga jagan secret lu ani cheptunnav.",hate,0.783829221732056,0.783829221732056,0.21617077826794392
108,non-hate,original,Samudramlo alalu aagavu Harsha Anna ki anna meeda prema chavadi,non-hate,0.626408969955453,0.37359103004454697,0.626408969955453
109,hate,original,lanja puk managment valla ma warner mamali vadi velipoyaru,hate,0.7113450775785337,0.7113450775785337,0.28865492242146634
110,hate,original,ఫస్ట్ నీతులు చెప్పావు కదా డబ్బు వద్దని ఇప్పుడు ఎందుకు తీసుకోమంటున్నావ్..,hate,0.7230961947132304,0.7230961947132304,0.27690380528676967
111,non-hate,original,సూపర్ అన్న నీ వీడియోస్ నీ మాటలు అంటే నాకు చాలా ఇష్టం అందుకే నీ ఛానల్ సబ్స్క్రైబ్,non-hate,0.9351617452795014,0.06483825472049864,0.9351617452795014
112,non-hate,original,"BJP TRS iddaru dosthlu le , bayatiki ivanni dramalu",hate,0.7891144932930232,0.7891144932930232,0.21088550670697678
113,hate,original,మంగ్లీ పాడిన పాటలు అన్నీ ఒకేలాగనే అనిపిస్తున్నాయి పెద్ద డిఫరెంట్ ఏమీ లేదు,non-hate,0.8662324587583644,0.1337675412416356,0.8662324587583644
114,hate,original,Yem matladuthunnav ra? Naralu kattai poiniy Neeku lekkalenduku ra ayya? Weekend politician,hate,0.9035414793217547,0.9035414793217547,0.09645852067824537
115,non-hate,original,మీరు చరిత్రలో నీలుస్తరు బ్రో Hand's off to Your help full to poor people.,non-hate,0.6072405912569981,0.39275940874300186,0.6072405912569981
116,non-hate,original,Smile chudanidhe venakki thaggavu bro nuvvu,hate,0.7367332287018801,0.7367332287018801,0.26326677129811993
117,non-hate,original,Pichola gurinchi vinadame gane direct ga epudu e video lo chustuna ...,non-hate,0.5820954893577261,0.41790451064227385,0.5820954893577261
118,hate,original,rechipothunnaru adhikaram lo unnaru ani ahamkara dhorani,hate,0.7504025475005337,0.7504025475005337,0.24959745249946633
119,hate,original,Title leak ayithe entiii leak avakapothe entiii....maku enti yee golaaa....title entooo mee build up entooo,hate,0.707397474539543,0.707397474539543,0.29260252546045695
120,non-hate,original,Die hard fan frm Kerala  Nenu choosina pedha actor uh Tollywood lo Pawan Garuu,non-hate,0.7220482277147848,0.27795177228521517,0.7220482277147848
121,non-hate,original,Naa drustilo pspk garu Devudu,non-hate,0.7251296654864493,0.2748703345135507,0.7251296654864493
122,non-hate,original,ముందు రాజా సింగ్ ను కాపాడండి అప్పుడే మీ పార్టీపై ప్రజల్లో నమ్మకం ఏర్పడుతుంది,non-hate,0.862426601623287,0.137573398376713,0.862426601623287
123,hate,original,పోయే కాలం దగ్గర పడింది దేనికి,hate,0.5432209080172041,0.5432209080172041,0.45677909198279587
124,hate,original,"Yerri paapalam manam , samanya prajalu",hate,0.6272397020234448,0.6272397020234448,0.37276029797655513
125,non-hate,original,"Dr YNM
1 month ago
ఇందులో మనం పెద్దగా ఆలోచించాల్సిన అవసరం లేదు. అంతా కాలం మహిమ.ఏదో ఒకరోజు కాలం ఆయనకు ఇవ్వవలసిన గిఫ్ట్ తప్పకుండా ఇస్తుంది. చేసిన కర్మలు అనుభవించక తప్పదు.. సోనియా గాంధీ అయినా, మోదీ అయినా, చంద్రబాబు నాయుడు అయినా, జగన్ అయినా.. కాలం అంతే..",non-hate,0.8940058192421644,0.10599418075783562,0.8940058192421644
126,hate,original,తట్టా బుట్టా సర్దుకొని రెడీ గుండు జగన్ రెడ్డి టైం అయిపోయింది,hate,0.5440785080075559,0.5440785080075559,0.4559214919924442
127,hate,original,Jagan eppatiki CM avvaledu raasi pettukoo....ha ....,hate,0.5739862002652498,0.5739862002652498,0.4260137997347501
128,non-hate,original,"Mega star ane person , definitely evadu oppukunna oppukokapoyinaa inspiration to many people long live sir",non-hate,0.8742077043917569,0.12579229560824312,0.8742077043917569
129,hate,original,జారిపోతానయి..కొంచెం గట్టిగా ముడి వేయి,hate,0.763572235320436,0.763572235320436,0.23642776467956392
130,non-hate,original,తాగ్గి వాగుతుంది పాప ఈమె చిలకలూరపేటలో రికార్డింగ్ డాన్స్రు,hate,0.5823456179047339,0.5823456179047339,0.417654382095266
131,hate,original,"Nattu ga , neku manishiki undalsina lakshanam okkati kooda ledhu kadha ra.",hate,0.6963538170622439,0.6963538170622439,0.3036461829377561
132,hate,original,ap lo road la ki aa dikku ledh malla metro endhi mawa,hate,0.8387121398650034,0.8387121398650034,0.1612878601349966
133,hate,original,Yedichav le copy cat veshalu nuvvu,hate,0.8020800675921306,0.8020800675921306,0.1979199324078694
134,non-hate,original,"వాళ్లు ఈ జీవితం లో కూడ ఫలక్నామ ప్యాలస్ లో బోజనం చేసివుండకపోదురు,నువ్వు గ్రేట్ బ్రో",non-hate,0.5027981748731329,0.49720182512686706,0.5027981748731329
135,non-hate,original,Ede antha fack news,hate,0.7823693136284227,0.7823693136284227,0.21763068637157737
136,non-hate,original,"చాలా బాగా explain చేశారు బ్రదర్. Small correction మూలాధార, ఆజ్ఞ చక్ర, సహస్రార",non-hate,0.8292420851197019,0.17075791488029812,0.8292420851197019
137,non-hate,original,Allu aravind garilo manchi actor vunnaru hilarious,non-hate,0.8340727600807156,0.16592723991928437,0.8340727600807156
138,non-hate,original,ee kalam ammailu ki dabbuli vunte chaalu anukuntaru,hate,0.5455820091126822,0.5455820091126822,0.4544179908873179
139,hate,original,Rahul dravid vadi moddalo selection  asla chahal hi endhuku tesukole,hate,0.7010105864810563,0.7010105864810563,0.29898941351894376
140,non-hate,original,జనం. కూడా. మారిపోతే.  చాలా బాగున్ను కదా,non-hate,0.8020414464645278,0.1979585535354722,0.8020414464645278
141,non-hate,original,పూరి చూస్తే చాలా బాధ గా ఉంది ...ఒక్క మంచి డైరెక్టర్ ఇలాంటి మూవీస్ తియ్యడం ఏంటి ...i love you పూరి sir... వేరే హీరో తో మూవీ తియ్యి Anna,non-hate,0.9460980628270648,0.05390193717293523,0.9460980628270648
142,non-hate,original,pedavallaku apadha vasthe ventene velli sahayam chese goppa leaders komatireddy brother's  dammunna leader rajanna ma balam ma dhairyam ma pranam komatireddy brothers,hate,0.5196224350675962,0.5196224350675962,0.48037756493240386
143,non-hate,original,Aada Paduchula Usuru thagili Yellow party nasanam kavali.,hate,0.6740033298106051,0.6740033298106051,0.32599667018939493
144,hate,original,jagan amma vadi dabbulu pettali nanna gudda lo nunchi leppali,hate,0.7909536625974065,0.7909536625974065,0.2090463374025935
145,non-hate,original,ప్రతి పాట అరపు ఎక్కువగా ఉంటుంది ఎందుకో అన్ని పాటలు ఒకేలా ఉన్నాయి.,non-hate,0.8862051910518732,0.11379480894812677,0.8862051910518732
146,non-hate,original,పూరి sir liger movie black baster మీకు all the best sir,non-hate,0.9455962591146853,0.054403740885314744,0.9455962591146853
147,non-hate,original,Mamulu ga evvaledhu ga anchor anna,hate,0.5738075420887639,0.5738075420887639,0.42619245791123606
148,hate,original,అరటి బొదలు అనంగా విన్నాను. ఇప్పుడు శ్రీముఖివి చూశాను.,hate,0.5132819317807582,0.5132819317807582,0.48671806821924174
149,non-hate,original,ఇదీ ఒక ప్లాన్ ప్రకారం జరిగినట్టు ఉంది భలే సీన్,non-hate,0.5540781865593684,0.44592181344063164,0.5540781865593684
150,non-hate,original,Kcr bsp valu enni eastunaru month ki Nek,non-hate,0.5992335015135067,0.40076649848649326,0.5992335015135067
151,non-hate,original,Abbo iragadesindi song vere level,hate,0.6537095883381815,0.6537095883381815,0.3462904116618185
152,hate,original,bro delete cheyakapothey ma fans ninnu degenutharu,hate,0.7258950275900873,0.7258950275900873,0.27410497240991266
153,hate,original,ఇంత కరువులో ఉన్నరేంటిరా.,non-hate,0.5116388630161992,0.4883611369838008,0.5116388630161992
154,non-hate,original,Vinayaka chavithi subhakanshalu Harsha sai,non-hate,0.5402669120383716,0.4597330879616284,0.5402669120383716
155,non-hate,original,A B N  MD రాధాకృష్ణ గారి కి  చుక్కలు చూపించిన   ''K A పాల్ గారు'' మీరు సూపర్ సార్ నీ మాటల్లో నిజాయితీ కల్పిస్తుంది..,non-hate,0.9231300911196527,0.07686990888034728,0.9231300911196527
156,non-hate,original,Avinash మంచోడు బ్రో episode mottham choodu just నాగబాబు అనమని చెప్పాడు అంటా బ్రో episode lo...,non-hate,0.5250446341840225,0.4749553658159775,0.5250446341840225
157,hate,original,Pastors అందరికీ ఒక మనవి.దయచేసి ఈ విధమైన debates వెళ్ళి Christianity కీ ఉన్న విలువ తగ్గించవదు.,non-hate,0.6811034839605778,0.31889651603942215,0.6811034839605778
158,hate,original,Pichi pattinattundi peekey ki. A P arachekam jaragabothundhi ani anipistundhi naku,hate,0.8877127805197312,0.8877127805197312,0.1122872194802688
159,non-hate,original,ఇలా చేస్తే దేశం పరువు పోతుంది దయ చేసి దేశం పరువు తీయదు,hate,0.7856398675228793,0.7856398675228793,0.2143601324771207
160,non-hate,original,మంచి ఆన్సర్ ఇచ్చారు బ్రో,non-hate,0.6439675727687703,0.35603242723122974,0.6439675727687703
161,non-hate,original,JD garu mee lanti Genuine persons Pavan gariki support ga unte baguntundi sir,non-hate,0.662656298260464,0.337343701739536,0.662656298260464
162,non-hate,original,ఎంత ముద్దుగుందో చాలా బాగున్నావ్ బంగారం,non-hate,0.8308764510191735,0.1691235489808265,0.8308764510191735
163,hate,original,Nuvu Am speaker ra babu,hate,0.5611179563595272,0.5611179563595272,0.43888204364047284
164,hate,original,ఎంతమంది డ్యాన్స్ మాస్టర్ లు వచ్చినా ప్రభుదేవా మాస్టర్ లాగా వేయలేరు,non-hate,0.9086044122480007,0.0913955877519993,0.9086044122480007
165,hate,original,DNR still old school...  Kalam tho Marakapote evaru aina kala gharbham lo kalisipotaru.,hate,0.5200300686422756,0.5200300686422756,0.47996993135772437
166,non-hate,original,ప్రభాస్ గారు అనుష్క గారు మీరు తొందరగా పెళ్లి చేసుకోండి,non-hate,0.9366627943376057,0.06333720566239431,0.9366627943376057
167,non-hate,original,కొంచెంకూడ హీరో అనే పొగరు లేదు గ్రేట్ సార్ మీరు,non-hate,0.691875452682695,0.308124547317305,0.691875452682695
168,hate,original,Nani inkosari pk speech chudu ... Sollu kakunda raise chesina points gurinchi matladu... Sannasivenuv no doubt,hate,0.5149114911684737,0.5149114911684737,0.4850885088315263
169,hate,original,mohan babu oppukunna oppukokapoyina chiranjeevi peddankanni vachchina gouravam m taggipodu,hate,0.7914122561892717,0.7914122561892717,0.20858774381072828
170,hate,original,Atlunttadhi palanadu thitlantte sarrigga deggutam,hate,0.6494610278954287,0.6494610278954287,0.3505389721045713
171,hate,original,Sontha Peru meda registration chey leka piyadu,hate,0.8054138167423668,0.8054138167423668,0.19458618325763324
172,non-hate,original,"Hi harsha....happy vinayaka chavithi,  life long nuv happy ga undalani............aa devunni korukuntunna sai......may god bless u  harsha.",non-hate,0.9435030937724617,0.056496906227538335,0.9435030937724617
173,hate,original,సార్ కెసిఆర్ గారు విషయాలను పూసగుచ్చినట్లు చెప్తున్నారు మాధవ రెడ్డి నయీమ్ ల సంబంధించిన వివరంగా మాట్లాడడానికి ఇబ్బంది పడుతున్నారు మీరు కూడా హండ్రెడ్ పర్సెంట్  ఫేక్,non-hate,0.5495396418146328,0.4504603581853672,0.5495396418146328
174,hate,original,"Maatalu jagratha rooja .alaga janam ,kodukulu antunnavv mari antha gb voddu",hate,0.7984802492853753,0.7984802492853753,0.20151975071462472
175,non-hate,original,jani anna RC annatho kalisi hero ga cheste choodaalani vundhi,non-hate,0.6289379877803379,0.37106201221966206,0.6289379877803379
176,hate,original,జగన్మోహన్ రెడ్డి వల్ల పిల్లలు బాగా చూసుకున్నాడు అని యాంకర్ వాగు తోంది వాళ్ళ పిల్లల్ని కాక నీ పిల్లలు బాగా చూసుకుంటారు,non-hate,0.7122230341539794,0.28777696584602064,0.7122230341539794
177,hate,original,"ఆపరా.... నువ్వు ఒక అమ్మాయి తో నీచంగా వ్యవహరించి, వెనక నుంచి గట్టిగా పట్టుకుందా మనుకున్నా అని నీ character lose చేసుకున్నావ్... ఎవడెం చేస్తాడు?",hate,0.7214165467844491,0.7214165467844491,0.2785834532155509
178,hate,original,Ni moham ante kada,hate,0.6112236995701086,0.6112236995701086,0.3887763004298914
179,non-hate,original,ni news ni over action ki dandam ra babu,hate,0.7022637640193692,0.7022637640193692,0.29773623598063087
180,non-hate,original,అన్నా కాస్త జాగ్రత్త... వాళ్లే అనుకోని లోపల  నుండి దేంతోనన్న విసిరేరు... కాస్త గ్యాప్ ఇచ్చి పోతండే... Love you Anna... నీ కష్టం వృధా కాదు,non-hate,0.5365198752978024,0.46348012470219757,0.5365198752978024
181,non-hate,original,ఈ ప్రోమో చూసినంత సేపు నా మొహంలో చిరునవ్వు ఆగలేదు.,non-hate,0.550548056650616,0.449451943349384,0.550548056650616
182,hate,original,Vizag News reporter overaction chestunadu,hate,0.7448023580627435,0.7448023580627435,0.25519764193725647
183,hate,original,మీ నడుము కేక ఆంటీ,hate,0.734613138231105,0.734613138231105,0.2653868617688951
184,hate,original,కళ్ళల్లో నుంచి కామం కారిపోతుంది,hate,0.7858841965189967,0.7858841965189967,0.21411580348100337
185,non-hate,original,ఆదర్శమైన పొలిటికల్ లీడర్ అయితే రాజకీయ సన్యాసం తీసుకుంటనని చెప్పారు. ఏమైంది,non-hate,0.8064613154254612,0.19353868457453882,0.8064613154254612
186,non-hate,original,జై జనసేన మన పార్టీ గెలవాలని మనస్పూర్తిగా కోరుకుంటున్న,non-hate,0.9412008711225464,0.058799128877453644,0.9412008711225464
187,non-hate,original,దేశానికి పనికొచ్చే ఇటువంటి వారు నొప్పి లేకుండానే ప్రాణాలను వదులుతారు,non-hate,0.5533085435574797,0.4466914564425203,0.5533085435574797
188,non-hate,original,Good అండి గీత కృష్ణ గారూ మంచి. ఇంటర్వ్యు,non-hate,0.9729742347893808,0.027025765210619168,0.9729742347893808
189,hate,original,Pichi hospital lo join avara ayomayam,non-hate,0.5386533284627525,0.4613466715372475,0.5386533284627525
190,hate,original,​BJP lo seat kosam baga chesav le stunt,hate,0.8435228538847315,0.8435228538847315,0.1564771461152685
191,hate,original,రౌడీ టిడిపి,hate,0.8845530499778683,0.8845530499778683,0.1154469500221317
192,non-hate,original,"అవసరం అయినప్పుడు ప్రాణాలు కి తెగించి పోరాడుతారు మన ఆంద్రప్రదేశ్ పోలీసులు, ఫారెస్ట్ ఆఫీసర్స్. గ్రేట్",non-hate,0.9385567342373181,0.06144326576268189,0.9385567342373181
193,non-hate,original,He is genuine person అందుకే లోకల్ చిల్లర నాయకులు అంతా కలిసి వాడిని టార్గెట్ చేశారు,non-hate,0.8093082560731166,0.19069174392688337,0.8093082560731166
194,non-hate,original,కార్తికేయన్ 2 Congratulations ఫర్ బిగ్ రెస్పాన్స్ ఫ్రమ్ పవన్ కళ్యాణ్ అన్న,non-hate,0.9150950410398482,0.08490495896015182,0.9150950410398482
195,hate,original,Vedhavalu Vedhavalu anni chotla vunnaru..inka janalani yedipinchadam tappa,hate,0.5021945279406598,0.5021945279406598,0.4978054720593402
196,non-hate,original,చంద్రబాబు శివుడు లాంటి వాడు.. విషాన్ని కూడా తనలోకి తీసుకుంటాడు...ఇక ఇలాంటివి ఒక లెక్కే కాదు..,non-hate,0.635662609140905,0.364337390859095,0.635662609140905
197,non-hate,original,jai rgv jai puri,hate,0.7583973080380656,0.7583973080380656,0.24160269196193437
198,non-hate,original,సోదరులు ఎంత గొడవ ఉన్న ఎవడన్నా తమ్ముడిని ఏమన్నా అంటే రక్తం ఊరుకోదు. అలాగే భారతీయులు కూడా ఉండాలని గొప్పగా చూపించిన రాజమౌళి గారికి ధన్యవాదాలు,non-hate,0.7334702365067625,0.26652976349323754,0.7334702365067625
199,non-hate,original,"తెలంగాణ ఉద్యమ గీతాల నుండి, మాస్ గీతాల మీదికి రూట్ మార్చిన మంగ్లీ",non-hate,0.6966991245982482,0.30330087540175177,0.6966991245982482
200,hate,original,Exams lo vundey vallani invigilators antaru adi kuda teleedhu Veeedu minister chesadu.... karmara babu chi.... Thuppas na kodaka,hate,0.769201501972333,0.769201501972333,0.23079849802766708
201,hate,original,pk inka ka pauk ap lo jokers,hate,0.8752061620469246,0.8752061620469246,0.12479383795307543
202,hate,original,తెలుగు బాయ్ ఫ్రెండ్ కావాలీ,non-hate,0.8646900315430466,0.13530996845695342,0.8646900315430466
203,hate,original,Bochu pikanddii,hate,0.8921223336677169,0.8921223336677169,0.10787766633228316
204,hate,original,దీనమ్మ దీని కి ఇంకా ఏం పనిలేదా..,hate,0.5716174668943282,0.5716174668943282,0.42838253310567176
205,hate,original,Em kanapadathunnayi bokka,hate,0.6553233313044381,0.6553233313044381,0.3446766686955619
206,hate,original,Manu garu meru involve avvakandi chala chiraku ga vuntundhi,non-hate,0.5116891303516875,0.4883108696483125,0.5116891303516875
207,hate,original,Konda gani over action kompamunchindi,hate,0.8343572072977514,0.8343572072977514,0.16564279270224863
208,non-hate,original,రమణ గారు సూపర్ గా పాడేరు మళ్లి మళ్లి వినాలి అనిపిస్తుంది మీకు అ దేవుడు ఇంక మంచి స్తాయిలో వుంచాలి అని కోరుకుంటాను,non-hate,0.9495973356272541,0.050402664372745876,0.9495973356272541
209,non-hate,original,Aaa Voice lo unna rajasa yogame vere level Jai Prabhas Anna,non-hate,0.9168984405382852,0.08310155946171482,0.9168984405382852
210,non-hate,original,"Jetla
​INDIA ni developed cheyadam evarivalla kadani thelisipoindi prajalaki.....unnodi inka unnntha lenodiki inka lenantha....life tho brathakali thappadu",hate,0.6748863202683215,0.6748863202683215,0.32511367973167843
211,non-hate,original,Anna super bro,non-hate,0.9875086928804303,0.012491307119569695,0.9875086928804303
212,hate,original,Self dabba yekkuva indhi Nagababu nevu ne bussu lu thoo,hate,0.8389891121643615,0.8389891121643615,0.16101088783563852
213,hate,original,teenmmar mallana kcr cheppu nakutadhu,hate,0.678985051948886,0.678985051948886,0.321014948051114
214,hate,original,Veelu chesadi gymnastics malla vale dhani dance anukuntaru,hate,0.5586276431607027,0.5586276431607027,0.44137235683929726
215,hate,original,పెద్ద పీఠాధిపతి లాగా అందరికి ఆశీర్వాదం ఇస్తున్నాడుగా,non-hate,0.9036193572212817,0.09638064277871827,0.9036193572212817
216,non-hate,original,వాడు ఏదో జోక్ చేస్తే అది నువ్వు నమ్మడమే నా,hate,0.6196305103817352,0.6196305103817352,0.38036948961826483
217,non-hate,original,Pspk vachi photo dhigudham antey aa excitement ey veru adhi clear ga nivetha face lo kanipisthunadhi,hate,0.5144776517319363,0.5144776517319363,0.4855223482680638
218,hate,original,RGV effect valla Puri cinemalu anni dobbayi.,hate,0.6489603041817849,0.6489603041817849,0.3510396958182152
219,hate,original,ఇలాంటి వీడియోస్ చేస్తుంటే మీ ఫ్యామిలీ లో ఆడవాళ్లు గుర్తుకు వస్తలేరా రా..బ్లూ బ్యాచ్ గా.. దాన్ని తన్నాలి ఫస్ట్ ఈలాంటి వీడియో కీ ఒప్పుకున్నందుకు,non-hate,0.7001683161559414,0.29983168384405856,0.7001683161559414
220,non-hate,original,గుండెల పైన కాదు గుండె లోపల వున్నారు సర్ మీరు,non-hate,0.8388461915428524,0.16115380845714755,0.8388461915428524
221,non-hate,original,మాములుగా లేదు ట్విస్ట్ సూపర్ అహ కెవ్వు కేక,non-hate,0.7972312829589846,0.2027687170410154,0.7972312829589846
222,non-hate,original,ఇలా ఏమి లేకుండా ఉన్న ఏకైక నాయకుడు... Apj abdul kalam gaaru మాత్రమే,non-hate,0.5723652441180267,0.4276347558819733,0.5723652441180267
223,hate,original,yogi baba ram rahim sistudu edharu adava vallaki respect eyyaru edharu pedha langa gallu,hate,0.7357261755505984,0.7357261755505984,0.26427382444940156
224,non-hate,original,గాడ్ బ్లెస్స్ యు సమంత సిస్టర్,non-hate,0.816166467434569,0.183833532565431,0.816166467434569
225,non-hate,original,ఇటువంటి కథలు పడ్తానే ధిక్కు లేకుండా పోయింది,hate,0.7721075248186471,0.7721075248186471,0.2278924751813529
226,non-hate,original,మీకు వంద నమస్కారాలు రా బాబు,non-hate,0.9798972361826347,0.02010276381736531,0.9798972361826347
227,hate,original,Ravi anna oudi ounte nani vamsi anil kumar ambanti lanti vaalu noru lepevaru kaademo,hate,0.6632039379474703,0.6632039379474703,0.3367960620525296
228,hate,original,ముందు అరెస్ట్ చేయండి.. మీడియా ముద్దు తీసుకురండి రా...,hate,0.5494341403063128,0.5494341403063128,0.45056585969368723
229,hate,original,vd overconfidence valla ciniema dengindhi,hate,0.7827393503474941,0.7827393503474941,0.21726064965250594
230,hate,original,Andra prajalaku siggu undali sontha amma nu chellini patinchukoleni vadu Meemanli chusukuntadu,hate,0.7632513659334897,0.7632513659334897,0.23674863406651028
231,hate,original,Vijay devarakonda hype tho dhamal.  Jr NTR next turn. Meeru akashaniki ethe antha great actor emi kaadu..,non-hate,0.7354094368582424,0.26459056314175755,0.7354094368582424
232,hate,original,Mere brathukulu inthey eka. Nasanayam aaipotai,hate,0.6417803325321285,0.6417803325321285,0.35821966746787154
233,hate,original,Meeru moosukunte baguntadi,hate,0.8458772652716144,0.8458772652716144,0.1541227347283856
234,hate,original,Meeru mi over action apandra babu,hate,0.749204779552112,0.749204779552112,0.250795220447888
235,non-hate,original,అంత చిరాగ్గా వుంటే.. స్టేజ్ మీద కి ఎందుకెల్లార్ సార్,hate,0.649067643332159,0.649067643332159,0.35093235666784095
236,hate,original,pm modi ni pakisthan ki tarmidengali jai kcr mere next pm,hate,0.5197667632105971,0.5197667632105971,0.4802332367894029
237,non-hate,original,బయటకు గేంటేసారు ఒక్కసారి లైవ్ ప్రోగ్రాం నుండి అంతే పాస్ట్ గా పైకి లేచాడు చూపించావు ఓటమి లో కూడా ఎలా పైకి రావాలో అని,non-hate,0.675065401729991,0.32493459827000903,0.675065401729991
238,non-hate,original,Nayakudu ela undali God bless you sir,non-hate,0.9424814982823405,0.05751850171765949,0.9424814982823405
239,hate,original,bjp malli ade double game maatladutondi....amaravathi meeda,hate,0.6788666131464458,0.6788666131464458,0.3211333868535542
240,hate,original,Nvvy nee build up,hate,0.6939685774440003,0.6939685774440003,0.30603142255599963
241,hate,original,Banisa La unnaru kadara meeru me overacting,hate,0.7042413951312931,0.7042413951312931,0.29575860486870686
242,hate,original,andukokune vaalu laga vunnaru meru natho comparision na,hate,0.6850327005865613,0.6850327005865613,0.31496729941343876
243,hate,original,Lancham antunaru anam garu...... inthaku mundu your government ilagey chesinda...,hate,0.5920505042594648,0.5920505042594648,0.4079494957405352
244,non-hate,original,పరుచూరి గోపాల కృష్ణ గారి కి నమస్తే మిమ్ములను మొదటిసారి భార్గవ రాముడి సినిమాలో చూసాను సూపర్ వెరైటీ యాక్షన్ సార్,non-hate,0.923961618822734,0.07603838117726602,0.923961618822734
245,hate,original,Ma campus ee bro lanjoduku,hate,0.8596514418816031,0.8596514418816031,0.14034855811839683
246,hate,original,"Ipl ki best mana palyers , international matches enduku waste",hate,0.5216145595118754,0.5216145595118754,0.4783854404881246
247,non-hate,original,Dnr sampadinchalani anukunte today ciniema field lo ewaru sariporu mahanubavudu daring man,hate,0.652107246782424,0.652107246782424,0.347892753217576
248,hate,original,preity zinta oka bazzar kukka team tesukovadam kuda radu,hate,0.8599469466321502,0.8599469466321502,0.14005305336784976
249,hate,original,shankar ninnu bjp kukka kottinattu kodutaru,hate,0.8418735392361367,0.8418735392361367,0.1581264607638633
250,non-hate,original,సార్ మిమల్ని చూస్తుంటే కొండంత దైర్యం వస్తుంది,non-hate,0.7248141501393092,0.27518584986069083,0.7248141501393092
251,non-hate,original,మీ ఎంట్రీ వచ్చినపుడు నితిన్ అన్న భయపడుతున్నాడు,non-hate,0.6936704101040075,0.30632958989599246,0.6936704101040075
252,hate,original,నేను ఓపెనహార్ట్ విత్ RK తప్పక చూస్తుంటా.  ఇంత దరిద్రపు ఇంటర్వ్యూ పెట్టకుండా వుండాల్సింది.  తేనె పూసినకత్తి,hate,0.6049476653290975,0.6049476653290975,0.39505233467090245
253,hate,original,Ne bathukula sulli net nenu dengina vadu esthada recharge aipothe,hate,0.9009838076834726,0.9009838076834726,0.09901619231652738
254,non-hate,original,బ్లాక్ సారీ లో బాగుంది,non-hate,0.9343490321000811,0.06565096789991887,0.9343490321000811
255,non-hate,original,ఆయన పిట్టకథలను బాగా enjoy చేస్తాం... అంతర్లీనంగా ఓక అద్భుతవేదాంతవాక్యం చెబుతారు దానిని వదిలేస్తాం.. అదీమనం. “దేవుడు ఒక్కడే.. నీ మఠం కానంతమాత్రాన వేరేవారిని దూషించనవసరణలేదు.”,non-hate,0.66550103591894,0.33449896408105995,0.66550103591894
256,hate,original,Buthula saka mantri ....,hate,0.6940815390689397,0.6940815390689397,0.3059184609310603
257,non-hate,original,Aatla vastai Anna niku enni telivi tetalu oka cinema thi anna,non-hate,0.572426713889518,0.42757328611048195,0.572426713889518
258,hate,original,Paramboku ias officers ni vetiki kcr Jagan tesku vachi AP Telangana lo pedtaru,hate,0.6458413976803145,0.6458413976803145,0.35415860231968554
259,hate,original,Endhuku ante vallu chetha lanchodukulu bro,hate,0.8039366452397358,0.8039366452397358,0.19606335476026418
260,hate,original,raja singh kalthi maal ammutharu and rowdy gunda,hate,0.8122434278302593,0.8122434278302593,0.1877565721697407
261,non-hate,original,"ర్మ కోసం చూసాను ,మొదటిసారి అతను ఒక హీరో అభిమాని ఎలా ఉల్లాసంగా స్టేజి పై మాట్లాడుతారో అలా అనిపించారు",non-hate,0.7916779796556013,0.20832202034439873,0.7916779796556013
262,hate,original,Rai అతను ఉద్యోగం correct గా చేస్తున్నాడు ఎందుకు ర నాయకులు అందురు కలిసి నిందలు వేస్తారు... నిజాయితీ పని చేస్తే ఎవరికీ నచ్చదు..ఛీ,non-hate,0.5141031205755546,0.48589687942444537,0.5141031205755546
263,non-hate,original,Ee video chusintarvatha mee meeda respect perigindi,hate,0.6541934001680876,0.6541934001680876,0.3458065998319125
264,hate,original,Chavu Nenu avadu apadu,hate,0.7178974208029266,0.7178974208029266,0.2821025791970734
265,hate,original,RK Garu neku interview cheyadam rakapoty miskuni veray vallaku chance evvandi niku respect evvadam teledu,hate,0.6566096684743473,0.6566096684743473,0.3433903315256527
266,non-hate,original,Ee momment ki nizam gaa aricham,non-hate,0.6437858844834381,0.3562141155165619,0.6437858844834381
267,non-hate,original,Inthamandi abhmaninchali ante entha adrushtam chesuko undali,hate,0.6297798799307015,0.6297798799307015,0.37022012006929844
268,non-hate,original,Paristhithulu maree intha pagabattesayenti,hate,0.7151330875496724,0.7151330875496724,0.28486691245032764
269,non-hate,original,మాతృ భాష తెలుగు అంటే అంత లోకువా    పక్క రాష్ట్రాల వాళ్ళు వారి మాతృ భాష కి ఎంత గౌరవం ఇచ్చు కుంటారో చూసి నేర్చుకోండి,non-hate,0.8759327667562016,0.12406723324379842,0.8759327667562016
270,hate,original,Lakshalu lakshalu fees lu dengina,hate,0.8774518771493547,0.8774518771493547,0.12254812285064536
271,non-hate,original,ఇది కూడా పిచ్చి డాన్సులు కి ఒప్పేసుకుంది. తు దీనమ్మ. ఆడది అంటే గౌరవం పోతోంది.,hate,0.5694713370361048,0.5694713370361048,0.43052866296389525
272,hate,original,Arey sollu comedy apandraaaa,hate,0.5542391321653535,0.5542391321653535,0.4457608678346465
273,non-hate,original,Green dress sis super ga chesaru,non-hate,0.6937136265103666,0.3062863734896334,0.6937136265103666
274,hate,original,"Me ఇద్దరు వల్ల ఏపీ లో ఆడవాళ్ళ పరువు పోయింది, పదవి కోసం ఎంతకైనా దిగజారే బ్రతుకులు మీవి",hate,0.6047994077372791,0.6047994077372791,0.39520059226272086
275,hate,original,oka ammai vi vundhi natho argue chesthava puku mosukoni inti panulu cheyi,hate,0.8244902440290962,0.8244902440290962,0.1755097559709038
276,non-hate,original,నిజానికి ప్రజల కోసం పోరాడుతున్న ఏకైక నాయకుడు రేవంత్ రెడ్డి గారు,non-hate,0.9303023248536534,0.06969767514634662,0.9303023248536534
277,hate,original,prathi chethanakoduku viratkohli ni anetode lavdapuk gallu,hate,0.9148105224916107,0.9148105224916107,0.08518947750838936
278,hate,original,Movie matram modda gudisi potadhiii pakkaa,hate,0.7097913282220745,0.7097913282220745,0.29020867177792553
279,hate,original,roja ninnu choosthey nak guddalo edo nakuladhi nuuvu ni barrey guntu,hate,0.8435578657691305,0.8435578657691305,0.15644213423086956
280,hate,original,Nuv dancer va chiii sigguledhu Neku,hate,0.8036219203406072,0.8036219203406072,0.19637807965939277
281,hate,original,Tokka kooda oppukonu,hate,0.9478569051311503,0.9478569051311503,0.05214309486884975
282,non-hate,original,"అభివృద్ధి, సంక్షేమం రెండు చూడగల చంద్రబాబు వల్లే రాష్ట్రనికి మంచి జరుగుతుందనేది ముమ్మాటికి నిజం",non-hate,0.8724007636623884,0.1275992363376116,0.8724007636623884
283,non-hate,original,Bahubali time antha Baganey Unnav Anna . Tharwatha ee sahoo ki radhe shyam nachinatlu frnds tho sitting uu food padypoyav Anna ..Ayina sarey darling ee no one,hate,0.5935848519757687,0.5935848519757687,0.4064151480242313
284,hate,original,"Frank ga cheppalante evari personal life valladi...
Meru chesthundi enti mari
Peruki pedda news channels... Avasaramayina news vadilesi sodhi news lu cheppatle....Apudu mimmalni alage anali ga
Enta sepu cinema valla personals lo, leda social media peru cheppi
Netizenlu troll chesthunaru anatam... Controversy lani pani kattukuni crete cheytam...ila sodhi news ee kani paniki vachevi epudyna cheppara ra?
Scrap media channels....",hate,0.7090663469960166,0.7090663469960166,0.2909336530039834
285,non-hate,original,Hema kuturu chala chala baguntadi chala suma show lo chusanu,non-hate,0.9320095345905646,0.06799046540943543,0.9320095345905646
286,hate,original,women ki respect ledhu malla vadu oka yogi malla ha modda cm kurchi lo vundhi,hate,0.725844144500831,0.725844144500831,0.27415585549916904
287,non-hate,original,నువ్ హీరో అవతావు అన్న అంత స్టయిల్  వుంది నిలో ఇది రియల్ మాట,non-hate,0.65969729985825,0.34030270014175,0.65969729985825
288,hate,original,Nice baaga dhimpav Anchor bro.,hate,0.5486401595344974,0.5486401595344974,0.45135984046550265
289,hate,original,చార్మి పూర్తిగా కుదేలు నాకు ఇంకో la కనిపించింది,hate,0.7404055199976953,0.7404055199976953,0.2595944800023047
290,hate,original,ery pappa la tho comedy very pappa la uanttadhi dhodhu dhodhey,hate,0.87361910462541,0.87361910462541,0.12638089537459
291,non-hate,original,వెంకీ మామ ఫ్యాన్స్ జై వెంకీ మామ,non-hate,0.8795189827820068,0.1204810172179932,0.8795189827820068
292,non-hate,original,"Babu gogineni garu, suereb ga Chepparu",non-hate,0.6796254107171138,0.3203745892828862,0.6796254107171138
293,non-hate,original,Bangaram lanti wife failure kuda supporting ga undi kani veedu vini veshalu,hate,0.6535739149656847,0.6535739149656847,0.3464260850343152
294,hate,original,బాగా చదివినవ్ గా రాసుకుని మరీ.. మధ్యలో మన భార్యలు అన్నావ్ చూడు,non-hate,0.6677066163916654,0.3322933836083346,0.6677066163916654
295,hate,original,బానిస కట్టప్పలు బయటకి వచ్చారు..ఇక జగన్ కి భజన చెయ్యడానికి..,hate,0.6920807820368928,0.6920807820368928,0.3079192179631072
296,non-hate,original,పాప చేతికి కత్తి ఇచ్చే సీన్ ఎన్నిసార్లు చూసినా కళ్ళలో నీళ్లు తిరుగుతున్నాయి... Great thought by director,non-hate,0.6917068248932396,0.30829317510676035,0.6917068248932396
297,non-hate,original,మెగాస్టార్ చిరంజీవి గారు అప్పటికి ఇప్పటికి ఎప్పటికీ లెజెండరీ ఆక్టర్ in world,non-hate,0.9676917019969442,0.03230829800305579,0.9676917019969442
298,non-hate,original,In direct reshmi ke kiss aadiga du sudheer bhaiyya,hate,0.5061212158211978,0.5061212158211978,0.4938787841788022
299,non-hate,original,సంక్రాంతికి రాబోతున్న చిరంజీవి గారి సినిమా మరియు బాలకృష్ణ గారి సినిమా మంచి విజయం సాధించాలని కోరుకుంటూ,non-hate,0.988188128023308,0.011811871976691979,0.988188128023308
300,non-hate,original,సూపర్ అన్న జై పవన్ కళ్యాణ్ జై జనసేన నెక్స్ట్ సీఎం పవన్ కళ్యాణ్ గారే,non-hate,0.9913060336441469,0.008693966355853067,0.9913060336441469
301,hate,original,appude amindi mundundi musallapanda chudu ra,hate,0.8222806613099511,0.8222806613099511,0.1777193386900488
302,non-hate,original,Veedu gelisthe telangana people dhi kuda adhe situation,hate,0.9354390747276946,0.9354390747276946,0.06456092527230535
303,hate,original,Dhusta chaathuryam!  Meeru ilantivi enni chesina em pikalerra!,hate,0.7008577858096707,0.7008577858096707,0.29914221419032927
304,non-hate,original,Helping nature kuda vundaali apude manishiki viluva,hate,0.7181873340787142,0.7181873340787142,0.28181266592128584
305,hate,original,మరదే తెలిసి తెలిసి నిప్పుల్లో చేతులు పెట్టడం అంటే,hate,0.7416729963797685,0.7416729963797685,0.25832700362023153
306,non-hate,original,Mr. Bandi అసలు 2019 కి ముందు ని అస్థి ఎంత ఇప్పుడు నీ ఆస్థి ఎంత..,non-hate,0.5837223155251161,0.4162776844748839,0.5837223155251161
307,hate,original,Anchor be like: pichi na kdklni andharu ikkade unnaru,hate,0.8046339643568753,0.8046339643568753,0.19536603564312474
308,non-hate,original,"Megastar tho dutt garu 4movies theesthey 3 industry hits.charan janvi tho thwaraga jvas 2 thiyyandi
Dutt garu",non-hate,0.5709356489876092,0.4290643510123908,0.5709356489876092
309,non-hate,original,E bjp oil rates increase chesi vanta cheyali ante kastam undi anna,hate,0.582723905574136,0.582723905574136,0.41727609442586405
310,non-hate,original,ప్రజల తరపున ఇంత సుదీర్ఘ పోరాటం చేసి తాను గెలిచి మమ్మల్ని గెలిపించిన దిలీప్ సుంకర గారికి హృదయ పూర్వక శుభాకాంక్షలు...జై భీమ్ ...జై భారత్...,non-hate,0.9723057245148824,0.027694275485117603,0.9723057245148824
311,non-hate,original,Vijay Devarakonda fans ekkada thagedhele,hate,0.5463799858653466,0.5463799858653466,0.45362001413465336
312,non-hate,original,మహేష్ బాబు ల వుండ్ సితార పాప చాలా క్యూట్ గా ఉంది,non-hate,0.9663154835149291,0.03368451648507087,0.9663154835149291
313,hate,original,Povee pukuu mundaa,hate,0.9468797805602563,0.9468797805602563,0.05312021943974361
314,non-hate,original,"poyi central appulu chudu, hunger index, inflation, poverty, unemployment etc Telangana lo least unemployment and development is peaking up rapidly.",non-hate,0.6483196003378601,0.35168039966213993,0.6483196003378601
315,hate,original,లంజాకొడుకులు లంజముండల జోకులా ఇవి నా కొడకల్లారా,hate,0.8165996833507343,0.8165996833507343,0.18340031664926568
316,hate,original,shaq modda ante vunnavu ra kevin neku enduku affair,hate,0.8451182113736588,0.8451182113736588,0.15488178862634122
317,non-hate,original,నా ఊపిరి ఉన్నంతవరకు నా ఓటు మీకే అన్నా,non-hate,0.6015237021913589,0.39847629780864113,0.6015237021913589
318,non-hate,original,Prathi scene prathi shot u mind pothundhi Amma baboy Awesome script selection,non-hate,0.5861118145151798,0.4138881854848202,0.5861118145151798
319,hate,original,Idendayya idi Mariiii ila thayarayyaru Dandaalu ra ayya,hate,0.5952280558526727,0.5952280558526727,0.4047719441473273
320,non-hate,original,special respect for Indian cricket thanks for ( international board of Australia),non-hate,0.8730888374210585,0.12691116257894153,0.8730888374210585
321,non-hate,original,Cheppedhi em lekapoina ha hm ani anna parledhu vallatho matladali anthee,hate,0.7352670414720501,0.7352670414720501,0.26473295852794987
322,non-hate,original,Gudivada king true leader,non-hate,0.5530645400157336,0.4469354599842664,0.5530645400157336
323,hate,original,siggu vundali amma jagan lanti erripuk kanna anduku,hate,0.7051746683206823,0.7051746683206823,0.2948253316793177
324,non-hate,original,All the best annya aaa..ni Hard work apudu ki waste kadhu sir jai janasena,non-hate,0.8590041689079434,0.1409958310920566,0.8590041689079434
325,non-hate,original,అప్పట్లో సునీల్ కోసమే డైలాగ్స్ ఉండేవి ఇపుడు ఆలా లెవ్,non-hate,0.7535375731614334,0.24646242683856656,0.7535375731614334
326,non-hate,original,వావ్ మీ డాన్స్ సూపర్ సూపర్,non-hate,0.9776779405356137,0.022322059464386257,0.9776779405356137
327,non-hate,original,వారు ఎవరితో పెట్టుకుంటే మీకెందుకుసార్.మీరు రోడ్లు ఎందుకు ఇయ్యలేదు? ప్రాజెక్టులు ఎందుకు కట్టడం లేదు? ఎందుకు ఇంత అప్పులు చేస్తున్నారు మద్యపాన నిషేధం ఎందుకు చేయలేదు? కంపెనీలు ఎందుకు తీసుకురావడం లేదు?,hate,0.7382332420908774,0.7382332420908774,0.2617667579091226
328,hate,original,సిగ్గు సరం వున్న వాళ్ళు ఎవరు వీడి సినిమాలకు పొకడదు ..... ఏంట్రా ఆ బాషా ...,hate,0.8068944949358849,0.8068944949358849,0.19310550506411508
329,hate,original,po ra pichi kukka . siggu ledhu em ledhu asla manishi vey na,hate,0.8528323969801151,0.8528323969801151,0.14716760301988482
330,non-hate,original,Ilanti MLA Anni niyojaka vargallo enduku leru!!!,hate,0.7050181095578765,0.7050181095578765,0.2949818904421236
331,non-hate,original,Full video please bayya,non-hate,0.7684998342990751,0.2315001657009249,0.7684998342990751
332,hate,original,తొడలు... అస్సలు ఉన్నాయి,hate,0.6697851716931149,0.6697851716931149,0.33021482830688503
333,non-hate,original,Dress bavundi kaani phone poyindi,hate,0.76736688309946,0.76736688309946,0.23263311690053995
334,hate,original,ఎందుకు రికార్డింగ్ డాన్స్ వాళ్ళకి విలువ లేదు అంటే... ఇలాంటి మాటలు... వెకిలి చేష్టలు వల్లే...,hate,0.5951324667604441,0.5951324667604441,0.40486753323955593
335,non-hate,original,అసలు ఇంగ్లీషు సినిమాలు లోనే ఇలాంటి పదాలు ఉంటాయి.,non-hate,0.5968456185238395,0.40315438147616045,0.5968456185238395
336,hate,original,ముందు ముందు స్పష్టం గా బూతులు మాట్లాడేస్తారు ఏమో,hate,0.5137461176220414,0.5137461176220414,0.48625388237795863
337,hate,original,Anduke film dobbindii,hate,0.8516643603794172,0.8516643603794172,0.14833563962058288
338,hate,original,kallu pathukoni sanka kannidhi meru,hate,0.7107514932393186,0.7107514932393186,0.2892485067606814
339,non-hate,original,Ade matani dukuduga cheppandi. Siva garu kanabadatharu maku. Voice belaga vundi.,non-hate,0.6875837462128025,0.3124162537871975,0.6875837462128025
340,hate,original,ఇదేంటీ ఇలా నడుస్తుంది,non-hate,0.5442406483975286,0.4557593516024714,0.5442406483975286
341,non-hate,original,కోహ్లీ కి అనుకులం గా మరియు ఫామ్ లో ఉన్నపుడు 3 icc cups అందించినా ధోని గౌరవంగా కెప్టెన్సీ వదులుకున్నాడు..అందరు రిటైర్మెంట్ తరవాత లెజెండ్స్ అయ్యరు కానీ కోహ్లి క్రికెట్ అడుతునే లెజెండ్ స్థాయీ నీ అందుకున్నాడు..కోహ్లీ స్టేయి వాడు కెప్టెన్సీ కోసం ఇలా గొడవపడటం వల్ల ప్రపంచ స్థాయీ అభిమనులున్నా కోహ్లి తానా స్థాయిని తాగించుకున్నవాడు అవ్వుతాడు..కోహ్లి winning persentage యెక్కువున్నా..IPL.కాని,non-hate,0.6278474984825737,0.3721525015174263,0.6278474984825737
342,hate,original,Areyy vanni mental hospital loo join cheyyadraaa,hate,0.6060257315157468,0.6060257315157468,0.3939742684842532
343,hate,original,Nijame lanjalara ammavadipuku degichukoniki thisukunara,hate,0.8276044155813119,0.8276044155813119,0.17239558441868807
344,non-hate,original,"చాలా అద్భుతంగా మ్యూజిక్ డాన్స్ స్టెప్ రిసల్ట్ సూపర్,,",non-hate,0.9734530103376678,0.026546989662332154,0.9734530103376678
345,non-hate,original,అనిల్ గానీ వాయిస్ వింటే నాకు ఎక్కడో కలుది.... విడు విని మాటలు...వెస్ట్ న కొంది,non-hate,0.6011458607750245,0.3988541392249755,0.6011458607750245
346,non-hate,original,అసలు హారన్ కొట్టకపోతే ట్రైన్ ఇప్పట్లో రాదని అర్థం,hate,0.6347930484439576,0.6347930484439576,0.36520695155604244
347,hate,original,first koja johar ni india nunchi tarmidengithe sangam pedha pothadhi,hate,0.8095028335463076,0.8095028335463076,0.19049716645369244
348,non-hate,original,Ending naku tears vachai  bro. Harsh sai real hero. God bless u brother.,non-hate,0.7704001370919766,0.22959986290802337,0.7704001370919766
349,non-hate,original,Sometimes nuvvu vacchinanduku chala feel avutunna ninnu ilanti position lo vunchina naaa lanti die hard fans ni chustunte anna,non-hate,0.7225765544828202,0.2774234455171798,0.7225765544828202
350,hate,original,roja oka noru vunna pichi lanja noru vundhaani edho edho matladthi,hate,0.8082268719908225,0.8082268719908225,0.19177312800917748
351,hate,original,Eema em peekindhi ra judge la pettaru,hate,0.8466975028374097,0.8466975028374097,0.1533024971625903
352,non-hate,original,Avnu nenu mimmalni chusanu chaala sarl,non-hate,0.5975335264238819,0.4024664735761181,0.5975335264238819
353,hate,original,Modda gudisipotav bollywood content lamti movies tistey,hate,0.7214098413901087,0.7214098413901087,0.27859015860989134
354,hate,original,Picha Na Kodaka!! Vinipisthunda Ra Vijay Ga !!,hate,0.5561649116656664,0.5561649116656664,0.44383508833433355
355,hate,original,Poyakalam deggara padinappudu alage chestharu,hate,0.7742749614499684,0.7742749614499684,0.22572503855003154
356,hate,original,సంకనాకిస్తుంది... ఇది కూడా నిజమే,hate,0.5248069596150513,0.5248069596150513,0.4751930403849487
357,hate,original,Arey howle Nizamabad MP Pasupu bord Edhi be Nv esukunna Angi lagu kudha Cangress icchindhe and TELANGANA icchindhi kuda Cangress A meeru cheppe Digital India lo ni AAdhar card kuda Cangress tecchindhe,hate,0.6673252727634956,0.6673252727634956,0.3326747272365044
358,hate,original,"Tickets rates thagginchaali..appudey janaalu theatre ki vastaaru.. Budget peruguthondhantey dhaanikkaranam producers e... Heroes budget, north Indian heroines, valla staff ni mepaali ivvanni thadisi mopodavuthunnayi",hate,0.6583811658136396,0.6583811658136396,0.3416188341863604
359,non-hate,original,First telangana gurunchi edvu  jai bjp,hate,0.7286840509036663,0.7286840509036663,0.27131594909633366
360,hate,original,"విద్వేషాల ,వైషమ్యాలు గురించి బీజేపీ మాట్లాడటం....",hate,0.7897098780103968,0.7897098780103968,0.21029012198960312
361,hate,original,వీడికి ఇంత మంది అవసరమా వోవర్ కూడా,hate,0.7013657544941813,0.7013657544941813,0.29863424550581874
362,hate,original,"అలీ siggundali నీకు, sanskaram లేదు నీకు, నవ్వుతూ ఉన్న so called celebrities ki నవ్వు ఎలా వస్తుందో",hate,0.529723769756178,0.529723769756178,0.47027623024382204
363,hate,original,Gee bajaru chillara dhaniki baga hype icharu kadha ra thu,hate,0.8613846686180084,0.8613846686180084,0.13861533138199159
364,hate,original,nehru amman denga ni valla india pakistan godava inka vundhi,hate,0.5691525336017283,0.5691525336017283,0.43084746639827165
365,non-hate,original,ఆలోచన చేస్తున్నాం డ్రామా రావ్ ఈసారి మిమ్మల్ని ఓడించాలి అని,non-hate,0.6940069917600831,0.30599300823991693,0.6940069917600831
366,hate,original,Arey badcaw recharge iypothe data ala osthundhr rah,hate,0.6944225815415788,0.6944225815415788,0.3055774184584212
367,hate,original,ఒరేయ్ ముసిల్డాన్ని కూడా వదల వారా,hate,0.880502287497267,0.880502287497267,0.11949771250273303
368,hate,original,sharmila nuvvu ooriki ki poyi record dancelu cheskho,hate,0.7227308772145914,0.7227308772145914,0.2772691227854086
369,hate,original,Veedi maatalaku yentha mandi kodathaaru veeni,hate,0.9260915231213871,0.9260915231213871,0.07390847687861288
370,non-hate,original,Are యాదవ ల్లా రా megastar తరవాత పవన్ కళ్యాణ్ రా  చిరు సర్ ఆయన Vera leval జై బాలయ్య,non-hate,0.7437493823607131,0.2562506176392869,0.7437493823607131
371,non-hate,original,Ennisarlu chusina chudalanipinche great scene idi,non-hate,0.7396661368945668,0.26033386310543316,0.7396661368945668
372,non-hate,original,సూపర్ డ్యాన్స్ మాస్టర్ జానీ,non-hate,0.9188830628594268,0.08111693714057322,0.9188830628594268
373,hate,original,Ammai ni pattukoni kavalissindhi konuko ani anta vurukuntunda,hate,0.7923035795904207,0.7923035795904207,0.20769642040957922
374,hate,original,నీలాంటోళ్లు పాలమ్మిన వాళ్లు చాలామంది ఉన్నారు వాళ్ళకి ఎందుకు రావడం లేదు అదృష్టం .... అన్ని దొంగ పనులు చేసినవ్,hate,0.5482732559572847,0.5482732559572847,0.45172674404271534
375,non-hate,original,Ee styles and mannerisms present andaru vaduthunnaru mana industry lo,non-hate,0.773793131642291,0.22620686835770898,0.773793131642291
376,non-hate,original,"నేను చూసిన వేలాది ఫన్నీ వీడియోలల్లనే టాప్ 1 లేడీ ఆక్షన్ వీడియో ఇది .,,,అమ్మాయి ఆక్షన్ సూపర్",non-hate,0.8897080936383471,0.11029190636165287,0.8897080936383471
377,non-hate,original,elaanti sannasi matalu vinalani maku ledu mundu sari ga matladu mariyada ichi puchukovale anthegani Telangana slag Ani memilage matladtha mante vere partila telanganollu kada,non-hate,0.5485299784469823,0.45147002155301774,0.5485299784469823
378,non-hate,original,Sir Arun Kumar garu meeku hrudayapurvaka namaskaramulu.sir nenu kuda Kapil chit lo chit one L.. vesanu .chit purti ayipoyindi.nene kakunda ma brother cheta friends cheta kuda veyinchaanu.but ippariki amont ivvatam ledu.amont adigite danilone fixid deposit cheyyamantunnaru. consumer court ki velte baguntunda.plz salaha istarani aasisunnanu,hate,0.5909815789646957,0.5909815789646957,0.4090184210353043
379,hate,original,మోహన్ బాబు గారు కొన్ని ప్రశ్నలకు సమాధానం చెప్పలేక బిక్కమొహం వేశాడు. నీళ్లు నములుతున్నాడు,hate,0.5938242317011544,0.5938242317011544,0.40617576829884566
380,hate,original,Roja niku minister ichindhi ha shaka ki nayam cheystav ani. Cheera lu pampala miku antey anam garu cutdrawer lu pampala annadu saripoyindha. Power unnantha varaku baganey untundhi.,hate,0.7418440052014362,0.7418440052014362,0.25815599479856377
381,hate,original,Ee over action ke... Sankaa naakadu.. Kada. Ayinaa buddi raa ledu,hate,0.7763354021538696,0.7763354021538696,0.22366459784613038
382,non-hate,original,Orey baffun gaa college fees lu thakkuvva chesthee nee mukaniki adi chaluu,hate,0.7310324815669995,0.7310324815669995,0.26896751843300043
383,hate,original,BJP Sanka naku teenmar vartalu,hate,0.7395722461538249,0.7395722461538249,0.2604277538461751
384,non-hate,original,Rip sir.... ఆత్మ కి శాంతి కలగాలని కోరుకుంటున్నాను....మన దేశంలో ఉన్నది ఇలాంటి బడా పారిశ్రామికవేత్తలు సార్.,non-hate,0.8811217139726069,0.11887828602739314,0.8811217139726069
385,non-hate,original,ఇటువంటోళ్లు మంత్రులుగా ఉండడం తెలంగాణ చేసిన దురదృష్టం,non-hate,0.6274149151786831,0.3725850848213169,0.6274149151786831
386,hate,original,Twaralo telugollanta pichollawutaaru,hate,0.9261030500037184,0.9261030500037184,0.07389694999628162
387,non-hate,original,Next generation chala strong ga prepare chesthunnaru,non-hate,0.7947769377847992,0.2052230622152008,0.7947769377847992
388,non-hate,original,వామ్మో సూపర్ చిట్టి thalli ️ ఆక్షన్ కే ప్రాణం పోసెల అన్నవ్ రా mummy,non-hate,0.8467369455573194,0.15326305444268062,0.8467369455573194
389,non-hate,original,కుత్త పగులుద్ది ఎవడైనా(any party/any other fans) ఎన్టీఆర్ అన్న ని తక్కువ చేసి మాట్లాడితే,hate,0.5841501647671672,0.5841501647671672,0.4158498352328328
390,hate,original,Edi over action,hate,0.7367399525577449,0.7367399525577449,0.2632600474422551
391,hate,original,"Chi chi neeku anchoring evadu nerponchondo....farmers ni arrest chesinaru ante...safety ki antava,intha dikkumaalina answer emina vuntada asalu,ante anyayam jarigindi Ani chepte arrest lu chestaru,ala arrest cheyyadam correct antava nv",hate,0.6442933692849171,0.6442933692849171,0.35570663071508296
392,non-hate,original,గెటప్ శీను వావ్ సూపర్ మాన్ మెగాస్టార్ బాడీ లాంగ్వేజ్ యాస్ ఇట్ ఇస్ దించేసావు సూపర్,non-hate,0.820298833896482,0.17970116610351805,0.820298833896482
393,non-hate,original,Sudheer ni timingi timing anna,hate,0.7198384177213377,0.7198384177213377,0.2801615822786623
394,non-hate,original,తెలుగు లో ఉన్నా అన్ని వ్లోగ్ ఛానెల్ వాళ్లని ఏసుకున్న NTB ఆన్న కి ధన్యవాదాలు..,non-hate,0.8425436693109478,0.15745633068905218,0.8425436693109478
395,hate,original,అబద్ధానికి పెద్ద నోరు ఉంటుంది,hate,0.5773572105239853,0.5773572105239853,0.42264278947601475
396,non-hate,original,"ఘడ్డగా మరీ మనావర్ గానికి కూడా చెప్పు హిందూ దేవుళ్ళ పైన జోకులు చేయొద్దని, మరి వాని షో కు పర్మిషన్ ఇవ్వకుంటే ఇవన్నీ కాకుండె కదా",hate,0.7945678102816882,0.7945678102816882,0.2054321897183118
397,non-hate,original,ఎందుకు sir అయిపోయిన పెళ్లికి మేళాలు!!! వదిలేయండి sir. ఇద్దరూ ఇలా తిట్టుకోవడం జనాలకి వినోదం అయిపోయింది sir,hate,0.5789674988218485,0.5789674988218485,0.4210325011781515
398,hate,original,itlantivi ఎందుకు చేస్తారండి meeru rotta cinemalu matrame chestaru sir meeru... any way .. ayina meerante naakistam sir,hate,0.5039598699232415,0.5039598699232415,0.49604013007675846
399,hate,original,ఇష్టం లేని జాబ్ చేస్తునట్టు ఉంది ప్రభాస్ ఫేస్,non-hate,0.6807555271186755,0.3192444728813245,0.6807555271186755
400,non-hate,original,Power star.....anedi oka brand....evadu padithe vadu power star kadu...kaledu...king okkade power star okkale...only powerful power star pavan Kalyan okkade,non-hate,0.8212521162572491,0.17874788374275086,0.8212521162572491
401,non-hate,original,Maa allu aravind gari comedy super allu sir plz meeru movies loo act cheyandi,non-hate,0.9018127421368339,0.09818725786316607,0.9018127421368339
402,hate,original,ఇనుము ఇనుముని️ కాదు ఎనుము ఎనుముని అనాలి,hate,0.5065579370263809,0.5065579370263809,0.49344206297361914
403,hate,original,malla manchi erri puku vodu,hate,0.8788667985669226,0.8788667985669226,0.12113320143307733
404,hate,original,పేదవాడు కి  జగన్ గారు  ఎ మంచి  పని చేస్తున్న  దానికి  కోర్టులో  కేసులు పెట్టి  న.  బొల్లి గాడు కీ  ఓటు ఎవరు వెయరు,hate,0.6684656748428321,0.6684656748428321,0.3315343251571679
405,hate,original,Dance raani dhanni dance judge ga pettaru,hate,0.5246586099114008,0.5246586099114008,0.47534139008859927
406,non-hate,original,Chala ante chala bagundi bro,non-hate,0.8480024584474135,0.1519975415525865,0.8480024584474135
407,non-hate,original,Are o nuvvu sollu aapu thammi,hate,0.5758425148097975,0.5758425148097975,0.42415748519020247
408,non-hate,original,నోటి తెగులు అని రాసావ్ కదరా. మీ ఛానల్ కన్నా నోటి తెగులు ఎవరికీ ఉంటాది.,hate,0.6739054602913714,0.6739054602913714,0.3260945397086286
409,non-hate,original,friendly ga annadu,non-hate,0.713944367269088,0.28605563273091195,0.713944367269088
410,hate,original,పొరపాటున మళ్ళీ గానీ రాజశేఖర్ రెడ్డి గారు వస్తె కుర్చీ పొద్దని తీసుకెళ్ళి కూర్చోబెట్టడు,hate,0.6311909831809912,0.6311909831809912,0.36880901681900874
411,non-hate,original,వాళ్లూ ఎలా ఉంటే మనకు ఎందుకు వాళ్ళ సొంతవిశాయలు,hate,0.5861393437919002,0.5861393437919002,0.4138606562080998
412,non-hate,original,"Ycp lo meeru emi cheyaleru
Jsp lo neeku nachhinattu vundavachhu",hate,0.7960940062174955,0.7960940062174955,0.20390599378250449
413,hate,original,పవన్ కళ్యాణ్ మూవీస్ లో హీరో... రాజకీయం లో ' 0',non-hate,0.8593841916528546,0.14061580834714538,0.8593841916528546
414,non-hate,original,మొత్తం చూసా నిజాయతీ గా వున్నాయి ప్రశ్నలు జవాబులు..సూపర్ బై రెడ్డి సిద్దార్థ్ రెడ్డి,non-hate,0.8146494325342504,0.18535056746574963,0.8146494325342504
415,non-hate,original,"RK గారు, సగం మీరే మాట్లాడేస్తున్నారు, దయచేసి అవతలివాళ్ళని పూర్తి గా మాట్లాడనీయండి.",non-hate,0.5566597463883867,0.44334025361161333,0.5566597463883867
416,non-hate,original,Manchu family ki inka respect undi ante adi only nee valle manoj anna,non-hate,0.7816529255102521,0.21834707448974788,0.7816529255102521
417,non-hate,original,Godfather మరో  Pan India Block buster coming soon జై చిరంజీవ,non-hate,0.6793060086269433,0.32069399137305665,0.6793060086269433
418,non-hate,original,Meku kuda manchi bavisath unntadi,hate,0.5722147642829759,0.5722147642829759,0.4277852357170241
419,hate,original,"Bhuthulu gurinchi, double meanings gurinchi nuv matladodhu anusuya plz",hate,0.5624723358305,0.5624723358305,0.43752766416949995
420,non-hate,original,ఎన్ని సార్లు చూసిన చూడాలని అనిపించే speech,non-hate,0.8555566186660916,0.14444338133390844,0.8555566186660916
421,non-hate,original,Evadiki vadu acting eraga tistunnaru,hate,0.696663462773965,0.696663462773965,0.30333653722603504
422,non-hate,original,Manchu Family Paruvu kapade Manishi Nuvvu Okkade anna,non-hate,0.5923057166547194,0.4076942833452806,0.5923057166547194
423,hate,original,నువ్వు ఒక్క రోజు జబర్దస్త్ లో బాలయ్య బాబుతో ఫోన్లో మాట్లాడలేదా వే,non-hate,0.5840531274984259,0.41594687250157414,0.5840531274984259
424,non-hate,original,మేము ప్రజలకి ఫలానాది చేస్తామని చెప్పుకొని ప్రజల్లోకి రావాలి ఏ బొక్క లేదు వచ్చి ఏం పీకుతారు,non-hate,0.7424651564561853,0.25753484354381473,0.7424651564561853
425,non-hate,original,ఇంత పరిజ్ఞానం ఉన్న సీఎం ఆంధ్రకి సీఎం కావడం ఎన్నో జన్మల పుణ్యం,non-hate,0.9325340877773615,0.06746591222263854,0.9325340877773615
426,hate,original,లైక్ లు కొట్టేవాళ్ళు ఎక్కువా కానీ ఓట్లు వేసేవాళ్ళు చాలా తక్కువా,non-hate,0.5201555282397373,0.4798444717602627,0.5201555282397373
427,non-hate,original,Ka pal garu miru super,non-hate,0.9012123414050646,0.09878765859493543,0.9012123414050646
428,non-hate,original,క్షవరం అయితే గానీ వివరం తెలియదు లెండి.... పృధ్వీ గారు,non-hate,0.8274430405287135,0.17255695947128646,0.8274430405287135
429,non-hate,original,ప్రషు వాళ్ళ డాడీకి ఒక లైక్ కొట్టండి,non-hate,0.6047896429905162,0.3952103570094838,0.6047896429905162
430,hate,original,Aaa cheera etthi guddalo pettara be nee mogga ni,hate,0.8410099863482239,0.8410099863482239,0.15899001365177606
431,non-hate,original,"రమేష్ మాస్టర్ డ్యాన్స్ ప్రాక్టీస్ సూపర్, ఇదీ పద్దతి",non-hate,0.8627993518377574,0.13720064816224264,0.8627993518377574
432,hate,original,Neelanti  vallu  valla  nijame ayina devunuki  avamanam jarukutundhi,hate,0.6845278020692953,0.6845278020692953,0.31547219793070463
433,non-hate,original,కోడలు పిల్ల మా కొడుకు నీ పెళ్లి చేసుకుంటావా కట్నం ఏం వొద్దు మేమే ఇష్టము కావాలంటే,hate,0.7633859388650046,0.7633859388650046,0.23661406113499533
434,hate,original,Anchor be like: pichi na kdklni andharu ikkade unnaru,hate,0.804634063394005,0.804634063394005,0.19536593660599497
435,non-hate,original,అసలు ఏం ఉంది రా అక్కడ పొట్ట ఒకటి ఉంది అక్కడ,hate,0.549534914038102,0.549534914038102,0.45046508596189805
436,non-hate,original,meeku assalu em matladalo kuda telidhu edo vaagaali vaaguthaaru nv pedda leader vi nv cheppindhe nijam enduku paniki maalina debate lu,hate,0.8061288691235512,0.8061288691235512,0.19387113087644878
437,non-hate,original,"మల్లారెడ్డి అంతడబ్బు రేవంత్ రెడ్డికి ఇచ్చారు అంటే...  మల్లారెడ్డి ఎన్ని వేల కోట్ల డబ్బు అవినీతిగా సంపాదించి ఉంటాడు...
సక్రమంగా సంపదిస్తే ఎవ్వరికి ఇవ్వనవసరం ఉండదుగా....
రేవంత్ ఒక్కడికె కాదు..ప్రజలందరికీ నీ అవినీతి డబ్బు పంచాలి..
అప్పుడు ఎవ్వడు బ్లాక్ మెల్ చేయడు.",non-hate,0.6636402779242669,0.33635972207573306,0.6636402779242669
438,hate,original,oka ammai vi vundhi natho argue chesthava puku mosukoni inti panulu cheyi,hate,0.8244900153974857,0.8244900153974857,0.17550998460251427
439,hate,original,Antha energy guddhalo nundi vastundi,hate,0.5916568449771311,0.5916568449771311,0.4083431550228689
440,hate,original,bonda uma kukka esaga mafia king,hate,0.8226104034879972,0.8226104034879972,0.1773895965120028
441,hate,original,Padavi kosam penta ina tintadu,hate,0.8301003314552539,0.8301003314552539,0.16989966854474617
442,hate,original,Kcpd men's kutha chnpi paddengutha,hate,0.6404771300139677,0.6404771300139677,0.35952286998603233
443,hate,original,Veedemma veedi lssge waste dhi,hate,0.7356776424719473,0.7356776424719473,0.26432235752805266
444,hate,original,vijay mallya nirav modi kapadindhi bjp malla ha baate shah gadu nak emtelidhu antaru,hate,0.836507248995986,0.836507248995986,0.16349275100401395
445,hate,original,కేసీఆర్ కేబినెట్లో మీటింగ్ లేదు బొచ్చు లేదు,non-hate,0.5231261298283644,0.4768738701716356,0.5231261298283644
446,hate,original,"atleast akkadaina vudyogam vacchindi,chaala mandiki adi sampadinche scene ledu le bro",hate,0.7424438771905563,0.7424438771905563,0.25755612280944373
447,hate,original,Ee Rashmi ki roju rojuki dhebbalu gattigaane gudhuthunnaru,hate,0.8839037957573486,0.8839037957573486,0.1160962042426514
448,hate,original,Rayalaseema simham paritala Ravi telugurashtrala devudu NTR but family members of both have utterly failed to carry the legacy of these both in their respective range and categories,non-hate,0.7196313873370611,0.2803686126629389,0.7196313873370611
449,hate,original,Antha fake ey solu galu baga ekuva ayaru,hate,0.8615796867647209,0.8615796867647209,0.13842031323527917
450,non-hate,original,"Mustache kosam wait chesi untadu,inni rojulu ee video cheyadaniki,enthaina ne dedication ki hats off bro",non-hate,0.5383935000124686,0.46160649998753145,0.5383935000124686
451,non-hate,original,ఈ సినిమా మంచి విజయం సాధించాలి అని ఎంతమంది కోరుకుంటున్నారు.,non-hate,0.9652136750198781,0.03478632498012191,0.9652136750198781
452,hate,original,"రాష్ట్ర విభజన హామీ ప్రకారం రైల్వే జోన్, ప్రత్యేక హోదా, చెన్నై విశాఖపట్నం సీ కారిడార్, స్టీల్ ప్లాంట్ పునరుద్దరణ మొదలగు హామీలు మిగిలే ఉన్నాయి",non-hate,0.6395666643417214,0.3604333356582786,0.6395666643417214
453,hate,original,Kama kukka,hate,0.8171635114695542,0.8171635114695542,0.18283648853044573
454,non-hate,original,కు డాన్స్ రాదు అనే స్టేజ్ నుండి డాన్స్ అంటే ఇది రా అనే రేంజ్ కి వచ్చావు జాని అన్నా,non-hate,0.7055375504972118,0.2944624495027882,0.7055375504972118
455,hate,original,తాత నీకు 60 పాప కీ 25యెందీరా మాకు ఈ దరిద్రమ్...?️️️,hate,0.7202782518464873,0.7202782518464873,0.2797217481535127
456,non-hate,original,Kasta padithe eppudu pratipalam untundi.. congratulations,non-hate,0.7330343317402833,0.2669656682597167,0.7330343317402833
457,hate,original,Sulli ra,hate,0.8364804894916776,0.8364804894916776,0.1635195105083224
458,non-hate,original,4 lo second di tisi 1 ki 2 ki madyalo pedite 4 avtundi order saripotadi,hate,0.6367906068821856,0.6367906068821856,0.36320939311781436
459,non-hate,original,Nivetha konni interviews lo aa time lo Rajinikanth garithi movie chestunna idem peddha movie kanattu matladindhi.she was not greatful to act in PSPK's movie.,non-hate,0.639231706808652,0.36076829319134796,0.639231706808652
460,hate,original,Charmi ki Edo ayindi navvaleka sachipothundi,hate,0.6309646278850511,0.6309646278850511,0.3690353721149488
461,hate,original,దయచేసి ఎవరైనా ముందు వీడిని మెంటల్ హాస్పిటల్ కి తీసుకువెళ్లండి వీడు ఎవరెవరిని ఏం మాట్లాడుతుందో అర్థం కావట్లేదు ఈ నా కొడుక్కి పిచ్చి పట్టింది,hate,0.6650899855149051,0.6650899855149051,0.3349100144850949
462,non-hate,original,పవన్ కుపరువుపొటమే నితికిఎతిరెకంగపొరడుతునడు అయనకుమచిదికదు  జగన్ నిలంటొడుకదు జగన్ దేవుడులంటివడు,hate,0.8077808232154138,0.8077808232154138,0.19221917678458628
463,non-hate,original,The great honest true leader Pawan Kalyan sir cm kavali nyayam jaruguthundhi ap prajalaki sir,non-hate,0.8198792138511213,0.18012078614887872,0.8198792138511213
464,non-hate,original,"Pelli meeda naku chala dreams, respect vundedhi itlanti interviews chusinappudalla pelli chesukokunda vundadame manchidi anipistundhi",hate,0.5695055097472447,0.5695055097472447,0.4304944902527553
465,non-hate,original,Mari atluntadhi krithi brm  thoni  andham ante minimam atta,hate,0.5225400399980736,0.5225400399980736,0.47745996000192636
466,non-hate,original,హ్యట్సాఫ్ పోలీస్ సర్,non-hate,0.6695955207441175,0.33040447925588246,0.6695955207441175
467,non-hate,original,నా బంగారం... ఆ నవ్వులోనే ఉంది అన్న మా సంతోషం,non-hate,0.7770710169811383,0.22292898301886166,0.7770710169811383
468,hate,original,Ree babu Nani GA neku eaduku Ra avasaram  vajaya Sai  chappali ha visayam nevu eaduku neku avasaram eamiti,hate,0.6866127832963729,0.6866127832963729,0.31338721670362707
469,non-hate,original,రాజు గారు మీరు సూపర్ సార్ బాహుబలి రఘు రామ్ రాజ్ సూపర్ సార్ పులి అంటే మీరు సార్,non-hate,0.9880389611975661,0.011961038802433932,0.9880389611975661
470,non-hate,original,మీరు కొనుడు కాదు సారు నీ బిడ్డలాంటి ప్రజలు కొనాలి,hate,0.5740082626640277,0.5740082626640277,0.4259917373359723
471,non-hate,original,కింగ్ ఇస్ బ్యాక్,non-hate,0.724807620382371,0.275192379617629,0.724807620382371
472,non-hate,original,Nani fans ante mamoluga undadhu mari super love you nani love you,non-hate,0.8907974782737467,0.10920252172625333,0.8907974782737467
473,hate,original,Niku yevadu ra cheyyamannadu,hate,0.8262197220829193,0.8262197220829193,0.17378027791708078
474,hate,original,E vedio chusi nenu chesukovaalsi vastundi inkaa chaalu,hate,0.5843965387764698,0.5843965387764698,0.41560346122353026
475,non-hate,original,Full clarity tho unnaru and correct ga chepparu ... movies lo fan following veru ...real life lo fan following veru ..,non-hate,0.8911442084866043,0.10885579151339575,0.8911442084866043
476,non-hate,original,కాపీ కాకుండా వేరే ట్రై చేసే సూపర్ విజయం నీదే పిల్లి డుడ్,non-hate,0.6257080047160165,0.3742919952839835,0.6257080047160165
477,non-hate,original,Village  పిల్ల  నీవు super,non-hate,0.5064872337891233,0.4935127662108767,0.5064872337891233
478,non-hate,original,దత్తపుత్రుడికి ఇంకా సిగ్గు రాలేదు,hate,0.5685171718364463,0.5685171718364463,0.4314828281635537
479,non-hate,original,ఇంత తెలివైన ముఖ్యమంత్రి ని ఎన్నుకున్నారు,non-hate,0.7084637622126607,0.2915362377873393,0.7084637622126607
480,hate,original,Waste fellow he did nothing for telengana,hate,0.8861257913613019,0.8861257913613019,0.1138742086386981
481,non-hate,original,Vaadu feel avvadu... Vaadi answer ki nuv avthav,hate,0.6173803191028576,0.6173803191028576,0.3826196808971424
482,non-hate,original,కల్యాణ్ దిలీప్ సుంకర గారు చాలా చక్కగా వివరించారు. ధన్యవాదాలు.,non-hate,0.9912082297280395,0.008791770271960542,0.9912082297280395
483,hate,original,nuvvu poyyi modi modda cheku mms oka great econmist ani prapamcham anukondhi antanu lekunte india ledhu,hate,0.5219208615608166,0.5219208615608166,0.47807913843918337
484,hate,original,ఆమె నీ తల్లి అయితే ఇలాగే చేస్తావా,non-hate,0.5815805638501214,0.41841943614987864,0.5815805638501214
485,hate,original,",విస్వక్ గాడికి బాగా ఎక్కువైంది.ఇది మంచి పద్ధతి కాదు",hate,0.5393909536422461,0.5393909536422461,0.46060904635775385
486,non-hate,original,ఇంత ఫిట్ బాడీ ఉండి అప్పు అన్న అల మరణించడం బాధగా ఉంది,non-hate,0.8182680968986513,0.18173190310134868,0.8182680968986513
487,hate,original,Shooting leka mind dobbindi .court should consider this issue .if students take him as inspiration then what will happen. Is it correct .pls consider it,hate,0.5066909450853936,0.5066909450853936,0.4933090549146064
488,hate,original,Sketch వేసింది ఎవరో కూడా చెప్పండి (దమ్ము ఉంటే),non-hate,0.5158829798928156,0.4841170201071844,0.5158829798928156
489,non-hate,original,"The courage to be disliked"" ee book summary cheyyandi anna.",non-hate,0.6539069603305694,0.3460930396694306,0.6539069603305694
490,hate,original,Ntr kadhu bey ntr garu give respect,hate,0.6105250918184546,0.6105250918184546,0.3894749081815454
491,non-hate,original,ఎక్కడికి పోతోంది మన సంస్కృతి,non-hate,0.528215510247348,0.47178448975265197,0.528215510247348
492,non-hate,original,పోనీ ఆంధ్రప్రదేశ్ కు separate కరెన్సీ నోటు పెట్టీ నోట్లు గుద్దు జగన్ అన్న గాంధి గారి ఫొటో బదులు నీ ఫొటో పెట్టు అన్న,non-hate,0.5555917994479991,0.4444082005520009,0.5555917994479991
493,non-hate,original,Super Madam  dance  chala bagavesaru,non-hate,0.8472723925661528,0.15272760743384717,0.8472723925661528
494,hate,original,జగన్ శరీరంలో అణువు అణువు రొజక్కకు బాగా తెలిసినట్లుందే,hate,0.7598241909804019,0.7598241909804019,0.2401758090195981
495,hate,original,"తల్లి నువ్వు నవ్వొద్దు, ఆ ముఖంలో మూతి తప్ప ఏమి కనిపించదు మాకు",hate,0.656277041248161,0.656277041248161,0.343722958751839
496,hate,original,Teeskelli railway station loo padeyandi,hate,0.8646302864479876,0.8646302864479876,0.13536971355201238
497,non-hate,original,డబ్బా రాయుడు మన పెద రాయుడు మొత్తం మీద మేక పోతు గాంభీర్యం కనపర్చాడు ఫసక్,hate,0.7364542367122082,0.7364542367122082,0.2635457632877918
498,non-hate,original,మీరు మీ లాంటి వారు రాష్ట్ర నికి చాలా అవసరం,non-hate,0.9014482690724281,0.09855173092757186,0.9014482690724281
499,non-hate,original,కాదన్నా నవ్వి నవ్వి చచ్చిపోతే ఎవరు రెస్పాన్సిబిలిటీ అన్నా సూపర్ అన్న,non-hate,0.7358887934722163,0.26411120652778375,0.7358887934722163
500,non-hate,original,Super settiandi voice to video,non-hate,0.670235737929246,0.32976426207075404,0.670235737929246
501,hate,original,Over action apandi raa Babu,hate,0.7979223384403329,0.7979223384403329,0.20207766155966705
502,non-hate,original,అన్నయ్య వదిన. ఎప్పుడు హ్యాపీ గా వుండాలి,non-hate,0.7613038713021556,0.2386961286978444,0.7613038713021556
503,hate,original,Picchodini interview endhuku chesthunnaru may be TRP kosama,hate,0.7466666269886599,0.7466666269886599,0.25333337301134
504,non-hate,original,ఈ పాట విన్నపుడల్లా SPB గారే మళ్ళీ తిరిగొచ్చి పాడారు అనిపిస్తుంది,non-hate,0.7520829979865669,0.24791700201343314,0.7520829979865669
505,hate,original,కోతులు దిగేదానికి ఇంత bulid up aaa,hate,0.8813300549348954,0.8813300549348954,0.11866994506510466
506,non-hate,original,Punch veyyalantay...Sunil anna tharuvathayee...yavarina...,non-hate,0.6216221228633729,0.37837787713662707,0.6216221228633729
507,hate,original,"jai kumar next nee amma nee ,sisters nee andharni petti prank thesthadu vadu wait",hate,0.6047190181043516,0.6047190181043516,0.3952809818956485
508,hate,original,Elagaina vastadu mee dhulaa thirustadu.,hate,0.8399901409851503,0.8399901409851503,0.16000985901484963
509,hate,original,కంట్లో దురద పెట్టింది కాబట్టి సరిపోయింది,hate,0.6305836889186022,0.6305836889186022,0.36941631108139783
510,hate,original,Raja Singh nuvvu ni karra tagubthu mokam neeku mokham nuvvu mla ela ayyavu,hate,0.822738282427892,0.822738282427892,0.17726171757210793
511,non-hate,original,"Manchi cinema ni prathi okkaru aadaristaru,all the best nikhil, have a bright future",non-hate,0.903208847268297,0.09679115273170302,0.903208847268297
512,non-hate,original,నువ్వు చాలా చాలా బాగున్నావు. పర్ఫెక్ట్ గా ఉన్నావ్.. మీరు నాకు నచ్చారు,non-hate,0.9742512719558002,0.02574872804419981,0.9742512719558002
513,hate,original,Vedi nathinakodaka,hate,0.9066490249204411,0.9066490249204411,0.0933509750795589
514,hate,original,Meeru Gopi Goda meeda pilli anna maata edava,hate,0.5897359178632533,0.5897359178632533,0.41026408213674664
515,non-hate,original,Naku prabhas anna ento rana anna kuda antey,non-hate,0.6340274776301077,0.3659725223698923,0.6340274776301077
516,non-hate,original,Ilantivi kaadha ee generation ki inspiring untadhi...plz do more,non-hate,0.7764186170106412,0.2235813829893588,0.7764186170106412
517,non-hate,original,పోలీస్ ఫారెస్ట్ డిపార్ట్మెంట్ 2కలసి పోరాడారు పాపం దాని బారి నుండి ప్రజల్ని,non-hate,0.5533926498679405,0.44660735013205954,0.5533926498679405
518,hate,original,భజన భజన బ్యాచ్ ఎక్కువ అయిపోయారు పవర్ స్టార్ కి పాపం,non-hate,0.7482392101268972,0.2517607898731028,0.7482392101268972
519,hate,original,నోరు ముయ్. వాడు పరిపాలనా చేతగాని వాళ్లకి అన్న... అంతే.,hate,0.7966304608106054,0.7966304608106054,0.20336953918939465
520,hate,original,"Paritala nu nuvve sampinavu raa nennu gaali, vaana devudu sampeedu",hate,0.9393906224852068,0.9393906224852068,0.060609377514793235
521,hate,original,Washing powder NIRMA neevu maa mukyamantri awadam maa KARRMA,hate,0.5182829310760955,0.5182829310760955,0.4817170689239046
522,hate,original,​political fit kakapothe bayapadatam endukandi,non-hate,0.5641374773769845,0.4358625226230155,0.5641374773769845
523,hate,original,Peetha … idokA Lavada lo buildup,hate,0.8184892556306098,0.8184892556306098,0.18151074436939013
524,hate,original,Marea srihan pakkana moddagudvala,hate,0.802641070460318,0.802641070460318,0.19735892953968198
525,hate,original,Rey arripuku adhi munda sollu apu ra,hate,0.6867862215728073,0.6867862215728073,0.3132137784271927
526,hate,original,ఇలా వాగే ఛీ అని పరిశ్రమ పెద్దలు దూరంగా పెట్ట రు మహేష్ మళ్ళీ దరిద్రని మళ్ళీ స్టేజీ మీదకు తెచ్చాడు 20సం చిరు చాలా నష్టపోయారు,non-hate,0.6129255594018551,0.3870744405981449,0.6129255594018551
527,non-hate,original,Me kastam palinchali sir,non-hate,0.577519322658791,0.422480677341209,0.577519322658791
528,hate,original,మొత్తానికి యూట్యూబ్ నే కాపురం చేయరా మీకు మా బుద్ధిలకు మానాల్లో లేదు,hate,0.6481683765380435,0.6481683765380435,0.3518316234619565
529,hate,original,Audience be like :- Bengu ! Athi bengaku,hate,0.7898827259076964,0.7898827259076964,0.21011727409230363
530,non-hate,original,ఎంత నవ్వు వచ్చిందో .  సూపర్ స్పీచ్ అన్న.,non-hate,0.9174340401542312,0.08256595984576875,0.9174340401542312
531,non-hate,original,40 సంవత్సరాలు రాజకీయ అనుభవం,non-hate,0.6872207727151755,0.31277922728482455,0.6872207727151755
532,hate,original,ఓహో ఈ నిజాయితీపరుడైన రవి ప్రకాష్ లో పవన్ లక్షణాలు ఉన్నాయా,non-hate,0.9418655497014208,0.05813445029857922,0.9418655497014208
533,hate,original,West mokalu motham judge laa,hate,0.8618225605711199,0.8618225605711199,0.13817743942888008
534,hate,original,Dhani pandhi moham chusi shock avuthada,hate,0.733482239281529,0.733482239281529,0.266517760718471
535,hate,original,ni pellam puku denugutha  ma anna annavu ante,hate,0.7476538697999324,0.7476538697999324,0.2523461302000676
536,non-hate,original,liger movi బాగుంది but హీరో కి నత్తి ఎక్కువ గా ఉండడం వల్ల సినిమా పోయింది అంతే,non-hate,0.8313829657686063,0.16861703423139374,0.8313829657686063
537,non-hate,original,బ్యూటిఫుల్ మేడం,non-hate,0.6154523974943382,0.3845476025056618,0.6154523974943382
538,hate,original,Are meru marara dappukottu kovam,hate,0.7975864625063083,0.7975864625063083,0.20241353749369173
539,non-hate,original,దాన్ని పేరు ఏంటి ఐడి ఏంటి చపూ బ్రదర్,non-hate,0.5923160658331128,0.4076839341668872,0.5923160658331128
540,non-hate,original,సాక్షి అంటేనే అబద్దలకు care of address,hate,0.7449098817576432,0.7449098817576432,0.25509011824235683
541,non-hate,original,"అప్పట్లో dirctors కి, కంటెంట్ రైటర్స్ కి ఉన్న హ్యూమర్ సైన్స్ ఇప్పుడు ఎవరికీ లేదు.",non-hate,0.7119320851326518,0.2880679148673482,0.7119320851326518
542,non-hate,original,ఎవ్వరు చెయ్యలేని గొప్ప పని మీరు చేశారన్న మీరు గ్రేట్ అన్నా,non-hate,0.8343280899806591,0.1656719100193409,0.8343280899806591
543,non-hate,original,మీరు చెప్పే టాపిక్ వల్ల ఉపయోగం చాలా ఉంది!,non-hate,0.8780591634846149,0.12194083651538512,0.8780591634846149
544,hate,original,"Fingerprint mallareddy
Pedda donga na kodku",hate,0.9259097056036191,0.9259097056036191,0.07409029439638093
545,hate,original,ఇపుడు కూడ తన తప్పులు ఒప్పుకోవటం లేదు.. pichi munda,non-hate,0.5616743946337287,0.4383256053662713,0.5616743946337287
546,hate,original,entandi pusukunna antha pedha Mata anesav,hate,0.8147195998000779,0.8147195998000779,0.18528040019992212
547,hate,original,rgv ki siggu ledhu ammail ni oka sex doll laga choostahru,hate,0.8298741400626239,0.8298741400626239,0.17012585993737606
548,hate,original,Antha perfect ga ayithae raledhu but try chesaru kadha that's more important,non-hate,0.5188345655138885,0.4811654344861115,0.5188345655138885
549,non-hate,original,​debate la lo paalgone TRS naayakulaku edhutivaarini maatladaneeyakapovadam samskaaram kaadhu.,hate,0.7389493022568656,0.7389493022568656,0.2610506977431344
550,hate,original,Party paranga vaduu. Godameeda pilli laga kuda vaddu ra howla,hate,0.789580808523356,0.789580808523356,0.21041919147664406
551,non-hate,original,చాలా బాగుంది బ్రో. చిన్నపుడు ఇవి అన్ని మేము చేసాము బ్రో చాలా హ్యాపీ గా ఉంది ఈ సిరీస్ చూస్తుంటే. Best of luck bro.,non-hate,0.9561020517024845,0.04389794829751548,0.9561020517024845
552,hate,original,నేనూ రెండు ట్రై చేసాను సమ్మగా ఉంది,non-hate,0.824646488070526,0.17535351192947402,0.824646488070526
553,hate,original,Modda gudu aithyy,hate,0.9135212832973014,0.9135212832973014,0.08647871670269856
554,hate,original,అన్ని తెలుసు పోలీస్ లకు యూనిఫామ్ ఉందన్న అహంకారం  చట్టం తెలిసిన వాడు తప్పు చేస్తే తాట తీయండి అడ్వకేట్  హక్కుల కోసం ప్రజల తరఫున పోరాడండి,non-hate,0.6042066842827709,0.3957933157172291,0.6042066842827709
555,non-hate,original,Muslims hindu devullanu entha thittina parledhu... Kaani hinduvulu  Mee devudini thidithe thappenti,hate,0.7062964164598551,0.7062964164598551,0.29370358354014486
556,hate,original,Pilichi pettinchukuntaru ga....TV9 ki eemadhya sarada ayindi...,non-hate,0.5370552474696029,0.46294475253039713,0.5370552474696029
557,non-hate,original,ప్రతి ఒక ఇంటర్వ్యూ లో చాలా కూల్ గా మాట్లాడతారు. నిజాలు నిర్భయంగా చెబుతాడు. ఎవడన్నా ఏమన్నా అనుకొని నేను చెప్పేది చెప్తా అనుకునే వ్యక్తి RGV...,non-hate,0.6978890925006271,0.30211090749937286,0.6978890925006271
558,hate,original,అన్నయ్య అనే పిలుపు విని వెనక్కి తిరిగాడు,non-hate,0.5461368457697692,0.4538631542302308,0.5461368457697692
559,hate,original,alsa janalu erripuk galu jagan ni cm cheyadam enti,hate,0.8192885694133678,0.8192885694133678,0.1807114305866322
560,hate,original,అందుకే 400 అమ్మాయిలతో sex చేశాడు,hate,0.5997295871190026,0.5997295871190026,0.4002704128809974
561,non-hate,original,Mulapeta lo 2 years chadhukuna,hate,0.6118835973874628,0.6118835973874628,0.38811640261253727
562,hate,original,Chance esti champidengala vunnadu aunty ne,hate,0.5300611040142704,0.5300611040142704,0.4699388959857296
563,hate,original,"100% literacy rate unna kerala lo ne janalu gorrelu la unte, migilin rashtrallo unna janalu paristhiti emito...... I feel ashamed being part of this type of public",hate,0.5826467886415927,0.5826467886415927,0.41735321135840725
564,non-hate,original,"Prabhas ki super jodi,,,arabian bread vastundi",non-hate,0.5644292959144345,0.43557070408556553,0.5644292959144345
565,non-hate,original,Acting super undhi ga bro just story lo dammu ledh,non-hate,0.8175823547356684,0.18241764526433157,0.8175823547356684
566,non-hate,original,ఇద్దరూ చాలా బాగున్నారు sooooo క్యూట్,non-hate,0.980050467083045,0.019949532916955004,0.980050467083045
567,hate,original,ఎందుకు అల్యసాO చేస్తునవు పేటక,hate,0.7877906501367171,0.7877906501367171,0.21220934986328294
568,hate,original,Vadapav gaadu icc trophy elaa win aiythadoo neenu chusthaa,hate,0.818028157871943,0.818028157871943,0.18197184212805698
569,non-hate,original,అన్నయ్య చెబుతుంటే నోరు ఊరిపోతున్నాది....,non-hate,0.6332748723672882,0.3667251276327118,0.6332748723672882
570,hate,original,మహానుభావుడివి సార్ నువ్వు. మేడం గారు మికో నమస్కారం. ఇద్దరు సరిపోయారు. నిజాన్ని నిర్భయంగా,non-hate,0.9528257246401659,0.047174275359834095,0.9528257246401659
571,hate,original,నువ్వు వెస్ట్ దానివి దొమ్మరి దాన ఇది ఏంటిదే,hate,0.7052087770580462,0.7052087770580462,0.29479122294195387
572,non-hate,original,"ntha brainwashed gorrelu chesthunnaru, inko vargam enti ante bjp bots SSR influencers ga mari yuvatha ni thappu thovva pattisthunnaru a",hate,0.8318270904074458,0.8318270904074458,0.16817290959255415
573,hate,original,Car top medhega kurchuni vachindhi mee araganta auntymedha kurchuni kaadhu ga me fans tega feel aypothu support chestnaaru manchi aatagaadivey,hate,0.615459964028668,0.615459964028668,0.3845400359713321
574,non-hate,original,"Shiva gari smile ki fidaa..mee anchoring super sir..nenu macha cheppe Answers kante meru iche smile ne chusthu undipoyanu..your voice,  your style of anchoring awaysome",non-hate,0.7972920079360545,0.20270799206394552,0.7972920079360545
575,non-hate,original,Cut paste... video cut aaeindhi,hate,0.8295353640024916,0.8295353640024916,0.17046463599750836
576,hate,original,samantha oka trigubothu lanja chai lanti mogudu vadilesindhi,hate,0.728813595338172,0.728813595338172,0.2711864046618279
577,non-hate,original,"Legendary అంటేనే ntr, anr, తర్వాత చిరు.  ఆయన సినిమాలు నిజజీవితానికి అద్దం పడతాయి. యువతకు దిశానిర్దేశం చేస్తాయి. ఎవడో ఏదో అన్నంత మాత్రాన legend కాకుండా పోతారా",non-hate,0.858891050980255,0.14110894901974502,0.858891050980255
578,hate,original,bandi sanjay gadu amit shah kukka vadu poyi vadi kaalu nakutaru,hate,0.7715226228257461,0.7715226228257461,0.2284773771742539
579,non-hate,original,Murkulani evaru emi cheyaleru...,hate,0.6866448927606132,0.6866448927606132,0.3133551072393868
580,non-hate,original,Ee video chusintarvatha mee meeda respect perigindi,hate,0.6541937284779877,0.6541937284779877,0.34580627152201227
581,hate,original,హోమ్ మినిస్టర్ 2000% UNFIT... ఆమెకి ఉన్న తెలివి కి Village member కే ఎక్కువ,non-hate,0.7220093773236427,0.2779906226763573,0.7220093773236427
582,hate,original,అంటే జగన్ కు భయపడుతూనే ఉంటారు,non-hate,0.6934551042926016,0.3065448957073984,0.6934551042926016
583,non-hate,original,సిస్టర్ నువ్వు చాలా బాగా చేసావ్ అమ్మ నీలో టాలెంట్ మామూలుగా లేదు.,non-hate,0.790334569700914,0.20966543029908602,0.790334569700914
584,hate,original,kcr dhi barrey karrey mukku vadu waste pm ki,hate,0.825536432164745,0.825536432164745,0.17446356783525493
585,hate,original,Orey manam cinemalu chudabatte vallu luxury ga brathukunnaru ra,hate,0.5992783560742494,0.5992783560742494,0.40072164392575055
586,non-hate,original,Life lo okasri ina kalavli darling ninnu,non-hate,0.7048671774347306,0.2951328225652694,0.7048671774347306
587,hate,original,ఏదో పెట్టేదని లేక అడిగింది,hate,0.7248547176680751,0.7248547176680751,0.27514528233192487
588,hate,original,Erripuku matalu baga matladathavu ra adhi nuvvu,hate,0.8182655426057854,0.8182655426057854,0.1817344573942145
589,non-hate,original,Vammo mamulodivi kadu swamy Nuvvu,hate,0.5096726311813052,0.5096726311813052,0.49032736881869476
590,non-hate,original,Movie lo content chala bagundi evvadu apaledu movie ni dilraju kuda,non-hate,0.8597003613143259,0.14029963868567408,0.8597003613143259
591,non-hate,original,Yenta mandhi stars vunna PAWAN KALYAN YE  POWER STAR,non-hate,0.8124070849186671,0.1875929150813329,0.8124070849186671
592,hate,original,Adhikaram vunte thuglak gadu emaina chesasthadu,hate,0.7468569585881121,0.7468569585881121,0.2531430414118879
593,hate,original,sia vinadaniki notlo motham petta vuntau padutadhi,hate,0.7365019216303142,0.7365019216303142,0.26349807836968575
594,hate,original,niku family undi gah ra jagratamma venkata,hate,0.7305699195338802,0.7305699195338802,0.2694300804661199
595,hate,original,కొన్ని ఆంధ్ర పందులకి బురదలోనే (ycp)ఆనందం...ఏం చేస్తాం పంది జాతి కదా అట్లాగే ఉంటది,hate,0.6341350980529006,0.6341350980529006,0.36586490194709936
596,non-hate,original,అన్నా నెక్స్ట్ మూవీ ఇంకా గట్టిగా కొట్టాలి... ఆల్ ది బెస్ట్,non-hate,0.9093707578277512,0.09062924217224877,0.9093707578277512
597,non-hate,original,మ్యూజిక్ చాలా చాలా బాగుంది..,non-hate,0.9785022001381736,0.021497799861826428,0.9785022001381736
598,non-hate,original,చీర కట్టుకుంటే చాలు ఎవరికైనా ఒక హుందాతనం వచ్చేస్తుంది.,non-hate,0.8210722596025788,0.1789277403974212,0.8210722596025788
599,hate,original,ముందు arrest చెయ్యండి. వాడు షికారు చేస్తున్నాడు. వాడు ఎందుకు మీడియా ముందుకు రాలేదు.,hate,0.6715733706222708,0.6715733706222708,0.32842662937772915
600,non-hate,original,ఒక్క ఎక్ష్ప్రెషన్తొ  మొత్తం నడిపించినవ్ నువ్వు నిజంగా లెజండ్ అన్న,non-hate,0.795202033870602,0.20479796612939805,0.795202033870602
601,hate,original,ఏంది రా మాకు ఈ సోది నీ ఎపిసోడ్,hate,0.8433830581055893,0.8433830581055893,0.15661694189441067
602,non-hate,original,డిజిల్ బదులు మందు కొడితే సరిపోతుంది,hate,0.5569512245863611,0.5569512245863611,0.44304877541363885
603,hate,original,ఆ పటుకోవడం లోపలికి వెళ్లి పటుకొర బాబూ రూంలో కూర్చుని పనిచేసేయి,hate,0.8427912009251778,0.8427912009251778,0.1572087990748222
604,hate,original,పెట్టింది పది వేలు.. లాగేది 10కోట్లు,hate,0.7939020885230905,0.7939020885230905,0.2060979114769095
605,non-hate,original,నెక్స్ట్ కార్తికేయ 3 మాత్రం సముద్రం లో ఉన్న ద్వారక నగరం మిస్టరీ ...Vere level  లో ఉంటది...,non-hate,0.6366007913869782,0.3633992086130218,0.6366007913869782
606,non-hate,original,One and only Mega star .....Potthi leyru....Raleyru,non-hate,0.6286469309375926,0.3713530690624074,0.6286469309375926
607,non-hate,original,జయహో రాజాసింగ్ భారత్ మాత కి జై,non-hate,0.9492110350852849,0.05078896491471507,0.9492110350852849
608,hate,original,Re charge ayepothe Ela ra Google open avrhundu,hate,0.9047175746498005,0.9047175746498005,0.09528242535019946
609,non-hate,original,Anna mee Spandhana bagundhi,hate,0.7051113159922966,0.7051113159922966,0.29488868400770335
610,non-hate,original,ఈడిని చూసాక....మన సంపు మీద చాలా గౌరవం పెరిగింది...,non-hate,0.8448181997681725,0.15518180023182748,0.8448181997681725
611,hate,original,"ఇది లంజలా రాజ్యం..,. కలియుగం లో లంజేలే నీతులు చెబుతారు",hate,0.5599696873427868,0.5599696873427868,0.44003031265721315
612,hate,original,"Paytm kukkalu ekkada, idi kuda cbn gare plan chesaru antaremooo",hate,0.610409479253144,0.610409479253144,0.389590520746856
613,hate,original,Edi lanja kabate ela janalanu chedakodutundi,hate,0.8101473468928394,0.8101473468928394,0.18985265310716057
614,hate,original,kodali nani  koja na koduku mla lankadhnulu okati levu,hate,0.9800401728884336,0.9800401728884336,0.019959827111566394
615,non-hate,original,study chesi kcr em pikindu velumundra ayina pm position lo undu that is modi,hate,0.5624862152851671,0.5624862152851671,0.437513784714833
616,hate,original,Pilla puk comedy,hate,0.6278652304095504,0.6278652304095504,0.37213476959044955
617,non-hate,original,గెటప్ సీను acting యెంత మందికి nacchindi అద్భుతం super,non-hate,0.8236207189616843,0.17637928103831568,0.8236207189616843
618,non-hate,original,అక్క నీ పాట ప్రతి ఒక్కటి అదిరిపోతుంది,non-hate,0.9520144927071413,0.047985507292858665,0.9520144927071413
619,hate,original,vachanu anuko gudda paligipodhi,hate,0.8613718523143336,0.8613718523143336,0.13862814768566648
620,non-hate,original,శేఖర్ మాస్టర్ గారు అండ్ శ్రీముఖి గారు మీ డ్యాన్స్ బాగా అదిరింది,non-hate,0.9819275040387162,0.018072495961283797,0.9819275040387162
621,hate,original,A 1 చిల్లర రాజకీయాలు అపు...... ముందు ఇంట్లో వున్న మహీళలకు న్యాయం చేయమను.... అక్కా చెల్లెళ్ళు చేబుతారు A1 Bach ki,hate,0.7197868157469582,0.7197868157469582,0.28021318425304176
622,non-hate,original,అల్లు అర్జున్ కి ఏక్కడో సూడి ఉ౦ది.multitalent వున్నోడు అల్లు అర్జున్ ఒక్కడే ఇన్ ఇ౦డియా,non-hate,0.5607966544910966,0.4392033455089034,0.5607966544910966
623,non-hate,original,ఓన్లీ  బై రెడ్డి సిద్ధార్థ రెడ్డి అన్నయ్య కోసం చూసినవాళ్లు like me....,non-hate,0.7351802454714671,0.2648197545285329,0.7351802454714671
624,non-hate,original,రేవంతన్న ఇచ్చిన షాక్ కి మల్లారెడ్డి కి పిచ్చి పట్టినట్టు ఉంది,non-hate,0.791673670550991,0.20832632944900897,0.791673670550991
625,hate,original,"రాష్ట్రాన్ని నకించేసి తల్లి, కుతురు సైడ్ అయిపోయారు",hate,0.7336119493152864,0.7336119493152864,0.26638805068471366
626,hate,original,ఛీ దీనమ్మ ఎందుకు రా వీడు,hate,0.8666587162481881,0.8666587162481881,0.13334128375181184
627,non-hate,original,నిను చూస్తుంటే KGF సినిమాలో RACKY బాయ్ గుర్తుకు వస్తున్నాడు,non-hate,0.8718123429830272,0.12818765701697277,0.8718123429830272
628,hate,original,Me Bathukulu yenduku ra,hate,0.9269339815282531,0.9269339815282531,0.07306601847174693
629,hate,original,అబ్బా బొడ్డు ఇంత పెద్దగా ఉంటే బొక్క సముద్రం లాగా ఉంటాదేమో?,hate,0.6183164190616701,0.6183164190616701,0.38168358093832994
630,non-hate,original,Hii Bagunnara Harsha Sai garu  meku. Mee team members ki happy vinayaka chavithi,non-hate,0.8853918813958164,0.11460811860418363,0.8853918813958164
631,non-hate,original,మీరు దేవుడు సార్,non-hate,0.7251263239110861,0.2748736760889139,0.7251263239110861
632,non-hate,original,Aat..... tatha on fire,hate,0.6322486899214472,0.6322486899214472,0.3677513100785528
633,hate,original,punju vachi pitta ni dengithey nenu commentry chepijry ala vuntadhi # punjuunggamer,hate,0.782992739768902,0.782992739768902,0.217007260231098
634,non-hate,original,"Abboo siggulekundaa vadu matladina matalu okkadu kuda levaledu ikkada..
Just for hate in Modi how much low can go anywhere",hate,0.7036541990686644,0.7036541990686644,0.29634580093133556
635,hate,original,Evadra erri puukodu vaadu.. Duplicate gild eskuni show dhenguthunnadu,hate,0.8666055293141777,0.8666055293141777,0.1333944706858223
636,non-hate,original,Aallu eellu andaru okkate,hate,0.6515510621078755,0.6515510621078755,0.34844893789212444
637,non-hate,original,రష్మిది అని చెప్పి ఆది లేకపోతే అలుగుతుంది స్త్రీల పరువుతీస్తున్నది,hate,0.6865796334221983,0.6865796334221983,0.31342036657780165
638,hate,original,Leak endhi ra secret aaa dhii,hate,0.8834241338445129,0.8834241338445129,0.11657586615548705
639,non-hate,original,Anna  plz pellichesuko sir age 43 plz anna,non-hate,0.947887118462346,0.05211288153765403,0.947887118462346
640,non-hate,original,ఆహా సూపర్ mr khan హిందూ దేవతలను అన్న వారితో కూడా క్షమాపణ చెప్పించండి అప్పుడే మీ నిజాయితీ ని నమ్ముతా.,non-hate,0.8853685980433564,0.11463140195664356,0.8853685980433564
641,hate,original,Chala worst ga undi,hate,0.7697746929575814,0.7697746929575814,0.2302253070424186
642,hate,original,kcr niku baga ekkuva ayidhi anni moukni cm avvu next karre mukku ki cm endhuku ra lanje boss,hate,0.8370231794310381,0.8370231794310381,0.16297682056896184
643,non-hate,original,Nu Track medha untey enni sarlu horn kottidhi ???,hate,0.8082230716437389,0.8082230716437389,0.19177692835626114
644,hate,original,సిగ్గు లేకుండా తిరుగుతున్నారు ఎమ్ ఆబివుద్ది చేశారని తిరురుగుతున్నారు,hate,0.8515644487021699,0.8515644487021699,0.14843555129783015
645,non-hate,original,Miss u sirr.... నిజాన్ని సినిమా లో చక్కగా చూపించారు.... గ్రేట్ లెజెండ్,non-hate,0.9844033827760356,0.015596617223964437,0.9844033827760356
646,non-hate,original,ఈ పాదయాత్ర అయిపోయిన  తర్వాత ఆ 80 కంటెర్నర్లు అసలు ఉండడానికి ఇళ్లు లేనివారికి ఇవ్వండి,non-hate,0.5916907625982615,0.4083092374017385,0.5916907625982615
647,hate,original,Mentel gadini tesuku vachi kurcho pettukunnaru enti anker garu,hate,0.8075479844536697,0.8075479844536697,0.19245201554633024
648,hate,original,ఈ అమ్మాయి సిగ్గు లేకుండా ఇంకా కావరింగ్ ఒకటి,non-hate,0.6087187373310367,0.39128126266896335,0.6087187373310367
649,hate,original,నిమాటలు కడుపుకి అనం తినేవాడు ఎవరు నమరు జై హర్ష జై హర్ష హర్ష,non-hate,0.7184001630813589,0.2815998369186411,0.7184001630813589
650,hate,original,nupur sharama  rape cheshi dengutha,hate,0.7784036701083805,0.7784036701083805,0.22159632989161954
651,non-hate,original,Acting super undhi ga bro just story lo dammu ledh,non-hate,0.8175825303528629,0.18241746964713712,0.8175825303528629
652,hate,original,అన్ని తెలుగు ప్రాంతాల నాయకులు ఇలానే వున్నారు... లోఫర్స్.... తప్పు మనది... మనకు సిగ్గుండాలి ఇలాంటి నాయకులను ఎన్నుకున్నందుకు...తు…,non-hate,0.7436135710408939,0.2563864289591061,0.7436135710408939
653,non-hate,original,"Broooooooooooooooo  chala mandiki untai pailsu, neku vachindi movie lo chancesu pola adiri pola , all the best bro",non-hate,0.7764627906915617,0.22353720930843834,0.7764627906915617
654,hate,original,me koduku ki eva ra poka,hate,0.9076958389676847,0.9076958389676847,0.0923041610323153
655,hate,original,అన్ని ఇచ్చేయాల్సింది బ్రదర్ ఒంటి మీద ఏమి లేకుండా sigu lenu edava laga,hate,0.7206763972885066,0.7206763972885066,0.2793236027114933
656,non-hate,original,"పాలు, పెరుగు, పువ్వులు కెసిఆర్ ఫామ్ హౌస్ లో అమ్మినవ్ అది అందరికి తెలిసిన విషయమే",non-hate,0.5698055981192975,0.43019440188070246,0.5698055981192975
657,hate,original,Ramu inner peeling : night ki gunta tho dengulata ki set ipoyindi,hate,0.8121968283357575,0.8121968283357575,0.18780317166424254
658,non-hate,original,Enti Puri nuvvu entha knowledge gain chestavu.,non-hate,0.69763210945173,0.30236789054826996,0.69763210945173
659,hate,original,Apara thagubothu abbati,hate,0.7571449122698034,0.7571449122698034,0.24285508773019662
660,non-hate,original,రోజు ఈ సాంగ్ వింటాను నా రింగ్ టోన్ ఇదే అన్న సూపర్ సాంగ్,non-hate,0.9330104095406819,0.06698959045931807,0.9330104095406819
661,non-hate,original,ఇంత చక్కటి సినిమా తీసినందు మీకు ఎలా కృతజ్ఞతలు చెప్పాలో అర్థం కావటం లెదు.. ఈ  classic movie చరిత్ర lo నిలిచిపోతుంది,non-hate,0.9413668835630002,0.058633116436999755,0.9413668835630002
662,non-hate,original,Samantha script selection lo acting scope roles choose cheskuntundi,non-hate,0.7407545305518924,0.25924546944810756,0.7407545305518924
663,hate,original,నువ్వు ఏమి పని మీద వచ్చావు నువ్వు ఏది matlduthunvu ముందు mlc ni arest చెయ్యండి,hate,0.6139065035252246,0.6139065035252246,0.3860934964747754
664,hate,original,Evadentha echaru neeku dabbulu bewerse yadavalraa,hate,0.9177019867947224,0.9177019867947224,0.08229801320527767
665,hate,original,"Assaminchani suryudu ma paritala ravanna, champi chindhi nuvu nikodukey, andukey ni maranam uhathitham.",hate,0.8135039375349271,0.8135039375349271,0.18649606246507286
666,non-hate,original,ఒక ప్రజా ప్రతినిధి హోదాలో ఉండి ఇంత దిగజారి మాట్లాడే సంస్కృతి ఈ మధ్య చాలా ఎక్కువైంది,non-hate,0.7063442396701051,0.29365576032989493,0.7063442396701051
667,non-hate,original,Super concept inka music chala bagundhi short film kuda chala bagundhi,non-hate,0.9551690664298126,0.044830933570187415,0.9551690664298126
668,non-hate,original,sky kohili valle india semis ki vachindhi,hate,0.5240313871198785,0.5240313871198785,0.4759686128801215
669,non-hate,original,వీడు పోటీచేస్తే వార్డు నెంబర్ కూడా గెలవడు వీడు చంద్రబాబు నాయుడు గారిని టార్గెట్ పెట్టుకొని తెలంగాణలో చెంప దెబ్బలు తిన్నాడు,hate,0.607877837317111,0.607877837317111,0.39212216268288896
670,non-hate,original,Nivu kcr tho thov ra chilka,hate,0.7288138960275222,0.7288138960275222,0.2711861039724778
671,non-hate,original,Babulake Baabu Super star Mahesh Baabu,non-hate,0.6717587150662089,0.3282412849337911,0.6717587150662089
672,non-hate,original,Anna nv thopu neki sati yevaru leru,non-hate,0.530640913931914,0.46935908606808596,0.530640913931914
673,hate,original,రోజ నువ్వూ ఆ ఇకలు పికడనికి తప్పా దేనికి పనికిరావు,hate,0.9029691417930509,0.9029691417930509,0.09703085820694916
674,non-hate,original,BJY chaala manchi concept,non-hate,0.6364963067785807,0.3635036932214193,0.6364963067785807
675,hate,original,Idhi language class aa Leda mimicry artist class aa,non-hate,0.5509897527309154,0.44901024726908456,0.5509897527309154
676,non-hate,original,Nuvvu king mawa,hate,0.7329272762429763,0.7329272762429763,0.26707272375702373
677,hate,original,Arey budder khan nuvvu asalu,hate,0.696129587000963,0.696129587000963,0.303870412999037
678,non-hate,original,మహేష్ బాబు ఈ రేంజ్ లో నవ్వడం ఇప్పటి వరకు ఇదే మొదటి సారి. Big thanks to Sathi anna.,non-hate,0.9616239367156382,0.03837606328436183,0.9616239367156382
679,hate,original,జనాలు లేరు బోచ్చు లేరు అంతా అంబక్,hate,0.6667296146076984,0.6667296146076984,0.3332703853923016
680,hate,original,"​వైసీపీ, బిజేపి ఒకటే. రెండు పార్టీలు understandig.జగన్ గారు ఇక్కడ గట్టిగా అరిస్తే అపోజిషన్ రేపు డిబేట్ లో సీఎం గారు అడగలేదు అని అంటారు.అంతకు మించి ఏమీ లేదు.",non-hate,0.5339879928855428,0.4660120071144572,0.5339879928855428
681,hate,original,"90ml సీఎం, నీకు హిందువులు అంటే ఎందుకు అంత చులకన,",hate,0.5872619017255667,0.5872619017255667,0.4127380982744333
682,hate,original,Ila suitcaselu petti mosam cheyatam kanna afrer results vachaka prize money la petti untey best ga endhuko ee mosalu,hate,0.7256690163802777,0.7256690163802777,0.2743309836197223
683,hate,original,Ycp Gunda na kodakalara randra chuskundham,hate,0.8218820311583686,0.8218820311583686,0.1781179688416314
684,non-hate,original,From recent 3 months iam addicted to your videos anna. Your way of explaining and slang is very nice,non-hate,0.9803359248579541,0.019664075142045934,0.9803359248579541
685,non-hate,original,​pavan anna madagudu ra ani cheppa,non-hate,0.5446379152948486,0.4553620847051514,0.5446379152948486
686,non-hate,original,నీ ఇంటర్వ్యూ అన్నిటిలో నాకు నచ్చిన ఇంటర్వ్యూ ఇది ఒక్కటే అన్న,non-hate,0.787702310452523,0.21229768954747696,0.787702310452523
687,hate,original,"ఆంధ్రప్రదేశ్ కొండలు, గుట్టలు కబ్జా మాఫియా డాన్ జగ్గు భాయ్",hate,0.530645364962276,0.530645364962276,0.469354635037724
688,hate,original,Paniki malina chana,hate,0.8340991927841616,0.8340991927841616,0.16590080721583841
689,non-hate,original,ఈ పాట అంటే ఎంతమందికి ఇష్టం,non-hate,0.7989310058290451,0.20106899417095492,0.7989310058290451
690,hate,original,Stage ekkithe chalu sollu,hate,0.7440062579471307,0.7440062579471307,0.25599374205286923
691,hate,original,"Starting lo full cover aiye vesedi dresses, rating kosam ippudu Air free",non-hate,0.5789199787423717,0.42108002125762833,0.5789199787423717
692,hate,original,memu videos chusthe kani meku annam kuda dorakadhu alantappudu mammilini yedavalu ni chesi anukoku ra nayana sollu apu,hate,0.8455763241408354,0.8455763241408354,0.15442367585916458
693,non-hate,original,Porapatuna cinema bagaledu janalu raledu ante paristiti Vijay:Intlo padukovalsinde,hate,0.6342224939200333,0.6342224939200333,0.36577750607996673
694,non-hate,original,అప్పుడు రాజకీయ ఎదుగుదలకు కారకులయిన అద్వానీ గార్ని అవమానించారు. ఇప్పుడు పదవీవిరమణ చేసిన కోవింద్ గారిని అవమానించారు. న్యాయమా మోదీ గారు.,hate,0.575138512178733,0.575138512178733,0.424861487821267
695,hate,original,చిరంజీవి గారు  ఇష్టం లేనప్పుడు  ఆయనతో  ఎందుకు వాయ్స్  ఓవర్ ఎందుకు చేయుంచుకున్నారు మీ సినిమాలో.,non-hate,0.6063571305618276,0.3936428694381724,0.6063571305618276
696,hate,original,దీనమ్మ రోజ ని ఎవడికైనా చూపించండి రా,hate,0.5224910517112982,0.5224910517112982,0.47750894828870183
697,non-hate,original,"మేూడి డ్రేస్ ఖరీదు 15 లక్షలు , ఓక్కోక్క  డ్రెస్ కరిదు మరి ఇంత డబ్బు ఎక్కడినుంచి వచ్చాయమ్మ",hate,0.5744690853333867,0.5744690853333867,0.4255309146666133
698,hate,original,Net I pothe google lo ela search chestav ra bevakoof,hate,0.7689889120826614,0.7689889120826614,0.23101108791733857
699,non-hate,original,అంబేద్కర్ విలువ మీకు తెలిసినట్టుగా రిజర్వేషన్ తీసుకున్న వ్యక్తులకి తెలియలేదు కనీసం ఇది చూసిన తర్వాత అయినా తెలుస్తుంది,non-hate,0.622139397720567,0.37786060227943297,0.622139397720567
700,hate,original,గుడివాడ ప్రజలు ఆలోచన పరులు కానంత వరకు దేవుడు కూడా బాగు చేయలేడు వేడవలకూ పదవులు.,hate,0.6602188844756111,0.6602188844756111,0.33978111552438894
701,non-hate,original,మీరు సూపర్ మేడం పట్టుదల ఉంటే ఏదైనా సాధించవచ్చు అని మీరు నిరూపించారు,non-hate,0.9584526976811486,0.0415473023188514,0.9584526976811486
702,hate,original,ఇది frankness నీ బొంద.... అనాగరికం.... సభ్యత సంస్కారం లేని ఒక సైకో వీడు.... గుహల్లో జీవించాల్సిన వాడు.,hate,0.5269792991380722,0.5269792991380722,0.47302070086192777
703,non-hate,original,ప్రభుత్వ సొమ్ము ఒక్క రూపాయి కూడా వెనుక  వేసుకోలేదంటే అది APJ అబ్దుల్ కలామ్,hate,0.6039413451994824,0.6039413451994824,0.3960586548005176
704,non-hate,original,"డెవిల్ మూవీ కూడా Blockbuster నీకింకా తప్పదు దిగ్విజయం... నందమూరి 3 స్టార్స్  జై ఎన్టీఆర్, జై బాలయ్య, జై రామ్...... జై నందమూరి",non-hate,0.7684047110420303,0.23159528895796966,0.7684047110420303
705,non-hate,original,Andhariki rajamouli rgv inspiration emo naku meere inspiration.....words can do more than action....mee laga knowledge gain cheyyali sir nenu,non-hate,0.8713002505701464,0.12869974942985363,0.8713002505701464
706,non-hate,original,Bagunnavu chai and pallavi,non-hate,0.5969493307674089,0.40305066923259114,0.5969493307674089
707,hate,original,కరోనా వచ్చి జనాల్ని ఒక రకంగా సంపుతుంటే.,non-hate,0.601113695830801,0.398886304169199,0.601113695830801
708,hate,original,ఆడు చూసి చూసి రోజా పక్కన కూర్చుంటాడేమే అనుకున్నా.,hate,0.6256775391105495,0.6256775391105495,0.37432246088945054
709,non-hate,original,నువ్వు మాట్లాడేది తప్పు. అన్న గురించి ఎంతైనా చెప్పుకో వచ్చు కానీ మోహన్ బాబు గారిని తమ్ముడు అని మాట్లాడడం ఏమాత్రం కరెక్ట్ కాదు. వాళ్ళ కొడుకులు కూడా సీరియస్ అయితే ఎంత పరిస్తితి ఏంటీ.,non-hate,0.7156301123789874,0.28436988762101256,0.7156301123789874
710,non-hate,original,"ఇంత అందంగా ఎలా అంది మీరు
మీలానే మీ స్వరం కూడా చాల అందంగా ఉంది",non-hate,0.9806013739832963,0.019398626016703724,0.9806013739832963
711,non-hate,original,Power star ante movies and acting kadu real star only,non-hate,0.8935694508566421,0.10643054914335792,0.8935694508566421
712,non-hate,original,"Inko rendu padithey, aa migatha dula kuda theerpoddi Uday Kiran 2",hate,0.8265715619847794,0.8265715619847794,0.17342843801522057
713,non-hate,original,అంతరించి పోతున్న ఆరోగ్యావంతమైన హాస్యాన్ని తట్టి లేపిన సాత్విక్....,non-hate,0.6960395879263871,0.3039604120736129,0.6960395879263871
714,non-hate,original,ఇటువంటి చావు రావాలంటే ఎంత పుణ్యం చేసి ఉండాలో     మీ ఆత్మకు శాంతి కలగాలని కోరుకుంటున్నాను,non-hate,0.7541810123712205,0.24581898762877952,0.7541810123712205
715,non-hate,original,బాలయ్య బాబు అభిమానిని ఈ సినిమా పెద్ద ఇటు కొట్టాలని మనస్పూర్తిగా కోరుకుంటున్నాను జై బాలయ్య జై చిరంజీవ,non-hate,0.9466386532093319,0.05336134679066806,0.9466386532093319
716,hate,original,tweet:enduku kumail najaini  gudda chaal rangaluo vuntadhi kumail: enduku mi amma lipstick vunthadhi,hate,0.7782674887865453,0.7782674887865453,0.22173251121345477
717,non-hate,original,నువ్వు పడింది మంచి గాఉంది బ్రో,hate,0.6462125454574614,0.6462125454574614,0.3537874545425386
718,non-hate,original,అన్నా చాలా ఇంప్రూవ్ అయ్యావ్.... సూపర్,non-hate,0.9210685539172012,0.07893144608279878,0.9210685539172012
719,hate,original,E roju e liger movie chusa uttar flop movie jeevitham meedha virakthi puttipoyindhi,hate,0.7529394973418584,0.7529394973418584,0.24706050265814158
720,non-hate,original,"తన స్వయం కృషి తో కష్టపడి, తన నటనతో ప్రేక్షకుల హృదయాల్లో చెరగని ముద్ర వేసుకున్న మన మెగాస్టార్ చిరంజీవి",non-hate,0.9899012895712509,0.010098710428749103,0.9899012895712509
721,non-hate,original,Samantha acting matram ichipadesindhi thrill chestadhi second half fantastic anthe,non-hate,0.7745593398251979,0.22544066017480213,0.7745593398251979
722,non-hate,original,Harsha anna ni kalavaali okkasaraina,non-hate,0.7773680889956082,0.22263191100439184,0.7773680889956082
723,non-hate,original,Industry లో ఒక్క remark కూడా లేని ఫ్యామిలీ ఏదైనా ఉందా అంటే అది One And Only Victory Venky Anna Gaari Family Superb Raana Anna,non-hate,0.9490450595579355,0.0509549404420645,0.9490450595579355
724,non-hate,original,gorantla madav issues side chyadaniki jenasena ni kelikaru yeppatu lane,hate,0.8187819960112733,0.8187819960112733,0.1812180039887267
725,hate,original,Mee Ayya Farmhouse Unte Mee ML Lu Appudaina Mee Ayyani Chusindra Lolly ga,hate,0.6184807033114367,0.6184807033114367,0.3815192966885633
726,hate,original,వీడియో తీసినాను కొట్టాల వీన్ని కొట్టాల దాని కింద వేసి కొట్టాల,hate,0.828982973591765,0.828982973591765,0.17101702640823505
727,hate,original,నేను రోజూ అనసూయను ఉహించు కుంటు కొడుతున్న,non-hate,0.563881302216527,0.436118697783473,0.563881302216527
728,non-hate,original,"""నంబి నారాయణ"" గారికి జరిగిన అన్యాయం చూస్తుంటే చాలా బాధ వేస్తుంది, ""నంబి నారాయణ"" గారి త్యాగానికి మా హృదయపూర్వక ""పాదాభి వందనాలు""",non-hate,0.9188693547948565,0.08113064520514346,0.9188693547948565
729,non-hate,original,నిజంగా ఈ లవ్ స్టోరీ ఏంది భై  శీనన్న ఏడిచే సీన్ సూపర్,non-hate,0.7133842346747883,0.2866157653252117,0.7133842346747883
730,non-hate,original,Super tammudu,non-hate,0.8547725366274855,0.14522746337251446,0.8547725366274855
731,hate,original,owasi bro's nupur raja singh ni pakistan ledha andaman ko tarmidengali #the people who  divide india,hate,0.6535493887850705,0.6535493887850705,0.3464506112149295
732,non-hate,original,ఇందులో ఒక్క నిజం ఉంది... లైఫ్ సాఫీగా జరిగేవాళ్ళు బయట పాడారు.. ఎందుకు అంటే వాళ్లకి అవకాశాలు ఉన్నాయి కాబట్టి..,non-hate,0.8651735316943732,0.13482646830562683,0.8651735316943732
733,non-hate,original,పోలీస్ వేవస్థలో మీలాంటి SP లు ఉంటే పోలీస్ లపై  గౌరవం పెరుగుతుంది సార్...మీలాంటి SP మా తెలంగాణా లో కూడా రావాలి సార్,non-hate,0.9319362020471643,0.06806379795283568,0.9319362020471643
734,non-hate,original,మీరు ఆ స్థాయిలో ఉండి కూడా మీ స్నేహితుని పరిచయం చేయడం ఆనందకరం,non-hate,0.8752190836922683,0.12478091630773169,0.8752190836922683
735,non-hate,original,Alaanti goppollaki ilaanti goppolle pudatharu..,non-hate,0.505251768900648,0.49474823109935195,0.505251768900648
736,non-hate,original,బాగున్నారు తల్లి కొడుకులు స్టోరీ,non-hate,0.9270622536940744,0.07293774630592564,0.9270622536940744
737,hate,original,"ద్రోహం చేసింది,నిజంగా ఏపీ ఉసురు బీజేపీకి,మోడీకి తగులుతుంది.",hate,0.6799173691065639,0.6799173691065639,0.32008263089343614
738,non-hate,original,చాలా యూట్యూబ్ చానల్లలో మీరు చెప్పిన గరికపాటి వారి అభిప్రాయం ప్రచారమౌతున్నది. వాటి కింద కామెంటులను సినిమా రంగం వారు చదివితే ప్రజాభిప్రాయం తెలుస్తోంది. ఏమైనా అనుకోని అనుకుంటే ఒకనాడు వారి భార్యాపిల్లలపై అదే ప్రభావం పడవచ్చు. చివరగా బుధ్ధి చెబుతుంది…,non-hate,0.8083604016571634,0.19163959834283661,0.8083604016571634
739,non-hate,original,తెలుగు రాష్ట్రాలకి మంచి మంచి నాయకులు దొరికారు సినిమాలు వెళ్లనవసరం లేదు వాళ్ళే సినిమా చూపిస్తారు మంచి కాలక్షేపం,non-hate,0.7736795996961418,0.22632040030385825,0.7736795996961418
740,hate,original,Power Lo undi evaru ra vedava,hate,0.6854875544201129,0.6854875544201129,0.31451244557988706
741,hate,original,Waste gaadu ali,hate,0.7215872434182722,0.7215872434182722,0.2784127565817278
742,hate,original,​pawalagadi gorrelaki avesam thappa alochana ledhu,hate,0.8860238060948443,0.8860238060948443,0.11397619390515565
743,hate,original,Mundhu RTC Buses lo students entha ibbandhi padivelthunnaru chudandii valla hanging conditions you have to notice everything,hate,0.5699422429354246,0.5699422429354246,0.4300577570645754
744,non-hate,original,హర్ష..! నీ మనసులగే... నీ రూపం కూడా అందంగా ఉంది......,non-hate,0.9281437715900276,0.07185622840997241,0.9281437715900276
745,hate,original,Pila nibha star vijgay overkonda guddakonda,hate,0.8626256916115225,0.8626256916115225,0.13737430838847758
746,non-hate,original,Ede poindi kaadu manaki,hate,0.7375544507440039,0.7375544507440039,0.262445549255996
747,hate,original,ఆపు రా డ్రామా రావు అన్ని సొల్లు కబుర్లు,non-hate,0.6016732941251446,0.3983267058748554,0.6016732941251446
748,non-hate,original,చాలా బాగా చెప్పారు అన్న.. మొదటి ఉదాహరణ వుంది అది మాత్రం.... మామూలుగా లేదు... సూపర్ అసలు,non-hate,0.9392243366063283,0.060775663393671686,0.9392243366063283
749,hate,original,Hero lu remuneration taggisthe dil raju rates penchi collections motham mingesthadanta….funny fellow,hate,0.6346588571596614,0.6346588571596614,0.3653411428403386
750,hate,original,​Ap state nu sarwa nasanam chesaru,non-hate,0.5058758667277462,0.4941241332722538,0.5058758667277462
751,non-hate,original,Logically what u said is exactly right.. Appreciated the way you explained the concepts of government and other way of ruling.. Good.. Keep it up dear..,non-hate,0.9439908081691891,0.05600919183081088,0.9439908081691891
752,non-hate,original,"రైతు బంద్ వల్ల ఎవరికీ లాభంరా  నాయన, ఎవరికీ ఏకువా భూమి ఉంటే వాడికే ఏకువ లాభం, నువ్వు నీ బ్రోకర్  జర్నలిజం",non-hate,0.5140785529998414,0.4859214470001586,0.5140785529998414
753,hate,original,Arey drama rao apura Ne sollu,hate,0.6265290138756996,0.6265290138756996,0.37347098612430035
754,hate,original,వేణు స్వామీ మీ మాటలు అన్నీ అబద్దం.,non-hate,0.5270719695679384,0.47292803043206155,0.5270719695679384
755,non-hate,original,ఏం అదృష్టం స్వామి అన్న నే ఫోన్ touch చేసింది.. లక్కీ,non-hate,0.7181570145890454,0.28184298541095465,0.7181570145890454
756,non-hate,original,చిరుత looks adhurs,hate,0.6141525189592789,0.6141525189592789,0.3858474810407211
757,hate,original,Madhi sommu ea kadha vochesthadhi,hate,0.7062356888477075,0.7062356888477075,0.2937643111522925
758,non-hate,original,అనిల్ కుమార్ గారిది తప్పలేదు కానీ ఇలాంటి సమస్యలు కూడా  రాష్ట్రంలో ఉన్నాయి అని బాగా తెలియజేసారు.,non-hate,0.8480813799992531,0.15191862000074685,0.8480813799992531
759,hate,original,Sorry to say but chinna events ki velthe ilaney jarugutundi..,non-hate,0.5662757044723855,0.4337242955276145,0.5662757044723855
760,hate,original,తెలివైన మూర్ఖుడు... RGV,hate,0.5773600231865113,0.5773600231865113,0.4226399768134887
761,hate,original,"రోజా ఆంటీ కి బాగా తెలుసు జలగ మొన రెడ్డి కి వెంట్రుకలు ఎక్కడ, ఎక్కడ ఉన్నాయో",hate,0.5062724815763578,0.5062724815763578,0.49372751842364215
762,hate,original,karan johar asla modda levadu anta andukey ammaila mataladuthaane vunatru,hate,0.9094109832549349,0.9094109832549349,0.09058901674506513
763,non-hate,original,​yuddham vadhu please for lokham lo shanthi vunchadhi,non-hate,0.5545434998982111,0.44545650010178894,0.5545434998982111
764,non-hate,original,Niku cheppada kohili one day adanu ani,hate,0.7720953340175496,0.7720953340175496,0.2279046659824504
765,non-hate,original,KCR ni chusi Vallabhai patel anukunnademo.,hate,0.5034490013269535,0.5034490013269535,0.4965509986730466
766,non-hate,original,great raa baabu movies loki  vellipoyava ra baabu,hate,0.7142188966992619,0.7142188966992619,0.28578110330073814
767,non-hate,original,Telugu tamil industry la ki break dance nerpindhe prabhudeva..meru evergreen dancer sir,non-hate,0.6918995796041721,0.30810042039582786,0.6918995796041721
768,hate,original,Pora kukka,hate,0.8425924349824925,0.8425924349824925,0.15740756501750752
769,hate,original,Nvvu first e channel dheni kosam pettinav kcr kosama peoples ki emaina prayojanam vundhara entha sepu kcr sanka nakuthunnav,hate,0.5655352502024109,0.5655352502024109,0.4344647497975891
770,hate,original,narottam mishra peddha langa ram setu movie ban cheyamantaru deniki movie peru lo ram vundhi ani,hate,0.6662125383168405,0.6662125383168405,0.33378746168315954
771,non-hate,original,హమ్మయ్య.. ఇప్పటికి ఒక మంచి వీడియో చేశావు తల్లి,non-hate,0.801480228096867,0.19851977190313297,0.801480228096867
772,hate,original,ఇలాంటివి చేస్తేనే మీకు 2019 లో బొక్క పడింది.,hate,0.6652177575015293,0.6652177575015293,0.33478224249847066
773,non-hate,original,Ram entra babu intha andamga undau super,non-hate,0.8115085752722053,0.18849142472779468,0.8115085752722053
774,non-hate,original,కంట్లో దురద పెట్టింది కాబట్టి సరిపోయింది,hate,0.6305836889186022,0.6305836889186022,0.36941631108139783
775,hate,original,ఏక్కడకి పోయండి ఈ మహిళా కమిషన్,hate,0.531934072347878,0.531934072347878,0.4680659276521219
776,non-hate,original,నువ్వు కాదయ్యా హీరో నీ యనకాల ఉంది చూడు పులి సోను సూద్ సార్,non-hate,0.5523571018828743,0.44764289811712565,0.5523571018828743
777,hate,original,jagan gabbu gadu cbn pettina manchi padakalu ni tolagichi auto valla ki 10000rs esthunnaru,hate,0.7992937877926355,0.7992937877926355,0.2007062122073645
778,hate,original,Desaani dochokotaaniki eeyanaki emi takkuvayindita,hate,0.6560015292292757,0.6560015292292757,0.3439984707707243
779,hate,original,​a bayam unte villu paripala tinnaga cheste sari ponu,hate,0.617474977951377,0.617474977951377,0.38252502204862304
780,hate,original,Telugu industry na modda kudavandi ra,hate,0.8264807611346148,0.8264807611346148,0.17351923886538517
781,non-hate,original,Sister...Nelanti vaallu thaluchukuntey condecterley kaadhu collectorlu avthaaru...kalaakarulavtharu....neku suport chestunna ne family ki..A P S R T C ki ne tharupuna Thanks cheptunna,hate,0.5315922931326501,0.5315922931326501,0.4684077068673499
782,non-hate,original,Nenu aite Jabardast show chudadam manesanu TV 5 ABN channels lo debates vchinaka,non-hate,0.521538388093122,0.47846161190687797,0.521538388093122
783,non-hate,original,Mahesh smile ...pure soul,non-hate,0.7498315146835975,0.25016848531640246,0.7498315146835975
784,non-hate,original,Madam meeru good questions aduguthunnaru,non-hate,0.6298377799247947,0.3701622200752053,0.6298377799247947
785,hate,original,𝙋𝙪𝙠𝙪 𝙙𝙖𝙣𝙜𝙞𝙩𝙝𝙝𝙖,hate,0.8909491847515313,0.8909491847515313,0.1090508152484687
786,non-hate,original,మీరు మాకు దూరం అవ్వడం మా దురదృష్టం,non-hate,0.721886830452286,0.27811316954771403,0.721886830452286
787,hate,original,Amma pai joke enty raaa..... Avulagallraa,hate,0.6973602341397622,0.6973602341397622,0.3026397658602377
788,non-hate,original,తాను ఇంతకు ముందే చెప్పాడు నేను ఇలా videos చేయడానికి కారణం అందరూ inspire అవ్వాలి అని,non-hate,0.8439912935720816,0.15600870642791842,0.8439912935720816
789,hate,original,Chi yentra makikarma,hate,0.8626176880028977,0.8626176880028977,0.1373823119971023
790,non-hate,original,తమ్ముడు నువ్వు సూపర్ నిజాన్ని ఈలాగే నిర్బయంగా చెప్పు ఎవ్వనికి భయపడకు,non-hate,0.5051416253698227,0.49485837463017734,0.5051416253698227
791,non-hate,original,"RK గారు మీకు, మీ టీం కి దన్యవాదాలు, సుతి మెత్తగా ప్రశ్నలు వర్ణించారు  అహంకారికి ...అహంకారం కాస్త తగ్గినట్లు అనిపిస్తొంది",non-hate,0.8089563895753268,0.19104361042467322,0.8089563895753268
792,hate,original,Mundhu veeni interview chesthunna channel vallani thannali,hate,0.6364111575199439,0.6364111575199439,0.3635888424800561
793,non-hate,original,గ్రేట్ పర్ఫామెన్స్ సిస్ క్రింది టైల్స్ స్లిప్ అవుతున్న బలన్స్ చేసుకొని పెర్ఫెక్ట్ గా డాన్స్ వేసావ్ సూపర్,non-hate,0.8250273632380872,0.17497263676191277,0.8250273632380872
794,hate,original,erri puk moody valla srh playoffs ki pole,hate,0.7447007047739114,0.7447007047739114,0.2552992952260886
795,non-hate,original,త్వరలోనే పవన్ కళ్యాణ్ గారు ముఖ్యమంత్రి కాబోతున్నారు,non-hate,0.9530472991370956,0.04695270086290437,0.9530472991370956
796,non-hate,original,Best లీడర్ and best పోలీస్.ప్రవీణ్ కుమార్ సర్,non-hate,0.9299281697882557,0.07007183021174435,0.9299281697882557
797,non-hate,original,Comments chadivi masthu enjoy chesthunna nenaithe,hate,0.7662617795692643,0.7662617795692643,0.23373822043073572
798,non-hate,original,ఆ వైట్ డ్రెస్ లో చూస్తుంటే విజయవాడ పెద్దపులి వంగవీటి మోహన్ రంగా ను చూసినట్టుంది అన్న,non-hate,0.599067744200775,0.400932255799225,0.599067744200775
799,hate,original,Ttr dongal trs pata leaders,hate,0.5594661719232901,0.5594661719232901,0.4405338280767099
0,non-hate,romanized,strIlanu vIdhiloki lagakaMdi pavan gAru chUste Ayanaki pArTI ki chèDDa peru vastuMdi,hate,0.6126005382280236,0.6126005382280236,0.38739946177197637
1,hate,romanized,Gudha paguldegale,hate,0.9057402805512367,0.9057402805512367,0.09425971944876328
2,non-hate,romanized,Nijanga ilanti extraordinary persons untaru,non-hate,0.5599775144023093,0.44002248559769075,0.5599775144023093
3,non-hate,romanized,nAku iMTarnèT mòbail DeTA ledu aMDi iMdulonuMchi Dabbulu vaste epiMchukuMdAM ani chUstunna... mAmulugA ledu anudIp gAri paMchès,hate,0.682790472563632,0.682790472563632,0.31720952743636793
4,non-hate,romanized,AP ki manchi rojulu vasthundhi,hate,0.5564263756301855,0.5564263756301855,0.4435736243698145
5,non-hate,romanized,Ayithe life politician kavali ra Babu.,hate,0.7062903765861199,0.7062903765861199,0.2937096234138801
6,hate,romanized,KTR:Nannu erri puk cheshavu gah kadhara revanth,hate,0.729054127930433,0.729054127930433,0.270945872069567
7,non-hate,romanized,Youtube vedios konni follow ayyedhanni tharwatha BB house lo koncham negitive feel ayya ippudu chustunte badha anipistundhi very good dancer All the Best for your future Shanmukh 💐,non-hate,0.8747490356287614,0.12525096437123862,0.8747490356287614
8,hate,romanized,Recharge aipothey data ela vastadhi ra erri puka,hate,0.8933758990087056,0.8933758990087056,0.10662410099129437
9,hate,romanized,vadu donga nuuv yadava,hate,0.9171556831135664,0.9171556831135664,0.0828443168864336
10,non-hate,romanized,saMskAravaMtamaina kuTuMbaM,non-hate,0.6476880017026792,0.35231199829732085,0.6476880017026792
11,non-hate,romanized,prajA samasyala pariShkAraMpai dRRiShTi pèTTaMDi,hate,0.5297831247629279,0.5297831247629279,0.47021687523707206
12,hate,romanized,Waste gadu Natraj is very bad behaviour,non-hate,0.5251800117290105,0.4748199882709895,0.5251800117290105
13,hate,romanized,Kanisam okka wicket kooda teeyaledu waste galu,hate,0.880946433561851,0.880946433561851,0.11905356643814902
14,hate,romanized,"Amit Shaw ki slippers vesthu bathukuthunnadu, telugu vaari gowravaanni gujarat gadidhala dhaggara thaakattu pettesthunnadu..",hate,0.8603762567217882,0.8603762567217882,0.13962374327821178
15,hate,romanized,jihah khan sucide ki karanam sooraj altanchdi sulli bhai mafia support free vare ammailtho dengithunaru,hate,0.8095714390307178,0.8095714390307178,0.19042856096928215
16,non-hate,romanized,"Police vallu cheppindi antha nijamena, poorthi enquiry ayina tharavatha nuvvu vallanu criminals Ani cheppu brother.",hate,0.6898393270128179,0.6898393270128179,0.3101606729871821
17,non-hate,romanized,prati sIn... pratI ShAT....mati potuMdi lopala awesome,non-hate,0.8225161608321229,0.17748383916787713,0.8225161608321229
18,non-hate,romanized,Janabha.peregutunaru.vupadhe.udhyogalu.karuve.vundhe.,hate,0.7482111427781611,0.7482111427781611,0.25178885722183886
19,non-hate,romanized,maLLI maLLI ripIT chestU chUstunna vALlu èMtamaMdi unnAru...️,non-hate,0.6002393396011927,0.3997606603988073,0.6002393396011927
20,non-hate,romanized,entha cute couple abbaa..!!,hate,0.5618810046563409,0.5618810046563409,0.43811899534365906
21,non-hate,romanized,Allu Arjun cinema ki pranam esatadu,non-hate,0.744307368237716,0.25569263176228396,0.744307368237716
22,hate,romanized,tèlivigalavALlani anukuMTAMgAnI kAdu adRRiShTaM emUlo eDustuMdi iTlAMTi  vALLaki. janAlato tiTTiMchukuMTe kAni nidra paTTadu,hate,0.6707797964404953,0.6707797964404953,0.32922020355950465
23,non-hate,romanized,kaDigeyaMDi mIru samAjAnni!  nAku bAdhagAne uMdi guruvugAru.,hate,0.5089070161568214,0.5089070161568214,0.49109298384317857
24,non-hate,romanized,"God bless your relation madam, jai sudhIr anna",non-hate,0.9110416850839016,0.0889583149160984,0.9110416850839016
25,hate,romanized,Ammai ni pattukoni kavalissindhi konuko ani anta vurukuntunda,hate,0.7923033919553825,0.7923033919553825,0.2076966080446175
26,non-hate,romanized,"shukravAraM shukravAraM sTeShan ki vachchi saMtakaM
pèTTu",non-hate,0.504727650361897,0.49527234963810296,0.504727650361897
27,non-hate,romanized,èMdaro  mahAnu bAvulu  vuMTAru vALlu Urikène uMDaru,hate,0.57104305581912,0.57104305581912,0.42895694418088
28,hate,romanized,Nuv annantha mathrana Harsha Sai midha abimanam thaggadu ra,hate,0.687382612695556,0.687382612695556,0.312617387304444
29,non-hate,romanized,nIti nijAyitI laku mAru perugA nilichina vyakti ALLa rAmakRRiShNArèDDi. amarAvati raitulakosaM nijamaina porATaM chesina vyakti. Ayana padikAlAlapATu challagA uMDAli.,non-hate,0.578712848832137,0.42128715116786297,0.578712848832137
30,hate,romanized,vachchiMdayyA mahA pativrata.... anasUya aMTene niluvèllA bUtu..... Imè chèbutuMdi nItulu... tU..... siggumAlina janma,non-hate,0.5087586993350679,0.4912413006649321,0.5087586993350679
31,hate,romanized,Vedoka pulkagadu vinikanna Prakash Raj better,non-hate,0.6515348842977633,0.3484651157022367,0.6515348842977633
32,hate,romanized,Na modda la expressions,hate,0.935065576435942,0.935065576435942,0.06493442356405801
33,hate,romanized,Arey ni bondha ra chetha na kodaka,hate,0.8884452101823961,0.8884452101823961,0.11155478981760397
34,hate,romanized,Vediki Gudda baga balisindi anukunta..Balayya babu meeda jokes endukura ep,hate,0.6556972652037335,0.6556972652037335,0.3443027347962665
35,hate,romanized,Veelu vedi over action,hate,0.8411609321205069,0.8411609321205069,0.15883906787949315
36,non-hate,romanized,emuMdi padavikosaM gudhdha kUDA nAkestAru I rAjakIya rAbaMdulu,non-hate,0.5512364017433242,0.4487635982566758,0.5512364017433242
37,hate,romanized,Yadava Veshalu taginchukunte Baguntadi,hate,0.5582166488998455,0.5582166488998455,0.4417833511001545
38,non-hate,romanized,pratipakShAlu sAmAnyuDini èdaganivvaru peda prajalaki illulu kaDutuMTe ippuDu vALlu vachchi èlA kaDutunnAru chUstAraTa MgA uMdi atani nuMchi peda prajalaki iLla paTTAlu paMpiNI cheyaDAniki vIlu ledaMTU Ayana sTejès kUrchunnADu aMTe itanu kaMpu cheyaDAniki prayatniMchestunnADu jagananna labdhidArulu iTuvaMTivi jariginappuDu bayaTaku vachchi mI tAlUkA manasulo uMDe mATanu vALlaki tèliyaparachaMDi,hate,0.7170826134897692,0.7170826134897692,0.28291738651023085
39,hate,romanized,Ore ni veshalu api pani chusko,hate,0.8714093644757338,0.8714093644757338,0.12859063552426622
40,hate,romanized,priyanka arul mohan gudda chaala sexy vuntadhi dani panga chachi dengali,hate,0.7124995999810417,0.7124995999810417,0.28750040001895827
41,non-hate,romanized,Devudimida jokulu vesina avamanichina chala nasta potaru vinayakudito pettukokuda power full god,non-hate,0.514309959950166,0.48569004004983396,0.514309959950166
42,hate,romanized,Nuvvo moddaganivi andhuke aapesnav,hate,0.6997079469698069,0.6997079469698069,0.3002920530301931
43,hate,romanized,amarica andatho madam perigi kotukuntundi urikine,hate,0.7800877131910716,0.7800877131910716,0.2199122868089284
44,non-hate,romanized,chAlA maMchi mUvI anna ...mIru riyAkT avutAv anukunna anna ..nuvvu sUpar lAyar anna,non-hate,0.6933317728788203,0.3066682271211797,0.6933317728788203
45,hate,romanized,Idi RTC Conducter ha leka Inka bustand lo emaina chesinda,hate,0.6963174843928546,0.6963174843928546,0.3036825156071455
46,hate,romanized,Krittika Garu Vadine Chepu tho Kothandi Live Lo....,non-hate,0.5015928035770507,0.4984071964229493,0.5015928035770507
47,hate,romanized,iMka Apura nAyanA... akkaDa chUyiMchu...,non-hate,0.5267509756328743,0.4732490243671257,0.5267509756328743
48,non-hate,romanized,mI phyAmilI lo nAku nachchiMdi nuvvu anna.. karèkT gA mATlADutAv..,non-hate,0.5869482780186254,0.41305172198137463,0.5869482780186254
49,hate,romanized,Suma garu koncham thagichuko,hate,0.5962242440396307,0.5962242440396307,0.4037757559603693
50,hate,romanized,Orey adhiga guddha mue,hate,0.7705616500034465,0.7705616500034465,0.22943834999655352
51,hate,romanized,"Orey  jaffa bul bul,go and buffalo muddilo paduko",hate,0.7344593297740496,0.7344593297740496,0.26554067022595035
52,non-hate,romanized,Hanu raghavapudi love story ante super immersive ga untadi,non-hate,0.8146497959005992,0.18535020409940084,0.8146497959005992
53,hate,romanized,chillar party lu Anne okkatyna modi ji ni next pm modi ji yogi baba ni,non-hate,0.6056024921822328,0.39439750781776717,0.6056024921822328
54,non-hate,romanized,Jayamu jayamu chandranna jayamu neeku chandranna,non-hate,0.8267164233160428,0.17328357668395722,0.8267164233160428
55,hate,romanized,Aaku puuku theliyandhi kuda judge aipoindhi,hate,0.7238130527674194,0.7238130527674194,0.2761869472325806
56,hate,romanized,SHOES  Amithsha modi kinda Oodigam chey..,hate,0.7605294655500194,0.7605294655500194,0.2394705344499806
57,non-hate,romanized,​raani pramadam raani no problem.. next tym bjp ki vote veyandi telangana prajalara,hate,0.8154173076516695,0.8154173076516695,0.1845826923483305
58,non-hate,romanized,Ee madya kaalamlo vochina films lo naaku idhi baaga nachindi,hate,0.5993796642145202,0.5993796642145202,0.4006203357854798
59,hate,romanized,"Evidence unna mla kodukuni arrest cheyaledhu, police lu ki dammu ledhu",hate,0.8681133686224973,0.8681133686224973,0.13188663137750262
60,hate,romanized,Veedu aadi gaadu maaradu veediki stage cleaning pani ivvandi,hate,0.8247881664441847,0.8247881664441847,0.1752118335558153
61,non-hate,romanized,E movie Gurinchi okkadu negative ga matladina vaadu terrorist ayyi undali..,non-hate,0.5402802464825963,0.4597197535174037,0.5402802464825963
62,non-hate,romanized,Kaasta amma nanna paina prema kaligi vundandi bro,hate,0.5993653771029089,0.5993653771029089,0.40063462289709106
63,hate,romanized,Kulaaa pechhe fuuga undeanana,hate,0.828579333891923,0.828579333891923,0.171420666108077
64,hate,romanized,Are Babu niku endukura,hate,0.8034631969311863,0.8034631969311863,0.1965368030688137
65,non-hate,romanized,"Intaki Rahul evadabba, sir indirect ga Congress Rahul Gandhi ki hint istunda kalsipodamani",non-hate,0.5485358301509061,0.4514641698490939,0.5485358301509061
66,non-hate,romanized,"This should be  a good lesson for youngsters.  Moral is "" jIvitaM lo gèlupuki baMdu mitrulu èkkkuva, kAni oTami èppuDu anAde""",non-hate,0.5973444136160249,0.40265558638397514,0.5973444136160249
67,non-hate,romanized,Vaddu Bangaram nuvvu happy ga vundali,hate,0.5368300992111027,0.5368300992111027,0.4631699007888973
68,non-hate,romanized,"kani, ekkuva cheste alasata, weakness, body peragaka povadam, teenage lo tarvata kuda face paina gaddalu pimples ravadam nijam...better keep it two-three times a week..get busy and focus on your studies and career guys.",hate,0.5544713515187136,0.5544713515187136,0.4455286484812864
69,hate,romanized,Chempa pagilddemo,hate,0.8222455854175024,0.8222455854175024,0.17775441458249766
70,non-hate,romanized,vADi asalu rUpaM ade  èvarini èppuDu vADukuni vadileyAlo vADi kaMTe e rAjakIya nAyakuDiki tèliyadu,hate,0.6028392800538587,0.6028392800538587,0.3971607199461413
71,non-hate,romanized,mI iddari valla tèlaMgANa janAlaki emanna upayogaM uMdA chèppu,hate,0.606758133321876,0.606758133321876,0.393241866678124
72,hate,romanized,asla murmu president ela ayindhi india parvu poyindhi ni karra mokham eskoni,hate,0.7817365783592147,0.7817365783592147,0.21826342164078522
73,non-hate,romanized,Etuvanti interviews kadhaa manaki kavalsinavi,non-hate,0.5216580536468512,0.47834194635314875,0.5216580536468512
74,non-hate,romanized,sharma gAru chèppina di nijamA abaddamA ani chèppe dhairyaM vILlaku ledu,hate,0.7201932699475688,0.7201932699475688,0.2798067300524311
75,non-hate,romanized,nani anna meru great,non-hate,0.7881264505285184,0.21187354947148163,0.7881264505285184
76,non-hate,romanized,nuvvu tèrAsa pArTI ..uMpuDu gattenè kadA rA nuvvu,hate,0.8165707472196309,0.8165707472196309,0.18342925278036912
77,hate,romanized,meDaM ku ukka postunaTTuMdi saMkalo bADI vesukuMdi,hate,0.7639423410258884,0.7639423410258884,0.23605765897411157
78,hate,romanized,prapaMchaMlo atipèdda avinIti pArTI Tiar yas kèsiAr,hate,0.5245425135249981,0.5245425135249981,0.4754574864750018
79,non-hate,romanized,ilAMTi sèlabriTIlu ilA ShoSh ku rAvAli sir,non-hate,0.7514923203715661,0.2485076796284339,0.7514923203715661
80,non-hate,romanized,"Arey Babu Memu chinnappati nunchi chiru fans, pls don't hurt us, first chiru next evarina maaku",non-hate,0.6306486322846554,0.3693513677153446,0.6306486322846554
81,non-hate,romanized,"eii yevudra veedu, andanga vunnav antunnadu, akka antunnadu",hate,0.793838911247123,0.793838911247123,0.206161088752877
82,non-hate,romanized,arey shankar ga nvvu kcr sanka nakaku ra,hate,0.7776129573264172,0.7776129573264172,0.22238704267358272
83,non-hate,romanized,èvaDi sTail vADidi... devarakòMDa sTail devarakòMDa di aMte iMTlo tappemuMdi... vinipistuMdi chèppanA.,hate,0.7249203559343893,0.7249203559343893,0.27507964406561075
84,non-hate,romanized,pavan kaLyAN gAru   tammuDu.... mohan bAbu ane sariki  annayya chiraMjIvi gAru chinnapilloDilA navvutuMTe èMta èMta aMdagA unnADo annayya,hate,0.5628732110610061,0.5628732110610061,0.4371267889389939
85,hate,romanized,Veedu am pikaledu ani telusu,hate,0.887779989262636,0.887779989262636,0.11222001073736397
86,non-hate,romanized,"Nenu vunnanu,nenu vinnanu,nenu chusanu.... all are eligible for the Oscar level performance",non-hate,0.6201223698558389,0.3798776301441611,0.6201223698558389
87,non-hate,romanized,ponle pApaM kaShTapaDDadAniki kòMchèM ayina pratiphalaM dakkiMdi …. kaLLu nèttikèkkiMchukokuMDA òdigi uMTe maMchi Future uMDòchchu,hate,0.635988231628334,0.635988231628334,0.36401176837166604
88,hate,romanized,rgv gadu canipovali vadi chettabandi ayina chestha,hate,0.5263012823244124,0.5263012823244124,0.4736987176755875
89,non-hate,romanized,Papam bhayya babi ki potta abbam ga vundhi,non-hate,0.5430735508280042,0.45692644917199576,0.5430735508280042
90,hate,romanized,Chala ibandi pettavu anna Nuvvu maa Chiru garini,non-hate,0.5273695103475358,0.47263048965246424,0.5273695103475358
91,non-hate,romanized,sUpar rk gAru chAlA maMchi progrAM,non-hate,0.530250079743143,0.469749920256857,0.530250079743143
92,non-hate,romanized,bhArata deshaMlo pAlana chetakAni sIèM pAlana cheta kAka vere vALLani vimarshiMche ekaika sIèM mana batAla poShèTi,hate,0.5036846956868277,0.5036846956868277,0.4963153043131722
93,non-hate,romanized,e rashtraniki jarige prathi anyayam gurinchi niswardhanga matlade ekaika vyakti meere saar,hate,0.7867308221035386,0.7867308221035386,0.21326917789646138
94,hate,romanized,ananaya panadey vi nimma dabbalu lanti payalu,hate,0.7767872602677992,0.7767872602677992,0.22321273973220085
95,hate,romanized,chetha ra babu  NTV,hate,0.6206170464443372,0.6206170464443372,0.3793829535556628
96,hate,romanized,Hi ra T.R.S. kukka…,non-hate,0.6303146423687103,0.36968535763128973,0.6303146423687103
97,hate,romanized,Fans ki respect Ivvslira arye ntira,hate,0.6253911204340966,0.6253911204340966,0.3746088795659034
98,non-hate,romanized,"first aa ammai family ki security ivvandi.., night night emaina jaragochu...",non-hate,0.547908192643212,0.452091807356788,0.547908192643212
99,non-hate,romanized,mIlAMTi vAru vuMTe ADapillalaku chAlA dharmaM jarugutuMdi sAr,non-hate,0.5540767931752734,0.44592320682472664,0.5540767931752734
100,hate,romanized,Ayanni okasari kodithey meeru laksha sarlu chupisthunnaru emkavali meeku,hate,0.8549550391206333,0.8549550391206333,0.1450449608793667
101,non-hate,romanized,Thank you RRR TDP ki bratkinchadamulo mi krushi marvalenidi CBN gariku,non-hate,0.5827086907618297,0.41729130923817026,0.5827086907618297
102,hate,romanized,gudhdha balisi kòTTukuMTunnave,hate,0.5128338959489549,0.5128338959489549,0.48716610405104505
103,hate,romanized,inkaa saavaledhu le vaadu baane sacchaadu yedhavakanipisthoone vundhigaa,hate,0.8858013171617458,0.8858013171617458,0.11419868283825424
104,non-hate,romanized,"Manaki  ibbandi ochinappudu koncham  sahinchatam
Kastam ochinappudu koncham bharinchadam
 Anandham vachinappudu koncham panchadam",non-hate,0.6147050414584975,0.38529495854150253,0.6147050414584975
105,non-hate,romanized,​trs party lo telangana kosam poradina valle unnara poratam ki vyatirekam ga unnollani ministers ala chesinaru..gurivinda ginja ki kinda unna macha kanapadadu,hate,0.759038031329444,0.759038031329444,0.24096196867055594
106,non-hate,romanized,Mahesh anna… disappointed with this movie..next movie hit avvali…,non-hate,0.871688838838057,0.12831116116194297,0.871688838838057
107,hate,romanized,"Jagan ni poguthunnava, leka mingutunnava...indirect ga jagan secret lu ani cheptunnav.",hate,0.783829221732056,0.783829221732056,0.21617077826794392
108,non-hate,romanized,Samudramlo alalu aagavu Harsha Anna ki anna meeda prema chavadi,non-hate,0.626408969955453,0.37359103004454697,0.626408969955453
109,hate,romanized,lanja puk managment valla ma warner mamali vadi velipoyaru,hate,0.7113450775785337,0.7113450775785337,0.28865492242146634
110,hate,romanized,phasT nItulu chèppAvu kadA Dabbu vaddani ippuDu èMduku tIsukomaMTunnAv..,hate,0.6822548050628167,0.6822548050628167,0.31774519493718334
111,non-hate,romanized,sUpar anna nI vIDiyos nI mATalu aMTe nAku chAlA iShTaM aMduke nI ChAnal sabskraib,non-hate,0.706258924989869,0.293741075010131,0.706258924989869
112,non-hate,romanized,"BJP TRS iddaru dosthlu le , bayatiki ivanni dramalu",hate,0.7891144932930232,0.7891144932930232,0.21088550670697678
113,hate,romanized,maMglI pADina pATalu annI òkelAgane anipistunnAyi pèdda DipharèMT emI ledu,hate,0.5788970419737562,0.5788970419737562,0.4211029580262437
114,hate,romanized,Yem matladuthunnav ra? Naralu kattai poiniy Neeku lekkalenduku ra ayya? Weekend politician,hate,0.9035414793217547,0.9035414793217547,0.09645852067824537
115,non-hate,romanized,mIru charitralo nIlustaru bro Hand's off to Your help full to poor people.,non-hate,0.8385233287939063,0.16147667120609366,0.8385233287939063
116,non-hate,romanized,Smile chudanidhe venakki thaggavu bro nuvvu,hate,0.7367332287018801,0.7367332287018801,0.26326677129811993
117,non-hate,romanized,Pichola gurinchi vinadame gane direct ga epudu e video lo chustuna ...,non-hate,0.5820954893577261,0.41790451064227385,0.5820954893577261
118,hate,romanized,rechipothunnaru adhikaram lo unnaru ani ahamkara dhorani,hate,0.7504025475005337,0.7504025475005337,0.24959745249946633
119,hate,romanized,Title leak ayithe entiii leak avakapothe entiii....maku enti yee golaaa....title entooo mee build up entooo,hate,0.707397474539543,0.707397474539543,0.29260252546045695
120,non-hate,romanized,Die hard fan frm Kerala  Nenu choosina pedha actor uh Tollywood lo Pawan Garuu,non-hate,0.7220478638971399,0.27795213610286007,0.7220478638971399
121,non-hate,romanized,Naa drustilo pspk garu Devudu,non-hate,0.7251296459233969,0.2748703540766031,0.7251296459233969
122,non-hate,romanized,muMdu rAjA siMg nu kApADaMDi appuDe mI pArTIpai prajallo nammakaM erpaDutuMdi,hate,0.6146284893723237,0.6146284893723237,0.3853715106276763
123,hate,romanized,poye kAlaM daggara paDiMdi deniki,hate,0.5871275062282493,0.5871275062282493,0.4128724937717507
124,hate,romanized,"Yerri paapalam manam , samanya prajalu",hate,0.6272397562666097,0.6272397562666097,0.3727602437333903
125,non-hate,romanized,"Dr YNM
1 month ago
iMdulo manaM pèddagA AlochiMchAlsina avasaraM ledu. aMtA kAlaM mahima.edo òkaroju kAlaM Ayanaku ivvavalasina giphT tappakuMDA istuMdi. chesina karmalu anubhaviMchaka tappadu.. soniyA gAMdhI ayinA, modI ayinA, chaMdrabAbu nAyuDu ayinA, jagan ayinA.. kAlaM aMte..",hate,0.5463751951256125,0.5463751951256125,0.4536248048743875
126,hate,romanized,taTTA buTTA sardukòni rèDI guMDu jagan rèDDi TaiM ayipoyiMdi,hate,0.6499068792403838,0.6499068792403838,0.3500931207596162
127,hate,romanized,Jagan eppatiki CM avvaledu raasi pettukoo....ha ....,hate,0.57398624684515,0.57398624684515,0.42601375315485007
128,non-hate,romanized,"Mega star ane person , definitely evadu oppukunna oppukokapoyinaa inspiration to many people long live sir",non-hate,0.8742077043917569,0.12579229560824312,0.8742077043917569
129,hate,romanized,jAripotAnayi..kòMchèM gaTTigA muDi veyi,hate,0.5091678528949519,0.5091678528949519,0.49083214710504813
130,non-hate,romanized,tAggi vAgutuMdi pApa Imè chilakalUrapeTalo rikArDiMg DAnsru,hate,0.7390060389962949,0.7390060389962949,0.2609939610037051
131,hate,romanized,"Nattu ga , neku manishiki undalsina lakshanam okkati kooda ledhu kadha ra.",hate,0.6963538170622439,0.6963538170622439,0.3036461829377561
132,hate,romanized,ap lo road la ki aa dikku ledh malla metro endhi mawa,hate,0.8387121398650034,0.8387121398650034,0.1612878601349966
133,hate,romanized,Yedichav le copy cat veshalu nuvvu,hate,0.8020800675921306,0.8020800675921306,0.1979199324078694
134,non-hate,romanized,"vALlu I jIvitaM lo kUDa phalaknAma pyAlas lo bojanaM chesivuMDakapoduru,nuvvu greT bro",non-hate,0.5965524239941112,0.40344757600588876,0.5965524239941112
135,non-hate,romanized,Ede antha fack news,hate,0.7823693136284227,0.7823693136284227,0.21763068637157737
136,non-hate,romanized,"chAlA bAgA explain cheshAru bradar. Small correction mUlAdhAra, Aj~na chakra, sahasrAra",hate,0.7603954784327275,0.7603954784327275,0.2396045215672725
137,non-hate,romanized,Allu aravind garilo manchi actor vunnaru hilarious,non-hate,0.8340727323409617,0.1659272676590383,0.8340727323409617
138,non-hate,romanized,ee kalam ammailu ki dabbuli vunte chaalu anukuntaru,hate,0.5455819262308894,0.5455819262308894,0.4544180737691106
139,hate,romanized,Rahul dravid vadi moddalo selection  asla chahal hi endhuku tesukole,hate,0.701010446014666,0.701010446014666,0.298989553985334
140,non-hate,romanized,janaM. kUDA. mAripote.  chAlA bAgunnu kadA,non-hate,0.5435928075168316,0.4564071924831684,0.5435928075168316
141,non-hate,romanized,pUri chUste chAlA bAdha gA uMdi ...òkka maMchi DairèkTar ilAMTi mUvIs tiyyaDaM eMTi ...i love you pUri sir... vere hIro to mUvI tiyyi Anna,non-hate,0.6870942025925281,0.31290579740747193,0.6870942025925281
142,non-hate,romanized,pedavallaku apadha vasthe ventene velli sahayam chese goppa leaders komatireddy brother's  dammunna leader rajanna ma balam ma dhairyam ma pranam komatireddy brothers,hate,0.5196223290552622,0.5196223290552622,0.48037767094473777
143,non-hate,romanized,Aada Paduchula Usuru thagili Yellow party nasanam kavali.,hate,0.6740035438370993,0.6740035438370993,0.32599645616290074
144,hate,romanized,jagan amma vadi dabbulu pettali nanna gudda lo nunchi leppali,hate,0.7909535911844149,0.7909535911844149,0.20904640881558512
145,non-hate,romanized,prati pATa arapu èkkuvagA uMTuMdi èMduko anni pATalu òkelA unnAyi.,hate,0.7896735196758077,0.7896735196758077,0.21032648032419232
146,non-hate,romanized,pUri sir liger movie black baster mIku all the best sir,non-hate,0.835877598856072,0.16412240114392795,0.835877598856072
147,non-hate,romanized,Mamulu ga evvaledhu ga anchor anna,hate,0.5738075420887639,0.5738075420887639,0.42619245791123606
148,hate,romanized,araTi bòdalu anaMgA vinnAnu. ippuDu shrImukhivi chUshAnu.,hate,0.5104345305315557,0.5104345305315557,0.48956546946844426
149,non-hate,romanized,idI òka plAn prakAraM jariginaTTu uMdi bhale sIn,hate,0.6324898971415507,0.6324898971415507,0.36751010285844926
150,non-hate,romanized,Kcr bsp valu enni eastunaru month ki Nek,non-hate,0.5992335015135067,0.40076649848649326,0.5992335015135067
151,non-hate,romanized,Abbo iragadesindi song vere level,hate,0.6537095883381815,0.6537095883381815,0.3462904116618185
152,hate,romanized,bro delete cheyakapothey ma fans ninnu degenutharu,hate,0.7258957191935014,0.7258957191935014,0.27410428080649857
153,hate,romanized,iMta karuvulo unnareMTirA.,non-hate,0.5975948768399495,0.4024051231600505,0.5975948768399495
154,non-hate,romanized,Vinayaka chavithi subhakanshalu Harsha sai,non-hate,0.5402670158833979,0.45973298411660213,0.5402670158833979
155,non-hate,romanized,A B N  MD rAdhAkRRiShNa gAri ki  chukkalu chUpiMchina   ''K A pAl gAru'' mIru sUpar sAr nI mATallo nijAyitI kalpistuMdi..,non-hate,0.5150355691412503,0.48496443085874974,0.5150355691412503
156,non-hate,romanized,Avinash maMchoDu bro episode mottham choodu just nAgabAbu anamani chèppADu aMTA bro episode lo...,non-hate,0.5027968299986633,0.49720317000133674,0.5027968299986633
157,hate,romanized,Pastors aMdarikI òka manavi.dayachesi I vidhamaina debates vèLLi Christianity kI unna viluva taggiMchavadu.,hate,0.5147538979893794,0.5147538979893794,0.4852461020106206
158,hate,romanized,Pichi pattinattundi peekey ki. A P arachekam jaragabothundhi ani anipistundhi naku,hate,0.8877127878437949,0.8877127878437949,0.11228721215620512
159,non-hate,romanized,ilA cheste deshaM paruvu potuMdi daya chesi deshaM paruvu tIyadu,hate,0.5487544222997902,0.5487544222997902,0.45124557770020984
160,non-hate,romanized,maMchi Ansar ichchAru bro,non-hate,0.7084915347470689,0.29150846525293106,0.7084915347470689
161,non-hate,romanized,JD garu mee lanti Genuine persons Pavan gariki support ga unte baguntundi sir,non-hate,0.6626563308965567,0.33734366910344327,0.6626563308965567
162,non-hate,romanized,èMta mudduguMdo chAlA bAgunnAv baMgAraM,hate,0.546130477789399,0.546130477789399,0.45386952221060095
163,hate,romanized,Nuvu Am speaker ra babu,hate,0.5611179563595272,0.5611179563595272,0.43888204364047284
164,hate,romanized,èMtamaMdi DyAns mAsTar lu vachchinA prabhudevA mAsTar lAgA veyaleru,hate,0.5340864449094805,0.5340864449094805,0.46591355509051946
165,hate,romanized,DNR still old school...  Kalam tho Marakapote evaru aina kala gharbham lo kalisipotaru.,hate,0.520029580657128,0.520029580657128,0.47997041934287193
166,non-hate,romanized,prabhAs gAru anuShka gAru mIru tòMdaragA pèLli chesukoMDi,non-hate,0.5078924872786036,0.4921075127213964,0.5078924872786036
167,non-hate,romanized,kòMchèMkUDa hIro ane pògaru ledu greT sAr mIru,hate,0.8059033305882332,0.8059033305882332,0.19409666941176684
168,hate,romanized,Nani inkosari pk speech chudu ... Sollu kakunda raise chesina points gurinchi matladu... Sannasivenuv no doubt,hate,0.5149113550344386,0.5149113550344386,0.4850886449655613
169,hate,romanized,mohan babu oppukunna oppukokapoyina chiranjeevi peddankanni vachchina gouravam m taggipodu,hate,0.7914121062960116,0.7914121062960116,0.2085878937039884
170,hate,romanized,Atlunttadhi palanadu thitlantte sarrigga deggutam,hate,0.6494610188278562,0.6494610188278562,0.3505389811721438
171,hate,romanized,Sontha Peru meda registration chey leka piyadu,hate,0.8054137243862545,0.8054137243862545,0.19458627561374556
172,non-hate,romanized,"Hi harsha....happy vinayaka chavithi,  life long nuv happy ga undalani............aa devunni korukuntunna sai......may god bless u  harsha.",non-hate,0.9435030802752458,0.056496919724754235,0.9435030802752458
173,hate,romanized,sAr kèsiAr gAru viShayAlanu pUsaguchchinaTlu chèptunnAru mAdhava rèDDi nayIm la saMbaMdhiMchina vivaraMgA mATlADaDAniki ibbaMdi paDutunnAru mIru kUDA haMDrèD parsèMT  phek,hate,0.6052756663051462,0.6052756663051462,0.39472433369485377
174,hate,romanized,"Maatalu jagratha rooja .alaga janam ,kodukulu antunnavv mari antha gb voddu",hate,0.7984803293887425,0.7984803293887425,0.20151967061125756
175,non-hate,romanized,jani anna RC annatho kalisi hero ga cheste choodaalani vundhi,non-hate,0.6289380677829527,0.3710619322170473,0.6289380677829527
176,hate,romanized,jaganmohan rèDDi valla pillalu bAgA chUsukunnADu ani yAMkar vAgu toMdi vALLa pillalni kAka nI pillalu bAgA chUsukuMTAru,hate,0.7144989396311512,0.7144989396311512,0.2855010603688488
177,hate,romanized,"AparA.... nuvvu òka ammAyi to nIchaMgA vyavahariMchi, vènaka nuMchi gaTTigA paTTukuMdA manukunnA ani nI character lose chesukunnAv... èvaDèM chestADu?",hate,0.6629090344271108,0.6629090344271108,0.3370909655728892
178,hate,romanized,Ni moham ante kada,hate,0.6112241114592762,0.6112241114592762,0.3887758885407238
179,non-hate,romanized,ni news ni over action ki dandam ra babu,hate,0.7022639392390555,0.7022639392390555,0.29773606076094444
180,non-hate,romanized,annA kAsta jAgratta... vALle anukoni lopala  nuMDi deMtonanna visireru... kAsta gyAp ichchi potaMDe... Love you Anna... nI kaShTaM vRRidhA kAdu,non-hate,0.6616465547730509,0.3383534452269491,0.6616465547730509
181,non-hate,romanized,I promo chUsinaMta sepu nA mòhaMlo chirunavvu Agaledu.,non-hate,0.5825116637223214,0.41748833627767856,0.5825116637223214
182,hate,romanized,Vizag News reporter overaction chestunadu,hate,0.744802096041911,0.744802096041911,0.255197903958089
183,hate,romanized,mI naDumu keka AMTI,hate,0.5669650235138572,0.5669650235138572,0.43303497648614275
184,hate,romanized,kaLLallo nuMchi kAmaM kAripotuMdi,non-hate,0.6668705789336549,0.33312942106634513,0.6668705789336549
185,non-hate,romanized,Adarshamaina pòliTikal lIDar ayite rAjakIya sanyAsaM tIsukuMTanani chèppAru. emaiMdi,hate,0.6775771795479157,0.6775771795479157,0.3224228204520842
186,non-hate,romanized,jai janasena mana pArTI gèlavAlani manaspUrtigA korukuMTunna,non-hate,0.6116983976244789,0.38830160237552114,0.6116983976244789
187,non-hate,romanized,deshAniki panikòchche iTuvaMTi vAru nòppi lekuMDAne prANAlanu vadulutAru,hate,0.5864173319404736,0.5864173319404736,0.41358266805952637
188,non-hate,romanized,Good aMDi gIta kRRiShNa gArU maMchi. iMTarvyu,non-hate,0.6353088753552845,0.36469112464471554,0.6353088753552845
189,hate,romanized,Pichi hospital lo join avara ayomayam,non-hate,0.5386533284627525,0.4613466715372475,0.5386533284627525
190,hate,romanized,​BJP lo seat kosam baga chesav le stunt,hate,0.8435228538847315,0.8435228538847315,0.1564771461152685
191,hate,romanized,rauDI TiDipi,hate,0.8587536638130631,0.8587536638130631,0.14124633618693688
192,non-hate,romanized,"avasaraM ayinappuDu prANAlu ki tègiMchi porADutAru mana AMdrapradesh polIsulu, phArèsT AphIsars. greT",hate,0.5319047487057273,0.5319047487057273,0.46809525129427265
193,non-hate,romanized,He is genuine person aMduke lokal chillara nAyakulu aMtA kalisi vADini TArgèT cheshAru,non-hate,0.7265637600666145,0.2734362399333855,0.7265637600666145
194,non-hate,romanized,kArtikeyan 2 Congratulations phar big rèspAns phram pavan kaLyAN anna,non-hate,0.908525394737173,0.09147460526282702,0.908525394737173
195,hate,romanized,Vedhavalu Vedhavalu anni chotla vunnaru..inka janalani yedipinchadam tappa,hate,0.5021942384667217,0.5021942384667217,0.4978057615332783
196,non-hate,romanized,chaMdrabAbu shivuDu lAMTi vADu.. viShAnni kUDA tanaloki tIsukuMTADu...ika ilAMTivi òka lèkke kAdu..,hate,0.5609975623157057,0.5609975623157057,0.43900243768429426
197,non-hate,romanized,jai rgv jai puri,hate,0.7583974293423996,0.7583974293423996,0.24160257065760044
198,non-hate,romanized,sodarulu èMta gòDava unna èvaDannA tammuDini emannA aMTe raktaM Urukodu. alAge bhAratIyulu kUDA uMDAlani gòppagA chUpiMchina rAjamauLi gAriki dhanyavAdAlu,hate,0.6507294034121305,0.6507294034121305,0.3492705965878696
199,non-hate,romanized,"tèlaMgANa udyama gItAla nuMDi, mAs gItAla mIdiki rUT mArchina maMglI",hate,0.5969642947584595,0.5969642947584595,0.40303570524154053
200,hate,romanized,Exams lo vundey vallani invigilators antaru adi kuda teleedhu Veeedu minister chesadu.... karmara babu chi.... Thuppas na kodaka,hate,0.769201501972333,0.769201501972333,0.23079849802766708
201,hate,romanized,pk inka ka pauk ap lo jokers,hate,0.8752061620469246,0.8752061620469246,0.12479383795307543
202,hate,romanized,tèlugu bAy phrèMD kAvAlI,hate,0.5091632592828377,0.5091632592828377,0.4908367407171623
203,hate,romanized,Bochu pikanddii,hate,0.8921223336677169,0.8921223336677169,0.10787766633228316
204,hate,romanized,dInamma dIni ki iMkA eM paniledA..,hate,0.7238260410431697,0.7238260410431697,0.2761739589568303
205,hate,romanized,Em kanapadathunnayi bokka,hate,0.6553233313044381,0.6553233313044381,0.3446766686955619
206,hate,romanized,Manu garu meru involve avvakandi chala chiraku ga vuntundhi,non-hate,0.5116891303516875,0.4883108696483125,0.5116891303516875
207,hate,romanized,Konda gani over action kompamunchindi,hate,0.8343572072977514,0.8343572072977514,0.16564279270224863
208,non-hate,romanized,ramaNa gAru sUpar gA pADeru maLli maLli vinAli anipistuMdi mIku a devuDu iMka maMchi stAyilo vuMchAli ani korukuMTAnu,hate,0.6616912444057208,0.6616912444057208,0.33830875559427914
209,non-hate,romanized,Aaa Voice lo unna rajasa yogame vere level Jai Prabhas Anna,non-hate,0.9168984201417562,0.08310157985824385,0.9168984201417562
210,non-hate,romanized,"Jetla
​INDIA ni developed cheyadam evarivalla kadani thelisipoindi prajalaki.....unnodi inka unnntha lenodiki inka lenantha....life tho brathakali thappadu",hate,0.6748861859325896,0.6748861859325896,0.3251138140674104
211,non-hate,romanized,Anna super bro,non-hate,0.9875086618039268,0.012491338196073176,0.9875086618039268
212,hate,romanized,Self dabba yekkuva indhi Nagababu nevu ne bussu lu thoo,hate,0.8389890269111933,0.8389890269111933,0.16101097308880677
213,hate,romanized,teenmmar mallana kcr cheppu nakutadhu,hate,0.6789849279519891,0.6789849279519891,0.321015072048011
214,hate,romanized,Veelu chesadi gymnastics malla vale dhani dance anukuntaru,hate,0.5586276260136882,0.5586276260136882,0.44137237398631174
215,hate,romanized,pèdda pIThAdhipati lAgA aMdariki AshIrvAdaM istunnADugA,hate,0.5075785804822068,0.5075785804822068,0.4924214195177931
216,non-hate,romanized,vADu edo jok cheste adi nuvvu nammaDame nA,hate,0.8342133622657465,0.8342133622657465,0.1657866377342535
217,non-hate,romanized,Pspk vachi photo dhigudham antey aa excitement ey veru adhi clear ga nivetha face lo kanipisthunadhi,hate,0.5144780287924038,0.5144780287924038,0.48552197120759627
218,hate,romanized,RGV effect valla Puri cinemalu anni dobbayi.,hate,0.6489601593027798,0.6489601593027798,0.35103984069722016
219,hate,romanized,ilAMTi vIDiyos chestuMTe mI phyAmilI lo ADavALlu gurtuku vastalerA rA..blU byAch gA.. dAnni tannAli phasT IlAMTi vIDiyo kI òppukunnaMduku,non-hate,0.5248845301471514,0.4751154698528486,0.5248845301471514
220,non-hate,romanized,guMDèla paina kAdu guMDè lopala vunnAru sar mIru,hate,0.5073652526336438,0.5073652526336438,0.49263474736635615
221,non-hate,romanized,mAmulugA ledu TvisT sUpar aha kèvvu keka,hate,0.6320275969028302,0.6320275969028302,0.3679724030971698
222,non-hate,romanized,ilA emi lekuMDA unna ekaika nAyakuDu... Apj abdul kalam gaaru mAtrame,hate,0.5540633600161928,0.5540633600161928,0.44593663998380717
223,hate,romanized,yogi baba ram rahim sistudu edharu adava vallaki respect eyyaru edharu pedha langa gallu,hate,0.7357260416519447,0.7357260416519447,0.2642739583480553
224,non-hate,romanized,gAD blèss yu samaMta sisTar,hate,0.6593750839204388,0.6593750839204388,0.34062491607956125
225,non-hate,romanized,iTuvaMTi kathalu paDtAne dhikku lekuMDA poyiMdi,hate,0.7418075327964845,0.7418075327964845,0.2581924672035155
226,non-hate,romanized,mIku vaMda namaskArAlu rA bAbu,hate,0.5183618983834806,0.5183618983834806,0.48163810161651943
227,hate,romanized,Ravi anna oudi ounte nani vamsi anil kumar ambanti lanti vaalu noru lepevaru kaademo,hate,0.6632039379474703,0.6632039379474703,0.3367960620525296
228,hate,romanized,muMdu arèsT cheyaMDi.. mIDiyA muddu tIsukuraMDi rA...,hate,0.7282824552737852,0.7282824552737852,0.27171754472621484
229,hate,romanized,vd overconfidence valla ciniema dengindhi,hate,0.7827393503474941,0.7827393503474941,0.21726064965250594
230,hate,romanized,Andra prajalaku siggu undali sontha amma nu chellini patinchukoleni vadu Meemanli chusukuntadu,hate,0.7632513659334897,0.7632513659334897,0.23674863406651028
231,hate,romanized,Vijay devarakonda hype tho dhamal.  Jr NTR next turn. Meeru akashaniki ethe antha great actor emi kaadu..,non-hate,0.7354094368582424,0.26459056314175755,0.7354094368582424
232,hate,romanized,Mere brathukulu inthey eka. Nasanayam aaipotai,hate,0.641779656144358,0.641779656144358,0.35822034385564205
233,hate,romanized,Meeru moosukunte baguntadi,hate,0.8458777306321174,0.8458777306321174,0.15412226936788267
234,hate,romanized,Meeru mi over action apandra babu,hate,0.7492047249899572,0.7492047249899572,0.2507952750100428
235,non-hate,romanized,aMta chirAggA vuMTe.. sTej mIda ki èMdukèllAr sAr,hate,0.794759512485123,0.794759512485123,0.20524048751487697
236,hate,romanized,pm modi ni pakisthan ki tarmidengali jai kcr mere next pm,hate,0.5197666145250739,0.5197666145250739,0.4802333854749261
237,non-hate,romanized,bayaTaku geMTesAru òkkasAri laiv progrAM nuMDi aMte pAsT gA paiki lechADu chUpiMchAvu oTami lo kUDA èlA paiki rAvAlo ani,hate,0.5791416826228468,0.5791416826228468,0.4208583173771532
238,non-hate,romanized,Nayakudu ela undali God bless you sir,non-hate,0.942481680380116,0.05751831961988396,0.942481680380116
239,hate,romanized,bjp malli ade double game maatladutondi....amaravathi meeda,hate,0.6788666479714673,0.6788666479714673,0.3211333520285327
240,hate,romanized,Nvvy nee build up,hate,0.6939690417315407,0.6939690417315407,0.3060309582684593
241,hate,romanized,Banisa La unnaru kadara meeru me overacting,hate,0.7042417375412333,0.7042417375412333,0.29575826245876674
242,hate,romanized,andukokune vaalu laga vunnaru meru natho comparision na,hate,0.6850325599499305,0.6850325599499305,0.31496744005006955
243,hate,romanized,Lancham antunaru anam garu...... inthaku mundu your government ilagey chesinda...,hate,0.5920500983877648,0.5920500983877648,0.40794990161223527
244,non-hate,romanized,paruchUri gopAla kRRiShNa gAri ki namaste mimmulanu mòdaTisAri bhArgava rAmuDi sinimAlo chUsAnu sUpar vèraiTI yAkShan sAr,hate,0.5856802392744375,0.5856802392744375,0.41431976072556254
245,hate,romanized,Ma campus ee bro lanjoduku,hate,0.8596513704845867,0.8596513704845867,0.14034862951541321
246,hate,romanized,"Ipl ki best mana palyers , international matches enduku waste",hate,0.521614458222583,0.521614458222583,0.478385541777417
247,non-hate,romanized,Dnr sampadinchalani anukunte today ciniema field lo ewaru sariporu mahanubavudu daring man,hate,0.6521072822766729,0.6521072822766729,0.347892717723327
248,hate,romanized,preity zinta oka bazzar kukka team tesukovadam kuda radu,hate,0.8599469466321502,0.8599469466321502,0.14005305336784976
249,hate,romanized,shankar ninnu bjp kukka kottinattu kodutaru,hate,0.8418735392361367,0.8418735392361367,0.1581264607638633
250,non-hate,romanized,sAr mimalni chUstuMTe kòMDaMta dairyaM vastuMdi,non-hate,0.6334852951777712,0.3665147048222288,0.6334852951777712
251,non-hate,romanized,mI èMTrI vachchinapuDu nitin anna bhayapaDutunnADu,non-hate,0.5236457479210805,0.47635425207891946,0.5236457479210805
252,hate,romanized,nenu opènahArT vit RK tappaka chUstuMTA.  iMta daridrapu iMTarvyU pèTTakuMDA vuMDAlsiMdi.  tenè pUsinakatti,non-hate,0.5101869838083587,0.4898130161916413,0.5101869838083587
253,hate,romanized,Ne bathukula sulli net nenu dengina vadu esthada recharge aipothe,hate,0.9009838076834726,0.9009838076834726,0.09901619231652738
254,non-hate,romanized,blAk sArI lo bAguMdi,hate,0.5938061250384031,0.5938061250384031,0.40619387496159687
255,non-hate,romanized,Ayana piTTakathalanu bAgA enjoy chestAM... aMtarlInaMgA oka adbhutavedAMtavAkyaM chèbutAru dAnini vadilestAM.. adImanaM. “devuDu òkkaDe.. nI maThaM kAnaMtamAtrAna verevArini dUShiMchanavasaraNaledu.”,non-hate,0.5416311902653149,0.4583688097346851,0.5416311902653149
256,hate,romanized,Buthula saka mantri ....,hate,0.6940821653560167,0.6940821653560167,0.3059178346439832
257,non-hate,romanized,Aatla vastai Anna niku enni telivi tetalu oka cinema thi anna,non-hate,0.5724268797005583,0.4275731202994417,0.5724268797005583
258,hate,romanized,Paramboku ias officers ni vetiki kcr Jagan tesku vachi AP Telangana lo pedtaru,hate,0.6458411700621077,0.6458411700621077,0.35415882993789227
259,hate,romanized,Endhuku ante vallu chetha lanchodukulu bro,hate,0.8039367342013858,0.8039367342013858,0.1960632657986142
260,hate,romanized,raja singh kalthi maal ammutharu and rowdy gunda,hate,0.8122434579420079,0.8122434579420079,0.18775654205799208
261,non-hate,romanized,"rma kosaM chUsAnu ,mòdaTisAri atanu òka hIro abhimAni èlA ullAsaMgA sTeji pai mATlADutAro alA anipiMchAru",hate,0.6720907358864139,0.6720907358864139,0.32790926411358606
262,hate,romanized,Rai atanu udyogaM correct gA chestunnADu èMduku ra nAyakulu aMduru kalisi niMdalu vestAru... nijAyitI pani cheste èvarikI nachchadu..ChI,hate,0.6294193043785516,0.6294193043785516,0.37058069562144835
263,non-hate,romanized,Ee video chusintarvatha mee meeda respect perigindi,hate,0.6541937284779877,0.6541937284779877,0.34580627152201227
264,hate,romanized,Chavu Nenu avadu apadu,hate,0.7178977157193527,0.7178977157193527,0.2821022842806473
265,hate,romanized,RK Garu neku interview cheyadam rakapoty miskuni veray vallaku chance evvandi niku respect evvadam teledu,hate,0.6566093771647752,0.6566093771647752,0.34339062283522487
266,non-hate,romanized,Ee momment ki nizam gaa aricham,non-hate,0.6437856942884447,0.3562143057115553,0.6437856942884447
267,non-hate,romanized,Inthamandi abhmaninchali ante entha adrushtam chesuko undali,hate,0.6297798718907519,0.6297798718907519,0.3702201281092481
268,non-hate,romanized,Paristhithulu maree intha pagabattesayenti,hate,0.7151332503438437,0.7151332503438437,0.2848667496561563
269,non-hate,romanized,mAtRRi bhASha tèlugu aMTe aMta lokuvA    pakka rAShTrAla vALLu vAri mAtRRi bhASha ki èMta gauravaM ichchu kuMTAro chUsi nerchukoMDi,non-hate,0.5139658423481678,0.4860341576518322,0.5139658423481678
270,hate,romanized,Lakshalu lakshalu fees lu dengina,hate,0.8774519688921648,0.8774519688921648,0.12254803110783516
271,non-hate,romanized,idi kUDA pichchi DAnsulu ki òppesukuMdi. tu dInamma. ADadi aMTe gauravaM potoMdi.,hate,0.509895525200746,0.509895525200746,0.490104474799254
272,hate,romanized,Arey sollu comedy apandraaaa,hate,0.5542391321653535,0.5542391321653535,0.4457608678346465
273,non-hate,romanized,Green dress sis super ga chesaru,non-hate,0.6937136265103666,0.3062863734896334,0.6937136265103666
274,hate,romanized,"Me iddaru valla epI lo ADavALLa paruvu poyiMdi, padavi kosaM èMtakainA digajAre bratukulu mIvi",hate,0.722858106837929,0.722858106837929,0.277141893162071
275,hate,romanized,oka ammai vi vundhi natho argue chesthava puku mosukoni inti panulu cheyi,hate,0.8244902268535333,0.8244902268535333,0.17550977314646662
276,non-hate,romanized,nijAniki prajala kosaM porADutunna ekaika nAyakuDu revaMt rèDDi gAru,hate,0.5838679108237268,0.5838679108237268,0.4161320891762732
277,hate,romanized,prathi chethanakoduku viratkohli ni anetode lavdapuk gallu,hate,0.9148105224916107,0.9148105224916107,0.08518947750838936
278,hate,romanized,Movie matram modda gudisi potadhiii pakkaa,hate,0.7097913282220745,0.7097913282220745,0.29020867177792553
279,hate,romanized,roja ninnu choosthey nak guddalo edo nakuladhi nuuvu ni barrey guntu,hate,0.8435578657691305,0.8435578657691305,0.15644213423086956
280,hate,romanized,Nuv dancer va chiii sigguledhu Neku,hate,0.8036219203406072,0.8036219203406072,0.19637807965939277
281,hate,romanized,Tokka kooda oppukonu,hate,0.9478569051311503,0.9478569051311503,0.05214309486884975
282,non-hate,romanized,"abhivRRiddhi, saMkShemaM rèMDu chUDagala chaMdrabAbu valle rAShTraniki maMchi jarugutuMdanedi mummATiki nijaM",hate,0.6409037733544529,0.6409037733544529,0.359096226645547
283,non-hate,romanized,Bahubali time antha Baganey Unnav Anna . Tharwatha ee sahoo ki radhe shyam nachinatlu frnds tho sitting uu food padypoyav Anna ..Ayina sarey darling ee no one,hate,0.5935848519757687,0.5935848519757687,0.4064151480242313
284,hate,romanized,"Frank ga cheppalante evari personal life valladi...
Meru chesthundi enti mari
Peruki pedda news channels... Avasaramayina news vadilesi sodhi news lu cheppatle....Apudu mimmalni alage anali ga
Enta sepu cinema valla personals lo, leda social media peru cheppi
Netizenlu troll chesthunaru anatam... Controversy lani pani kattukuni crete cheytam...ila sodhi news ee kani paniki vachevi epudyna cheppara ra?
Scrap media channels....",hate,0.7090663469960166,0.7090663469960166,0.2909336530039834
285,non-hate,romanized,Hema kuturu chala chala baguntadi chala suma show lo chusanu,non-hate,0.9320095345905646,0.06799046540943543,0.9320095345905646
286,hate,romanized,women ki respect ledhu malla vadu oka yogi malla ha modda cm kurchi lo vundhi,hate,0.725844144500831,0.725844144500831,0.27415585549916904
287,non-hate,romanized,nuv hIro avatAvu anna aMta sTayil  vuMdi nilo idi riyal mATa,hate,0.612201895604557,0.612201895604557,0.38779810439544304
288,hate,romanized,Nice baaga dhimpav Anchor bro.,hate,0.5486401595344974,0.5486401595344974,0.45135984046550265
289,hate,romanized,chArmi pUrtigA kudelu nAku iMko la kanipiMchiMdi,hate,0.5902398135717102,0.5902398135717102,0.40976018642828976
290,hate,romanized,ery pappa la tho comedy very pappa la uanttadhi dhodhu dhodhey,hate,0.8736191535215444,0.8736191535215444,0.12638084647845563
291,non-hate,romanized,vèMkI mAma phyAns jai vèMkI mAma,non-hate,0.7530908015674281,0.24690919843257186,0.7530908015674281
292,non-hate,romanized,"Babu gogineni garu, suereb ga Chepparu",non-hate,0.6796254107171138,0.3203745892828862,0.6796254107171138
293,non-hate,romanized,Bangaram lanti wife failure kuda supporting ga undi kani veedu vini veshalu,hate,0.6535739274460308,0.6535739274460308,0.34642607255396923
294,hate,romanized,bAgA chadivinav gA rAsukuni marI.. madhyalo mana bhAryalu annAv chUDu,non-hate,0.6213516664885177,0.3786483335114823,0.6213516664885177
295,hate,romanized,bAnisa kaTTappalu bayaTaki vachchAru..ika jagan ki bhajana chèyyaDAniki..,non-hate,0.5855357573157852,0.4144642426842148,0.5855357573157852
296,non-hate,romanized,pApa chetiki katti ichche sIn ènnisArlu chUsinA kaLLalo nILlu tirugutunnAyi... Great thought by director,non-hate,0.5428923076539844,0.45710769234601556,0.5428923076539844
297,non-hate,romanized,mègAsTAr chiraMjIvi gAru appaTiki ippaTiki èppaTikI lèjèMDarI AkTar in world,hate,0.7187183640375104,0.7187183640375104,0.28128163596248956
298,non-hate,romanized,In direct reshmi ke kiss aadiga du sudheer bhaiyya,hate,0.5061209287594439,0.5061209287594439,0.4938790712405561
299,non-hate,romanized,saMkrAMtiki rAbotunna chiraMjIvi gAri sinimA mariyu bAlakRRiShNa gAri sinimA maMchi vijayaM sAdhiMchAlani korukuMTU,hate,0.517106624717963,0.517106624717963,0.4828933752820371
300,non-hate,romanized,sUpar anna jai pavan kaLyAN jai janasena nèksT sIèM pavan kaLyAN gAre,hate,0.5313645530248818,0.5313645530248818,0.4686354469751182
301,hate,romanized,appude amindi mundundi musallapanda chudu ra,hate,0.8222806961515413,0.8222806961515413,0.1777193038484587
302,non-hate,romanized,Veedu gelisthe telangana people dhi kuda adhe situation,hate,0.9354392155113305,0.9354392155113305,0.06456078448866955
303,hate,romanized,Dhusta chaathuryam!  Meeru ilantivi enni chesina em pikalerra!,hate,0.7008579183032811,0.7008579183032811,0.29914208169671885
304,non-hate,romanized,Helping nature kuda vundaali apude manishiki viluva,hate,0.7181871242463135,0.7181871242463135,0.2818128757536865
305,hate,romanized,marade tèlisi tèlisi nippullo chetulu pèTTaDaM aMTe,hate,0.8508742740241865,0.8508742740241865,0.14912572597581353
306,non-hate,romanized,Mr. Bandi asalu 2019 ki muMdu ni asthi èMta ippuDu nI Asthi èMta..,hate,0.6340950413425792,0.6340950413425792,0.36590495865742084
307,hate,romanized,Anchor be like: pichi na kdklni andharu ikkade unnaru,hate,0.804634063394005,0.804634063394005,0.19536593660599497
308,non-hate,romanized,"Megastar tho dutt garu 4movies theesthey 3 industry hits.charan janvi tho thwaraga jvas 2 thiyyandi
Dutt garu",non-hate,0.5709356881347877,0.4290643118652123,0.5709356881347877
309,non-hate,romanized,E bjp oil rates increase chesi vanta cheyali ante kastam undi anna,hate,0.5827235297066076,0.5827235297066076,0.4172764702933925
310,non-hate,romanized,prajala tarapuna iMta sudIrgha porATaM chesi tAnu gèlichi mammalni gèlipiMchina dilIp suMkara gAriki hRRidaya pUrvaka shubhAkAMkShalu...jai bhIm ...jai bhArat...,hate,0.6597040737936556,0.6597040737936556,0.3402959262063444
311,non-hate,romanized,Vijay Devarakonda fans ekkada thagedhele,hate,0.5463797427424893,0.5463797427424893,0.45362025725751065
312,non-hate,romanized,maheSh bAbu la vuMD sitAra pApa chAlA kyUT gA uMdi,hate,0.6449348867138244,0.6449348867138244,0.3550651132861756
313,hate,romanized,Povee pukuu mundaa,hate,0.9468797805602563,0.9468797805602563,0.05312021943974361
314,non-hate,romanized,"poyi central appulu chudu, hunger index, inflation, poverty, unemployment etc Telangana lo least unemployment and development is peaking up rapidly.",non-hate,0.6483196003378601,0.35168039966213993,0.6483196003378601
315,hate,romanized,laMjAkòDukulu laMjamuMDala jokulA ivi nA kòDakallArA,hate,0.5117889661336006,0.5117889661336006,0.48821103386639936
316,hate,romanized,shaq modda ante vunnavu ra kevin neku enduku affair,hate,0.8451182113736588,0.8451182113736588,0.15488178862634122
317,non-hate,romanized,nA Upiri unnaMtavaraku nA oTu mIke annA,non-hate,0.5085235060093164,0.4914764939906836,0.5085235060093164
318,non-hate,romanized,Prathi scene prathi shot u mind pothundhi Amma baboy Awesome script selection,non-hate,0.5861118145151798,0.4138881854848202,0.5861118145151798
319,hate,romanized,Idendayya idi Mariiii ila thayarayyaru Dandaalu ra ayya,hate,0.5952280558526727,0.5952280558526727,0.4047719441473273
320,non-hate,romanized,special respect for Indian cricket thanks for ( international board of Australia),non-hate,0.8730888374210585,0.12691116257894153,0.8730888374210585
321,non-hate,romanized,Cheppedhi em lekapoina ha hm ani anna parledhu vallatho matladali anthee,hate,0.7352670414720501,0.7352670414720501,0.26473295852794987
322,non-hate,romanized,Gudivada king true leader,non-hate,0.5530645400157336,0.4469354599842664,0.5530645400157336
323,hate,romanized,siggu vundali amma jagan lanti erripuk kanna anduku,hate,0.7051746683206823,0.7051746683206823,0.2948253316793177
324,non-hate,romanized,All the best annya aaa..ni Hard work apudu ki waste kadhu sir jai janasena,non-hate,0.8590041689079434,0.1409958310920566,0.8590041689079434
325,non-hate,romanized,appaTlo sunIl kosame DailAgs uMDevi ipuDu AlA lèv,hate,0.8061561298182365,0.8061561298182365,0.19384387018176352
326,non-hate,romanized,vAv mI DAns sUpar sUpar,hate,0.7883018411970333,0.7883018411970333,0.21169815880296672
327,non-hate,romanized,vAru èvarito pèTTukuMTe mIkèMdukusAr.mIru roDlu èMduku iyyaledu? prAjèkTulu èMduku kaTTaDaM ledu? èMduku iMta appulu chestunnAru madyapAna niShedhaM èMduku cheyaledu? kaMpènIlu èMduku tIsukurAvaDaM ledu?,hate,0.873299085580578,0.873299085580578,0.126700914419422
328,hate,romanized,siggu saraM vunna vALLu èvaru vIDi sinimAlaku pòkaDadu ..... eMTrA A bAShA ...,hate,0.6370302486233306,0.6370302486233306,0.3629697513766694
329,hate,romanized,po ra pichi kukka . siggu ledhu em ledhu asla manishi vey na,hate,0.8528323969801151,0.8528323969801151,0.14716760301988482
330,non-hate,romanized,Ilanti MLA Anni niyojaka vargallo enduku leru!!!,hate,0.7050181095578765,0.7050181095578765,0.2949818904421236
331,non-hate,romanized,Full video please bayya,non-hate,0.7684998342990751,0.2315001657009249,0.7684998342990751
332,hate,romanized,tòDalu... assalu unnAyi,hate,0.7719200298998105,0.7719200298998105,0.22807997010018952
333,non-hate,romanized,Dress bavundi kaani phone poyindi,hate,0.76736688309946,0.76736688309946,0.23263311690053995
334,hate,romanized,èMduku rikArDiMg DAns vALLaki viluva ledu aMTe... ilAMTi mATalu... vèkili cheShTalu valle...,hate,0.7133616213992945,0.7133616213992945,0.2866383786007055
335,non-hate,romanized,asalu iMglIShu sinimAlu lone ilAMTi padAlu uMTAyi.,hate,0.532453892959811,0.532453892959811,0.46754610704018895
336,hate,romanized,muMdu muMdu spaShTaM gA bUtulu mATlADestAru emo,hate,0.5822498011982846,0.5822498011982846,0.41775019880171543
337,hate,romanized,Anduke film dobbindii,hate,0.8516643603794172,0.8516643603794172,0.14833563962058288
338,hate,romanized,kallu pathukoni sanka kannidhi meru,hate,0.7107514932393186,0.7107514932393186,0.2892485067606814
339,non-hate,romanized,Ade matani dukuduga cheppandi. Siva garu kanabadatharu maku. Voice belaga vundi.,non-hate,0.6875837462128025,0.3124162537871975,0.6875837462128025
340,hate,romanized,ideMTI ilA naDustuMdi,non-hate,0.5892623885447984,0.4107376114552016,0.5892623885447984
341,non-hate,romanized,kohlI ki anukulaM gA mariyu phAm lo unnapuDu 3 icc cups aMdiMchinA dhoni gauravaMgA kèpTènsI vadulukunnADu..aMdaru riTairmèMT taravAta lèjèMDs ayyaru kAnI kohli krikèT aDutune lèjèMD sthAyI nI aMdukunnADu..kohlI sTeyi vADu kèpTènsI kosaM ilA gòDavapaDaTaM valla prapaMcha sthAyI abhimanulunnA kohli tAnA sthAyini tAgiMchukunnavADu avvutADu..kohli winning persentage yèkkuvunnA..IPL.kAni,hate,0.6752494129950384,0.6752494129950384,0.32475058700496157
342,hate,romanized,Areyy vanni mental hospital loo join cheyyadraaa,hate,0.6060257315157468,0.6060257315157468,0.3939742684842532
343,hate,romanized,Nijame lanjalara ammavadipuku degichukoniki thisukunara,hate,0.8276044155813119,0.8276044155813119,0.17239558441868807
344,non-hate,romanized,"chAlA adbhutaMgA myUjik DAns sTèp risalT sUpar,,",hate,0.5732425196999194,0.5732425196999194,0.4267574803000806
345,non-hate,romanized,anil gAnI vAyis viMTe nAku èkkaDo kaludi.... viDu vini mATalu...vèsT na kòMdi,hate,0.6713030357661827,0.6713030357661827,0.32869696423381733
346,non-hate,romanized,asalu hAran kòTTakapote Train ippaTlo rAdani arthaM,hate,0.5300615316794801,0.5300615316794801,0.46993846832051994
347,hate,romanized,first koja johar ni india nunchi tarmidengithe sangam pedha pothadhi,hate,0.8095028335463076,0.8095028335463076,0.19049716645369244
348,non-hate,romanized,Ending naku tears vachai  bro. Harsh sai real hero. God bless u brother.,non-hate,0.7704001370919766,0.22959986290802337,0.7704001370919766
349,non-hate,romanized,Sometimes nuvvu vacchinanduku chala feel avutunna ninnu ilanti position lo vunchina naaa lanti die hard fans ni chustunte anna,non-hate,0.7225765544828202,0.2774234455171798,0.7225765544828202
350,hate,romanized,roja oka noru vunna pichi lanja noru vundhaani edho edho matladthi,hate,0.8082268719908225,0.8082268719908225,0.19177312800917748
351,hate,romanized,Eema em peekindhi ra judge la pettaru,hate,0.8466975028374097,0.8466975028374097,0.1533024971625903
352,non-hate,romanized,Avnu nenu mimmalni chusanu chaala sarl,non-hate,0.5975335264238819,0.4024664735761181,0.5975335264238819
353,hate,romanized,Modda gudisipotav bollywood content lamti movies tistey,hate,0.7214098413901087,0.7214098413901087,0.27859015860989134
354,hate,romanized,Picha Na Kodaka!! Vinipisthunda Ra Vijay Ga !!,hate,0.5561649116656664,0.5561649116656664,0.44383508833433355
355,hate,romanized,Poyakalam deggara padinappudu alage chestharu,hate,0.7742749614499684,0.7742749614499684,0.22572503855003154
356,hate,romanized,saMkanAkistuMdi... idi kUDA nijame,non-hate,0.5791100158543687,0.4208899841456313,0.5791100158543687
357,hate,romanized,Arey howle Nizamabad MP Pasupu bord Edhi be Nv esukunna Angi lagu kudha Cangress icchindhe and TELANGANA icchindhi kuda Cangress A meeru cheppe Digital India lo ni AAdhar card kuda Cangress tecchindhe,hate,0.6673252727634956,0.6673252727634956,0.3326747272365044
358,hate,romanized,"Tickets rates thagginchaali..appudey janaalu theatre ki vastaaru.. Budget peruguthondhantey dhaanikkaranam producers e... Heroes budget, north Indian heroines, valla staff ni mepaali ivvanni thadisi mopodavuthunnayi",hate,0.6583811658136396,0.6583811658136396,0.3416188341863604
359,non-hate,romanized,First telangana gurunchi edvu  jai bjp,hate,0.7286840509036663,0.7286840509036663,0.27131594909633366
360,hate,romanized,"vidveShAla ,vaiShamyAlu guriMchi bIjepI mATlADaTaM....",non-hate,0.6381881666334648,0.3618118333665352,0.6381881666334648
361,hate,romanized,vIDiki iMta maMdi avasaramA vovar kUDA,hate,0.6062959346361032,0.6062959346361032,0.39370406536389674
362,hate,romanized,"alI siggundali nIku, sanskaram ledu nIku, navvutU unna so called celebrities ki navvu èlA vastuMdo",hate,0.7979662703586528,0.7979662703586528,0.2020337296413473
363,hate,romanized,Gee bajaru chillara dhaniki baga hype icharu kadha ra thu,hate,0.8613846686180084,0.8613846686180084,0.13861533138199159
364,hate,romanized,nehru amman denga ni valla india pakistan godava inka vundhi,hate,0.5691525336017283,0.5691525336017283,0.43084746639827165
365,non-hate,romanized,Alochana chestunnAM DrAmA rAv IsAri mimmalni oDiMchAli ani,non-hate,0.6822027764862859,0.3177972235137141,0.6822027764862859
366,hate,romanized,Arey badcaw recharge iypothe data ala osthundhr rah,hate,0.6944225815415788,0.6944225815415788,0.3055774184584212
367,hate,romanized,òrey musilDAnni kUDA vadala vArA,hate,0.8349575907779392,0.8349575907779392,0.16504240922206082
368,hate,romanized,sharmila nuvvu ooriki ki poyi record dancelu cheskho,hate,0.7227310192478968,0.7227310192478968,0.2772689807521031
369,hate,romanized,Veedi maatalaku yentha mandi kodathaaru veeni,hate,0.9260913918491191,0.9260913918491191,0.07390860815088081
370,non-hate,romanized,Are yAdava llA rA megastar taravAta pavan kaLyAN rA  chiru sar Ayana Vera leval jai bAlayya,hate,0.6098938923092646,0.6098938923092646,0.3901061076907354
371,non-hate,romanized,Ennisarlu chusina chudalanipinche great scene idi,non-hate,0.7396663582795401,0.2603336417204599,0.7396663582795401
372,non-hate,romanized,sUpar DyAns mAsTar jAnI,hate,0.643588849670561,0.643588849670561,0.35641115032943904
373,hate,romanized,Ammai ni pattukoni kavalissindhi konuko ani anta vurukuntunda,hate,0.7923033919553825,0.7923033919553825,0.2076966080446175
374,hate,romanized,nIlAMToLlu pAlammina vALlu chAlAmaMdi unnAru vALLaki èMduku rAvaDaM ledu adRRiShTaM .... anni dòMga panulu chesinav,non-hate,0.5783938839090915,0.4216061160909085,0.5783938839090915
375,non-hate,romanized,Ee styles and mannerisms present andaru vaduthunnaru mana industry lo,non-hate,0.7737932841115137,0.2262067158884863,0.7737932841115137
376,non-hate,romanized,"nenu chUsina velAdi phannI vIDiyolallane TAp 1 leDI AkShan vIDiyo idi .,,,ammAyi AkShan sUpar",non-hate,0.6477941458456354,0.35220585415436456,0.6477941458456354
377,non-hate,romanized,elaanti sannasi matalu vinalani maku ledu mundu sari ga matladu mariyada ichi puchukovale anthegani Telangana slag Ani memilage matladtha mante vere partila telanganollu kada,non-hate,0.5485299784469823,0.45147002155301774,0.5485299784469823
378,non-hate,romanized,Sir Arun Kumar garu meeku hrudayapurvaka namaskaramulu.sir nenu kuda Kapil chit lo chit one L.. vesanu .chit purti ayipoyindi.nene kakunda ma brother cheta friends cheta kuda veyinchaanu.but ippariki amont ivvatam ledu.amont adigite danilone fixid deposit cheyyamantunnaru. consumer court ki velte baguntunda.plz salaha istarani aasisunnanu,hate,0.5909815789646957,0.5909815789646957,0.4090184210353043
379,hate,romanized,mohan bAbu gAru kònni prashnalaku samAdhAnaM chèppaleka bikkamòhaM veshADu. nILlu namulutunnADu,non-hate,0.5562865333002802,0.4437134666997198,0.5562865333002802
380,hate,romanized,Roja niku minister ichindhi ha shaka ki nayam cheystav ani. Cheera lu pampala miku antey anam garu cutdrawer lu pampala annadu saripoyindha. Power unnantha varaku baganey untundhi.,hate,0.7418440052014362,0.7418440052014362,0.25815599479856377
381,hate,romanized,Ee over action ke... Sankaa naakadu.. Kada. Ayinaa buddi raa ledu,hate,0.7763354021538696,0.7763354021538696,0.22366459784613038
382,non-hate,romanized,Orey baffun gaa college fees lu thakkuvva chesthee nee mukaniki adi chaluu,hate,0.7310324815669995,0.7310324815669995,0.26896751843300043
383,hate,romanized,BJP Sanka naku teenmar vartalu,hate,0.7395722461538249,0.7395722461538249,0.2604277538461751
384,non-hate,romanized,Rip sir.... Atma ki shAMti kalagAlani korukuMTunnAnu....mana deshaMlo unnadi ilAMTi baDA pArishrAmikavettalu sAr.,non-hate,0.6854972176304416,0.3145027823695584,0.6854972176304416
385,non-hate,romanized,iTuvaMToLlu maMtrulugA uMDaDaM tèlaMgANa chesina duradRRiShTaM,hate,0.6248823928732554,0.6248823928732554,0.37511760712674463
386,hate,romanized,Twaralo telugollanta pichollawutaaru,hate,0.9261030500037184,0.9261030500037184,0.07389694999628162
387,non-hate,romanized,Next generation chala strong ga prepare chesthunnaru,non-hate,0.7947769377847992,0.2052230622152008,0.7947769377847992
388,non-hate,romanized,vAmmo sUpar chiTTi thalli ️ AkShan ke prANaM posèla annav rA mummy,non-hate,0.5918944401592543,0.4081055598407457,0.5918944401592543
389,non-hate,romanized,kutta paguluddi èvaDainA(any party/any other fans) ènTIAr anna ni takkuva chesi mATlADite,hate,0.5633761999900617,0.5633761999900617,0.4366238000099383
390,hate,romanized,Edi over action,hate,0.7367399525577449,0.7367399525577449,0.2632600474422551
391,hate,romanized,"Chi chi neeku anchoring evadu nerponchondo....farmers ni arrest chesinaru ante...safety ki antava,intha dikkumaalina answer emina vuntada asalu,ante anyayam jarigindi Ani chepte arrest lu chestaru,ala arrest cheyyadam correct antava nv",hate,0.6442933692849171,0.6442933692849171,0.35570663071508296
392,non-hate,romanized,gèTap shInu vAv sUpar mAn mègAsTAr bADI lAMgvej yAs iT is diMchesAvu sUpar,hate,0.7032108579642111,0.7032108579642111,0.29678914203578893
393,non-hate,romanized,Sudheer ni timingi timing anna,hate,0.7198380768213934,0.7198380768213934,0.2801619231786065
394,non-hate,romanized,tèlugu lo unnA anni vlog ChAnèl vALlani esukunna NTB Anna ki dhanyavAdAlu..,non-hate,0.7836729045909573,0.2163270954090427,0.7836729045909573
395,hate,romanized,abaddhAniki pèdda noru uMTuMdi,hate,0.56056558563362,0.56056558563362,0.4394344143663799
396,non-hate,romanized,"ghaDDagA marI manAvar gAniki kUDA chèppu hiMdU devuLLa paina jokulu cheyòddani, mari vAni Sho ku parmiShan ivvakuMTe ivannI kAkuMDè kadA",hate,0.720421815384028,0.720421815384028,0.27957818461597195
397,non-hate,romanized,èMduku sir ayipoyina pèLliki meLAlu!!! vadileyaMDi sir. iddarU ilA tiTTukovaDaM janAlaki vinodaM ayipoyiMdi sir,hate,0.6593743510035425,0.6593743510035425,0.34062564899645753
398,hate,romanized,itlantivi èMduku chestAraMDi meeru rotta cinemalu matrame chestaru sir meeru... any way .. ayina meerante naakistam sir,hate,0.656978703746839,0.656978703746839,0.343021296253161
399,hate,romanized,iShTaM leni jAb chestunaTTu uMdi prabhAs phes,hate,0.6741640028057574,0.6741640028057574,0.32583599719424255
400,non-hate,romanized,Power star.....anedi oka brand....evadu padithe vadu power star kadu...kaledu...king okkade power star okkale...only powerful power star pavan Kalyan okkade,non-hate,0.8212521251408976,0.17874787485910237,0.8212521251408976
401,non-hate,romanized,Maa allu aravind gari comedy super allu sir plz meeru movies loo act cheyandi,non-hate,0.9018128040750272,0.09818719592497283,0.9018128040750272
402,hate,romanized,inumu inumuni️ kAdu ènumu ènumuni anAli,hate,0.5989294366370949,0.5989294366370949,0.40107056336290514
403,hate,romanized,malla manchi erri puku vodu,hate,0.8788665997984271,0.8788665997984271,0.12113340020157291
404,hate,romanized,pedavADu ki  jagan gAru  è maMchi  pani chestunna  dAniki  korTulo  kesulu pèTTi  na.  bòlli gADu kI  oTu èvaru vèyaru,hate,0.649788090072587,0.649788090072587,0.35021190992741297
405,hate,romanized,Dance raani dhanni dance judge ga pettaru,hate,0.5246584915560877,0.5246584915560877,0.4753415084439124
406,non-hate,romanized,Chala ante chala bagundi bro,non-hate,0.8480027308219409,0.1519972691780591,0.8480027308219409
407,non-hate,romanized,Are o nuvvu sollu aapu thammi,hate,0.5758428360842442,0.5758428360842442,0.4241571639157557
408,non-hate,romanized,noTi tègulu ani rAsAv kadarA. mI ChAnal kannA noTi tègulu èvarikI uMTAdi.,hate,0.7726837538584787,0.7726837538584787,0.22731624614152132
409,non-hate,romanized,friendly ga annadu,non-hate,0.713944367269088,0.28605563273091195,0.713944367269088
410,hate,romanized,pòrapATuna maLLI gAnI rAjashekhar rèDDi gAru vastè kurchI pòddani tIsukèLLi kUrchobèTTaDu,hate,0.766580185491565,0.766580185491565,0.23341981450843494
411,non-hate,romanized,vALlU èlA uMTe manaku èMduku vALLa sòMtavishAyalu,hate,0.5246378864147687,0.5246378864147687,0.47536211358523134
412,non-hate,romanized,"Ycp lo meeru emi cheyaleru
Jsp lo neeku nachhinattu vundavachhu",hate,0.7960940678797817,0.7960940678797817,0.20390593212021837
413,hate,romanized,pavan kaLyAN mUvIs lo hIro... rAjakIyaM lo ' 0',hate,0.521404729212458,0.521404729212458,0.478595270787542
414,non-hate,romanized,mòttaM chUsA nijAyatI gA vunnAyi prashnalu javAbulu..sUpar bai rèDDi siddArth rèDDi,non-hate,0.5077018458653348,0.49229815413466516,0.5077018458653348
415,non-hate,romanized,"RK gAru, sagaM mIre mATlADestunnAru, dayachesi avatalivALLani pUrti gA mATlADanIyaMDi.",hate,0.5086866511262884,0.5086866511262884,0.49131334887371164
416,non-hate,romanized,Manchu family ki inka respect undi ante adi only nee valle manoj anna,non-hate,0.781653148905776,0.21834685109422403,0.781653148905776
417,non-hate,romanized,Godfather maro  Pan India Block buster coming soon jai chiraMjIva,non-hate,0.6198301216644575,0.3801698783355425,0.6198301216644575
418,non-hate,romanized,Meku kuda manchi bavisath unntadi,hate,0.5722147642829759,0.5722147642829759,0.4277852357170241
419,hate,romanized,"Bhuthulu gurinchi, double meanings gurinchi nuv matladodhu anusuya plz",hate,0.5624729913382212,0.5624729913382212,0.4375270086617789
420,non-hate,romanized,ènni sArlu chUsina chUDAlani anipiMche speech,non-hate,0.8171425646811339,0.1828574353188661,0.8171425646811339
421,non-hate,romanized,Evadiki vadu acting eraga tistunnaru,hate,0.696663462773965,0.696663462773965,0.30333653722603504
422,non-hate,romanized,Manchu Family Paruvu kapade Manishi Nuvvu Okkade anna,non-hate,0.5923059478279573,0.4076940521720427,0.5923059478279573
423,hate,romanized,nuvvu òkka roju jabardast lo bAlayya bAbuto phonlo mATlADaledA ve,hate,0.7109834186145154,0.7109834186145154,0.2890165813854846
424,non-hate,romanized,memu prajalaki phalAnAdi chestAmani chèppukòni prajalloki rAvAli e bòkka ledu vachchi eM pIkutAru,hate,0.6697781287608089,0.6697781287608089,0.33022187123919106
425,non-hate,romanized,iMta parij~nAnaM unna sIèM AMdhraki sIèM kAvaDaM ènno janmala puNyaM,non-hate,0.7141978409053081,0.28580215909469187,0.7141978409053081
426,hate,romanized,laik lu kòTTevALLu èkkuvA kAnI oTlu vesevALLu chAlA takkuvA,non-hate,0.6389123550314406,0.3610876449685594,0.6389123550314406
427,non-hate,romanized,Ka pal garu miru super,non-hate,0.9012123414050646,0.09878765859493543,0.9012123414050646
428,non-hate,romanized,kShavaraM ayite gAnI vivaraM tèliyadu lèMDi.... pRRidhvI gAru,non-hate,0.6204480680487475,0.3795519319512525,0.6204480680487475
429,non-hate,romanized,praShu vALLa DADIki òka laik kòTTaMDi,hate,0.7848609864104092,0.7848609864104092,0.2151390135895907
430,hate,romanized,Aaa cheera etthi guddalo pettara be nee mogga ni,hate,0.8410099863482239,0.8410099863482239,0.15899001365177606
431,non-hate,romanized,"rameSh mAsTar DyAns prAkTIs sUpar, idI paddati",hate,0.6164146452399445,0.6164146452399445,0.3835853547600555
432,hate,romanized,Neelanti  vallu  valla  nijame ayina devunuki  avamanam jarukutundhi,hate,0.6845277599441403,0.6845277599441403,0.3154722400558597
433,non-hate,romanized,koDalu pilla mA kòDuku nI pèLli chesukuMTAvA kaTnaM eM vòddu meme iShTamu kAvAlaMTe,hate,0.5733680979047794,0.5733680979047794,0.4266319020952206
434,hate,romanized,Anchor be like: pichi na kdklni andharu ikkade unnaru,hate,0.8046339643568753,0.8046339643568753,0.19536603564312474
435,non-hate,romanized,asalu eM uMdi rA akkaDa pòTTa òkaTi uMdi akkaDa,hate,0.6872653297953886,0.6872653297953886,0.3127346702046115
436,non-hate,romanized,meeku assalu em matladalo kuda telidhu edo vaagaali vaaguthaaru nv pedda leader vi nv cheppindhe nijam enduku paniki maalina debate lu,hate,0.8061289522456734,0.8061289522456734,0.19387104775432656
437,non-hate,romanized,"mallArèDDi aMtaDabbu revaMt rèDDiki ichchAru aMTe...  mallArèDDi ènni vela koTla Dabbu avinItigA saMpAdiMchi uMTADu...
sakramaMgA saMpadiste èvvariki ivvanavasaraM uMDadugA....
revaMt òkkaDikè kAdu..prajalaMdarikI nI avinIti Dabbu paMchAli..
appuDu èvvaDu blAk mèl cheyaDu.",hate,0.6795258637996884,0.6795258637996884,0.3204741362003117
438,hate,romanized,oka ammai vi vundhi natho argue chesthava puku mosukoni inti panulu cheyi,hate,0.8244902268535333,0.8244902268535333,0.17550977314646662
439,hate,romanized,Antha energy guddhalo nundi vastundi,hate,0.5916567895144037,0.5916567895144037,0.4083432104855963
440,hate,romanized,bonda uma kukka esaga mafia king,hate,0.8226104034879972,0.8226104034879972,0.1773895965120028
441,hate,romanized,Padavi kosam penta ina tintadu,hate,0.8301003314552539,0.8301003314552539,0.16989966854474617
442,hate,romanized,Kcpd men's kutha chnpi paddengutha,hate,0.6404771300139677,0.6404771300139677,0.35952286998603233
443,hate,romanized,Veedemma veedi lssge waste dhi,hate,0.7356776424719473,0.7356776424719473,0.26432235752805266
444,hate,romanized,vijay mallya nirav modi kapadindhi bjp malla ha baate shah gadu nak emtelidhu antaru,hate,0.836507248995986,0.836507248995986,0.16349275100401395
445,hate,romanized,kesIAr kebinèTlo mITiMg ledu bòchchu ledu,hate,0.9183309315157947,0.9183309315157947,0.08166906848420533
446,hate,romanized,"atleast akkadaina vudyogam vacchindi,chaala mandiki adi sampadinche scene ledu le bro",hate,0.7424438771905563,0.7424438771905563,0.25755612280944373
447,hate,romanized,Ee Rashmi ki roju rojuki dhebbalu gattigaane gudhuthunnaru,hate,0.8839037957573486,0.8839037957573486,0.1160962042426514
448,hate,romanized,Rayalaseema simham paritala Ravi telugurashtrala devudu NTR but family members of both have utterly failed to carry the legacy of these both in their respective range and categories,non-hate,0.7196314912246669,0.28036850877533315,0.7196314912246669
449,hate,romanized,Antha fake ey solu galu baga ekuva ayaru,hate,0.8615797034528865,0.8615797034528865,0.1384202965471135
450,non-hate,romanized,"Mustache kosam wait chesi untadu,inni rojulu ee video cheyadaniki,enthaina ne dedication ki hats off bro",non-hate,0.5383936263555761,0.4616063736444239,0.5383936263555761
451,non-hate,romanized,I sinimA maMchi vijayaM sAdhiMchAli ani èMtamaMdi korukuMTunnAru.,non-hate,0.6755110210218177,0.3244889789781823,0.6755110210218177
452,hate,romanized,"rAShTra vibhajana hAmI prakAraM railve jon, pratyeka hodA, chènnai vishAkhapaTnaM sI kAriDAr, sTIl plAMT punaruddaraNa mòdalagu hAmIlu migile unnAyi",hate,0.8376314154834492,0.8376314154834492,0.1623685845165508
453,hate,romanized,Kama kukka,hate,0.8171637767183036,0.8171637767183036,0.18283622328169635
454,non-hate,romanized,ku DAns rAdu ane sTej nuMDi DAns aMTe idi rA ane reMj ki vachchAvu jAni annA,hate,0.7880018924522052,0.7880018924522052,0.21199810754779483
455,hate,romanized,tAta nIku 60 pApa kI 25yèMdIrA mAku I daridram...?️️️,hate,0.5827298791089339,0.5827298791089339,0.4172701208910661
456,non-hate,romanized,Kasta padithe eppudu pratipalam untundi.. congratulations,non-hate,0.7330343317402833,0.2669656682597167,0.7330343317402833
457,hate,romanized,Sulli ra,hate,0.8364804894916776,0.8364804894916776,0.1635195105083224
458,non-hate,romanized,4 lo second di tisi 1 ki 2 ki madyalo pedite 4 avtundi order saripotadi,hate,0.6367906068821856,0.6367906068821856,0.36320939311781436
459,non-hate,romanized,Nivetha konni interviews lo aa time lo Rajinikanth garithi movie chestunna idem peddha movie kanattu matladindhi.she was not greatful to act in PSPK's movie.,non-hate,0.6392317365110283,0.36076826348897173,0.6392317365110283
460,hate,romanized,Charmi ki Edo ayindi navvaleka sachipothundi,hate,0.6309646278850511,0.6309646278850511,0.3690353721149488
461,hate,romanized,dayachesi èvarainA muMdu vIDini mèMTal hAspiTal ki tIsukuvèLlaMDi vIDu èvarèvarini eM mATlADutuMdo arthaM kAvaTledu I nA kòDukki pichchi paTTiMdi,hate,0.5957965859512342,0.5957965859512342,0.40420341404876586
462,non-hate,romanized,pavan kuparuvupòTame nitikiètirèkaMgapòraDutunaDu ayanakumachidikadu  jagan nilaMTòDukadu jagan devuDulaMTivaDu,hate,0.6906847875589843,0.6906847875589843,0.3093152124410156
463,non-hate,romanized,The great honest true leader Pawan Kalyan sir cm kavali nyayam jaruguthundhi ap prajalaki sir,non-hate,0.8198792138511213,0.18012078614887872,0.8198792138511213
464,non-hate,romanized,"Pelli meeda naku chala dreams, respect vundedhi itlanti interviews chusinappudalla pelli chesukokunda vundadame manchidi anipistundhi",hate,0.5695054026530622,0.5695054026530622,0.43049459734693785
465,non-hate,romanized,Mari atluntadhi krithi brm  thoni  andham ante minimam atta,hate,0.5225400399980736,0.5225400399980736,0.47745996000192636
466,non-hate,romanized,hyaTsAph polIs sar,hate,0.5725766478434249,0.5725766478434249,0.42742335215657506
467,non-hate,romanized,nA baMgAraM... A navvulone uMdi anna mA saMtoShaM,non-hate,0.6128870263848227,0.38711297361517727,0.6128870263848227
468,hate,romanized,Ree babu Nani GA neku eaduku Ra avasaram  vajaya Sai  chappali ha visayam nevu eaduku neku avasaram eamiti,hate,0.6866127832963729,0.6866127832963729,0.31338721670362707
469,non-hate,romanized,rAju gAru mIru sUpar sAr bAhubali raghu rAm rAj sUpar sAr puli aMTe mIru sAr,hate,0.8107247551238081,0.8107247551238081,0.18927524487619188
470,non-hate,romanized,mIru kònuDu kAdu sAru nI biDDalAMTi prajalu kònAli,non-hate,0.6142069582834648,0.38579304171653517,0.6142069582834648
471,non-hate,romanized,kiMg is byAk,non-hate,0.7038993327109634,0.2961006672890366,0.7038993327109634
472,non-hate,romanized,Nani fans ante mamoluga undadhu mari super love you nani love you,non-hate,0.8907974782737467,0.10920252172625333,0.8907974782737467
473,hate,romanized,Niku yevadu ra cheyyamannadu,hate,0.8262197220829193,0.8262197220829193,0.17378027791708078
474,hate,romanized,E vedio chusi nenu chesukovaalsi vastundi inkaa chaalu,hate,0.5843965387764698,0.5843965387764698,0.41560346122353026
475,non-hate,romanized,Full clarity tho unnaru and correct ga chepparu ... movies lo fan following veru ...real life lo fan following veru ..,non-hate,0.8911442084866043,0.10885579151339575,0.8911442084866043
476,non-hate,romanized,kApI kAkuMDA vere Trai chese sUpar vijayaM nIde pilli DuD,hate,0.7000271432758731,0.7000271432758731,0.29997285672412694
477,non-hate,romanized,Village  pilla  nIvu super,non-hate,0.5868406960789936,0.4131593039210064,0.5868406960789936
478,non-hate,romanized,dattaputruDiki iMkA siggu rAledu,hate,0.7135605550470607,0.7135605550470607,0.2864394449529392
479,non-hate,romanized,iMta tèlivaina mukhyamaMtri ni ènnukunnAru,non-hate,0.5447229804083684,0.4552770195916316,0.5447229804083684
480,hate,romanized,Waste fellow he did nothing for telengana,hate,0.8861257913613019,0.8861257913613019,0.1138742086386981
481,non-hate,romanized,Vaadu feel avvadu... Vaadi answer ki nuv avthav,hate,0.6173803191028576,0.6173803191028576,0.3826196808971424
482,non-hate,romanized,kalyAN dilIp suMkara gAru chAlA chakkagA vivariMchAru. dhanyavAdAlu.,hate,0.5602864678238615,0.5602864678238615,0.43971353217613857
483,hate,romanized,nuvvu poyyi modi modda cheku mms oka great econmist ani prapamcham anukondhi antanu lekunte india ledhu,hate,0.5219208615608166,0.5219208615608166,0.47807913843918337
484,hate,romanized,Amè nI talli ayite ilAge chestAvA,non-hate,0.5511361157981972,0.4488638842018028,0.5511361157981972
485,hate,romanized,",visvak gADiki bAgA èkkuvaiMdi.idi maMchi paddhati kAdu",hate,0.5893457232950394,0.5893457232950394,0.4106542767049606
486,non-hate,romanized,iMta phiT bADI uMDi appu anna ala maraNiMchaDaM bAdhagA uMdi,hate,0.7578914085653603,0.7578914085653603,0.24210859143463967
487,hate,romanized,Shooting leka mind dobbindi .court should consider this issue .if students take him as inspiration then what will happen. Is it correct .pls consider it,hate,0.5066909450853936,0.5066909450853936,0.4933090549146064
488,hate,romanized,Sketch vesiMdi èvaro kUDA chèppaMDi (dammu uMTe),hate,0.6466442155761095,0.6466442155761095,0.3533557844238905
489,non-hate,romanized,"The courage to be disliked"" ee book summary cheyyandi anna.",non-hate,0.6539069603305694,0.3460930396694306,0.6539069603305694
490,hate,romanized,Ntr kadhu bey ntr garu give respect,hate,0.6105250918184546,0.6105250918184546,0.3894749081815454
491,non-hate,romanized,èkkaDiki potoMdi mana saMskRRiti,hate,0.6966690825971522,0.6966690825971522,0.3033309174028478
492,non-hate,romanized,ponI AMdhrapradesh ku separate karènsI noTu pèTTI noTlu guddu jagan anna gAMdhi gAri phòTo badulu nI phòTo pèTTu anna,hate,0.5779344338116776,0.5779344338116776,0.4220655661883223
493,non-hate,romanized,Super Madam  dance  chala bagavesaru,non-hate,0.8472723925661528,0.15272760743384717,0.8472723925661528
494,hate,romanized,jagan sharIraMlo aNuvu aNuvu ròjakkaku bAgA tèlisinaTluMde,hate,0.8598728233966055,0.8598728233966055,0.1401271766033945
495,hate,romanized,"talli nuvvu navvòddu, A mukhaMlo mUti tappa emi kanipiMchadu mAku",hate,0.6605694111878293,0.6605694111878293,0.33943058881217064
496,hate,romanized,Teeskelli railway station loo padeyandi,hate,0.8646302864479876,0.8646302864479876,0.13536971355201238
497,non-hate,romanized,DabbA rAyuDu mana pèda rAyuDu mòttaM mIda meka potu gAMbhIryaM kanaparchADu phasak,hate,0.6048383821151531,0.6048383821151531,0.395161617884847
498,non-hate,romanized,mIru mI lAMTi vAru rAShTra niki chAlA avasaraM,hate,0.6119288072572739,0.6119288072572739,0.38807119274272606
499,non-hate,romanized,kAdannA navvi navvi chachchipote èvaru rèspAnsibiliTI annA sUpar anna,non-hate,0.8528045354006298,0.14719546459937016,0.8528045354006298
500,non-hate,romanized,Super settiandi voice to video,non-hate,0.670235737929246,0.32976426207075404,0.670235737929246
501,hate,romanized,Over action apandi raa Babu,hate,0.7979223384403329,0.7979223384403329,0.20207766155966705
502,non-hate,romanized,annayya vadina. èppuDu hyApI gA vuMDAli,non-hate,0.7693862991485196,0.23061370085148036,0.7693862991485196
503,hate,romanized,Picchodini interview endhuku chesthunnaru may be TRP kosama,hate,0.7466666269886599,0.7466666269886599,0.25333337301134
504,non-hate,romanized,I pATa vinnapuDallA SPB gAre maLLI tirigòchchi pADAru anipistuMdi,non-hate,0.5058114027503077,0.49418859724969233,0.5058114027503077
505,hate,romanized,kotulu digedAniki iMta bulid up aaa,hate,0.5617373129633794,0.5617373129633794,0.4382626870366207
506,non-hate,romanized,Punch veyyalantay...Sunil anna tharuvathayee...yavarina...,non-hate,0.6216221228633729,0.37837787713662707,0.6216221228633729
507,hate,romanized,"jai kumar next nee amma nee ,sisters nee andharni petti prank thesthadu vadu wait",hate,0.6047190585261168,0.6047190585261168,0.39528094147388315
508,hate,romanized,Elagaina vastadu mee dhulaa thirustadu.,hate,0.8399901409851503,0.8399901409851503,0.16000985901484963
509,hate,romanized,kaMTlo durada pèTTiMdi kAbaTTi saripoyiMdi,hate,0.573759109342872,0.573759109342872,0.426240890657128
510,hate,romanized,Raja Singh nuvvu ni karra tagubthu mokam neeku mokham nuvvu mla ela ayyavu,hate,0.8227379436535411,0.8227379436535411,0.1772620563464589
511,non-hate,romanized,"Manchi cinema ni prathi okkaru aadaristaru,all the best nikhil, have a bright future",non-hate,0.9032089057537938,0.09679109424620624,0.9032089057537938
512,non-hate,romanized,nuvvu chAlA chAlA bAgunnAvu. parphèkT gA unnAv.. mIru nAku nachchAru,non-hate,0.5409916919744634,0.4590083080255366,0.5409916919744634
513,hate,romanized,Vedi nathinakodaka,hate,0.9066490249204411,0.9066490249204411,0.0933509750795589
514,hate,romanized,Meeru Gopi Goda meeda pilli anna maata edava,hate,0.5897370063836304,0.5897370063836304,0.41026299361636964
515,non-hate,romanized,Naku prabhas anna ento rana anna kuda antey,non-hate,0.6340274776301077,0.3659725223698923,0.6340274776301077
516,non-hate,romanized,Ilantivi kaadha ee generation ki inspiring untadhi...plz do more,non-hate,0.7764184398402328,0.22358156015976716,0.7764184398402328
517,non-hate,romanized,polIs phArèsT DipArTmèMT 2kalasi porADAru pApaM dAni bAri nuMDi prajalni,hate,0.6546254475905973,0.6546254475905973,0.3453745524094027
518,hate,romanized,bhajana bhajana byAch èkkuva ayipoyAru pavar sTAr ki pApaM,non-hate,0.6013588030724538,0.3986411969275462,0.6013588030724538
519,hate,romanized,noru muy. vADu paripAlanA chetagAni vALlaki anna... aMte.,hate,0.6644807187003827,0.6644807187003827,0.33551928129961733
520,hate,romanized,"Paritala nu nuvve sampinavu raa nennu gaali, vaana devudu sampeedu",hate,0.9393905490137833,0.9393905490137833,0.06060945098621675
521,hate,romanized,Washing powder NIRMA neevu maa mukyamantri awadam maa KARRMA,hate,0.5182828847947378,0.5182828847947378,0.4817171152052621
522,hate,romanized,​political fit kakapothe bayapadatam endukandi,non-hate,0.5641373712280643,0.4358626287719357,0.5641373712280643
523,hate,romanized,Peetha … idokA Lavada lo buildup,hate,0.8184890310676595,0.8184890310676595,0.18151096893234056
524,hate,romanized,Marea srihan pakkana moddagudvala,hate,0.8026410524952585,0.8026410524952585,0.19735894750474142
525,hate,romanized,Rey arripuku adhi munda sollu apu ra,hate,0.6867892320240623,0.6867892320240623,0.31321076797593767
526,hate,romanized,ilA vAge ChI ani parishrama pèddalu dUraMgA pèTTa ru maheSh maLLI daridrani maLLI sTejI mIdaku tèchchADu 20saM chiru chAlA naShTapoyAru,hate,0.6491946456877565,0.6491946456877565,0.35080535431224347
527,non-hate,romanized,Me kastam palinchali sir,non-hate,0.5775194322752956,0.42248056772470444,0.5775194322752956
528,hate,romanized,mòttAniki yUTyUb ne kApuraM cheyarA mIku mA buddhilaku mAnAllo ledu,hate,0.5273887653307148,0.5273887653307148,0.4726112346692852
529,hate,romanized,Audience be like :- Bengu ! Athi bengaku,hate,0.7898827259076964,0.7898827259076964,0.21011727409230363
530,non-hate,romanized,èMta navvu vachchiMdo .  sUpar spIch anna.,hate,0.6644409759468695,0.6644409759468695,0.33555902405313054
531,non-hate,romanized,40 saMvatsarAlu rAjakIya anubhavaM,non-hate,0.702555596447502,0.297444403552498,0.702555596447502
532,hate,romanized,oho I nijAyitIparuDaina ravi prakASh lo pavan lakShaNAlu unnAyA,hate,0.6149826317281115,0.6149826317281115,0.3850173682718884
533,hate,romanized,West mokalu motham judge laa,hate,0.8618225605711199,0.8618225605711199,0.13817743942888008
534,hate,romanized,Dhani pandhi moham chusi shock avuthada,hate,0.733482239281529,0.733482239281529,0.266517760718471
535,hate,romanized,ni pellam puku denugutha  ma anna annavu ante,hate,0.7476538697999324,0.7476538697999324,0.2523461302000676
536,non-hate,romanized,liger movi bAguMdi but hIro ki natti èkkuva gA uMDaDaM valla sinimA poyiMdi aMte,hate,0.7975283200322476,0.7975283200322476,0.20247167996775245
537,non-hate,romanized,byUTiphul meDaM,hate,0.6205842602947553,0.6205842602947553,0.3794157397052446
538,hate,romanized,Are meru marara dappukottu kovam,hate,0.7975864625063083,0.7975864625063083,0.20241353749369173
539,non-hate,romanized,dAnni peru eMTi aiDi eMTi chapU bradar,hate,0.7143495319559383,0.7143495319559383,0.2856504680440617
540,non-hate,romanized,sAkShi aMTene abaddalaku care of address,non-hate,0.5433516777096712,0.4566483222903288,0.5433516777096712
541,non-hate,romanized,"appaTlo dirctors ki, kaMTèMT raiTars ki unna hyUmar sains ippuDu èvarikI ledu.",hate,0.6336904805639922,0.6336904805639922,0.3663095194360078
542,non-hate,romanized,èvvaru chèyyaleni gòppa pani mIru cheshAranna mIru greT annA,non-hate,0.6480115392612141,0.35198846073878587,0.6480115392612141
543,non-hate,romanized,mIru chèppe TApik valla upayogaM chAlA uMdi!,non-hate,0.6133033706858563,0.3866966293141437,0.6133033706858563
544,hate,romanized,"Fingerprint mallareddy
Pedda donga na kodku",hate,0.9259097802049643,0.9259097802049643,0.0740902197950357
545,hate,romanized,ipuDu kUDa tana tappulu òppukovaTaM ledu.. pichi munda,hate,0.8045953432388523,0.8045953432388523,0.19540465676114768
546,hate,romanized,entandi pusukunna antha pedha Mata anesav,hate,0.8147198021957733,0.8147198021957733,0.18528019780422667
547,hate,romanized,rgv ki siggu ledhu ammail ni oka sex doll laga choostahru,hate,0.8298740952816432,0.8298740952816432,0.17012590471835673
548,hate,romanized,Antha perfect ga ayithae raledhu but try chesaru kadha that's more important,non-hate,0.5188343933860954,0.4811656066139046,0.5188343933860954
549,non-hate,romanized,​debate la lo paalgone TRS naayakulaku edhutivaarini maatladaneeyakapovadam samskaaram kaadhu.,hate,0.7389494236164361,0.7389494236164361,0.2610505763835639
550,hate,romanized,Party paranga vaduu. Godameeda pilli laga kuda vaddu ra howla,hate,0.7895810589722505,0.7895810589722505,0.21041894102774944
551,non-hate,romanized,chAlA bAguMdi bro. chinnapuDu ivi anni memu chesAmu bro chAlA hyApI gA uMdi I sirIs chUstuMTe. Best of luck bro.,non-hate,0.6735732571234834,0.32642674287651663,0.6735732571234834
552,hate,romanized,nenU rèMDu Trai chesAnu sammagA uMdi,hate,0.8024688430551077,0.8024688430551077,0.19753115694489226
553,hate,romanized,Modda gudu aithyy,hate,0.9135212424930526,0.9135212424930526,0.08647875750694746
554,hate,romanized,anni tèlusu polIs laku yUniphAm uMdanna ahaMkAraM  chaTTaM tèlisina vADu tappu cheste tATa tIyaMDi aDvakeT  hakkula kosaM prajala taraphuna porADaMDi,hate,0.6748201832590693,0.6748201832590693,0.32517981674093066
555,non-hate,romanized,Muslims hindu devullanu entha thittina parledhu... Kaani hinduvulu  Mee devudini thidithe thappenti,hate,0.7062965263632484,0.7062965263632484,0.2937034736367517
556,hate,romanized,Pilichi pettinchukuntaru ga....TV9 ki eemadhya sarada ayindi...,non-hate,0.5370550540389779,0.4629449459610221,0.5370550540389779
557,non-hate,romanized,prati òka iMTarvyU lo chAlA kUl gA mATlADatAru. nijAlu nirbhayaMgA chèbutADu. èvaDannA emannA anukòni nenu chèppedi chèptA anukune vyakti RGV...,hate,0.6378822766122534,0.6378822766122534,0.36211772338774656
558,hate,romanized,annayya ane pilupu vini vènakki tirigADu,hate,0.6539614104534728,0.6539614104534728,0.34603858954652716
559,hate,romanized,alsa janalu erripuk galu jagan ni cm cheyadam enti,hate,0.8192886131053981,0.8192886131053981,0.18071138689460184
560,hate,romanized,aMduke 400 ammAyilato sex cheshADu,non-hate,0.5177739772380827,0.4822260227619173,0.5177739772380827
561,non-hate,romanized,Mulapeta lo 2 years chadhukuna,hate,0.6118835973874628,0.6118835973874628,0.38811640261253727
562,hate,romanized,Chance esti champidengala vunnadu aunty ne,hate,0.5300611040142704,0.5300611040142704,0.4699388959857296
563,hate,romanized,"100% literacy rate unna kerala lo ne janalu gorrelu la unte, migilin rashtrallo unna janalu paristhiti emito...... I feel ashamed being part of this type of public",hate,0.5826467886415927,0.5826467886415927,0.41735321135840725
564,non-hate,romanized,"Prabhas ki super jodi,,,arabian bread vastundi",non-hate,0.5644292959144345,0.43557070408556553,0.5644292959144345
565,non-hate,romanized,Acting super undhi ga bro just story lo dammu ledh,non-hate,0.8175823547356684,0.18241764526433157,0.8175823547356684
566,non-hate,romanized,iddarU chAlA bAgunnAru sooooo kyUT,hate,0.6783127346905842,0.6783127346905842,0.3216872653094159
567,hate,romanized,èMduku alyasAO chestunavu peTaka,hate,0.7182248360204102,0.7182248360204102,0.28177516397958974
568,hate,romanized,Vadapav gaadu icc trophy elaa win aiythadoo neenu chusthaa,hate,0.818028157871943,0.818028157871943,0.18197184212805698
569,non-hate,romanized,annayya chèbutuMTe noru UripotunnAdi....,non-hate,0.6014459357150871,0.3985540642849129,0.6014459357150871
570,hate,romanized,mahAnubhAvuDivi sAr nuvvu. meDaM gAru miko namaskAraM. iddaru saripoyAru. nijAnni nirbhayaMgA,hate,0.5459711479246516,0.5459711479246516,0.4540288520753483
571,hate,romanized,nuvvu vèsT dAnivi dòmmari dAna idi eMTide,hate,0.635621583431396,0.635621583431396,0.36437841656860404
572,non-hate,romanized,"ntha brainwashed gorrelu chesthunnaru, inko vargam enti ante bjp bots SSR influencers ga mari yuvatha ni thappu thovva pattisthunnaru a",hate,0.8318270904074458,0.8318270904074458,0.16817290959255415
573,hate,romanized,Car top medhega kurchuni vachindhi mee araganta auntymedha kurchuni kaadhu ga me fans tega feel aypothu support chestnaaru manchi aatagaadivey,hate,0.615459964028668,0.615459964028668,0.3845400359713321
574,non-hate,romanized,"Shiva gari smile ki fidaa..mee anchoring super sir..nenu macha cheppe Answers kante meru iche smile ne chusthu undipoyanu..your voice,  your style of anchoring awaysome",non-hate,0.7972920079360545,0.20270799206394552,0.7972920079360545
575,non-hate,romanized,Cut paste... video cut aaeindhi,hate,0.8295353640024916,0.8295353640024916,0.17046463599750836
576,hate,romanized,samantha oka trigubothu lanja chai lanti mogudu vadilesindhi,hate,0.728813595338172,0.728813595338172,0.2711864046618279
577,non-hate,romanized,"Legendary aMTene ntr, anr, tarvAta chiru.  Ayana sinimAlu nijajIvitAniki addaM paDatAyi. yuvataku dishAnirdeshaM chestAyi. èvaDo edo annaMta mAtrAna legend kAkuMDA potArA",non-hate,0.5188992027424087,0.48110079725759125,0.5188992027424087
578,hate,romanized,bandi sanjay gadu amit shah kukka vadu poyi vadi kaalu nakutaru,hate,0.7715226228257461,0.7715226228257461,0.2284773771742539
579,non-hate,romanized,Murkulani evaru emi cheyaleru...,hate,0.6866448927606132,0.6866448927606132,0.3133551072393868
580,non-hate,romanized,Ee video chusintarvatha mee meeda respect perigindi,hate,0.6541937284779877,0.6541937284779877,0.34580627152201227
581,hate,romanized,hom minisTar 2000% UNFIT... Amèki unna tèlivi ki Village member ke èkkuva,non-hate,0.5188096813318762,0.4811903186681238,0.5188096813318762
582,hate,romanized,aMTe jagan ku bhayapaDutUne uMTAru,non-hate,0.5122299288991348,0.48777007110086523,0.5122299288991348
583,non-hate,romanized,sisTar nuvvu chAlA bAgA chesAv amma nIlo TAlèMT mAmUlugA ledu.,hate,0.7407016110419141,0.7407016110419141,0.2592983889580859
584,hate,romanized,kcr dhi barrey karrey mukku vadu waste pm ki,hate,0.825536432164745,0.825536432164745,0.17446356783525493
585,hate,romanized,Orey manam cinemalu chudabatte vallu luxury ga brathukunnaru ra,hate,0.5992783560742494,0.5992783560742494,0.40072164392575055
586,non-hate,romanized,Life lo okasri ina kalavli darling ninnu,non-hate,0.7048671774347306,0.2951328225652694,0.7048671774347306
587,hate,romanized,edo pèTTedani leka aDigiMdi,hate,0.9371997385951978,0.9371997385951978,0.06280026140480219
588,hate,romanized,Erripuku matalu baga matladathavu ra adhi nuvvu,hate,0.8182655426057854,0.8182655426057854,0.1817344573942145
589,non-hate,romanized,Vammo mamulodivi kadu swamy Nuvvu,hate,0.5096726311813052,0.5096726311813052,0.49032736881869476
590,non-hate,romanized,Movie lo content chala bagundi evvadu apaledu movie ni dilraju kuda,non-hate,0.8597003613143259,0.14029963868567408,0.8597003613143259
591,non-hate,romanized,Yenta mandhi stars vunna PAWAN KALYAN YE  POWER STAR,non-hate,0.8124070849186671,0.1875929150813329,0.8124070849186671
592,hate,romanized,Adhikaram vunte thuglak gadu emaina chesasthadu,hate,0.7468569585881121,0.7468569585881121,0.2531430414118879
593,hate,romanized,sia vinadaniki notlo motham petta vuntau padutadhi,hate,0.7365019216303142,0.7365019216303142,0.26349807836968575
594,hate,romanized,niku family undi gah ra jagratamma venkata,hate,0.7305699195338802,0.7305699195338802,0.2694300804661199
595,hate,romanized,kònni AMdhra paMdulaki buradalone (ycp)AnaMdaM...eM chestAM paMdi jAti kadA aTlAge uMTadi,hate,0.6390325268942365,0.6390325268942365,0.3609674731057635
596,non-hate,romanized,annA nèksT mUvI iMkA gaTTigA kòTTAli... Al di bèsT,hate,0.6503245143751137,0.6503245143751137,0.3496754856248862
597,non-hate,romanized,myUjik chAlA chAlA bAguMdi..,non-hate,0.7495329790621102,0.25046702093788975,0.7495329790621102
598,non-hate,romanized,chIra kaTTukuMTe chAlu èvarikainA òka huMdAtanaM vachchestuMdi.,hate,0.5142139374849816,0.5142139374849816,0.48578606251501844
599,hate,romanized,muMdu arrest chèyyaMDi. vADu ShikAru chestunnADu. vADu èMduku mIDiyA muMduku rAledu.,hate,0.7323791025931232,0.7323791025931232,0.26762089740687683
600,non-hate,romanized,òkka èkShprèShantò  mòttaM naDipiMchinav nuvvu nijaMgA lèjaMD anna,hate,0.624619034075837,0.624619034075837,0.37538096592416303
601,hate,romanized,eMdi rA mAku I sodi nI èpisoD,hate,0.7045966260575566,0.7045966260575566,0.2954033739424434
602,non-hate,romanized,Dijil badulu maMdu kòDite saripotuMdi,hate,0.5382704692585151,0.5382704692585151,0.46172953074148493
603,hate,romanized,A paTukovaDaM lopaliki vèLli paTukòra bAbU rUMlo kUrchuni panicheseyi,hate,0.8122222011729157,0.8122222011729157,0.18777779882708437
604,hate,romanized,pèTTiMdi padi velu.. lAgedi 10koTlu,hate,0.7897355879391136,0.7897355879391136,0.21026441206088645
605,non-hate,romanized,nèksT kArtikeya 3 mAtraM samudraM lo unna dvAraka nagaraM misTarI ...Vere level  lo uMTadi...,non-hate,0.6760579639230947,0.3239420360769053,0.6760579639230947
606,non-hate,romanized,One and only Mega star .....Potthi leyru....Raleyru,non-hate,0.6286469309375926,0.3713530690624074,0.6286469309375926
607,non-hate,romanized,jayaho rAjAsiMg bhArat mAta ki jai,non-hate,0.5416634003694939,0.4583365996305061,0.5416634003694939
608,hate,romanized,Re charge ayepothe Ela ra Google open avrhundu,hate,0.9047175746498005,0.9047175746498005,0.09528242535019946
609,non-hate,romanized,Anna mee Spandhana bagundhi,hate,0.7051113159922966,0.7051113159922966,0.29488868400770335
610,non-hate,romanized,IDini chUsAka....mana saMpu mIda chAlA gauravaM pèrigiMdi...,hate,0.5025665672685447,0.5025665672685447,0.4974334327314553
611,hate,romanized,"idi laMjalA rAjyaM..,. kaliyugaM lo laMjele nItulu chèbutAru",non-hate,0.6391658379776952,0.3608341620223048,0.6391658379776952
612,hate,romanized,"Paytm kukkalu ekkada, idi kuda cbn gare plan chesaru antaremooo",hate,0.610409479253144,0.610409479253144,0.389590520746856
613,hate,romanized,Edi lanja kabate ela janalanu chedakodutundi,hate,0.8101473468928394,0.8101473468928394,0.18985265310716057
614,hate,romanized,kodali nani  koja na koduku mla lankadhnulu okati levu,hate,0.9800401728884336,0.9800401728884336,0.019959827111566394
615,non-hate,romanized,study chesi kcr em pikindu velumundra ayina pm position lo undu that is modi,hate,0.5624862152851671,0.5624862152851671,0.437513784714833
616,hate,romanized,Pilla puk comedy,hate,0.6278656864835268,0.6278656864835268,0.37213431351647314
617,non-hate,romanized,gèTap sInu acting yèMta maMdiki nacchindi adbhutaM super,non-hate,0.6286380596919777,0.3713619403080223,0.6286380596919777
618,non-hate,romanized,akka nI pATa prati òkkaTi adiripotuMdi,hate,0.512327349721176,0.512327349721176,0.48767265027882395
619,hate,romanized,vachanu anuko gudda paligipodhi,hate,0.8613720860314489,0.8613720860314489,0.13862791396855106
620,non-hate,romanized,shekhar mAsTar gAru aMD shrImukhi gAru mI DyAns bAgA adiriMdi,non-hate,0.5235370012436378,0.4764629987563622,0.5235370012436378
621,hate,romanized,A 1 chillara rAjakIyAlu apu...... muMdu iMTlo vunna mahILalaku nyAyaM cheyamanu.... akkA chèllèLLu chebutAru A1 Bach ki,non-hate,0.5179045497705291,0.48209545022947087,0.5179045497705291
622,non-hate,romanized,allu arjun ki ekkaDo sUDi u0di.multitalent vunnoDu allu arjun òkkaDe in i0DiyA,hate,0.5296165749981256,0.5296165749981256,0.47038342500187436
623,non-hate,romanized,onlI  bai rèDDi siddhArtha rèDDi annayya kosaM chUsinavALlu like me....,non-hate,0.6797863709338324,0.32021362906616757,0.6797863709338324
624,non-hate,romanized,revaMtanna ichchina ShAk ki mallArèDDi ki pichchi paTTinaTTu uMdi,non-hate,0.5802927084180024,0.4197072915819976,0.5802927084180024
625,hate,romanized,"rAShTrAnni nakiMchesi talli, kuturu saiD ayipoyAru",hate,0.7693092740432341,0.7693092740432341,0.23069072595676585
626,hate,romanized,ChI dInamma èMduku rA vIDu,hate,0.6262659731121993,0.6262659731121993,0.3737340268878007
627,non-hate,romanized,ninu chUstuMTe KGF sinimAlo RACKY bAy gurtuku vastunnADu,hate,0.516985382286021,0.516985382286021,0.483014617713979
628,hate,romanized,Me Bathukulu yenduku ra,hate,0.9269339815282531,0.9269339815282531,0.07306601847174693
629,hate,romanized,abbA bòDDu iMta pèddagA uMTe bòkka samudraM lAgA uMTAdemo?,hate,0.899080590777533,0.899080590777533,0.10091940922246699
630,non-hate,romanized,Hii Bagunnara Harsha Sai garu  meku. Mee team members ki happy vinayaka chavithi,non-hate,0.8853921414233182,0.11460785857668176,0.8853921414233182
631,non-hate,romanized,mIru devuDu sAr,hate,0.7701916012828374,0.7701916012828374,0.2298083987171626
632,non-hate,romanized,Aat..... tatha on fire,hate,0.6322486899214472,0.6322486899214472,0.3677513100785528
633,hate,romanized,punju vachi pitta ni dengithey nenu commentry chepijry ala vuntadhi # punjuunggamer,hate,0.782992739768902,0.782992739768902,0.217007260231098
634,non-hate,romanized,"Abboo siggulekundaa vadu matladina matalu okkadu kuda levaledu ikkada..
Just for hate in Modi how much low can go anywhere",hate,0.7036541990686644,0.7036541990686644,0.29634580093133556
635,hate,romanized,Evadra erri puukodu vaadu.. Duplicate gild eskuni show dhenguthunnadu,hate,0.8666055293141777,0.8666055293141777,0.1333944706858223
636,non-hate,romanized,Aallu eellu andaru okkate,hate,0.6515510621078755,0.6515510621078755,0.34844893789212444
637,non-hate,romanized,raShmidi ani chèppi Adi lekapote alugutuMdi strIla paruvutIstunnadi,hate,0.6588456415284799,0.6588456415284799,0.3411543584715201
638,hate,romanized,Leak endhi ra secret aaa dhii,hate,0.8834241338445129,0.8834241338445129,0.11657586615548705
639,non-hate,romanized,Anna  plz pellichesuko sir age 43 plz anna,non-hate,0.947887118462346,0.05211288153765403,0.947887118462346
640,non-hate,romanized,AhA sUpar mr khan hiMdU devatalanu anna vArito kUDA kShamApaNa chèppiMchaMDi appuDe mI nijAyitI ni nammutA.,hate,0.655282330287289,0.655282330287289,0.34471766971271106
641,hate,romanized,Chala worst ga undi,hate,0.7697750540145749,0.7697750540145749,0.2302249459854251
642,hate,romanized,kcr niku baga ekkuva ayidhi anni moukni cm avvu next karre mukku ki cm endhuku ra lanje boss,hate,0.8370232287455084,0.8370232287455084,0.1629767712544916
643,non-hate,romanized,Nu Track medha untey enni sarlu horn kottidhi ???,hate,0.8082230454240129,0.8082230454240129,0.19177695457598712
644,hate,romanized,siggu lekuMDA tirugutunnAru èm Abivuddi cheshArani tirurugutunnAru,hate,0.5835769760246712,0.5835769760246712,0.41642302397532877
645,non-hate,romanized,Miss u sirr.... nijAnni sinimA lo chakkagA chUpiMchAru.... greT lèjèMD,non-hate,0.644409607991247,0.355590392008753,0.644409607991247
646,non-hate,romanized,I pAdayAtra ayipoyina  tarvAta A 80 kaMTèrnarlu asalu uMDaDAniki iLlu lenivAriki ivvaMDi,hate,0.5619529855757037,0.5619529855757037,0.4380470144242963
647,hate,romanized,Mentel gadini tesuku vachi kurcho pettukunnaru enti anker garu,hate,0.8075479137248173,0.8075479137248173,0.19245208627518276
648,hate,romanized,I ammAyi siggu lekuMDA iMkA kAvariMg òkaTi,non-hate,0.5889401488037251,0.41105985119627486,0.5889401488037251
649,hate,romanized,nimATalu kaDupuki anaM tinevADu èvaru namaru jai harSha jai harSha harSha,non-hate,0.5274507047738134,0.4725492952261866,0.5274507047738134
650,hate,romanized,nupur sharama  rape cheshi dengutha,hate,0.7784037010210044,0.7784037010210044,0.2215962989789956
651,non-hate,romanized,Acting super undhi ga bro just story lo dammu ledh,non-hate,0.8175823547356684,0.18241764526433157,0.8175823547356684
652,hate,romanized,anni tèlugu prAMtAla nAyakulu ilAne vunnAru... lophars.... tappu manadi... manaku sigguMDAli ilAMTi nAyakulanu ènnukunnaMduku...tu…,non-hate,0.5216932954313287,0.4783067045686713,0.5216932954313287
653,non-hate,romanized,"Broooooooooooooooo  chala mandiki untai pailsu, neku vachindi movie lo chancesu pola adiri pola , all the best bro",non-hate,0.7764626169382718,0.2235373830617282,0.7764626169382718
654,hate,romanized,me koduku ki eva ra poka,hate,0.9076958156820107,0.9076958156820107,0.09230418431798924
655,hate,romanized,anni ichcheyAlsiMdi bradar òMTi mIda emi lekuMDA sigu lenu edava laga,hate,0.7328328208892361,0.7328328208892361,0.26716717911076393
656,non-hate,romanized,"pAlu, pèrugu, puvvulu kèsiAr phAm haus lo amminav adi aMdariki tèlisina viShayame",hate,0.6596230104730457,0.6596230104730457,0.3403769895269543
657,hate,romanized,Ramu inner peeling : night ki gunta tho dengulata ki set ipoyindi,hate,0.8121966881064064,0.8121966881064064,0.18780331189359353
658,non-hate,romanized,Enti Puri nuvvu entha knowledge gain chestavu.,non-hate,0.6976322164532568,0.3023677835467432,0.6976322164532568
659,hate,romanized,Apara thagubothu abbati,hate,0.7571451053091718,0.7571451053091718,0.24285489469082816
660,non-hate,romanized,roju I sAMg viMTAnu nA riMg Ton ide anna sUpar sAMg,hate,0.555025677469892,0.555025677469892,0.44497432253010805
661,non-hate,romanized,iMta chakkaTi sinimA tIsinaMdu mIku èlA kRRitaj~natalu chèppAlo arthaM kAvaTaM lèdu.. I  classic movie charitra lo nilichipotuMdi,non-hate,0.5058075730979547,0.49419242690204535,0.5058075730979547
662,non-hate,romanized,Samantha script selection lo acting scope roles choose cheskuntundi,non-hate,0.7407544891456703,0.2592455108543297,0.7407544891456703
663,hate,romanized,nuvvu emi pani mIda vachchAvu nuvvu edi matlduthunvu muMdu mlc ni arest chèyyaMDi,hate,0.5873961395879268,0.5873961395879268,0.4126038604120732
664,hate,romanized,Evadentha echaru neeku dabbulu bewerse yadavalraa,hate,0.9177019502903707,0.9177019502903707,0.08229804970962931
665,hate,romanized,"Assaminchani suryudu ma paritala ravanna, champi chindhi nuvu nikodukey, andukey ni maranam uhathitham.",hate,0.8135039399789437,0.8135039399789437,0.1864960600210563
666,non-hate,romanized,òka prajA pratinidhi hodAlo uMDi iMta digajAri mATlADe saMskRRiti I madhya chAlA èkkuvaiMdi,hate,0.5351463100250109,0.5351463100250109,0.4648536899749891
667,non-hate,romanized,Super concept inka music chala bagundhi short film kuda chala bagundhi,non-hate,0.9551690998566081,0.04483090014339186,0.9551690998566081
668,non-hate,romanized,sky kohili valle india semis ki vachindhi,hate,0.5240312726801922,0.5240312726801922,0.47596872731980777
669,non-hate,romanized,vIDu poTIcheste vArDu nèMbar kUDA gèlavaDu vIDu chaMdrabAbu nAyuDu gArini TArgèT pèTTukòni tèlaMgANalo chèMpa dèbbalu tinnADu,hate,0.7561705671123975,0.7561705671123975,0.24382943288760253
670,non-hate,romanized,Nivu kcr tho thov ra chilka,hate,0.7288136807016989,0.7288136807016989,0.2711863192983011
671,non-hate,romanized,Babulake Baabu Super star Mahesh Baabu,non-hate,0.6717583597540927,0.3282416402459073,0.6717583597540927
672,non-hate,romanized,Anna nv thopu neki sati yevaru leru,non-hate,0.530640913931914,0.46935908606808596,0.530640913931914
673,hate,romanized,roja nuvvU A ikalu pikaDaniki tappA deniki panikirAvu,hate,0.8945457831047107,0.8945457831047107,0.10545421689528935
674,non-hate,romanized,BJY chaala manchi concept,non-hate,0.6364963067785807,0.3635036932214193,0.6364963067785807
675,hate,romanized,Idhi language class aa Leda mimicry artist class aa,non-hate,0.5509897527309154,0.44901024726908456,0.5509897527309154
676,non-hate,romanized,Nuvvu king mawa,hate,0.7329272762429763,0.7329272762429763,0.26707272375702373
677,hate,romanized,Arey budder khan nuvvu asalu,hate,0.696129587000963,0.696129587000963,0.303870412999037
678,non-hate,romanized,maheSh bAbu I reMj lo navvaDaM ippaTi varaku ide mòdaTi sAri. Big thanks to Sathi anna.,non-hate,0.5822661757407709,0.4177338242592291,0.5822661757407709
679,hate,romanized,janAlu leru bochchu leru aMtA aMbak,hate,0.6042998624262089,0.6042998624262089,0.3957001375737911
680,hate,romanized,"​vaisIpI, bijepi òkaTe. rèMDu pArTIlu understandig.jagan gAru ikkaDa gaTTigA ariste apojiShan repu DibeT lo sIèM gAru aDagaledu ani aMTAru.aMtaku miMchi emI ledu.",hate,0.8720538158979163,0.8720538158979163,0.12794618410208364
681,hate,romanized,"90ml sIèM, nIku hiMduvulu aMTe èMduku aMta chulakana,",hate,0.6189379862327731,0.6189379862327731,0.3810620137672269
682,hate,romanized,Ila suitcaselu petti mosam cheyatam kanna afrer results vachaka prize money la petti untey best ga endhuko ee mosalu,hate,0.7256690163802777,0.7256690163802777,0.2743309836197223
683,hate,romanized,Ycp Gunda na kodakalara randra chuskundham,hate,0.8218820311583686,0.8218820311583686,0.1781179688416314
684,non-hate,romanized,From recent 3 months iam addicted to your videos anna. Your way of explaining and slang is very nice,non-hate,0.9803359248579541,0.019664075142045934,0.9803359248579541
685,non-hate,romanized,​pavan anna madagudu ra ani cheppa,non-hate,0.5446379152948486,0.4553620847051514,0.5446379152948486
686,non-hate,romanized,nI iMTarvyU anniTilo nAku nachchina iMTarvyU idi òkkaTe anna,non-hate,0.5461904431388761,0.4538095568611239,0.5461904431388761
687,hate,romanized,"AMdhrapradesh kòMDalu, guTTalu kabjA mAphiyA DAn jaggu bhAy",hate,0.7125433339212139,0.7125433339212139,0.28745666607878606
688,hate,romanized,Paniki malina chana,hate,0.8340993776309116,0.8340993776309116,0.16590062236908842
689,non-hate,romanized,I pATa aMTe èMtamaMdiki iShTaM,non-hate,0.5125645716998289,0.48743542830017106,0.5125645716998289
690,hate,romanized,Stage ekkithe chalu sollu,hate,0.7440064757680986,0.7440064757680986,0.25599352423190136
691,hate,romanized,"Starting lo full cover aiye vesedi dresses, rating kosam ippudu Air free",non-hate,0.5789202040526713,0.4210797959473287,0.5789202040526713
692,hate,romanized,memu videos chusthe kani meku annam kuda dorakadhu alantappudu mammilini yedavalu ni chesi anukoku ra nayana sollu apu,hate,0.8455765666243301,0.8455765666243301,0.1544234333756699
693,non-hate,romanized,Porapatuna cinema bagaledu janalu raledu ante paristiti Vijay:Intlo padukovalsinde,hate,0.6342223459336811,0.6342223459336811,0.36577765406631885
694,non-hate,romanized,appuDu rAjakIya èdugudalaku kArakulayina advAnI gArni avamAniMchAru. ippuDu padavIviramaNa chesina koviMd gArini avamAniMchAru. nyAyamA modI gAru.,hate,0.534037940454882,0.534037940454882,0.46596205954511805
695,hate,romanized,chiraMjIvi gAru  iShTaM lenappuDu  Ayanato  èMduku vAys  ovar èMduku cheyuMchukunnAru mI sinimAlo.,hate,0.6504843576516575,0.6504843576516575,0.3495156423483426
696,hate,romanized,dInamma roja ni èvaDikainA chUpiMchaMDi rA,non-hate,0.6110168126393608,0.3889831873606392,0.6110168126393608
697,non-hate,romanized,"meUDi Dres kharIdu 15 lakShalu , okkokka  Drès karidu mari iMta Dabbu èkkaDinuMchi vachchAyamma",hate,0.8119129695407376,0.8119129695407376,0.18808703045926248
698,hate,romanized,Net I pothe google lo ela search chestav ra bevakoof,hate,0.7689886369397859,0.7689886369397859,0.23101136306021405
699,non-hate,romanized,aMbedkar viluva mIku tèlisinaTTugA rijarveShan tIsukunna vyaktulaki tèliyaledu kanIsaM idi chUsina tarvAta ayinA tèlustuMdi,hate,0.7042569799711824,0.7042569799711824,0.29574302002881764
700,hate,romanized,guDivADa prajalu Alochana parulu kAnaMta varaku devuDu kUDA bAgu cheyaleDu veDavalakU padavulu.,hate,0.7304626747393126,0.7304626747393126,0.26953732526068747
701,non-hate,romanized,mIru sUpar meDaM paTTudala uMTe edainA sAdhiMchavachchu ani mIru nirUpiMchAru,hate,0.6041645366388567,0.6041645366388567,0.3958354633611433
702,hate,romanized,idi frankness nI bòMda.... anAgarikaM.... sabhyata saMskAraM leni òka saiko vIDu.... guhallo jIviMchAlsina vADu.,hate,0.5695091443658844,0.5695091443658844,0.43049085563411565
703,non-hate,romanized,prabhutva sòmmu òkka rUpAyi kUDA vènuka  vesukoledaMTe adi APJ abdul kalAm,hate,0.6788937072239621,0.6788937072239621,0.32110629277603786
704,non-hate,romanized,"Dèvil mUvI kUDA Blockbuster nIkiMkA tappadu digvijayaM... naMdamUri 3 sTArs  jai ènTIAr, jai bAlayya, jai rAm...... jai naMdamUri",non-hate,0.5630220556614581,0.43697794433854187,0.5630220556614581
705,non-hate,romanized,Andhariki rajamouli rgv inspiration emo naku meere inspiration.....words can do more than action....mee laga knowledge gain cheyyali sir nenu,non-hate,0.8713002505701464,0.12869974942985363,0.8713002505701464
706,non-hate,romanized,Bagunnavu chai and pallavi,non-hate,0.5969493307674089,0.40305066923259114,0.5969493307674089
707,hate,romanized,karonA vachchi janAlni òka rakaMgA saMputuMTe.,hate,0.6201957187205039,0.6201957187205039,0.37980428127949606
708,hate,romanized,ADu chUsi chUsi rojA pakkana kUrchuMTADeme anukunnA.,non-hate,0.658445206387869,0.34155479361213104,0.658445206387869
709,non-hate,romanized,nuvvu mATlADedi tappu. anna guriMchi èMtainA chèppuko vachchu kAnI mohan bAbu gArini tammuDu ani mATlADaDaM emAtraM karèkT kAdu. vALLa kòDukulu kUDA sIriyas ayite èMta paristiti eMTI.,hate,0.5782553390943939,0.5782553390943939,0.42174466090560614
710,non-hate,romanized,"iMta aMdaMgA èlA aMdi mIru
mIlAne mI svaraM kUDA chAla aMdaMgA uMdi",hate,0.5844551750359553,0.5844551750359553,0.41554482496404466
711,non-hate,romanized,Power star ante movies and acting kadu real star only,non-hate,0.8935694508566421,0.10643054914335792,0.8935694508566421
712,non-hate,romanized,"Inko rendu padithey, aa migatha dula kuda theerpoddi Uday Kiran 2",hate,0.8265714932187924,0.8265714932187924,0.17342850678120753
713,non-hate,romanized,aMtariMchi potunna ArogyAvaMtamaina hAsyAnni taTTi lepina sAtvik....,non-hate,0.5579418017009128,0.4420581982990872,0.5579418017009128
714,non-hate,romanized,iTuvaMTi chAvu rAvAlaMTe èMta puNyaM chesi uMDAlo     mI Atmaku shAMti kalagAlani korukuMTunnAnu,hate,0.6136845761419232,0.6136845761419232,0.3863154238580769
715,non-hate,romanized,bAlayya bAbu abhimAnini I sinimA pèdda iTu kòTTAlani manaspUrtigA korukuMTunnAnu jai bAlayya jai chiraMjIva,non-hate,0.6126386655555637,0.3873613344444363,0.6126386655555637
716,hate,romanized,tweet:enduku kumail najaini  gudda chaal rangaluo vuntadhi kumail: enduku mi amma lipstick vunthadhi,hate,0.7782674568791405,0.7782674568791405,0.22173254312085952
717,non-hate,romanized,nuvvu paDiMdi maMchi gAuMdi bro,non-hate,0.5364332904916146,0.4635667095083854,0.5364332904916146
718,non-hate,romanized,annA chAlA iMprUv ayyAv.... sUpar,non-hate,0.7482410439419261,0.25175895605807386,0.7482410439419261
719,hate,romanized,E roju e liger movie chusa uttar flop movie jeevitham meedha virakthi puttipoyindhi,hate,0.7529393757681551,0.7529393757681551,0.24706062423184494
720,non-hate,romanized,"tana svayaM kRRiShi to kaShTapaDi, tana naTanato prekShakula hRRidayAllo chèragani mudra vesukunna mana mègAsTAr chiraMjIvi",hate,0.695356793975823,0.695356793975823,0.30464320602417705
721,non-hate,romanized,Samantha acting matram ichipadesindhi thrill chestadhi second half fantastic anthe,non-hate,0.7745592937729718,0.22544070622702816,0.7745592937729718
722,non-hate,romanized,Harsha anna ni kalavaali okkasaraina,non-hate,0.7773682880293908,0.22263171197060916,0.7773682880293908
723,non-hate,romanized,Industry lo òkka remark kUDA leni phyAmilI edainA uMdA aMTe adi One And Only Victory Venky Anna Gaari Family Superb Raana Anna,non-hate,0.7691909379154347,0.2308090620845653,0.7691909379154347
724,non-hate,romanized,gorantla madav issues side chyadaniki jenasena ni kelikaru yeppatu lane,hate,0.8187820176367849,0.8187820176367849,0.18121798236321507
725,hate,romanized,Mee Ayya Farmhouse Unte Mee ML Lu Appudaina Mee Ayyani Chusindra Lolly ga,hate,0.6184805256062456,0.6184805256062456,0.38151947439375444
726,hate,romanized,vIDiyo tIsinAnu kòTTAla vInni kòTTAla dAni kiMda vesi kòTTAla,hate,0.5912515262500166,0.5912515262500166,0.4087484737499833
727,hate,romanized,nenu rojU anasUyanu uhiMchu kuMTu kòDutunna,non-hate,0.6342025635783684,0.36579743642163165,0.6342025635783684
728,non-hate,romanized,"""naMbi nArAyaNa"" gAriki jarigina anyAyaM chUstuMTe chAlA bAdha vestuMdi, ""naMbi nArAyaNa"" gAri tyAgAniki mA hRRidayapUrvaka ""pAdAbhi vaMdanAlu""",hate,0.51216715200974,0.51216715200974,0.48783284799026005
729,non-hate,romanized,nijaMgA I lav sTorI eMdi bhai  shInanna eDiche sIn sUpar,hate,0.5583564040228017,0.5583564040228017,0.4416435959771982
730,non-hate,romanized,Super tammudu,non-hate,0.8547725366274855,0.14522746337251446,0.8547725366274855
731,hate,romanized,owasi bro's nupur raja singh ni pakistan ledha andaman ko tarmidengali #the people who  divide india,hate,0.6535493887850705,0.6535493887850705,0.3464506112149295
732,non-hate,romanized,iMdulo òkka nijaM uMdi... laiph sAphIgA jarigevALLu bayaTa pADAru.. èMduku aMTe vALlaki avakAshAlu unnAyi kAbaTTi..,hate,0.6137087148259187,0.6137087148259187,0.3862912851740813
733,non-hate,romanized,polIs vevasthalo mIlAMTi SP lu uMTe polIs lapai  gauravaM pèrugutuMdi sAr...mIlAMTi SP mA tèlaMgANA lo kUDA rAvAli sAr,non-hate,0.5480877348127634,0.4519122651872366,0.5480877348127634
734,non-hate,romanized,mIru A sthAyilo uMDi kUDA mI snehituni parichayaM cheyaDaM AnaMdakaraM,non-hate,0.5825232080796386,0.41747679192036136,0.5825232080796386
735,non-hate,romanized,Alaanti goppollaki ilaanti goppolle pudatharu..,non-hate,0.505251768900648,0.49474823109935195,0.505251768900648
736,non-hate,romanized,bAgunnAru talli kòDukulu sTorI,hate,0.6289981832156988,0.6289981832156988,0.3710018167843013
737,hate,romanized,"drohaM chesiMdi,nijaMgA epI usuru bIjepIki,moDIki tagulutuMdi.",hate,0.7912735422253632,0.7912735422253632,0.20872645777463678
738,non-hate,romanized,chAlA yUTyUb chAnallalo mIru chèppina garikapATi vAri abhiprAyaM prachAramautunnadi. vATi kiMda kAmèMTulanu sinimA raMgaM vAru chadivite prajAbhiprAyaM tèlustoMdi. emainA anukoni anukuMTe òkanADu vAri bhAryApillalapai ade prabhAvaM paDavachchu. chivaragA budhdhi chèbutuMdi…,hate,0.5446890577157836,0.5446890577157836,0.4553109422842164
739,non-hate,romanized,tèlugu rAShTrAlaki maMchi maMchi nAyakulu dòrikAru sinimAlu vèLlanavasaraM ledu vALLe sinimA chUpistAru maMchi kAlakShepaM,non-hate,0.5343294674102932,0.4656705325897068,0.5343294674102932
740,hate,romanized,Power Lo undi evaru ra vedava,hate,0.685487652286594,0.685487652286594,0.314512347713406
741,hate,romanized,Waste gaadu ali,hate,0.721586885807513,0.721586885807513,0.27841311419248704
742,hate,romanized,​pawalagadi gorrelaki avesam thappa alochana ledhu,hate,0.8860238250932504,0.8860238250932504,0.11397617490674959
743,hate,romanized,Mundhu RTC Buses lo students entha ibbandhi padivelthunnaru chudandii valla hanging conditions you have to notice everything,hate,0.5699420041201657,0.5699420041201657,0.4300579958798343
744,non-hate,romanized,harSha..! nI manasulage... nI rUpaM kUDA aMdaMgA uMdi......,hate,0.5771707748902836,0.5771707748902836,0.42282922510971643
745,hate,romanized,Pila nibha star vijgay overkonda guddakonda,hate,0.8626256916115225,0.8626256916115225,0.13737430838847758
746,non-hate,romanized,Ede poindi kaadu manaki,hate,0.7375544507440039,0.7375544507440039,0.262445549255996
747,hate,romanized,Apu rA DrAmA rAvu anni sòllu kaburlu,hate,0.7866077288854196,0.7866077288854196,0.2133922711145804
748,non-hate,romanized,chAlA bAgA chèppAru anna.. mòdaTi udAharaNa vuMdi adi mAtraM.... mAmUlugA ledu... sUpar asalu,hate,0.703902505560325,0.703902505560325,0.29609749443967504
749,hate,romanized,Hero lu remuneration taggisthe dil raju rates penchi collections motham mingesthadanta….funny fellow,hate,0.6346588571596614,0.6346588571596614,0.3653411428403386
750,hate,romanized,​Ap state nu sarwa nasanam chesaru,non-hate,0.5058758667277462,0.4941241332722538,0.5058758667277462
751,non-hate,romanized,Logically what u said is exactly right.. Appreciated the way you explained the concepts of government and other way of ruling.. Good.. Keep it up dear..,non-hate,0.9439908081691891,0.05600919183081088,0.9439908081691891
752,non-hate,romanized,"raitu baMd valla èvarikI lAbhaMrA  nAyana, èvarikI ekuvA bhUmi uMTe vADike ekuva lAbhaM, nuvvu nI brokar  jarnalijaM",hate,0.535287262570614,0.535287262570614,0.46471273742938596
753,hate,romanized,Arey drama rao apura Ne sollu,hate,0.6265293243922845,0.6265293243922845,0.37347067560771546
754,hate,romanized,veNu svAmI mI mATalu annI abaddaM.,hate,0.5052322020608546,0.5052322020608546,0.4947677979391453
755,non-hate,romanized,eM adRRiShTaM svAmi anna ne phon touch chesiMdi.. lakkI,hate,0.5941976502260129,0.5941976502260129,0.40580234977398705
756,non-hate,romanized,chiruta looks adhurs,hate,0.7320384359539487,0.7320384359539487,0.26796156404605126
757,hate,romanized,Madhi sommu ea kadha vochesthadhi,hate,0.7062358494635321,0.7062358494635321,0.2937641505364678
758,non-hate,romanized,anil kumAr gAridi tappaledu kAnI ilAMTi samasyalu kUDA  rAShTraMlo unnAyi ani bAgA tèliyajesAru.,hate,0.5272395635946157,0.5272395635946157,0.4727604364053843
759,hate,romanized,Sorry to say but chinna events ki velthe ilaney jarugutundi..,non-hate,0.5662754342167657,0.43372456578323426,0.5662754342167657
760,hate,romanized,tèlivaina mUrkhuDu... RGV,hate,0.7051799133663201,0.7051799133663201,0.29482008663367987
761,hate,romanized,"rojA AMTI ki bAgA tèlusu jalaga mòna rèDDi ki vèMTrukalu èkkaDa, èkkaDa unnAyo",hate,0.8340639074609639,0.8340639074609639,0.1659360925390361
762,hate,romanized,karan johar asla modda levadu anta andukey ammaila mataladuthaane vunatru,hate,0.9094109835353509,0.9094109835353509,0.09058901646464913
763,non-hate,romanized,​yuddham vadhu please for lokham lo shanthi vunchadhi,non-hate,0.5545434998982111,0.44545650010178894,0.5545434998982111
764,non-hate,romanized,Niku cheppada kohili one day adanu ani,hate,0.7720953340175496,0.7720953340175496,0.2279046659824504
765,non-hate,romanized,KCR ni chusi Vallabhai patel anukunnademo.,hate,0.5034490013269535,0.5034490013269535,0.4965509986730466
766,non-hate,romanized,great raa baabu movies loki  vellipoyava ra baabu,hate,0.7142188966992619,0.7142188966992619,0.28578110330073814
767,non-hate,romanized,Telugu tamil industry la ki break dance nerpindhe prabhudeva..meru evergreen dancer sir,non-hate,0.6918995796041721,0.30810042039582786,0.6918995796041721
768,hate,romanized,Pora kukka,hate,0.8425924349824925,0.8425924349824925,0.15740756501750752
769,hate,romanized,Nvvu first e channel dheni kosam pettinav kcr kosama peoples ki emaina prayojanam vundhara entha sepu kcr sanka nakuthunnav,hate,0.5655352502024109,0.5655352502024109,0.4344647497975891
770,hate,romanized,narottam mishra peddha langa ram setu movie ban cheyamantaru deniki movie peru lo ram vundhi ani,hate,0.6662125383168405,0.6662125383168405,0.33378746168315954
771,non-hate,romanized,hammayya.. ippaTiki òka maMchi vIDiyo cheshAvu talli,hate,0.5817435565637307,0.5817435565637307,0.41825644343626933
772,hate,romanized,ilAMTivi chestene mIku 2019 lo bòkka paDiMdi.,hate,0.6050292281147007,0.6050292281147007,0.39497077188529933
773,non-hate,romanized,Ram entra babu intha andamga undau super,non-hate,0.8115085752722053,0.18849142472779468,0.8115085752722053
774,non-hate,romanized,kaMTlo durada pèTTiMdi kAbaTTi saripoyiMdi,hate,0.573759109342872,0.573759109342872,0.426240890657128
775,hate,romanized,ekkaDaki poyaMDi I mahiLA kamiShan,hate,0.6041188259457007,0.6041188259457007,0.3958811740542993
776,non-hate,romanized,nuvvu kAdayyA hIro nI yanakAla uMdi chUDu puli sonu sUd sAr,hate,0.5931135745672227,0.5931135745672227,0.4068864254327773
777,hate,romanized,jagan gabbu gadu cbn pettina manchi padakalu ni tolagichi auto valla ki 10000rs esthunnaru,hate,0.7992937877926355,0.7992937877926355,0.2007062122073645
778,hate,romanized,Desaani dochokotaaniki eeyanaki emi takkuvayindita,hate,0.6560015292292757,0.6560015292292757,0.3439984707707243
779,hate,romanized,​a bayam unte villu paripala tinnaga cheste sari ponu,hate,0.617474977951377,0.617474977951377,0.38252502204862304
780,hate,romanized,Telugu industry na modda kudavandi ra,hate,0.8264807611346148,0.8264807611346148,0.17351923886538517
781,non-hate,romanized,Sister...Nelanti vaallu thaluchukuntey condecterley kaadhu collectorlu avthaaru...kalaakarulavtharu....neku suport chestunna ne family ki..A P S R T C ki ne tharupuna Thanks cheptunna,hate,0.5315922931326501,0.5315922931326501,0.4684077068673499
782,non-hate,romanized,Nenu aite Jabardast show chudadam manesanu TV 5 ABN channels lo debates vchinaka,non-hate,0.521538388093122,0.47846161190687797,0.521538388093122
783,non-hate,romanized,Mahesh smile ...pure soul,non-hate,0.7498315146835975,0.25016848531640246,0.7498315146835975
784,non-hate,romanized,Madam meeru good questions aduguthunnaru,non-hate,0.6298378839948652,0.3701621160051348,0.6298378839948652
785,hate,romanized,𝙋𝙪𝙠𝙪 𝙙𝙖𝙣𝙜𝙞𝙩𝙝𝙝𝙖,hate,0.8909491410155869,0.8909491410155869,0.10905085898441313
786,non-hate,romanized,mIru mAku dUraM avvaDaM mA duradRRiShTaM,hate,0.6802023162950762,0.6802023162950762,0.3197976837049238
787,hate,romanized,Amma pai joke enty raaa..... Avulagallraa,hate,0.6973604776830673,0.6973604776830673,0.30263952231693275
788,non-hate,romanized,tAnu iMtaku muMde chèppADu nenu ilA videos cheyaDAniki kAraNaM aMdarU inspire avvAli ani,non-hate,0.5361569679293756,0.4638430320706244,0.5361569679293756
789,hate,romanized,Chi yentra makikarma,hate,0.8626176591407511,0.8626176591407511,0.13738234085924889
790,non-hate,romanized,tammuDu nuvvu sUpar nijAnni IlAge nirbayaMgA chèppu èvvaniki bhayapaDaku,hate,0.6060414778606973,0.6060414778606973,0.39395852213930266
791,non-hate,romanized,"RK gAru mIku, mI TIM ki danyavAdAlu, suti mèttagA prashnalu varNiMchAru  ahaMkAriki ...ahaMkAraM kAsta tagginaTlu anipistòMdi",hate,0.519176876395891,0.519176876395891,0.480823123604109
792,hate,romanized,Mundhu veeni interview chesthunna channel vallani thannali,hate,0.6364111575199439,0.6364111575199439,0.3635888424800561
793,non-hate,romanized,greT parphAmèns sis kriMdi Tails slip avutunna balans chesukòni pèrphèkT gA DAns vesAv sUpar,hate,0.7263441665895558,0.7263441665895558,0.27365583341044425
794,hate,romanized,erri puk moody valla srh playoffs ki pole,hate,0.7447007047739114,0.7447007047739114,0.2552992952260886
795,non-hate,romanized,tvaralone pavan kaLyAN gAru mukhyamaMtri kAbotunnAru,non-hate,0.5452093631705508,0.4547906368294492,0.5452093631705508
796,non-hate,romanized,Best lIDar and best polIs.pravIN kumAr sar,non-hate,0.6906514253585667,0.3093485746414333,0.6906514253585667
797,non-hate,romanized,Comments chadivi masthu enjoy chesthunna nenaithe,hate,0.7662617795692643,0.7662617795692643,0.23373822043073572
798,non-hate,romanized,A vaiT Drès lo chUstuMTe vijayavADa pèddapuli vaMgavITi mohan raMgA nu chUsinaTTuMdi anna,non-hate,0.5641811354077932,0.43581886459220676,0.5641811354077932
799,hate,romanized,Ttr dongal trs pata leaders,hate,0.5594661719232901,0.5594661719232901,0.4405338280767099
0,non-hate,telugu_script,స్త్రీలను వీధిలోకి లగకంది పవన్ గారు చూస్తే ఆయనకి పార్టీ కి చెడ్డ పేరు వస్తుంది,non-hate,0.5605428634296303,0.43945713657036967,0.5605428634296303
1,hate,telugu_script,Gుధ పగుల్దేగలే,hate,0.8882148036509755,0.8882148036509755,0.1117851963490245
2,non-hate,telugu_script,ణిజన్గ ilanti extraordinary persons ఉన్తరు,non-hate,0.5143735328173524,0.48562646718264757,0.5143735328173524
3,non-hate,telugu_script,నాకు ఇంటర్నెట్ మొబైల్ డేటా లేదు అండి ఇందులోనుంచి డబ్బులు వస్తే ఏపించుకుందాం అని చూస్తున్న... మాములుగా లేదు అనుదీప్ గారి పంచెస్,non-hate,0.8391972618338489,0.1608027381661511,0.8391972618338489
4,non-hate,telugu_script,AP కి మన్చి రోజులు వస్థున్ధి,hate,0.7303763968073207,0.7303763968073207,0.2696236031926793
5,non-hate,telugu_script,ఆయిథే life politician కవలి ర Babu.,hate,0.8275956441983603,0.8275956441983603,0.17240435580163968
6,hate,telugu_script,KTR:Nannu ఏర్రి puk చేశవు gah కధర రేవన్థ్,non-hate,0.5797941243984932,0.4202058756015068,0.5797941243984932
7,non-hate,telugu_script,Youtube vedios కోన్ని follow అయ్యేధన్ని థర్వథ BB house లో కోన్చమ్ నేగితివే fీల్ ayya ippudu చుస్తున్తే బధ అనిపిస్తున్ధి very good dancer ఆల్ల్ the Best for your future షన్ముఖ్ 💐,non-hate,0.7288656723470415,0.27113432765295853,0.7288656723470415
8,hate,telugu_script,ఱేచర్గే ఐపోథేయ్ data ఏల వస్తధి ర ఏర్రి puka,hate,0.6626918679405882,0.6626918679405882,0.33730813205941185
9,hate,telugu_script,vadu దోన్గ నూవ్ యదవ,hate,0.8105157122951939,0.8105157122951939,0.18948428770480608
10,non-hate,telugu_script,సంస్కారవంతమైన కుటుంబం,non-hate,0.827262652132552,0.172737347867448,0.827262652132552
11,non-hate,telugu_script,ప్రజా సమస్యల పరిష్కారంపై దృష్టి పెట్టండి,non-hate,0.8461775297214619,0.15382247027853813,0.8461775297214619
12,hate,telugu_script,Waste gadu Natraj is very bad behaviour,non-hate,0.5251800117290105,0.4748199882709895,0.5251800117290105
13,hate,telugu_script,Kనిసమ్ okka విచ్కేత్ కూద తీయలేదు waste గలు,hate,0.8956956909536689,0.8956956909536689,0.10430430904633113
14,hate,telugu_script,"Amit షవ్ కి slippers వేస్థు bathukuthunnadu, తేలుగు వారి గోవ్రవాన్ని gujarat గదిధల ధగ్గర థాకత్తు pettesthunnadu..",hate,0.8916276373850567,0.8916276373850567,0.10837236261494336
15,hate,telugu_script,jihah ఖన్ sucide కి కరనమ్ సూరజ్ అల్తన్చ్ది సుల్లి భై mafia support f్రీ వరే అమ్మైల్థో దేన్గిథునరు,hate,0.7725050033950251,0.7725050033950251,0.22749499660497483
16,non-hate,telugu_script,"Police వల్లు చేప్పిన్ది అన్థ nijamena, పూర్థి enquiry అయిన థరవథ నువ్వు వల్లను criminals ఆని చేప్పు brother.",hate,0.8022296675133969,0.8022296675133969,0.19777033248660314
17,non-hate,telugu_script,ప్రతి సీన్... ప్రతీ షాట్....మతి పోతుంది లోపల awesome,non-hate,0.9404057016220811,0.05959429837791885,0.9404057016220811
18,non-hate,telugu_script,Janabha.peregutunaru.vupadhe.udhyogalu.karuve.vundhe.,hate,0.7482112258021208,0.7482112258021208,0.25178877419787915
19,non-hate,telugu_script,మళ్ళీ మళ్ళీ రిపీట్ చేస్తూ చూస్తున్న వాళ్లు ఎంతమంది ఉన్నారు...️,non-hate,0.5826690221911275,0.4173309778088725,0.5826690221911275
20,non-hate,telugu_script,ఏన్థ cute చోఉప్లే abbaa..!!,hate,0.5168519494059611,0.5168519494059611,0.4831480505940389
21,non-hate,telugu_script,ఆల్లు Arjun cinema కి ప్రనమ్ esatadu,non-hate,0.5786378423572442,0.42136215764275575,0.5786378423572442
22,hate,telugu_script,తెలివిగలవాళ్లని అనుకుంటాంగానీ కాదు అదృష్టం ఏమూలో ఏడుస్తుంది ఇట్లాంటి  వాళ్ళకి. జనాలతో తిట్టించుకుంటే కాని నిద్ర పట్టదు,hate,0.5858054804382069,0.5858054804382069,0.41419451956179304
23,non-hate,telugu_script,కడిగేయండి మీరు సమాజాన్ని!  నాకు బాధగానే ఉంది గురువుగారు.,non-hate,0.8635802865644169,0.13641971343558312,0.8635802865644169
24,non-hate,telugu_script,"God bless your relation madam, జై సుధీర్ అన్న",non-hate,0.9234670338518194,0.07653296614818061,0.9234670338518194
25,hate,telugu_script,Ammai ని పత్తుకోని కవలిస్సిన్ధి konuko అని anta vurukuntunda,hate,0.7477825765526929,0.7477825765526929,0.2522174234473071
26,non-hate,telugu_script,"శుక్రవారం శుక్రవారం స్టేషన్ కి వచ్చి సంతకం
పెట్టు",hate,0.5485072466462675,0.5485072466462675,0.4514927533537325
27,non-hate,telugu_script,ఎందరో  మహాను బావులు  వుంటారు వాళ్లు ఊరికెనే ఉండరు,hate,0.6444763991361542,0.6444763991361542,0.3555236008638459
28,hate,telugu_script,Nuv అన్నన్థ మథ్రన ఃఅర్శ Sai మిధ అబిమనమ్ థగ్గదు ర,hate,0.6178292855721528,0.6178292855721528,0.3821707144278473
29,non-hate,telugu_script,నీతి నిజాయితీ లకు మారు పేరుగా నిలిచిన వ్యక్తి ఆళ్ళ రామకృష్ణారెడ్డి. అమరావతి రైతులకోసం నిజమైన పోరాటం చేసిన వ్యక్తి. ఆయన పదికాలాలపాటు చల్లగా ఉండాలి.,non-hate,0.9671812526026262,0.03281874739737378,0.9671812526026262
30,hate,telugu_script,వచ్చిందయ్యా మహా పతివ్రత.... అనసూయ అంటేనే నిలువెల్లా బూతు..... ఈమె చెబుతుంది నీతులు... తూ..... సిగ్గుమాలిన జన్మ,non-hate,0.5415299809736593,0.45847001902634066,0.5415299809736593
31,hate,telugu_script,Vedoka pulkagadu వినికన్న Pరకశ్ Raj బేత్తేర్,hate,0.6428783700003198,0.6428783700003198,0.3571216299996802
32,hate,telugu_script,ణ మోద్ద ల expressions,hate,0.6542068185948233,0.6542068185948233,0.3457931814051766
33,hate,telugu_script,Arey ని బోన్ధ ర చేథ న kodaka,non-hate,0.591876924437837,0.408123075562163,0.591876924437837
34,hate,telugu_script,Vఏదికి Gుద్ద బగ balisindi anukunta..Balayya babu మీద jokes ఏన్దుకుర ep,hate,0.6787652614468129,0.6787652614468129,0.32123473855318707
35,hate,telugu_script,Vఈలు vedi over action,hate,0.8002415740316975,0.8002415740316975,0.19975842596830257
36,non-hate,telugu_script,ఏముంది పదవికోసం గుధ్ధ కూడా నాకేస్తారు ఈ రాజకీయ రాబందులు,hate,0.7402991863354105,0.7402991863354105,0.25970081366458947
37,hate,telugu_script,Yదవ Vఏశలు తగిన్చుకున్తే Baguntadi,hate,0.7349688395343841,0.7349688395343841,0.2650311604656159
38,non-hate,telugu_script,ప్రతిపక్షాలు సామాన్యుడిని ఎదగనివ్వరు పేద ప్రజలకి ఇల్లులు కడుతుంటే ఇప్పుడు వాళ్లు వచ్చి ఎలా కడుతున్నారు చూస్తారట ంగా ఉంది అతని నుంచి పేద ప్రజలకి ఇళ్ల పట్టాలు పంపిణీ చేయడానికి వీలు లేదంటూ ఆయన స్టేజెస్ కూర్చున్నాడు అంటే ఇతను కంపు చేయడానికి ప్రయత్నించేస్తున్నాడు జగనన్న లబ్ధిదారులు ఇటువంటివి జరిగినప్పుడు బయటకు వచ్చి మీ తాలూకా మనసులో ఉండే మాటను వాళ్లకి తెలియపరచండి,hate,0.6310965179213768,0.6310965179213768,0.36890348207862317
39,hate,telugu_script,Oరే ని వేశలు api పని చుస్కో,hate,0.8155270151959094,0.8155270151959094,0.18447298480409058
40,hate,telugu_script,priyanka arul mohan గుద్ద చాల sexy వున్తధి దని పన్గ చచి దేన్గలి,hate,0.6162120822914594,0.6162120822914594,0.38378791770854065
41,non-hate,telugu_script,Devudimida జోకులు వేసిన అవమనిచిన చల nasta పోతరు vinayakudito పేత్తుకోకుద power fుల్ల్ god,hate,0.7371583270752302,0.7371583270752302,0.26284167292476973
42,hate,telugu_script,ణువ్వో మోద్దగనివి అన్ధుకే ఆపేస్నవ్,hate,0.8019620527248877,0.8019620527248877,0.19803794727511229
43,hate,telugu_script,amarica అన్దథో మదమ్ పేరిగి kotukuntundi ఉరికినే,hate,0.6197699216353709,0.6197699216353709,0.380230078364629
44,non-hate,telugu_script,చాలా మంచి మూవీ అన్న ...మీరు రియాక్ట్ అవుతావ్ అనుకున్న అన్న ..నువ్వు సూపర్ లాయర్ అన్న,non-hate,0.9540684303253041,0.045931569674695916,0.9540684303253041
45,hate,telugu_script,Idi RTC Conducter ha leka Inka bustand లో ఏమైన చేసిన్ద,hate,0.7825319464960256,0.7825319464960256,0.21746805350397433
46,hate,telugu_script,K్రిత్తిక Gరు Vఅదినే ఛేపు థో Kోథన్ది ళివే Lo....,hate,0.8015143698534648,0.8015143698534648,0.19848563014653525
47,hate,telugu_script,ఇంక ఆపుర నాయనా... అక్కడ చూయించు...,hate,0.5658540356746111,0.5658540356746111,0.43414596432538893
48,non-hate,telugu_script,మీ ఫ్యామిలీ లో నాకు నచ్చింది నువ్వు అన్న.. కరెక్ట్ గా మాట్లాడుతావ్..,non-hate,0.821812159780745,0.17818784021925504,0.821812159780745
49,hate,telugu_script,Suma గరు కోన్చమ్ థగిచుకో,hate,0.8448423189580343,0.8448423189580343,0.15515768104196564
50,hate,telugu_script,Orey అధిగ గుద్ధ mue,hate,0.6703474957068647,0.6703474957068647,0.32965250429313536
51,hate,telugu_script,"Orey  jaffa bul bul,go and బుf్fలో ముద్దిలో paduko",hate,0.6272169728291402,0.6272169728291402,0.37278302717085976
52,non-hate,telugu_script,ఃఅను రఘవపుది లోవే story ante super ఇమ్మేర్సివే గ untadi,hate,0.6268152265483018,0.6268152265483018,0.3731847734516982
53,hate,telugu_script,చిల్లర్ party లు ఆన్నే ఓక్కత్య్న modi ji ని next pm modi ji యోగి baba ని,non-hate,0.6644749861144371,0.3355250138855629,0.6644749861144371
54,non-hate,telugu_script,Jayamu jayamu చన్ద్రన్న jayamu నీకు చన్ద్రన్న,non-hate,0.7584880938661778,0.24151190613382223,0.7584880938661778
55,hate,telugu_script,ఆఅకు పూకు థేలియన్ధి kuda జుద్గే ఐపోఇన్ధి,hate,0.8177246225288718,0.8177246225288718,0.1822753774711282
56,hate,telugu_script,ష్ఃOEష్  ఆమిథ్శ modi kinda Oఓదిగమ్ chey..,hate,0.5491811113128604,0.5491811113128604,0.45081888868713965
57,non-hate,telugu_script,​raani ప్రమదమ్ రాని నో problem.. next tym bjp కి vote వేయన్ది తేలన్గన ప్రజలర,hate,0.7905366381084281,0.7905366381084281,0.20946336189157186
58,non-hate,telugu_script,Eఏ madya కాలమ్లో వోచిన films లో నాకు ఇధి బాగ నచిన్ది,non-hate,0.5208404224166586,0.4791595775833414,0.5208404224166586
59,hate,telugu_script,"Evidence ఉన్న మ్ల కోదుకుని అర్రేస్త్ cheyaledhu, police లు కి dammu లేధు",hate,0.8580641567047278,0.8580641567047278,0.14193584329527226
60,hate,telugu_script,Vఈదు ఆది గాదు మారదు వీదికి స్తగే చ్లేఅనిన్గ్ పని ఇవ్వన్ది,hate,0.7297267864103493,0.7297267864103493,0.27027321358965073
61,non-hate,telugu_script,E movie Gురిన్చి okkadu నేగతివే గ మత్లదిన వాదు తేర్రోరిస్త్ ayyi undali..,hate,0.6908255541963706,0.6908255541963706,0.30917444580362935
62,non-hate,telugu_script,Kాస్త అమ్మ నన్న పైన ప్రేమ కలిగి వున్దన్ది బ్రో,hate,0.6653167712292058,0.6653167712292058,0.33468322877079415
63,hate,telugu_script,Kులాఅ పేఛే fూగ ఉన్దేఅనన,hate,0.789199975924223,0.789199975924223,0.210800024075777
64,hate,telugu_script,Are Babu నికు ఏన్దుకుర,hate,0.6490862528833803,0.6490862528833803,0.35091374711661966
65,non-hate,telugu_script,"ఈన్తకి Rahul evadabba, sir indirect గ ఛోన్గ్రేస్స్ Rahul Gన్ధి కి hint istunda కల్సిపోదమని",hate,0.5531043590703733,0.5531043590703733,0.4468956409296268
66,non-hate,telugu_script,"ఠిస్ శోఉల్ద్ be  a good lesson for youngsters.  Moral is "" జీవితం లో గెలుపుకి బందు మిత్రులు ఎక్క్కువ, కాని ఓటమి ఎప్పుడు అనాదే""",non-hate,0.6877234192053776,0.3122765807946224,0.6877234192053776
67,non-hate,telugu_script,Vఅద్దు Bఅన్గరమ్ నువ్వు happy గ వున్దలి,hate,0.7778483273273269,0.7778483273273269,0.22215167267267313
68,non-hate,telugu_script,"kani, ఏక్కువ చేస్తే alasata, weakness, body peragaka povadam, తీనగే లో tarvata kuda face పైన గద్దలు pimples రవదమ్ nijam...better కీప్ it two-three times a week..get busy and focus on your studies and చరీర్ guys.",hate,0.6227879962390359,0.6227879962390359,0.37721200376096414
69,hate,telugu_script,ఛేమ్ప పగిల్ద్దేమో,hate,0.9189249933829348,0.9189249933829348,0.08107500661706522
70,non-hate,telugu_script,వాడి అసలు రూపం అదే  ఎవరిని ఎప్పుడు వాడుకుని వదిలేయాలో వాడి కంటే ఏ రాజకీయ నాయకుడికి తెలియదు,non-hate,0.621785688123452,0.37821431187654797,0.621785688123452
71,non-hate,telugu_script,మీ ఇద్దరి వల్ల తెలంగాణ జనాలకి ఏమన్న ఉపయోగం ఉందా చెప్పు,non-hate,0.7921670099644647,0.20783299003553535,0.7921670099644647
72,hate,telugu_script,అస్ల murmu president ఏల అయిన్ధి india పర్వు పోయిన్ధి ని కర్ర మోఖమ్ ఏస్కోని,hate,0.6434829880090154,0.6434829880090154,0.3565170119909847
73,non-hate,telugu_script,Etuvanti interviews కధా మనకి కవల్సినవి,non-hate,0.5447805561085459,0.4552194438914541,0.5447805561085459
74,non-hate,telugu_script,శర్మ గారు చెప్పిన ది నిజమా అబద్దమా అని చెప్పే ధైర్యం వీళ్లకు లేదు,non-hate,0.8544863580437942,0.14551364195620575,0.8544863580437942
75,non-hate,telugu_script,నని అన్న మేరు great,non-hate,0.5269726212071002,0.4730273787928998,0.5269726212071002
76,non-hate,telugu_script,నువ్వు తెరాస పార్టీ ..ఉంపుడు గత్తేనె కదా రా నువ్వు,hate,0.7851127658592214,0.7851127658592214,0.2148872341407786
77,hate,telugu_script,మేడం కు ఉక్క పోస్తునట్టుంది సంకలో బాడీ వేసుకుంది,hate,0.7801145322845888,0.7801145322845888,0.21988546771541115
78,hate,telugu_script,ప్రపంచంలో అతిపెద్ద అవినీతి పార్టీ టిఅర్ యస్ కెసిఆర్,non-hate,0.8191502766635862,0.1808497233364138,0.8191502766635862
79,non-hate,telugu_script,ఇలాంటి సెలబ్రిటీలు ఇలా షోష్ కు రావాలి sir,non-hate,0.7891536673471696,0.21084633265283037,0.7891536673471696
80,non-hate,telugu_script,"Arey Babu Memu చిన్నప్పతి నున్చి చిరు fans, pls don't hurt us, first చిరు next ఏవరిన మాకు",non-hate,0.8152424692275723,0.18475753077242774,0.8152424692275723
81,non-hate,telugu_script,"ఏఈ యేవుద్ర veedu, అన్దన్గ vunnav antunnadu, akka antunnadu",hate,0.8092342008715201,0.8092342008715201,0.19076579912847985
82,non-hate,telugu_script,arey శన్కర్ గ న్వ్వు kcr sanka నకకు ర,hate,0.5081214648659896,0.5081214648659896,0.49187853513401036
83,non-hate,telugu_script,ఎవడి స్టైల్ వాడిది... దేవరకొండ స్టైల్ దేవరకొండ ది అంతే ఇంట్లో తప్పేముంది... వినిపిస్తుంది చెప్పనా.,non-hate,0.6477300520043588,0.35226994799564115,0.6477300520043588
84,non-hate,telugu_script,పవన్ కళ్యాణ్ గారు   తమ్ముడు.... మోహన్ బాబు అనే సరికి  అన్నయ్య చిరంజీవి గారు చిన్నపిల్లోడిలా నవ్వుతుంటే ఎంత ఎంత అందగా ఉన్నాడో అన్నయ్య,non-hate,0.8656162832258439,0.13438371677415606,0.8656162832258439
85,hate,telugu_script,Vఈదు అమ్ pikaledu అని telusu,hate,0.8578094544707124,0.8578094544707124,0.14219054552928756
86,non-hate,telugu_script,"ణేను vunnanu,nenu vinnanu,nenu chusanu.... అల్ల్ are ఏలిగిబ్లే for the Oscar level performance",non-hate,0.5681597862192819,0.43184021378071813,0.5681597862192819
87,non-hate,telugu_script,పోన్లే పాపం కష్టపడ్డదానికి కొంచెం అయిన ప్రతిఫలం దక్కింది …. కళ్ళు నెత్తికెక్కించుకోకుండా ఒదిగి ఉంటే మంచి Future ఉండొచ్చు,non-hate,0.5971551479701392,0.40284485202986076,0.5971551479701392
88,hate,telugu_script,rgv gadu చనిపోవలి vadi చేత్తబన్ది అయిన చేస్థ,hate,0.7882522864983056,0.7882522864983056,0.21174771350169438
89,non-hate,telugu_script,Pఅపమ్ భయ్య babi కి పోత్త అబ్బమ్ గ వున్ధి,hate,0.6949129927157774,0.6949129927157774,0.30508700728422256
90,hate,telugu_script,ఛల ఇబన్ది పేత్తవు అన్న ణువ్వు మా ఛిరు గరిని,hate,0.8037060767804565,0.8037060767804565,0.19629392321954353
91,non-hate,telugu_script,సూపర్ rk గారు చాలా మంచి ప్రోగ్రాం,non-hate,0.9933877201579858,0.006612279842014179,0.9933877201579858
92,non-hate,telugu_script,భారత దేశంలో పాలన చేతకాని సీఎం పాలన చేత కాక వేరే వాళ్ళని విమర్శించే ఏకైక సీఎం మన బతాల పోషెటి,non-hate,0.601451487212559,0.39854851278744097,0.601451487212559
93,non-hate,telugu_script,e రశ్త్రనికి జరిగే ప్రథి అన్యయమ్ గురిన్చి నిస్వర్ధన్గ matlade ekaika vyakti మీరే సార్,non-hate,0.6475598094890934,0.3524401905109066,0.6475598094890934
94,hate,telugu_script,ananaya panadey వి nimma దబ్బలు lanti పయలు,hate,0.729265798514837,0.729265798514837,0.27073420148516303
95,hate,telugu_script,చేథ ర babu  NTV,non-hate,0.7615317072355379,0.23846829276446213,0.7615317072355379
96,hate,telugu_script,Hi ర T.R.S. kukka…,non-hate,0.6374524017825811,0.3625475982174189,0.6374524017825811
97,hate,telugu_script,Fans కి respect ఈవ్వ్స్లిర arye న్తిర,non-hate,0.693823167732575,0.306176832267425,0.693823167732575
98,non-hate,telugu_script,"first ఆ ammai family కి security ivvandi.., నిఘ్త్ నిఘ్త్ ఏమైన jaragochu...",non-hate,0.5779540136142166,0.4220459863857834,0.5779540136142166
99,non-hate,telugu_script,మీలాంటి వారు వుంటే ఆడపిల్లలకు చాలా ధర్మం జరుగుతుంది సార్,non-hate,0.582937512191298,0.41706248780870203,0.582937512191298
100,hate,telugu_script,ఆయన్ని ఓకసరి కోదిథేయ్ మీరు లక్శ సర్లు చుపిస్థున్నరు ఏమ్కవలి మీకు,hate,0.7127217113393962,0.7127217113393962,0.2872782886606038
101,non-hate,telugu_script,ఠన్క్ you ఱ్ఱ్ఱ్ TDP కి బ్రత్కిన్చదములో mi క్రుశి marvalenidi CBN గరికు,hate,0.6905490146206295,0.6905490146206295,0.3094509853793705
102,hate,telugu_script,గుధ్ధ బలిసి కొట్టుకుంటున్నవే,hate,0.7662233352871114,0.7662233352871114,0.2337766647128886
103,hate,telugu_script,ఇన్కా సావలేధు లే వాదు బానే సచ్చాదు యేధవకనిపిస్థూనే వున్ధిగా,hate,0.743346548516133,0.743346548516133,0.25665345148386703
104,non-hate,telugu_script,"ంఅనకి  ఇబ్బన్ది ఓచినప్పుదు కోన్చమ్  సహిన్చతమ్
Kస్తమ్ ఓచినప్పుదు కోన్చమ్ భరిన్చదమ్
 ఆనన్ధమ్ వచినప్పుదు కోన్చమ్ పన్చదమ్",hate,0.7712710172218118,0.7712710172218118,0.22872898277818815
105,non-hate,telugu_script,​trs party లో తేలన్గన కోసమ్ పోరదిన వల్లే ఉన్నర పోరతమ్ కి వ్యతిరేకమ్ గ ఉన్నోల్లని ministers అల chesinaru..gurivinda ginja కి kinda ఉన్న మచ kanapadadu,hate,0.806317431051838,0.806317431051838,0.193682568948162
106,non-hate,telugu_script,ంఅహేశ్ anna… disappointed విథ్ థిస్ movie..next movie hit avvali…,non-hate,0.8784718264534458,0.12152817354655421,0.8784718264534458
107,hate,telugu_script,"Jagan ని poguthunnava, leka mingutunnava...indirect గ jagan secret లు అని cheptunnav.",hate,0.8360538389778841,0.8360538389778841,0.16394616102211593
108,non-hate,telugu_script,షముద్రమ్లో అలలు ఆగవు ఃఅర్శ ఆన్న కి అన్న మీద prema చవది,hate,0.8784007893679208,0.8784007893679208,0.12159921063207928
109,hate,telugu_script,lanja puk managment వల్ల ma warner మమలి vadi వేలిపోయరు,hate,0.8092213553764727,0.8092213553764727,0.19077864462352734
110,hate,telugu_script,ఫస్ట్ నీతులు చెప్పావు కదా డబ్బు వద్దని ఇప్పుడు ఎందుకు తీసుకోమంటున్నావ్..,hate,0.7230961947132304,0.7230961947132304,0.27690380528676967
111,non-hate,telugu_script,సూపర్ అన్న నీ వీడియోస్ నీ మాటలు అంటే నాకు చాలా ఇష్టం అందుకే నీ ఛానల్ సబ్స్క్రైబ్,non-hate,0.9351617452795014,0.06483825472049864,0.9351617452795014
112,non-hate,telugu_script,"BJP TRS ఇద్దరు దోస్థ్లు లే , బయతికి ఇవన్ని ద్రమలు",hate,0.8683631527738612,0.8683631527738612,0.13163684722613875
113,hate,telugu_script,మంగ్లీ పాడిన పాటలు అన్నీ ఒకేలాగనే అనిపిస్తున్నాయి పెద్ద డిఫరెంట్ ఏమీ లేదు,non-hate,0.8662324587583644,0.1337675412416356,0.8662324587583644
114,hate,telugu_script,Yem మత్లదుథున్నవ్ ra? ణరలు కత్తై poiniy ణీకు లేక్కలేన్దుకు ర ayya? Wఈకేన్ద్ politician,hate,0.8427569824453994,0.8427569824453994,0.15724301755460057
115,non-hate,telugu_script,మీరు చరిత్రలో నీలుస్తరు బ్రో Hand's off to Your help fుల్ల్ to పూర్ people.,non-hate,0.5627437994886266,0.43725620051137337,0.5627437994886266
116,non-hate,telugu_script,ష్మిలే చుదనిధే వేనక్కి థగ్గవు బ్రో నువ్వు,hate,0.8889807530605361,0.8889807530605361,0.11101924693946383
117,non-hate,telugu_script,Pఇచోల గురిన్చి vinadame గనే direct గ epudu e video లో చుస్తున ...,hate,0.6391375562146563,0.6391375562146563,0.3608624437853437
118,hate,telugu_script,రేచిపోథున్నరు అధికరమ్ లో ఉన్నరు అని అహమ్కర ధోరని,hate,0.6614924628139394,0.6614924628139394,0.3385075371860607
119,hate,telugu_script,టిత్లే leak అయిథే ఏన్తీఇ leak అవకపోథే entiii....maku enti యీ golaaa....title ఏన్తూఓ మీ build up ఏన్తూఓ,hate,0.525673442240987,0.525673442240987,0.47432655775901295
120,non-hate,telugu_script,Die hard fan frm Kేరల  ణేను చూసిన పేధ actor uh టోల్ల్య్వూద్ లో Pawan Gరూ,hate,0.5914090721859205,0.5914090721859205,0.40859092781407946
121,non-hate,telugu_script,ణా ద్రుస్తిలో pspk గరు Devudu,hate,0.6899214866311767,0.6899214866311767,0.31007851336882325
122,non-hate,telugu_script,ముందు రాజా సింగ్ ను కాపాడండి అప్పుడే మీ పార్టీపై ప్రజల్లో నమ్మకం ఏర్పడుతుంది,non-hate,0.862426601623287,0.137573398376713,0.862426601623287
123,hate,telugu_script,పోయే కాలం దగ్గర పడింది దేనికి,hate,0.5432209080172041,0.5432209080172041,0.45677909198279587
124,hate,telugu_script,"Yేర్రి పాపలమ్ మనమ్ , సమన్య ప్రజలు",non-hate,0.6963720150624987,0.3036279849375013,0.6963720150624987
125,non-hate,telugu_script,"Dr YNM
1 మోన్థ్ అగో
ఇందులో మనం పెద్దగా ఆలోచించాల్సిన అవసరం లేదు. అంతా కాలం మహిమ.ఏదో ఒకరోజు కాలం ఆయనకు ఇవ్వవలసిన గిఫ్ట్ తప్పకుండా ఇస్తుంది. చేసిన కర్మలు అనుభవించక తప్పదు.. సోనియా గాంధీ అయినా, మోదీ అయినా, చంద్రబాబు నాయుడు అయినా, జగన్ అయినా.. కాలం అంతే..",non-hate,0.8607275981310996,0.13927240186890044,0.8607275981310996
126,hate,telugu_script,తట్టా బుట్టా సర్దుకొని రెడీ గుండు జగన్ రెడ్డి టైం అయిపోయింది,hate,0.5440785080075559,0.5440785080075559,0.4559214919924442
127,hate,telugu_script,Jagan ఏప్పతికి CM avvaledu రాసి pettukoo....ha ....,hate,0.682323967889966,0.682323967889966,0.317676032110034
128,non-hate,telugu_script,"ంఏగ star అనే person , definitely evadu ఓప్పుకున్న ఓప్పుకోకపోయినా inspiration to మన్య్ people లోన్గ్ లివే sir",non-hate,0.7501478771266186,0.24985212287338143,0.7501478771266186
129,hate,telugu_script,జారిపోతానయి..కొంచెం గట్టిగా ముడి వేయి,hate,0.763572235320436,0.763572235320436,0.23642776467956392
130,non-hate,telugu_script,తాగ్గి వాగుతుంది పాప ఈమె చిలకలూరపేటలో రికార్డింగ్ డాన్స్రు,hate,0.5823456179047339,0.5823456179047339,0.417654382095266
131,hate,telugu_script,"ణత్తు గ , నేకు మనిశికి ఉన్దల్సిన లక్శనమ్ okkati కూద లేధు కధ ra.",hate,0.8567390021886452,0.8567390021886452,0.14326099781135485
132,hate,telugu_script,ap లో road ల కి ఆ దిక్కు లేధ్ మల్ల మేత్రో ఏన్ధి mawa,hate,0.5980902730469415,0.5980902730469415,0.40190972695305843
133,hate,telugu_script,Yేదిచవ్ లే copy cat వేశలు నువ్వు,hate,0.8323622784001302,0.8323622784001302,0.1676377215998698
134,non-hate,telugu_script,"వాళ్లు ఈ జీవితం లో కూడ ఫలక్నామ ప్యాలస్ లో బోజనం చేసివుండకపోదురు,నువ్వు గ్రేట్ బ్రో",non-hate,0.5027981748731329,0.49720182512686706,0.5027981748731329
135,non-hate,telugu_script,Ede అన్థ fచ్క్ news,non-hate,0.6954392132004085,0.30456078679959153,0.6954392132004085
136,non-hate,telugu_script,"చాలా బాగా explain చేశారు బ్రదర్. ష్మల్ల్ చోర్రేచ్తిఓన్ మూలాధార, ఆజ్ఞ చక్ర, సహస్రార",non-hate,0.8140601099558497,0.18593989004415035,0.8140601099558497
137,non-hate,telugu_script,ఆల్లు aravind గరిలో మన్చి actor వున్నరు hilarious,hate,0.7033406352363432,0.7033406352363432,0.2966593647636569
138,non-hate,telugu_script,ఈ కలమ్ అమ్మైలు కి దబ్బులి vunte చాలు అనుకున్తరు,hate,0.7936710126424222,0.7936710126424222,0.2063289873575778
139,hate,telugu_script,Rahul dravid vadi మోద్దలో selection  అస్ల చహల్ hi ఏన్ధుకు తేసుకోలే,hate,0.6464504522030444,0.6464504522030444,0.3535495477969556
140,non-hate,telugu_script,జనం. కూడా. మారిపోతే.  చాలా బాగున్ను కదా,non-hate,0.8020413191569825,0.1979586808430175,0.8020413191569825
141,non-hate,telugu_script,పూరి చూస్తే చాలా బాధ గా ఉంది ...ఒక్క మంచి డైరెక్టర్ ఇలాంటి మూవీస్ తియ్యడం ఏంటి ...i లోవే you పూరి sir... వేరే హీరో తో మూవీ తియ్యి ఆన్న,non-hate,0.8527595256092904,0.14724047439070964,0.8527595256092904
142,non-hate,telugu_script,పేదవల్లకు అపధ వస్థే వేన్తేనే వేల్లి సహయమ్ చేసే goppa leaders కోమతిరేద్ద్య్ brother's  దమ్మున్న leader రజన్న ma బలమ్ ma ధైర్యమ్ ma ప్రనమ్ కోమతిరేద్ద్య్ బ్రోథేర్స్,non-hate,0.5307977080186678,0.46920229198133223,0.5307977080186678
143,non-hate,telugu_script,ఆఅద Pఅదుచుల ఊసురు థగిలి Yేల్లోవ్ party నసనమ్ kavali.,hate,0.8501762289485213,0.8501762289485213,0.1498237710514787
144,hate,telugu_script,jagan amma vadi దబ్బులు పేత్తలి నన్న గుద్ద లో నున్చి లేప్పలి,hate,0.8045269610997428,0.8045269610997428,0.19547303890025725
145,non-hate,telugu_script,ప్రతి పాట అరపు ఎక్కువగా ఉంటుంది ఎందుకో అన్ని పాటలు ఒకేలా ఉన్నాయి.,non-hate,0.8862051582852786,0.11379484171472143,0.8862051582852786
146,non-hate,telugu_script,పూరి sir liger movie బ్లచ్క్ baster మీకు అల్ల్ the best sir,non-hate,0.7958570604415606,0.20414293955843943,0.7958570604415606
147,non-hate,telugu_script,ంఅములు గ ఏవ్వలేధు గ అన్చోర్ అన్న,hate,0.8219305833934076,0.8219305833934076,0.17806941660659242
148,hate,telugu_script,అరటి బొదలు అనంగా విన్నాను. ఇప్పుడు శ్రీముఖివి చూశాను.,hate,0.5132817029890171,0.5132817029890171,0.4867182970109829
149,non-hate,telugu_script,ఇదీ ఒక ప్లాన్ ప్రకారం జరిగినట్టు ఉంది భలే సీన్,non-hate,0.5540781865593684,0.44592181344063164,0.5540781865593684
150,non-hate,telugu_script,Kcr bsp వలు ఏన్ని ఏఅస్తునరు మోన్థ్ కి Nek,hate,0.5721554157896012,0.5721554157896012,0.42784458421039884
151,non-hate,telugu_script,Abbo iragadesindi సోన్గ్ వేరే level,hate,0.7978205309375062,0.7978205309375062,0.20217946906249387
152,hate,telugu_script,బ్రో delete చేయకపోథేయ్ ma fans నిన్ను దేగేనుథరు,hate,0.698553233107308,0.698553233107308,0.301446766892692
153,hate,telugu_script,ఇంత కరువులో ఉన్నరేంటిరా.,non-hate,0.5116388630161992,0.4883611369838008,0.5116388630161992
154,non-hate,telugu_script,Vinayaka చవిథి సుభకన్శలు ఃఅర్శ sai,non-hate,0.5562049275328811,0.4437950724671189,0.5562049275328811
155,non-hate,telugu_script,A B N  MD రాధాకృష్ణ గారి కి  చుక్కలు చూపించిన   ''K A పాల్ గారు'' మీరు సూపర్ సార్ నీ మాటల్లో నిజాయితీ కల్పిస్తుంది..,non-hate,0.9231300911196527,0.07686990888034728,0.9231300911196527
156,non-hate,telugu_script,ఆవినశ్ మంచోడు బ్రో episode మోత్థమ్ చూదు just నాగబాబు అనమని చెప్పాడు అంటా బ్రో episode lo...,hate,0.8228916076579151,0.8228916076579151,0.17710839234208492
157,hate,telugu_script,Pastors అందరికీ ఒక మనవి.దయచేసి ఈ విధమైన debates వెళ్ళి ఛ్రిస్తిఅనిత్య్ కీ ఉన్న విలువ తగ్గించవదు.,non-hate,0.6457842473297887,0.3542157526702113,0.6457842473297887
158,hate,telugu_script,Pఇచి పత్తినత్తున్ది పీకేయ్ ki. A P అరచేకమ్ జరగబోథున్ధి అని అనిపిస్తున్ధి నకు,hate,0.6867288958745559,0.6867288958745559,0.3132711041254442
159,non-hate,telugu_script,ఇలా చేస్తే దేశం పరువు పోతుంది దయ చేసి దేశం పరువు తీయదు,hate,0.7856398675228793,0.7856398675228793,0.2143601324771207
160,non-hate,telugu_script,మంచి ఆన్సర్ ఇచ్చారు బ్రో,non-hate,0.6439675727687703,0.35603242723122974,0.6439675727687703
161,non-hate,telugu_script,JD గరు మీ lanti Gేనుఇనే persons Pavan గరికి support గ unte baguntundi sir,non-hate,0.5733072365234413,0.4266927634765587,0.5733072365234413
162,non-hate,telugu_script,ఎంత ముద్దుగుందో చాలా బాగున్నావ్ బంగారం,non-hate,0.8308764510191735,0.1691235489808265,0.8308764510191735
163,hate,telugu_script,ణువు ఆమ్ speaker ర babu,hate,0.7500279801406784,0.7500279801406784,0.2499720198593216
164,hate,telugu_script,ఎంతమంది డ్యాన్స్ మాస్టర్ లు వచ్చినా ప్రభుదేవా మాస్టర్ లాగా వేయలేరు,non-hate,0.9086044122480007,0.0913955877519993,0.9086044122480007
165,hate,telugu_script,DNR స్తిల్ల్ old school...  Kలమ్ థో Marakapote ఏవరు ఐన కల ఘర్భమ్ లో kalisipotaru.,hate,0.6514173700711955,0.6514173700711955,0.3485826299288045
166,non-hate,telugu_script,ప్రభాస్ గారు అనుష్క గారు మీరు తొందరగా పెళ్లి చేసుకోండి,non-hate,0.9366627943376057,0.06333720566239431,0.9366627943376057
167,non-hate,telugu_script,కొంచెంకూడ హీరో అనే పొగరు లేదు గ్రేట్ సార్ మీరు,non-hate,0.691875452682695,0.308124547317305,0.691875452682695
168,hate,telugu_script,ణని ఇన్కోసరి pk స్పీచ్ చుదు ... షోల్లు kakunda raise చేసిన points గురిన్చి matladu... Sannasivenuv నో doubt,hate,0.6496634697897236,0.6496634697897236,0.35033653021027644
169,hate,telugu_script,mohan babu ఓప్పుకున్న ఓప్పుకోకపోయిన చిరన్జీవి పేద్దన్కన్ని వచ్చిన గోఉరవమ్ m taggipodu,hate,0.6342974779823889,0.6342974779823889,0.36570252201761105
170,hate,telugu_script,ఆత్లున్త్తధి palanadu థిత్లన్త్తే సర్రిగ్గ దేగ్గుతమ్,hate,0.7171580847797063,0.7171580847797063,0.2828419152202936
171,hate,telugu_script,షోన్థ Pఏరు meda registration చేయ్ leka piyadu,hate,0.6946175025359973,0.6946175025359973,0.30538249746400276
172,non-hate,telugu_script,"Hi harsha....happy vinayaka chavithi,  life లోన్గ్ nuv happy గ undalani............aa దేవున్ని కోరుకున్తున్న sai......may god bless u  harsha.",non-hate,0.9263277323441471,0.07367226765585289,0.9263277323441471
173,hate,telugu_script,సార్ కెసిఆర్ గారు విషయాలను పూసగుచ్చినట్లు చెప్తున్నారు మాధవ రెడ్డి నయీమ్ ల సంబంధించిన వివరంగా మాట్లాడడానికి ఇబ్బంది పడుతున్నారు మీరు కూడా హండ్రెడ్ పర్సెంట్  ఫేక్,non-hate,0.5495396418146328,0.4504603581853672,0.5495396418146328
174,hate,telugu_script,"ంఆతలు జగ్రథ రూజ .alaga జనమ్ ,kodukulu antunnavv మరి అన్థ gb వోద్దు",hate,0.8023307634696601,0.8023307634696601,0.1976692365303398
175,non-hate,telugu_script,జని అన్న RC అన్నథో kalisi హేరో గ చేస్తే చూదాలని వున్ధి,hate,0.8124962503187058,0.8124962503187058,0.18750374968129427
176,hate,telugu_script,జగన్మోహన్ రెడ్డి వల్ల పిల్లలు బాగా చూసుకున్నాడు అని యాంకర్ వాగు తోంది వాళ్ళ పిల్లల్ని కాక నీ పిల్లలు బాగా చూసుకుంటారు,non-hate,0.7122230341539794,0.28777696584602064,0.7122230341539794
177,hate,telugu_script,"ఆపరా.... నువ్వు ఒక అమ్మాయి తో నీచంగా వ్యవహరించి, వెనక నుంచి గట్టిగా పట్టుకుందా మనుకున్నా అని నీ చరచ్తేర్ lose చేసుకున్నావ్... ఎవడెం చేస్తాడు?",hate,0.7894973079537286,0.7894973079537286,0.21050269204627134
178,hate,telugu_script,ణి మోహమ్ ante kada,hate,0.8368877043905596,0.8368877043905596,0.16311229560944046
179,non-hate,telugu_script,ని news ని over action కి దన్దమ్ ర babu,hate,0.6088180800138503,0.6088180800138503,0.39118191998614965
180,non-hate,telugu_script,అన్నా కాస్త జాగ్రత్త... వాళ్లే అనుకోని లోపల  నుండి దేంతోనన్న విసిరేరు... కాస్త గ్యాప్ ఇచ్చి పోతండే... ళోవే you Anna... నీ కష్టం వృధా కాదు,hate,0.7209194624877521,0.7209194624877521,0.27908053751224793
181,non-hate,telugu_script,ఈ ప్రోమో చూసినంత సేపు నా మొహంలో చిరునవ్వు ఆగలేదు.,non-hate,0.550548056650616,0.449451943349384,0.550548056650616
182,hate,telugu_script,Vizag News reporter overaction చేస్తునదు,hate,0.7019659220977781,0.7019659220977781,0.2980340779022219
183,hate,telugu_script,మీ నడుము కేక ఆంటీ,hate,0.734613138231105,0.734613138231105,0.2653868617688951
184,hate,telugu_script,కళ్ళల్లో నుంచి కామం కారిపోతుంది,hate,0.7858841965189967,0.7858841965189967,0.21411580348100337
185,non-hate,telugu_script,ఆదర్శమైన పొలిటికల్ లీడర్ అయితే రాజకీయ సన్యాసం తీసుకుంటనని చెప్పారు. ఏమైంది,non-hate,0.8064613154254612,0.19353868457453882,0.8064613154254612
186,non-hate,telugu_script,జై జనసేన మన పార్టీ గెలవాలని మనస్పూర్తిగా కోరుకుంటున్న,non-hate,0.9412008711225464,0.058799128877453644,0.9412008711225464
187,non-hate,telugu_script,దేశానికి పనికొచ్చే ఇటువంటి వారు నొప్పి లేకుండానే ప్రాణాలను వదులుతారు,non-hate,0.5533085435574797,0.4466914564425203,0.5533085435574797
188,non-hate,telugu_script,Good అండి గీత కృష్ణ గారూ మంచి. ఇంటర్వ్యు,non-hate,0.9729742347893808,0.027025765210619168,0.9729742347893808
189,hate,telugu_script,Pఇచి hospital లో join అవర అయోమయమ్,hate,0.6680672660205791,0.6680672660205791,0.33193273397942086
190,hate,telugu_script,​BJP లో seat కోసమ్ బగ చేసవ్ లే stunt,hate,0.8703369489656672,0.8703369489656672,0.12966305103433284
191,hate,telugu_script,రౌడీ టిడిపి,hate,0.8845530499778683,0.8845530499778683,0.1154469500221317
192,non-hate,telugu_script,"అవసరం అయినప్పుడు ప్రాణాలు కి తెగించి పోరాడుతారు మన ఆంద్రప్రదేశ్ పోలీసులు, ఫారెస్ట్ ఆఫీసర్స్. గ్రేట్",non-hate,0.9385567342373181,0.06144326576268189,0.9385567342373181
193,non-hate,telugu_script,He is గేనుఇనే person అందుకే లోకల్ చిల్లర నాయకులు అంతా కలిసి వాడిని టార్గెట్ చేశారు,non-hate,0.6803014874044879,0.3196985125955121,0.6803014874044879
194,non-hate,telugu_script,కార్తికేయన్ 2 ఛోన్గ్రతులతిఓన్స్ ఫర్ బిగ్ రెస్పాన్స్ ఫ్రమ్ పవన్ కళ్యాణ్ అన్న,non-hate,0.6529423276217301,0.3470576723782699,0.6529423276217301
195,hate,telugu_script,Vఏధవలు Vఏధవలు అన్ని చోత్ల vunnaru..inka జనలని యేదిపిన్చదమ్ tappa,hate,0.5692045903205496,0.5692045903205496,0.43079540967945046
196,non-hate,telugu_script,చంద్రబాబు శివుడు లాంటి వాడు.. విషాన్ని కూడా తనలోకి తీసుకుంటాడు...ఇక ఇలాంటివి ఒక లెక్కే కాదు..,non-hate,0.635662609140905,0.364337390859095,0.635662609140905
197,non-hate,telugu_script,jai rgv jai పురి,hate,0.7119002909845425,0.7119002909845425,0.28809970901545745
198,non-hate,telugu_script,సోదరులు ఎంత గొడవ ఉన్న ఎవడన్నా తమ్ముడిని ఏమన్నా అంటే రక్తం ఊరుకోదు. అలాగే భారతీయులు కూడా ఉండాలని గొప్పగా చూపించిన రాజమౌళి గారికి ధన్యవాదాలు,non-hate,0.7334702365067625,0.26652976349323754,0.7334702365067625
199,non-hate,telugu_script,"తెలంగాణ ఉద్యమ గీతాల నుండి, మాస్ గీతాల మీదికి రూట్ మార్చిన మంగ్లీ",non-hate,0.6966991245982482,0.30330087540175177,0.6966991245982482
200,hate,telugu_script,Exams లో vundey వల్లని invigilators అన్తరు adi kuda తేలీధు Vఈఏదు minister chesadu.... కర్మర babu chi.... ఠుప్పస్ న kodaka,hate,0.7035575294365124,0.7035575294365124,0.2964424705634876
201,hate,telugu_script,pk inka ka pauk ap లో jokers,hate,0.9044594708828839,0.9044594708828839,0.09554052911711612
202,hate,telugu_script,తెలుగు బాయ్ ఫ్రెండ్ కావాలీ,non-hate,0.8646899904740939,0.1353100095259061,0.8646899904740939
203,hate,telugu_script,Bఓచు పికన్ద్దీ,hate,0.6505900582234915,0.6505900582234915,0.3494099417765085
204,hate,telugu_script,దీనమ్మ దీని కి ఇంకా ఏం పనిలేదా..,hate,0.5716174725203564,0.5716174725203564,0.4283825274796435
205,hate,telugu_script,Em కనపదథున్నయి bokka,hate,0.5201642345541846,0.5201642345541846,0.47983576544581535
206,hate,telugu_script,ంఅను గరు మేరు ఇన్వోల్వే అవ్వకన్ది చల చిరకు గ వున్తున్ధి,hate,0.8003697294231684,0.8003697294231684,0.1996302705768316
207,hate,telugu_script,Konda గని over action కోమ్పమున్చిన్ది,hate,0.8793159284451876,0.8793159284451876,0.1206840715548124
208,non-hate,telugu_script,రమణ గారు సూపర్ గా పాడేరు మళ్లి మళ్లి వినాలి అనిపిస్తుంది మీకు అ దేవుడు ఇంక మంచి స్తాయిలో వుంచాలి అని కోరుకుంటాను,non-hate,0.9495973212954275,0.05040267870457249,0.9495973212954275
209,non-hate,telugu_script,ఆఆ Voice లో ఉన్న rajasa yogame వేరే level Jai Pరభస్ ఆన్న,non-hate,0.7281563558426024,0.2718436441573976,0.7281563558426024
210,non-hate,telugu_script,"zేత్ల
​INDIA ని developed చేయదమ్ ఏవరివల్ల కదని థేలిసిపోఇన్ది prajalaki.....unnodi inka ఉన్న్న్థ లేనోదికి inka lenantha....life థో బ్రథకలి థప్పదు",hate,0.6991982478079339,0.6991982478079339,0.3008017521920661
211,non-hate,telugu_script,ఆన్న super బ్రో,non-hate,0.6744817407859006,0.3255182592140994,0.6744817407859006
212,hate,telugu_script,Self dabba యేక్కువ ఇన్ధి Nagababu నేవు నే bussu లు థూ,hate,0.5648817747882653,0.5648817747882653,0.43511822521173477
213,hate,telugu_script,తీన్మ్మర్ మల్లన kcr చేప్పు నకుతధు,hate,0.5809654541255777,0.5809654541255777,0.41903454587442235
214,hate,telugu_script,Vఈలు చేసది gymnastics మల్ల వలే ధని dance అనుకున్తరు,hate,0.6757214803684645,0.6757214803684645,0.32427851963153553
215,hate,telugu_script,పెద్ద పీఠాధిపతి లాగా అందరికి ఆశీర్వాదం ఇస్తున్నాడుగా,non-hate,0.9036194502402893,0.09638054975971067,0.9036194502402893
216,non-hate,telugu_script,వాడు ఏదో జోక్ చేస్తే అది నువ్వు నమ్మడమే నా,hate,0.6196305103817352,0.6196305103817352,0.38036948961826483
217,non-hate,telugu_script,Pspk వచి ఫోతో ధిగుధమ్ antey ఆ excitement ey వేరు అధి clear గ నివేథ face లో కనిపిస్థునధి,hate,0.6524282003426303,0.6524282003426303,0.3475717996573698
218,hate,telugu_script,RGV effect వల్ల Pఉరి చినేమలు అన్ని dobbayi.,hate,0.723378306724056,0.723378306724056,0.27662169327594405
219,hate,telugu_script,ఇలాంటి వీడియోస్ చేస్తుంటే మీ ఫ్యామిలీ లో ఆడవాళ్లు గుర్తుకు వస్తలేరా రా..బ్లూ బ్యాచ్ గా.. దాన్ని తన్నాలి ఫస్ట్ ఈలాంటి వీడియో కీ ఒప్పుకున్నందుకు,non-hate,0.7001683161559414,0.29983168384405856,0.7001683161559414
220,non-hate,telugu_script,గుండెల పైన కాదు గుండె లోపల వున్నారు సర్ మీరు,non-hate,0.8388461915428524,0.16115380845714755,0.8388461915428524
221,non-hate,telugu_script,మాములుగా లేదు ట్విస్ట్ సూపర్ అహ కెవ్వు కేక,non-hate,0.7972312829589846,0.2027687170410154,0.7972312829589846
222,non-hate,telugu_script,ఇలా ఏమి లేకుండా ఉన్న ఏకైక నాయకుడు... Apj abdul కలమ్ గారు మాత్రమే,non-hate,0.6972574239127488,0.3027425760872512,0.6972574239127488
223,hate,telugu_script,యోగి baba రమ్ rahim sistudu ఏధరు అదవ వల్లకి respect ఏయ్యరు ఏధరు పేధ లన్గ గల్లు,hate,0.7949009111410906,0.7949009111410906,0.2050990888589094
224,non-hate,telugu_script,గాడ్ బ్లెస్స్ యు సమంత సిస్టర్,non-hate,0.816166467434569,0.183833532565431,0.816166467434569
225,non-hate,telugu_script,ఇటువంటి కథలు పడ్తానే ధిక్కు లేకుండా పోయింది,hate,0.7721075248186471,0.7721075248186471,0.2278924751813529
226,non-hate,telugu_script,మీకు వంద నమస్కారాలు రా బాబు,non-hate,0.9798972361826347,0.02010276381736531,0.9798972361826347
227,hate,telugu_script,ఱవి అన్న oudi ounte నని vamsi anil kumar ambanti lanti వాలు నోరు లేపేవరు కాదేమో,hate,0.7711620577367682,0.7711620577367682,0.22883794226323184
228,hate,telugu_script,ముందు అరెస్ట్ చేయండి.. మీడియా ముద్దు తీసుకురండి రా...,hate,0.5494341403063128,0.5494341403063128,0.45056585969368723
229,hate,telugu_script,vd overconfidence వల్ల ciniema దేన్గిన్ధి,hate,0.6771414704789905,0.6771414704789905,0.32285852952100946
230,hate,telugu_script,ఆన్ద్ర ప్రజలకు సిగ్గు ఉన్దలి సోన్థ amma ను చేల్లిని పతిన్చుకోలేని vadu ంఈమన్లి చుసుకున్తదు,hate,0.7660715963685119,0.7660715963685119,0.23392840363148817
231,hate,telugu_script,Vijay devarakonda hype థో dhamal.  Jr NTR next turn. ంఈరు అకశనికి ఏథే అన్థ great actor emi kaadu..,non-hate,0.7620532883985893,0.23794671160141068,0.7620532883985893
232,hate,telugu_script,ంఏరే బ్రథుకులు ఇన్థేయ్ eka. ణసనయమ్ ఆఇపోతై,hate,0.5654684945230712,0.5654684945230712,0.4345315054769287
233,hate,telugu_script,ంఈరు మూసుకున్తే baguntadi,hate,0.8164935747582434,0.8164935747582434,0.18350642524175664
234,hate,telugu_script,ంఈరు mi over action అపన్ద్ర babu,hate,0.806394786868405,0.806394786868405,0.19360521313159496
235,non-hate,telugu_script,అంత చిరాగ్గా వుంటే.. స్టేజ్ మీద కి ఎందుకెల్లార్ సార్,hate,0.649067643332159,0.649067643332159,0.35093235666784095
236,hate,telugu_script,pm modi ని పకిస్థన్ కి తర్మిదేన్గలి jai kcr మేరే next pm,non-hate,0.5295297151678908,0.4704702848321092,0.5295297151678908
237,non-hate,telugu_script,బయటకు గేంటేసారు ఒక్కసారి లైవ్ ప్రోగ్రాం నుండి అంతే పాస్ట్ గా పైకి లేచాడు చూపించావు ఓటమి లో కూడా ఎలా పైకి రావాలో అని,non-hate,0.675065401729991,0.32493459827000903,0.675065401729991
238,non-hate,telugu_script,Nayakudu ఏల ఉన్దలి God bless you sir,non-hate,0.8626430082017085,0.13735699179829153,0.8626430082017085
239,hate,telugu_script,bjp మల్లి ade దోఉబ్లే game maatladutondi....amaravathi మీద,hate,0.6884605800440449,0.6884605800440449,0.31153941995595513
240,hate,telugu_script,Nvvy నీ build up,hate,0.6301615283058821,0.6301615283058821,0.36983847169411793
241,hate,telugu_script,Banisa ళ ఉన్నరు కదర మీరు me ఓవేరచ్తిన్గ్,hate,0.5703756625399752,0.5703756625399752,0.4296243374600248
242,hate,telugu_script,అన్దుకోకునే వాలు లగ వున్నరు మేరు నథో comparision న,hate,0.7487327865490515,0.7487327865490515,0.2512672134509485
243,hate,telugu_script,ళన్చమ్ అన్తునరు అనమ్ garu...... ఇన్థకు mundu your government ilagey chesinda...,hate,0.7747728931424207,0.7747728931424207,0.2252271068575793
244,non-hate,telugu_script,పరుచూరి గోపాల కృష్ణ గారి కి నమస్తే మిమ్ములను మొదటిసారి భార్గవ రాముడి సినిమాలో చూసాను సూపర్ వెరైటీ యాక్షన్ సార్,non-hate,0.9239615489572514,0.07603845104274864,0.9239615489572514
245,hate,telugu_script,Ma campus ఈ బ్రో లన్జోదుకు,hate,0.6806514722741859,0.6806514722741859,0.3193485277258141
246,hate,telugu_script,"Ipl కి best మన palyers , international మత్చేస్ ఏన్దుకు waste",hate,0.5853608917134556,0.5853608917134556,0.41463910828654443
247,non-hate,telugu_script,Dnr సమ్పదిన్చలని anukunte today ciniema field లో ఏవరు సరిపోరు mahanubavudu దరిన్గ్ man,hate,0.506005100102201,0.506005100102201,0.49399489989779904
248,hate,telugu_script,preity zinta oka bazzar kukka తేఅమ్ తేసుకోవదమ్ kuda radu,hate,0.9099351807668722,0.9099351807668722,0.09006481923312779
249,hate,telugu_script,శన్కర్ నిన్ను bjp kukka కోత్తినత్తు కోదుతరు,hate,0.762120636117584,0.762120636117584,0.23787936388241607
250,non-hate,telugu_script,సార్ మిమల్ని చూస్తుంటే కొండంత దైర్యం వస్తుంది,non-hate,0.7248141501393092,0.27518584986069083,0.7248141501393092
251,non-hate,telugu_script,మీ ఎంట్రీ వచ్చినపుడు నితిన్ అన్న భయపడుతున్నాడు,non-hate,0.6936704101040075,0.30632958989599246,0.6936704101040075
252,hate,telugu_script,నేను ఓపెనహార్ట్ విత్ RK తప్పక చూస్తుంటా.  ఇంత దరిద్రపు ఇంటర్వ్యూ పెట్టకుండా వుండాల్సింది.  తేనె పూసినకత్తి,hate,0.6049476653290975,0.6049476653290975,0.39505233467090245
253,hate,telugu_script,ణే బథుకుల సుల్లి net నేను దేన్గిన vadu ఏస్థద రేచర్గే ఐపోథే,hate,0.7027154083360023,0.7027154083360023,0.2972845916639977
254,non-hate,telugu_script,బ్లాక్ సారీ లో బాగుంది,non-hate,0.9343490321000811,0.06565096789991887,0.9343490321000811
255,non-hate,telugu_script,ఆయన పిట్టకథలను బాగా enjoy చేస్తాం... అంతర్లీనంగా ఓక అద్భుతవేదాంతవాక్యం చెబుతారు దానిని వదిలేస్తాం.. అదీమనం. “దేవుడు ఒక్కడే.. నీ మఠం కానంతమాత్రాన వేరేవారిని దూషించనవసరణలేదు.”,non-hate,0.66550103591894,0.33449896408105995,0.66550103591894
256,hate,telugu_script,Bఉథుల saka మన్త్రి ....,non-hate,0.6283241484963427,0.37167585150365734,0.6283241484963427
257,non-hate,telugu_script,ఆఅత్ల vastai ఆన్న నికు ఏన్ని తేలివి తేతలు oka cinema థి అన్న,hate,0.631226213472803,0.631226213472803,0.3687737865271969
258,hate,telugu_script,Pఅరమ్బోకు ias officers ని వేతికి kcr Jagan తేస్కు వచి AP టేలన్గన లో పేద్తరు,hate,0.7923145983452594,0.7923145983452594,0.20768540165474056
259,hate,telugu_script,Eన్ధుకు ante వల్లు చేథ లన్చోదుకులు బ్రో,hate,0.7215386503716145,0.7215386503716145,0.27846134962838553
260,hate,telugu_script,raja సిన్ఘ్ కల్థి మాల్ అమ్ముథరు and rowdy gunda,hate,0.5477363077413926,0.5477363077413926,0.4522636922586074
261,non-hate,telugu_script,"ర్మ కోసం చూసాను ,మొదటిసారి అతను ఒక హీరో అభిమాని ఎలా ఉల్లాసంగా స్టేజి పై మాట్లాడుతారో అలా అనిపించారు",non-hate,0.7916780994179569,0.20832190058204314,0.7916780994179569
262,hate,telugu_script,Rai అతను ఉద్యోగం చోర్రేచ్త్ గా చేస్తున్నాడు ఎందుకు ర నాయకులు అందురు కలిసి నిందలు వేస్తారు... నిజాయితీ పని చేస్తే ఎవరికీ నచ్చదు..ఛీ,hate,0.516076552239316,0.516076552239316,0.48392344776068397
263,non-hate,telugu_script,Eఏ video చుసిన్తర్వథ మీ మీద respect perigindi,hate,0.6250299855467738,0.6250299855467738,0.37497001445322625
264,hate,telugu_script,ఛవు ణేను avadu apadu,hate,0.9149212758734232,0.9149212758734232,0.08507872412657684
265,hate,telugu_script,RK Gరు నేకు interview చేయదమ్ rakapoty మిస్కుని veray వల్లకు చన్చే ఏవ్వన్ది నికు respect ఏవ్వదమ్ teledu,hate,0.8978950194363033,0.8978950194363033,0.1021049805636967
266,non-hate,telugu_script,Eఏ momment కి నిzమ్ గా అరిచమ్,non-hate,0.6103050546138027,0.3896949453861973,0.6103050546138027
267,non-hate,telugu_script,ఈన్థమన్ది అభ్మనిన్చలి ante ఏన్థ అద్రుశ్తమ్ చేసుకో ఉన్దలి,hate,0.6641075340213365,0.6641075340213365,0.33589246597866346
268,non-hate,telugu_script,Pఅరిస్థిథులు మరీ ఇన్థ పగబత్తేసయేన్తి,hate,0.6310234874054179,0.6310234874054179,0.36897651259458214
269,non-hate,telugu_script,మాతృ భాష తెలుగు అంటే అంత లోకువా    పక్క రాష్ట్రాల వాళ్ళు వారి మాతృ భాష కి ఎంత గౌరవం ఇచ్చు కుంటారో చూసి నేర్చుకోండి,non-hate,0.8759327667562016,0.12406723324379842,0.8759327667562016
270,hate,telugu_script,ళక్శలు లక్శలు fీస్ లు దేన్గిన,hate,0.6444266222258177,0.6444266222258177,0.35557337777418224
271,non-hate,telugu_script,ఇది కూడా పిచ్చి డాన్సులు కి ఒప్పేసుకుంది. తు దీనమ్మ. ఆడది అంటే గౌరవం పోతోంది.,hate,0.5694713370361048,0.5694713370361048,0.43052866296389525
272,hate,telugu_script,Arey సోల్లు comedy అపన్ద్రాఆ,hate,0.6620933878995374,0.6620933878995374,0.3379066121004625
273,non-hate,telugu_script,G్రీన్ dress sis super గ చేసరు,non-hate,0.7953619089732653,0.2046380910267347,0.7953619089732653
274,hate,telugu_script,"Me ఇద్దరు వల్ల ఏపీ లో ఆడవాళ్ళ పరువు పోయింది, పదవి కోసం ఎంతకైనా దిగజారే బ్రతుకులు మీవి",hate,0.6047993186652735,0.6047993186652735,0.3952006813347265
275,hate,telugu_script,oka ammai వి వున్ధి నథో argue చేస్థవ పుకు మోసుకోని inti పనులు చేయి,hate,0.7041647607937325,0.7041647607937325,0.2958352392062675
276,non-hate,telugu_script,నిజానికి ప్రజల కోసం పోరాడుతున్న ఏకైక నాయకుడు రేవంత్ రెడ్డి గారు,non-hate,0.9303023248536534,0.06969767514634662,0.9303023248536534
277,hate,telugu_script,ప్రథి చేథనకోదుకు విరత్కోహ్లి ని anetode lavdapuk గల్లు,hate,0.8259604324795667,0.8259604324795667,0.17403956752043329
278,hate,telugu_script,Movie మత్రమ్ మోద్ద gudisi పోతధీఇ పక్కా,hate,0.6279044586217433,0.6279044586217433,0.3720955413782568
279,hate,telugu_script,roja నిన్ను చూస్థేయ్ nak గుద్దలో edo నకులధి నూవు ని బర్రేయ్ guntu,hate,0.8237897860062868,0.8237897860062868,0.1762102139937132
280,hate,telugu_script,Nuv dancer వ చీఇ సిగ్గులేధు ణేకు,hate,0.8853125598241937,0.8853125598241937,0.11468744017580633
281,hate,telugu_script,Tokka కూద ఓప్పుకోను,hate,0.562926766639094,0.562926766639094,0.437073233360906
282,non-hate,telugu_script,"అభివృద్ధి, సంక్షేమం రెండు చూడగల చంద్రబాబు వల్లే రాష్ట్రనికి మంచి జరుగుతుందనేది ముమ్మాటికి నిజం",non-hate,0.8724007636623884,0.1275992363376116,0.8724007636623884
283,non-hate,telugu_script,Bఅహుబలి time అన్థ Baganey Unnav ఆన్న . ఠర్వథ ఈ సహూ కి రధే శ్యమ్ నచినత్లు frnds థో సిత్తిన్గ్ ఊ fూద్ padypoyav ఆన్న ..Ayina sarey దర్లిన్గ్ ఈ నో ఓనే,hate,0.6353482578363976,0.6353482578363976,0.3646517421636024
284,hate,telugu_script,"Frank గ చేప్పలన్తే ఏవరి personal life valladi...
ంఏరు చేస్థున్ది enti మరి
Pఏరుకి పేద్ద news channels... ఆవసరమయిన news vadilesi సోధి news లు cheppatle....Apudu మిమ్మల్ని అలగే అనలి గ
Enta sepu cinema వల్ల personals lo, leda social media పేరు చేప్పి
ణేతిzేన్లు త్రోల్ల్ చేస్థునరు anatam... Controversy లని పని కత్తుకుని crete cheytam...ila సోధి news ఈ కని పనికి వచేవి ఏపుద్య్న చేప్పర ra?
Scrap media channels....",hate,0.6582920765181273,0.6582920765181273,0.3417079234818728
285,non-hate,telugu_script,Hema కుతురు చల చల baguntadi చల suma శోవ్ లో చుసను,hate,0.640316039198038,0.640316039198038,0.3596839608019619
286,hate,telugu_script,women కి respect లేధు మల్ల vadu oka యోగి మల్ల ha మోద్ద cm కుర్చి లో వున్ధి,hate,0.7466372327116801,0.7466372327116801,0.2533627672883198
287,non-hate,telugu_script,నువ్ హీరో అవతావు అన్న అంత స్టయిల్  వుంది నిలో ఇది రియల్ మాట,non-hate,0.65969729985825,0.34030270014175,0.65969729985825
288,hate,telugu_script,Nice బాగ ధిమ్పవ్ ఆన్చోర్ bro.,hate,0.7401167294805114,0.7401167294805114,0.25988327051948856
289,hate,telugu_script,చార్మి పూర్తిగా కుదేలు నాకు ఇంకో ల కనిపించింది,hate,0.671827207175262,0.671827207175262,0.32817279282473805
290,hate,telugu_script,ery pappa ల థో comedy very pappa ల ఉఅన్త్తధి ధోధు ధోధేయ్,hate,0.6016138316056809,0.6016138316056809,0.398386168394319
291,non-hate,telugu_script,వెంకీ మామ ఫ్యాన్స్ జై వెంకీ మామ,non-hate,0.8795189827820068,0.1204810172179932,0.8795189827820068
292,non-hate,telugu_script,"Babu గోగినేని garu, suereb గ ఛేప్పరు",hate,0.8199026813884459,0.8199026813884459,0.1800973186115541
293,non-hate,telugu_script,Bఅన్గరమ్ lanti wife fైలురే kuda సుప్పోర్తిన్గ్ గ undi కని వీదు విని వేశలు,hate,0.6995175155078044,0.6995175155078044,0.30048248449219556
294,hate,telugu_script,బాగా చదివినవ్ గా రాసుకుని మరీ.. మధ్యలో మన భార్యలు అన్నావ్ చూడు,non-hate,0.6677065385456964,0.3322934614543036,0.6677065385456964
295,hate,telugu_script,బానిస కట్టప్పలు బయటకి వచ్చారు..ఇక జగన్ కి భజన చెయ్యడానికి..,hate,0.6920811001373661,0.6920811001373661,0.3079188998626339
296,non-hate,telugu_script,పాప చేతికి కత్తి ఇచ్చే సీన్ ఎన్నిసార్లు చూసినా కళ్ళలో నీళ్లు తిరుగుతున్నాయి... Great థోఉఘ్త్ by director,non-hate,0.5988341199660329,0.40116588003396714,0.5988341199660329
297,non-hate,telugu_script,మెగాస్టార్ చిరంజీవి గారు అప్పటికి ఇప్పటికి ఎప్పటికీ లెజెండరీ ఆక్టర్ in world,non-hate,0.9676917019969442,0.03230829800305579,0.9676917019969442
298,non-hate,telugu_script,In direct రేశ్మి ke kiss ఆదిగ du సుధీర్ భైయ్య,non-hate,0.648175449629858,0.35182455037014204,0.648175449629858
299,non-hate,telugu_script,సంక్రాంతికి రాబోతున్న చిరంజీవి గారి సినిమా మరియు బాలకృష్ణ గారి సినిమా మంచి విజయం సాధించాలని కోరుకుంటూ,non-hate,0.988188128023308,0.011811871976691979,0.988188128023308
300,non-hate,telugu_script,సూపర్ అన్న జై పవన్ కళ్యాణ్ జై జనసేన నెక్స్ట్ సీఎం పవన్ కళ్యాణ్ గారే,non-hate,0.9913060336441469,0.008693966355853067,0.9913060336441469
301,hate,telugu_script,appude amindi mundundi ముసల్లపన్ద చుదు ర,hate,0.7347305311806169,0.7347305311806169,0.2652694688193831
302,non-hate,telugu_script,Vఈదు గేలిస్థే తేలన్గన people ధి kuda అధే situation,hate,0.7883261127298256,0.7883261127298256,0.21167388727017447
303,hate,telugu_script,ఢుస్త chaathuryam!  ంఈరు ఇలన్తివి ఏన్ని చేసిన em pikalerra!,hate,0.7837248871334606,0.7837248871334606,0.21627511286653942
304,non-hate,telugu_script,ఃఏల్పిన్గ్ నతురే kuda వున్దాలి apude మనిశికి విలువ,hate,0.5324744349263925,0.5324744349263925,0.46752556507360754
305,hate,telugu_script,మరదే తెలిసి తెలిసి నిప్పుల్లో చేతులు పెట్టడం అంటే,hate,0.7416730139397952,0.7416730139397952,0.25832698606020477
306,non-hate,telugu_script,Mr. Bఅన్ది అసలు 2019 కి ముందు ని అస్థి ఎంత ఇప్పుడు నీ ఆస్థి ఎంత..,non-hate,0.5404158258751546,0.4595841741248454,0.5404158258751546
307,hate,telugu_script,ఆన్చోర్ be like: పిచి న క్ద్క్ల్ని అన్ధరు ikkade ఉన్నరు,hate,0.5440053096704771,0.5440053096704771,0.45599469032952283
308,non-hate,telugu_script,"Megastar థో దుత్త్ గరు 4movies థీస్థేయ్ 3 industry hits.charan జన్వి థో థ్వరగ jvas 2 థియ్యన్ది
డుత్త్ గరు",hate,0.8199022960313436,0.8199022960313436,0.1800977039686564
309,non-hate,telugu_script,E bjp oil rates increase చేసి vanta చేయలి ante కస్తమ్ undi అన్న,hate,0.844204636230744,0.844204636230744,0.155795363769256
310,non-hate,telugu_script,ప్రజల తరపున ఇంత సుదీర్ఘ పోరాటం చేసి తాను గెలిచి మమ్మల్ని గెలిపించిన దిలీప్ సుంకర గారికి హృదయ పూర్వక శుభాకాంక్షలు...జై భీమ్ ...జై భారత్...,non-hate,0.9723057287636988,0.027694271236301193,0.9723057287636988
311,non-hate,telugu_script,Vijay Devarakonda fans ekkada థగేధేలే,non-hate,0.6946398694063464,0.30536013059365363,0.6946398694063464
312,non-hate,telugu_script,మహేష్ బాబు ల వుండ్ సితార పాప చాలా క్యూట్ గా ఉంది,non-hate,0.9663154986154584,0.0336845013845416,0.9663154986154584
313,hate,telugu_script,Pఓవీ పుకూ మున్దా,hate,0.6541116575766591,0.6541116575766591,0.3458883424233409
314,non-hate,telugu_script,"poyi central అప్పులు chudu, హున్గేర్ index, inflation, poverty, unemployment etc టేలన్గన లో least unemployment and development is పేఅకిన్గ్ up rapidly.",hate,0.5191690502778507,0.5191690502778507,0.48083094972214935
315,hate,telugu_script,లంజాకొడుకులు లంజముండల జోకులా ఇవి నా కొడకల్లారా,hate,0.8165998378893873,0.8165998378893873,0.18340016211061275
316,hate,telugu_script,శq్ మోద్ద ante వున్నవు ర kevin నేకు ఏన్దుకు affair,hate,0.8112453851829822,0.8112453851829822,0.1887546148170178
317,non-hate,telugu_script,నా ఊపిరి ఉన్నంతవరకు నా ఓటు మీకే అన్నా,non-hate,0.6015236452406633,0.39847635475933674,0.6015236452406633
318,non-hate,telugu_script,Pరథి స్చేనే ప్రథి శోత్ u mind పోథున్ధి Amma baboy Awesome script selection,non-hate,0.7756920836282641,0.22430791637173586,0.7756920836282641
319,hate,telugu_script,Idendayya idi ంఅరీఈ ఇల థయరయ్యరు డన్దాలు ర ayya,hate,0.6959399832573835,0.6959399832573835,0.3040600167426165
320,non-hate,telugu_script,special respect for Indian చ్రిచ్కేత్ థన్క్స్ for ( international board of Australia),non-hate,0.8554239343114403,0.14457606568855974,0.8554239343114403
321,non-hate,telugu_script,ఛేప్పేధి em లేకపోఇన ha hm అని అన్న పర్లేధు వల్లథో మత్లదలి అన్థీ,hate,0.5832442296699016,0.5832442296699016,0.41675577033009836
322,non-hate,telugu_script,Gudivada కిన్గ్ true leader,non-hate,0.7639509489213232,0.2360490510786768,0.7639509489213232
323,hate,telugu_script,సిగ్గు వున్దలి amma jagan lanti ఏర్రిపుక్ కన్న అన్దుకు,hate,0.6867167678761394,0.6867167678761394,0.3132832321238606
324,non-hate,telugu_script,ఆల్ల్ the best అన్న్య aaa..ni Hard work apudu కి waste కధు sir jai జనసేన,non-hate,0.7489388463921217,0.2510611536078783,0.7489388463921217
325,non-hate,telugu_script,అప్పట్లో సునీల్ కోసమే డైలాగ్స్ ఉండేవి ఇపుడు ఆలా లెవ్,non-hate,0.7535375731614334,0.24646242683856656,0.7535375731614334
326,non-hate,telugu_script,వావ్ మీ డాన్స్ సూపర్ సూపర్,non-hate,0.9776779405356137,0.022322059464386257,0.9776779405356137
327,non-hate,telugu_script,వారు ఎవరితో పెట్టుకుంటే మీకెందుకుసార్.మీరు రోడ్లు ఎందుకు ఇయ్యలేదు? ప్రాజెక్టులు ఎందుకు కట్టడం లేదు? ఎందుకు ఇంత అప్పులు చేస్తున్నారు మద్యపాన నిషేధం ఎందుకు చేయలేదు? కంపెనీలు ఎందుకు తీసుకురావడం లేదు?,hate,0.7382332420908774,0.7382332420908774,0.2617667579091226
328,hate,telugu_script,సిగ్గు సరం వున్న వాళ్ళు ఎవరు వీడి సినిమాలకు పొకడదు ..... ఏంట్రా ఆ బాషా ...,hate,0.8068945400664806,0.8068945400664806,0.19310545993351935
329,hate,telugu_script,po ర పిచి kukka . సిగ్గు లేధు em లేధు అస్ల మనిశి vey న,hate,0.8405916206870582,0.8405916206870582,0.15940837931294186
330,non-hate,telugu_script,Ilanti ంళా ఆన్ని niyojaka వర్గల్లో ఏన్దుకు leru!!!,hate,0.7386136075488745,0.7386136075488745,0.26138639245112544
331,non-hate,telugu_script,Fఉల్ల్ video please bayya,non-hate,0.707888109803132,0.292111890196868,0.707888109803132
332,hate,telugu_script,తొడలు... అస్సలు ఉన్నాయి,hate,0.6697851716931149,0.6697851716931149,0.33021482830688503
333,non-hate,telugu_script,Dress bavundi కాని ఫోనే poyindi,hate,0.8683281039095947,0.8683281039095947,0.13167189609040533
334,hate,telugu_script,ఎందుకు రికార్డింగ్ డాన్స్ వాళ్ళకి విలువ లేదు అంటే... ఇలాంటి మాటలు... వెకిలి చేష్టలు వల్లే...,hate,0.5951323325064377,0.5951323325064377,0.40486766749356223
335,non-hate,telugu_script,అసలు ఇంగ్లీషు సినిమాలు లోనే ఇలాంటి పదాలు ఉంటాయి.,non-hate,0.5968456185238395,0.40315438147616045,0.5968456185238395
336,hate,telugu_script,ముందు ముందు స్పష్టం గా బూతులు మాట్లాడేస్తారు ఏమో,hate,0.5137461176220414,0.5137461176220414,0.48625388237795863
337,hate,telugu_script,Anduke film దోబ్బిన్దీ,hate,0.7799743227688312,0.7799743227688312,0.22002567723116878
338,hate,telugu_script,కల్లు పథుకోని sanka కన్నిధి మేరు,hate,0.8361914108062695,0.8361914108062695,0.1638085891937305
339,non-hate,telugu_script,Ade మతని దుకుదుగ cheppandi. షివ గరు కనబదథరు maku. Voice బేలగ vundi.,hate,0.8605951862626225,0.8605951862626225,0.13940481373737743
340,hate,telugu_script,ఇదేంటీ ఇలా నడుస్తుంది,non-hate,0.5442406483975286,0.4557593516024714,0.5442406483975286
341,non-hate,telugu_script,కోహ్లీ కి అనుకులం గా మరియు ఫామ్ లో ఉన్నపుడు 3 icc cups అందించినా ధోని గౌరవంగా కెప్టెన్సీ వదులుకున్నాడు..అందరు రిటైర్మెంట్ తరవాత లెజెండ్స్ అయ్యరు కానీ కోహ్లి క్రికెట్ అడుతునే లెజెండ్ స్థాయీ నీ అందుకున్నాడు..కోహ్లీ స్టేయి వాడు కెప్టెన్సీ కోసం ఇలా గొడవపడటం వల్ల ప్రపంచ స్థాయీ అభిమనులున్నా కోహ్లి తానా స్థాయిని తాగించుకున్నవాడు అవ్వుతాడు..కోహ్లి విన్నిన్గ్ పేర్సేన్తగే యెక్కువున్నా..IPL.కాని,non-hate,0.62881035383248,0.37118964616752004,0.62881035383248
342,hate,telugu_script,Areyy వన్ని mental hospital లూ join చేయ్యద్రాఅ,hate,0.5794419225816236,0.5794419225816236,0.4205580774183764
343,hate,telugu_script,Nijame లన్జలర అమ్మవదిపుకు దేగిచుకోనికి థిసుకునర,hate,0.7005895477443136,0.7005895477443136,0.2994104522556864
344,non-hate,telugu_script,"చాలా అద్భుతంగా మ్యూజిక్ డాన్స్ స్టెప్ రిసల్ట్ సూపర్,,",non-hate,0.9734530103376678,0.026546989662332154,0.9734530103376678
345,non-hate,telugu_script,అనిల్ గానీ వాయిస్ వింటే నాకు ఎక్కడో కలుది.... విడు విని మాటలు...వెస్ట్ న కొంది,non-hate,0.6011458607750245,0.3988541392249755,0.6011458607750245
346,non-hate,telugu_script,అసలు హారన్ కొట్టకపోతే ట్రైన్ ఇప్పట్లో రాదని అర్థం,hate,0.6347930484439576,0.6347930484439576,0.36520695155604244
347,hate,telugu_script,first koja johar ని india నున్చి తర్మిదేన్గిథే సన్గమ్ పేధ పోథధి,hate,0.7220568115450121,0.7220568115450121,0.27794318845498783
348,non-hate,telugu_script,Eన్దిన్గ్ నకు tears వచై  bro. ఃఅర్శ్ sai real hero. God bless u brother.,non-hate,0.8722719251796688,0.12772807482033122,0.8722719251796688
349,non-hate,telugu_script,Sometimes నువ్వు వచ్చినన్దుకు చల fీల్ అవుతున్న నిన్ను ilanti position లో వున్చిన నాఅ lanti die hard fans ని చుస్తున్తే అన్న,hate,0.5609907974478814,0.5609907974478814,0.43900920255211867
350,hate,telugu_script,roja oka నోరు వున్న పిచి lanja నోరు వున్ధాని ఏధో ఏధో మత్లద్థి,hate,0.78159935615343,0.78159935615343,0.21840064384656993
351,hate,telugu_script,Eఏమ em పీకిన్ధి ర జుద్గే ల పేత్తరు,hate,0.5762699263870698,0.5762699263870698,0.42373007361293025
352,non-hate,telugu_script,ఆవ్ను నేను మిమ్మల్ని చుసను చాల sarl,non-hate,0.6373281863923511,0.3626718136076489,0.6373281863923511
353,hate,telugu_script,ంఓద్ద gudisipotav బోల్ల్య్వూద్ content lamti movies tistey,hate,0.8421573219363002,0.8421573219363002,0.15784267806369978
354,hate,telugu_script,Pఇచ ణ Kodaka!! Vఇనిపిస్థున్ద ఱ Vijay G !!,non-hate,0.5802823807457994,0.4197176192542006,0.5802823807457994
355,hate,telugu_script,Pఓయకలమ్ దేగ్గర padinappudu అలగే చేస్థరు,hate,0.8634494830785834,0.8634494830785834,0.13655051692141665
356,hate,telugu_script,సంకనాకిస్తుంది... ఇది కూడా నిజమే,hate,0.5248069596150513,0.5248069596150513,0.4751930403849487
357,hate,telugu_script,Arey హోవ్లే Nizamabad MP Pasupu bord Eధి be Nv ఏసుకున్న ఆన్గి లగు కుధ ఛన్గ్రేస్స్ ఇచ్చిన్ధే and ట్Eళాణ్Gాణా ఇచ్చిన్ధి kuda ఛన్గ్రేస్స్ A మీరు చేప్పే Digital India లో ని ఆఆధర్ card kuda ఛన్గ్రేస్స్ తేచ్చిన్ధే,non-hate,0.6234347334331628,0.3765652665668372,0.6234347334331628
358,hate,telugu_script,"టిచ్కేత్స్ rates thagginchaali..appudey జనాలు థేఅత్రే కి vastaaru.. Budget పేరుగుథోన్ధన్తేయ్ ధానిక్కరనమ్ producers e... Heroes budget, నోర్థ్ Indian heroines, వల్ల staff ని మేపాలి ఇవ్వన్ని థదిసి మోపోదవుథున్నయి",hate,0.636403088660163,0.636403088660163,0.363596911339837
359,non-hate,telugu_script,First తేలన్గన గురున్చి ఏద్వు  jai bjp,hate,0.712218364379976,0.712218364379976,0.28778163562002396
360,hate,telugu_script,"విద్వేషాల ,వైషమ్యాలు గురించి బీజేపీ మాట్లాడటం....",hate,0.7897098780103968,0.7897098780103968,0.21029012198960312
361,hate,telugu_script,వీడికి ఇంత మంది అవసరమా వోవర్ కూడా,hate,0.7013657544941813,0.7013657544941813,0.29863424550581874
362,hate,telugu_script,"అలీ సిగ్గున్దలి నీకు, సన్స్కరమ్ లేదు నీకు, నవ్వుతూ ఉన్న so చల్లేద్ celebrities కి నవ్వు ఎలా వస్తుందో",hate,0.6597744956689755,0.6597744956689755,0.3402255043310245
363,hate,telugu_script,Gీ బజరు చిల్లర ధనికి బగ hype ఇచరు కధ ర థు,hate,0.6571760107291573,0.6571760107291573,0.3428239892708427
364,hate,telugu_script,నేహ్రు amman దేన్గ ని వల్ల india pakistan గోదవ inka వున్ధి,hate,0.7077912698306751,0.7077912698306751,0.2922087301693249
365,non-hate,telugu_script,ఆలోచన చేస్తున్నాం డ్రామా రావ్ ఈసారి మిమ్మల్ని ఓడించాలి అని,non-hate,0.6940069917600831,0.30599300823991693,0.6940069917600831
366,hate,telugu_script,Arey badcaw రేచర్గే ఇయ్పోథే data అల ఓస్థున్ధ్ర్ rah,hate,0.5648270893550722,0.5648270893550722,0.43517291064492775
367,hate,telugu_script,ఒరేయ్ ముసిల్డాన్ని కూడా వదల వారా,hate,0.880502287497267,0.880502287497267,0.11949771250273303
368,hate,telugu_script,శర్మిల నువ్వు ఊరికి కి poyi record దన్చేలు చేస్ఖో,hate,0.7018953469823247,0.7018953469823247,0.2981046530176753
369,hate,telugu_script,Vఈది మాతలకు యేన్థ మన్ది కోదథారు వీని,hate,0.7511324011943082,0.7511324011943082,0.24886759880569176
370,non-hate,telugu_script,Are యాదవ ల్లా రా megastar తరవాత పవన్ కళ్యాణ్ రా  చిరు సర్ ఆయన Vఏర leval జై బాలయ్య,non-hate,0.7662988949615183,0.23370110503848174,0.7662988949615183
371,non-hate,telugu_script,Eన్నిసర్లు చుసిన చుదలనిపిన్చే great స్చేనే idi,hate,0.6467107631479739,0.6467107631479739,0.35328923685202607
372,non-hate,telugu_script,సూపర్ డ్యాన్స్ మాస్టర్ జానీ,non-hate,0.9188830628594268,0.08111693714057322,0.9188830628594268
373,hate,telugu_script,Ammai ని పత్తుకోని కవలిస్సిన్ధి konuko అని anta vurukuntunda,hate,0.7477825765526929,0.7477825765526929,0.2522174234473071
374,hate,telugu_script,నీలాంటోళ్లు పాలమ్మిన వాళ్లు చాలామంది ఉన్నారు వాళ్ళకి ఎందుకు రావడం లేదు అదృష్టం .... అన్ని దొంగ పనులు చేసినవ్,hate,0.5482732559572847,0.5482732559572847,0.45172674404271534
375,non-hate,telugu_script,Eఏ styles and mannerisms present అన్దరు వదుథున్నరు మన industry లో,non-hate,0.7744853575712759,0.2255146424287241,0.7744853575712759
376,non-hate,telugu_script,"నేను చూసిన వేలాది ఫన్నీ వీడియోలల్లనే టాప్ 1 లేడీ ఆక్షన్ వీడియో ఇది .,,,అమ్మాయి ఆక్షన్ సూపర్",non-hate,0.8897080936383471,0.11029190636165287,0.8897080936383471
377,non-hate,telugu_script,ఏలాన్తి sannasi మతలు వినలని మకు ledu mundu సరి గ matladu mariyada ఇచి పుచుకోవలే అన్థేగని టేలన్గన slag ఆని మేమిలగే మత్లద్థ mante వేరే పర్తిల తేలన్గనోల్లు kada,hate,0.6256392058442048,0.6256392058442048,0.3743607941557952
378,non-hate,telugu_script,Sir Arun Kumar గరు మీకు hrudayapurvaka namaskaramulu.sir నేను kuda Kapil చిత్ లో చిత్ ఓనే L.. వేసను .chit purti ayipoyindi.nene kakunda ma బ్రోథేర్ చేత friends చేత kuda veyinchaanu.but ఇప్పరికి amont ఇవ్వతమ్ ledu.amont adigite దనిలోనే fixid deposit cheyyamantunnaru. consumer court కి velte baguntunda.plz salaha ఇస్తరని ఆసిసున్నను,hate,0.6397990492045198,0.6397990492045198,0.36020095079548015
379,hate,telugu_script,మోహన్ బాబు గారు కొన్ని ప్రశ్నలకు సమాధానం చెప్పలేక బిక్కమొహం వేశాడు. నీళ్లు నములుతున్నాడు,hate,0.5938242317011544,0.5938242317011544,0.40617576829884566
380,hate,telugu_script,Roja నికు minister ఇచిన్ధి ha శక కి నయమ్ చేయ్స్తవ్ ani. ఛీర లు పమ్పల మికు antey అనమ్ గరు cutdrawer లు పమ్పల annadu saripoyindha. Power ఉన్నన్థ వరకు baganey untundhi.,non-hate,0.5198192129046031,0.4801807870953969,0.5198192129046031
381,hate,telugu_script,Eఏ over action ke... షన్కా naakadu.. Kada. ఆయినా బుద్ది రా ledu,hate,0.8407022361720091,0.8407022361720091,0.15929776382799088
382,non-hate,telugu_script,Orey baffun గా చోల్లేగే fీస్ లు థక్కువ్వ చేస్థీ నీ ముకనికి adi చలూ,hate,0.7283042696663368,0.7283042696663368,0.27169573033366323
383,hate,telugu_script,BJP Sanka నకు తీన్మర్ వర్తలు,hate,0.6450889607210295,0.6450889607210295,0.35491103927897055
384,non-hate,telugu_script,Rip sir.... ఆత్మ కి శాంతి కలగాలని కోరుకుంటున్నాను....మన దేశంలో ఉన్నది ఇలాంటి బడా పారిశ్రామికవేత్తలు సార్.,non-hate,0.8811217139726069,0.11887828602739314,0.8811217139726069
385,non-hate,telugu_script,ఇటువంటోళ్లు మంత్రులుగా ఉండడం తెలంగాణ చేసిన దురదృష్టం,non-hate,0.6274149151786831,0.3725850848213169,0.6274149151786831
386,hate,telugu_script,ట్వరలో తేలుగోల్లన్త పిచోల్లవుతారు,hate,0.8505614341924209,0.8505614341924209,0.14943856580757905
387,non-hate,telugu_script,Next generation చల స్త్రోన్గ్ గ ప్రేపరే చేస్థున్నరు,non-hate,0.5250586751614877,0.47494132483851226,0.5250586751614877
388,non-hate,telugu_script,వామ్మో సూపర్ చిట్టి థల్లి ️ ఆక్షన్ కే ప్రాణం పోసెల అన్నవ్ రా mummy,non-hate,0.803606125933121,0.19639387406687903,0.803606125933121
389,non-hate,telugu_script,కుత్త పగులుద్ది ఎవడైనా(any party/any ఓథేర్ fans) ఎన్టీఆర్ అన్న ని తక్కువ చేసి మాట్లాడితే,hate,0.5273162186636964,0.5273162186636964,0.47268378133630357
390,hate,telugu_script,Edi over action,hate,0.7367399525577449,0.7367399525577449,0.2632600474422551
391,hate,telugu_script,"ఛి చి నీకు అన్చోరిన్గ్ evadu nerponchondo....farmers ని అర్రేస్త్ చేసినరు ante...safety కి antava,intha దిక్కుమాలిన answer ఏమిన vuntada asalu,ante అన్యయమ్ jarigindi ఆని చేప్తే అర్రేస్త్ లు chestaru,ala అర్రేస్త్ చేయ్యదమ్ చోర్రేచ్త్ అన్తవ nv",hate,0.6890823515897553,0.6890823515897553,0.3109176484102447
392,non-hate,telugu_script,గెటప్ శీను వావ్ సూపర్ మాన్ మెగాస్టార్ బాడీ లాంగ్వేజ్ యాస్ ఇట్ ఇస్ దించేసావు సూపర్,non-hate,0.820298833896482,0.17970116610351805,0.820298833896482
393,non-hate,telugu_script,షుధీర్ ని తిమిన్గి తిమిన్గ్ అన్న,hate,0.5536092386999242,0.5536092386999242,0.4463907613000758
394,non-hate,telugu_script,తెలుగు లో ఉన్నా అన్ని వ్లోగ్ ఛానెల్ వాళ్లని ఏసుకున్న NTB ఆన్న కి ధన్యవాదాలు..,non-hate,0.8425436693109478,0.15745633068905218,0.8425436693109478
395,hate,telugu_script,అబద్ధానికి పెద్ద నోరు ఉంటుంది,hate,0.5773572105239853,0.5773572105239853,0.42264278947601475
396,non-hate,telugu_script,"ఘడ్డగా మరీ మనావర్ గానికి కూడా చెప్పు హిందూ దేవుళ్ళ పైన జోకులు చేయొద్దని, మరి వాని షో కు పర్మిషన్ ఇవ్వకుంటే ఇవన్నీ కాకుండె కదా",hate,0.7945678102816882,0.7945678102816882,0.2054321897183118
397,non-hate,telugu_script,ఎందుకు sir అయిపోయిన పెళ్లికి మేళాలు!!! వదిలేయండి sir. ఇద్దరూ ఇలా తిట్టుకోవడం జనాలకి వినోదం అయిపోయింది sir,hate,0.5789674988218485,0.5789674988218485,0.4210325011781515
398,hate,telugu_script,ఇత్లన్తివి ఎందుకు చేస్తారండి మీరు రోత్త చినేమలు matrame చేస్తరు sir meeru... అన్య్ way .. అయిన మీరన్తే నాకిస్తమ్ sir,hate,0.5952152757514202,0.5952152757514202,0.40478472424857986
399,hate,telugu_script,ఇష్టం లేని జాబ్ చేస్తునట్టు ఉంది ప్రభాస్ ఫేస్,non-hate,0.6807555271186755,0.3192444728813245,0.6807555271186755
400,non-hate,telugu_script,Power star.....anedi oka brand....evadu పదిథే vadu power star kadu...kaledu...king okkade power star okkale...only powerful power star pavan Kalyan okkade,non-hate,0.8182613484636985,0.18173865153630153,0.8182613484636985
401,non-hate,telugu_script,ంఆ అల్లు aravind గరి comedy super అల్లు sir plz మీరు movies లూ act చేయన్ది,non-hate,0.5726030706327582,0.42739692936724183,0.5726030706327582
402,hate,telugu_script,ఇనుము ఇనుముని️ కాదు ఎనుము ఎనుముని అనాలి,hate,0.5065579370263809,0.5065579370263809,0.49344206297361914
403,hate,telugu_script,మల్ల మన్చి ఏర్రి పుకు vodu,hate,0.801056466417269,0.801056466417269,0.19894353358273098
404,hate,telugu_script,పేదవాడు కి  జగన్ గారు  ఎ మంచి  పని చేస్తున్న  దానికి  కోర్టులో  కేసులు పెట్టి  న.  బొల్లి గాడు కీ  ఓటు ఎవరు వెయరు,hate,0.6684656748428321,0.6684656748428321,0.3315343251571679
405,hate,telugu_script,Dance రాని ధన్ని dance జుద్గే గ పేత్తరు,hate,0.7373131990156458,0.7373131990156458,0.2626868009843542
406,non-hate,telugu_script,ఛల ante చల bagundi బ్రో,hate,0.6320324158838849,0.6320324158838849,0.3679675841161151
407,non-hate,telugu_script,Are o నువ్వు సోల్లు ఆపు థమ్మి,hate,0.754468436626649,0.754468436626649,0.24553156337335108
408,non-hate,telugu_script,నోటి తెగులు అని రాసావ్ కదరా. మీ ఛానల్ కన్నా నోటి తెగులు ఎవరికీ ఉంటాది.,hate,0.6739054602913714,0.6739054602913714,0.3260945397086286
409,non-hate,telugu_script,friendly గ annadu,non-hate,0.9033276657826259,0.09667233421737409,0.9033276657826259
410,hate,telugu_script,పొరపాటున మళ్ళీ గానీ రాజశేఖర్ రెడ్డి గారు వస్తె కుర్చీ పొద్దని తీసుకెళ్ళి కూర్చోబెట్టడు,hate,0.6311909831809912,0.6311909831809912,0.36880901681900874
411,non-hate,telugu_script,వాళ్లూ ఎలా ఉంటే మనకు ఎందుకు వాళ్ళ సొంతవిశాయలు,hate,0.5861393437919002,0.5861393437919002,0.4138606562080998
412,non-hate,telugu_script,"Ycp లో మీరు emi చేయలేరు
Jsp లో నీకు నఛినత్తు వున్దవఛు",hate,0.7299577222070182,0.7299577222070182,0.2700422777929819
413,hate,telugu_script,పవన్ కళ్యాణ్ మూవీస్ లో హీరో... రాజకీయం లో ' 0',non-hate,0.8593841916528546,0.14061580834714538,0.8593841916528546
414,non-hate,telugu_script,మొత్తం చూసా నిజాయతీ గా వున్నాయి ప్రశ్నలు జవాబులు..సూపర్ బై రెడ్డి సిద్దార్థ్ రెడ్డి,non-hate,0.8146494325342504,0.18535056746574963,0.8146494325342504
415,non-hate,telugu_script,"RK గారు, సగం మీరే మాట్లాడేస్తున్నారు, దయచేసి అవతలివాళ్ళని పూర్తి గా మాట్లాడనీయండి.",non-hate,0.5566597463883867,0.44334025361161333,0.5566597463883867
416,non-hate,telugu_script,ంఅన్చు family కి inka respect undi ante adi only నీ వల్లే manoj అన్న,non-hate,0.710235045063984,0.28976495493601595,0.710235045063984
417,non-hate,telugu_script,Gోద్fథేర్ మరో  Pan India Bలోచ్క్ buster చోమిన్గ్ సూన్ జై చిరంజీవ,hate,0.6445833730367899,0.6445833730367899,0.3554166269632101
418,non-hate,telugu_script,ంఏకు kuda మన్చి బవిసథ్ unntadi,hate,0.7191896965425302,0.7191896965425302,0.2808103034574698
419,hate,telugu_script,"Bహుథులు gurinchi, దోఉబ్లే మేఅనిన్గ్స్ గురిన్చి nuv మత్లదోధు anusuya plz",hate,0.6424639651874988,0.6424639651874988,0.3575360348125011
420,non-hate,telugu_script,ఎన్ని సార్లు చూసిన చూడాలని అనిపించే స్పీచ్,non-hate,0.825811835083579,0.17418816491642097,0.825811835083579
421,non-hate,telugu_script,Eవదికి vadu అచ్తిన్గ్ ఏరగ తిస్తున్నరు,hate,0.7737792015930156,0.7737792015930156,0.22622079840698436
422,non-hate,telugu_script,ంఅన్చు Family Pఅరువు kapade ంఅనిశి ణువ్వు Okkade అన్న,hate,0.7478297475801924,0.7478297475801924,0.2521702524198076
423,hate,telugu_script,నువ్వు ఒక్క రోజు జబర్దస్త్ లో బాలయ్య బాబుతో ఫోన్లో మాట్లాడలేదా వే,non-hate,0.5840533626006713,0.4159466373993287,0.5840533626006713
424,non-hate,telugu_script,మేము ప్రజలకి ఫలానాది చేస్తామని చెప్పుకొని ప్రజల్లోకి రావాలి ఏ బొక్క లేదు వచ్చి ఏం పీకుతారు,non-hate,0.7424651564561853,0.25753484354381473,0.7424651564561853
425,non-hate,telugu_script,ఇంత పరిజ్ఞానం ఉన్న సీఎం ఆంధ్రకి సీఎం కావడం ఎన్నో జన్మల పుణ్యం,non-hate,0.9325340877773615,0.06746591222263854,0.9325340877773615
426,hate,telugu_script,లైక్ లు కొట్టేవాళ్ళు ఎక్కువా కానీ ఓట్లు వేసేవాళ్ళు చాలా తక్కువా,non-hate,0.5201555282397373,0.4798444717602627,0.5201555282397373
427,non-hate,telugu_script,Ka pal గరు మిరు super,non-hate,0.5260385987777029,0.47396140122229713,0.5260385987777029
428,non-hate,telugu_script,క్షవరం అయితే గానీ వివరం తెలియదు లెండి.... పృధ్వీ గారు,non-hate,0.8274430405287135,0.17255695947128646,0.8274430405287135
429,non-hate,telugu_script,ప్రషు వాళ్ళ డాడీకి ఒక లైక్ కొట్టండి,non-hate,0.6047896429905162,0.3952103570094838,0.6047896429905162
430,hate,telugu_script,ఆఆ చీర ఏత్థి గుద్దలో పేత్తర be నీ మోగ్గ ని,hate,0.7592824300945583,0.7592824300945583,0.2407175699054417
431,non-hate,telugu_script,"రమేష్ మాస్టర్ డ్యాన్స్ ప్రాక్టీస్ సూపర్, ఇదీ పద్దతి",non-hate,0.8627993518377574,0.13720064816224264,0.8627993518377574
432,hate,telugu_script,ణీలన్తి  వల్లు  వల్ల  nijame అయిన దేవునుకి  అవమనమ్ జరుకుతున్ధి,hate,0.7307244861227746,0.7307244861227746,0.26927551387722537
433,non-hate,telugu_script,కోడలు పిల్ల మా కొడుకు నీ పెళ్లి చేసుకుంటావా కట్నం ఏం వొద్దు మేమే ఇష్టము కావాలంటే,hate,0.7633859388650046,0.7633859388650046,0.23661406113499533
434,hate,telugu_script,ఆన్చోర్ be like: పిచి న క్ద్క్ల్ని అన్ధరు ikkade ఉన్నరు,hate,0.5440053096704771,0.5440053096704771,0.45599469032952283
435,non-hate,telugu_script,అసలు ఏం ఉంది రా అక్కడ పొట్ట ఒకటి ఉంది అక్కడ,hate,0.549534914038102,0.549534914038102,0.45046508596189805
436,non-hate,telugu_script,మీకు అస్సలు em మత్లదలో kuda తేలిధు edo వాగాలి వాగుథారు nv పేద్ద leader వి nv చేప్పిన్ధే నిజమ్ ఏన్దుకు పనికి మాలిన debate లు,hate,0.6071324015646204,0.6071324015646204,0.3928675984353795
437,non-hate,telugu_script,"మల్లారెడ్డి అంతడబ్బు రేవంత్ రెడ్డికి ఇచ్చారు అంటే...  మల్లారెడ్డి ఎన్ని వేల కోట్ల డబ్బు అవినీతిగా సంపాదించి ఉంటాడు...
సక్రమంగా సంపదిస్తే ఎవ్వరికి ఇవ్వనవసరం ఉండదుగా....
రేవంత్ ఒక్కడికె కాదు..ప్రజలందరికీ నీ అవినీతి డబ్బు పంచాలి..
అప్పుడు ఎవ్వడు బ్లాక్ మెల్ చేయడు.",non-hate,0.6636402779242669,0.33635972207573306,0.6636402779242669
438,hate,telugu_script,oka ammai వి వున్ధి నథో argue చేస్థవ పుకు మోసుకోని inti పనులు చేయి,hate,0.7041647896306856,0.7041647896306856,0.29583521036931437
439,hate,telugu_script,ఆన్థ energy గుద్ధలో nundi vastundi,hate,0.6954603129885262,0.6954603129885262,0.3045396870114739
440,hate,telugu_script,bonda uma kukka ఏసగ mafia కిన్గ్,hate,0.7916738897558414,0.7916738897558414,0.2083261102441586
441,hate,telugu_script,Pఅదవి కోసమ్ penta ఇన tintadu,hate,0.888051505858365,0.888051505858365,0.11194849414163496
442,hate,telugu_script,Kcpd men's కుథ చ్న్పి పద్దేన్గుథ,hate,0.6252094527090241,0.6252094527090241,0.37479054729097594
443,hate,telugu_script,Vఈదేమ్మ వీది ల్స్స్గే waste ధి,hate,0.7097141244137266,0.7097141244137266,0.2902858755862734
444,hate,telugu_script,vijay మల్ల్య nirav modi కపదిన్ధి bjp మల్ల ha బాతే శహ్ gadu nak ఏమ్తేలిధు అన్తరు,non-hate,0.5194748167984202,0.4805251832015798,0.5194748167984202
445,hate,telugu_script,కేసీఆర్ కేబినెట్లో మీటింగ్ లేదు బొచ్చు లేదు,non-hate,0.5231261298283644,0.4768738701716356,0.5231261298283644
446,hate,telugu_script,"atleast అక్కదైన వుద్యోగమ్ vacchindi,chaala మన్దికి adi సమ్పదిన్చే స్చేనే ledu లే బ్రో",hate,0.8079867662877624,0.8079867662877624,0.1920132337122376
447,hate,telugu_script,Eఏ ఱశ్మి కి roju రోజుకి ధేబ్బలు గత్తిగానే గుధుథున్నరు,hate,0.6911816752624447,0.6911816752624447,0.3088183247375554
448,hate,telugu_script,ఱయలసీమ సిమ్హమ్ పరితల ఱవి తేలుగురశ్త్రల devudu NTR but family members of బోథ్ హవే ఉత్తేర్ల్య్ failed to చర్ర్య్ the legacy of థేసే బోథ్ in థేఇర్ రేస్పేచ్తివే రన్గే and categories,hate,0.6132780039725871,0.6132780039725871,0.38672199602741286
449,hate,telugu_script,ఆన్థ fake ey సోలు గలు బగ ఏకువ అయరు,hate,0.7992363409337582,0.7992363409337582,0.20076365906624188
450,non-hate,telugu_script,"ంఉస్తచే కోసమ్ wait చేసి untadu,inni రోజులు ఈ video cheyadaniki,enthaina నే dedication కి hats off బ్రో",hate,0.6283002137373244,0.6283002137373244,0.3716997862626757
451,non-hate,telugu_script,ఈ సినిమా మంచి విజయం సాధించాలి అని ఎంతమంది కోరుకుంటున్నారు.,non-hate,0.965213730252933,0.034786269747067,0.965213730252933
452,hate,telugu_script,"రాష్ట్ర విభజన హామీ ప్రకారం రైల్వే జోన్, ప్రత్యేక హోదా, చెన్నై విశాఖపట్నం సీ కారిడార్, స్టీల్ ప్లాంట్ పునరుద్దరణ మొదలగు హామీలు మిగిలే ఉన్నాయి",non-hate,0.6395666686258309,0.3604333313741691,0.6395666686258309
453,hate,telugu_script,Kama kukka,hate,0.8171637767183036,0.8171637767183036,0.18283622328169635
454,non-hate,telugu_script,కు డాన్స్ రాదు అనే స్టేజ్ నుండి డాన్స్ అంటే ఇది రా అనే రేంజ్ కి వచ్చావు జాని అన్నా,non-hate,0.705537386571874,0.29446261342812596,0.705537386571874
455,hate,telugu_script,తాత నీకు 60 పాప కీ 25యెందీరా మాకు ఈ దరిద్రమ్...?️️️,hate,0.7202782587322778,0.7202782587322778,0.27972174126772226
456,non-hate,telugu_script,Kasta పదిథే eppudu ప్రతిపలమ్ untundi.. చోన్గ్రతులతిఓన్స్,hate,0.5799429939731008,0.5799429939731008,0.4200570060268992
457,hate,telugu_script,షుల్లి ర,hate,0.8722901201280712,0.8722901201280712,0.1277098798719288
458,non-hate,telugu_script,4 లో second di tisi 1 కి 2 కి మద్యలో pedite 4 avtundi order saripotadi,non-hate,0.6028733483109322,0.3971266516890678,0.6028733483109322
459,non-hate,telugu_script,ణివేథ కోన్ని interviews లో ఆ time లో ఱజినికన్థ్ గరిథి movie చేస్తున్న idem పేద్ధ movie కనత్తు matladindhi.she was not greatful to act in PSPK's movie.,non-hate,0.682781155651246,0.317218844348754,0.682781155651246
460,hate,telugu_script,ఛర్మి కి Edo ayindi navvaleka సచిపోథున్ది,hate,0.7211064174529866,0.7211064174529866,0.27889358254701335
461,hate,telugu_script,దయచేసి ఎవరైనా ముందు వీడిని మెంటల్ హాస్పిటల్ కి తీసుకువెళ్లండి వీడు ఎవరెవరిని ఏం మాట్లాడుతుందో అర్థం కావట్లేదు ఈ నా కొడుక్కి పిచ్చి పట్టింది,hate,0.6650899855149051,0.6650899855149051,0.3349100144850949
462,non-hate,telugu_script,పవన్ కుపరువుపొటమే నితికిఎతిరెకంగపొరడుతునడు అయనకుమచిదికదు  జగన్ నిలంటొడుకదు జగన్ దేవుడులంటివడు,hate,0.8077808232154138,0.8077808232154138,0.19221917678458628
463,non-hate,telugu_script,The great honest true leader Pawan Kalyan sir cm కవలి న్యయమ్ జరుగుథున్ధి ap ప్రజలకి sir,non-hate,0.9253130654354579,0.07468693456454212,0.9253130654354579
464,non-hate,telugu_script,"Pఏల్లి మీద నకు చల dreams, respect వున్దేధి itlanti interviews చుసినప్పుదల్ల పేల్లి చేసుకోకున్ద vundadame మన్చిది అనిపిస్తున్ధి",hate,0.7554287339350465,0.7554287339350465,0.24457126606495344
465,non-hate,telugu_script,ంఅరి అత్లున్తధి క్రిథి brm  థోని  అన్ధమ్ ante మినిమమ్ అత్త,non-hate,0.6053380398012538,0.3946619601987462,0.6053380398012538
466,non-hate,telugu_script,హ్యట్సాఫ్ పోలీస్ సర్,non-hate,0.6695955207441175,0.33040447925588246,0.6695955207441175
467,non-hate,telugu_script,నా బంగారం... ఆ నవ్వులోనే ఉంది అన్న మా సంతోషం,non-hate,0.7770710169811383,0.22292898301886166,0.7770710169811383
468,hate,telugu_script,ఱీ babu ణని Gా నేకు ఏఅదుకు ఱ అవసరమ్  vajaya Sai  చప్పలి ha విసయమ్ నేవు ఏఅదుకు నేకు అవసరమ్ eamiti,hate,0.6577152278093643,0.6577152278093643,0.34228477219063574
469,non-hate,telugu_script,రాజు గారు మీరు సూపర్ సార్ బాహుబలి రఘు రామ్ రాజ్ సూపర్ సార్ పులి అంటే మీరు సార్,non-hate,0.9880389611975661,0.011961038802433932,0.9880389611975661
470,non-hate,telugu_script,మీరు కొనుడు కాదు సారు నీ బిడ్డలాంటి ప్రజలు కొనాలి,hate,0.5740082626640277,0.5740082626640277,0.4259917373359723
471,non-hate,telugu_script,కింగ్ ఇస్ బ్యాక్,non-hate,0.724807620382371,0.275192379617629,0.724807620382371
472,non-hate,telugu_script,ణని fans ante మమోలుగ ఉన్దధు మరి super లోవే you నని లోవే you,hate,0.6232085622240687,0.6232085622240687,0.37679143777593127
473,hate,telugu_script,ణికు yevadu ర చేయ్యమన్నదు,hate,0.6367566303013517,0.6367566303013517,0.3632433696986483
474,hate,telugu_script,E vedio చుసి నేను చేసుకోవాల్సి vastundi ఇన్కా చాలు,hate,0.6413352663232983,0.6413352663232983,0.35866473367670165
475,non-hate,telugu_script,Fఉల్ల్ clarity థో ఉన్నరు and చోర్రేచ్త్ గ చేప్పరు ... movies లో fan fోల్లోవిన్గ్ వేరు ...real life లో fan fోల్లోవిన్గ్ వేరు ..,hate,0.5635807390364145,0.5635807390364145,0.4364192609635855
476,non-hate,telugu_script,కాపీ కాకుండా వేరే ట్రై చేసే సూపర్ విజయం నీదే పిల్లి డుడ్,non-hate,0.6257080047160165,0.3742919952839835,0.6257080047160165
477,non-hate,telugu_script,Vఇల్లగే  పిల్ల  నీవు super,hate,0.63551642153855,0.63551642153855,0.36448357846144996
478,non-hate,telugu_script,దత్తపుత్రుడికి ఇంకా సిగ్గు రాలేదు,hate,0.5685171718364463,0.5685171718364463,0.4314828281635537
479,non-hate,telugu_script,ఇంత తెలివైన ముఖ్యమంత్రి ని ఎన్నుకున్నారు,non-hate,0.7084637622126607,0.2915362377873393,0.7084637622126607
480,hate,telugu_script,Waste fేల్లోవ్ he did నోథిన్గ్ for తేలేన్గన,hate,0.7779878067027903,0.7779878067027903,0.2220121932972097
481,non-hate,telugu_script,Vఆదు fీల్ avvadu... Vఆది answer కి nuv అవ్థవ్,hate,0.6293181733399137,0.6293181733399137,0.3706818266600863
482,non-hate,telugu_script,కల్యాణ్ దిలీప్ సుంకర గారు చాలా చక్కగా వివరించారు. ధన్యవాదాలు.,non-hate,0.9912082232965364,0.00879177670346365,0.9912082232965364
483,hate,telugu_script,నువ్వు poyyi modi మోద్ద చేకు mms oka great econmist అని ప్రపమ్చమ్ అనుకోన్ధి అన్తను lekunte india లేధు,non-hate,0.5219008636438837,0.47809913635611634,0.5219008636438837
484,hate,telugu_script,ఆమె నీ తల్లి అయితే ఇలాగే చేస్తావా,non-hate,0.5815805043614404,0.4184194956385596,0.5815805043614404
485,hate,telugu_script,",విస్వక్ గాడికి బాగా ఎక్కువైంది.ఇది మంచి పద్ధతి కాదు",hate,0.53939108049802,0.53939108049802,0.46060891950198
486,non-hate,telugu_script,ఇంత ఫిట్ బాడీ ఉండి అప్పు అన్న అల మరణించడం బాధగా ఉంది,non-hate,0.8182682924333856,0.1817317075666144,0.8182682924333856
487,hate,telugu_script,షూతిన్గ్ leka mind dobbindi .court శోఉల్ద్ consider థిస్ issue .if students take him as inspiration థేన్ what విల్ల్ happen. Is it చోర్రేచ్త్ .pls consider it,non-hate,0.5005022291370312,0.49949777086296876,0.5005022291370312
488,hate,telugu_script,ష్కేత్చ్ వేసింది ఎవరో కూడా చెప్పండి (దమ్ము ఉంటే),hate,0.5530815512670402,0.5530815512670402,0.4469184487329598
489,non-hate,telugu_script,"The చోఉరగే to be disliked"" ఈ బూక్ summary చేయ్యన్ది anna.",hate,0.5964362142163021,0.5964362142163021,0.4035637857836979
490,hate,telugu_script,Ntr కధు bey ntr గరు గివే respect,hate,0.9362587455288838,0.9362587455288838,0.06374125447111625
491,non-hate,telugu_script,ఎక్కడికి పోతోంది మన సంస్కృతి,non-hate,0.528215510247348,0.47178448975265197,0.528215510247348
492,non-hate,telugu_script,పోనీ ఆంధ్రప్రదేశ్ కు separate కరెన్సీ నోటు పెట్టీ నోట్లు గుద్దు జగన్ అన్న గాంధి గారి ఫొటో బదులు నీ ఫొటో పెట్టు అన్న,non-hate,0.5555917994479991,0.4444082005520009,0.5555917994479991
493,non-hate,telugu_script,Super ంఅదమ్  dance  చల బగవేసరు,hate,0.6065567232351264,0.6065567232351264,0.39344327676487356
494,hate,telugu_script,జగన్ శరీరంలో అణువు అణువు రొజక్కకు బాగా తెలిసినట్లుందే,hate,0.7598241909804019,0.7598241909804019,0.2401758090195981
495,hate,telugu_script,"తల్లి నువ్వు నవ్వొద్దు, ఆ ముఖంలో మూతి తప్ప ఏమి కనిపించదు మాకు",hate,0.656277041248161,0.656277041248161,0.343722958751839
496,hate,telugu_script,టీస్కేల్లి railway station లూ పదేయన్ది,hate,0.8905798519874012,0.8905798519874012,0.10942014801259882
497,non-hate,telugu_script,డబ్బా రాయుడు మన పెద రాయుడు మొత్తం మీద మేక పోతు గాంభీర్యం కనపర్చాడు ఫసక్,hate,0.7364542367122082,0.7364542367122082,0.2635457632877918
498,non-hate,telugu_script,మీరు మీ లాంటి వారు రాష్ట్ర నికి చాలా అవసరం,non-hate,0.9014482690724281,0.09855173092757186,0.9014482690724281
499,non-hate,telugu_script,కాదన్నా నవ్వి నవ్వి చచ్చిపోతే ఎవరు రెస్పాన్సిబిలిటీ అన్నా సూపర్ అన్న,non-hate,0.7358887934722163,0.26411120652778375,0.7358887934722163
500,non-hate,telugu_script,Super సేత్తిఅన్ది voice to video,non-hate,0.6737938422379903,0.3262061577620097,0.6737938422379903
501,hate,telugu_script,Over action అపన్ది రా Babu,hate,0.6336722221001907,0.6336722221001907,0.36632777789980936
502,non-hate,telugu_script,అన్నయ్య వదిన. ఎప్పుడు హ్యాపీ గా వుండాలి,non-hate,0.7613038713021556,0.2386961286978444,0.7613038713021556
503,hate,telugu_script,Pఇచ్చోదిని interview ఏన్ధుకు చేస్థున్నరు may be TRP kosama,hate,0.5178306754263305,0.5178306754263305,0.48216932457366946
504,non-hate,telugu_script,ఈ పాట విన్నపుడల్లా SPB గారే మళ్ళీ తిరిగొచ్చి పాడారు అనిపిస్తుంది,non-hate,0.7520829979865669,0.24791700201343314,0.7520829979865669
505,hate,telugu_script,కోతులు దిగేదానికి ఇంత bulid up ఆఅ,hate,0.8914699986312773,0.8914699986312773,0.10853000136872275
506,non-hate,telugu_script,Pఉన్చ్ veyyalantay...Sunil అన్న tharuvathayee...yavarina...,non-hate,0.6702804238826451,0.3297195761173549,0.6702804238826451
507,hate,telugu_script,"jai kumar next నీ amma నీ ,sisters నీ అన్ధర్ని పేత్తి prank థేస్థదు vadu wait",hate,0.5588859789198826,0.5588859789198826,0.44111402108011744
508,hate,telugu_script,Eలగైన vastadu మీ ధులా thirustadu.,hate,0.6953528893579732,0.6953528893579732,0.3046471106420268
509,hate,telugu_script,కంట్లో దురద పెట్టింది కాబట్టి సరిపోయింది,hate,0.6305836889186022,0.6305836889186022,0.36941631108139783
510,hate,telugu_script,Raja షిన్ఘ్ నువ్వు ని కర్ర తగుబ్థు మోకమ్ నీకు మోఖమ్ నువ్వు మ్ల ఏల అయ్యవు,hate,0.7863869870169166,0.7863869870169166,0.2136130129830834
511,non-hate,telugu_script,"ంఅన్చి cinema ని ప్రథి ఓక్కరు aadaristaru,all the best nikhil, హవే a బ్రిఘ్త్ future",non-hate,0.8526819411066708,0.14731805889332916,0.8526819411066708
512,non-hate,telugu_script,నువ్వు చాలా చాలా బాగున్నావు. పర్ఫెక్ట్ గా ఉన్నావ్.. మీరు నాకు నచ్చారు,non-hate,0.9742512629692904,0.025748737030709568,0.9742512629692904
513,hate,telugu_script,Vedi నథినకోదక,hate,0.7000103120464873,0.7000103120464873,0.2999896879535126
514,hate,telugu_script,ంఈరు Gopi Goda మీద పిల్లి అన్న మాత ఏదవ,hate,0.7864284300046099,0.7864284300046099,0.2135715699953901
515,non-hate,telugu_script,ణకు ప్రభస్ అన్న ento రన అన్న kuda antey,hate,0.5860896704429708,0.5860896704429708,0.4139103295570292
516,non-hate,telugu_script,ఈలన్తివి కాధ ఈ generation కి ఇన్స్పిరిన్గ్ untadhi...plz do మోరే,non-hate,0.5337420282969955,0.46625797170300454,0.5337420282969955
517,non-hate,telugu_script,పోలీస్ ఫారెస్ట్ డిపార్ట్మెంట్ 2కలసి పోరాడారు పాపం దాని బారి నుండి ప్రజల్ని,non-hate,0.5533926570178077,0.4466073429821923,0.5533926570178077
518,hate,telugu_script,భజన భజన బ్యాచ్ ఎక్కువ అయిపోయారు పవర్ స్టార్ కి పాపం,non-hate,0.7482398066124819,0.2517601933875181,0.7482398066124819
519,hate,telugu_script,నోరు ముయ్. వాడు పరిపాలనా చేతగాని వాళ్లకి అన్న... అంతే.,hate,0.7966303607690967,0.7966303607690967,0.20336963923090337
520,hate,telugu_script,"Pఅరితల ను నువ్వే సమ్పినవు రా నేన్ను gaali, వాన devudu సమ్పీదు",hate,0.789348083065415,0.789348083065415,0.21065191693458496
521,hate,telugu_script,Wఅశిన్గ్ powder NIRMA నీవు మా ముక్యమన్త్రి అవదమ్ మా Kాఱ్ఱ్ంఆ,non-hate,0.5561419728203064,0.4438580271796936,0.5561419728203064
522,hate,telugu_script,​political fit కకపోథే బయపదతమ్ ఏన్దుకన్ది,hate,0.7796752802792875,0.7796752802792875,0.2203247197207125
523,hate,telugu_script,Pఈథ … idokA Lavada లో buildup,hate,0.7039876155458775,0.7039876155458775,0.29601238445412253
524,hate,telugu_script,Marea srihan పక్కన మోద్దగుద్వల,hate,0.7401066998722272,0.7401066998722272,0.25989330012777273
525,hate,telugu_script,Rey అర్రిపుకు అధి munda సోల్లు apu ర,hate,0.5182692655273091,0.5182692655273091,0.4817307344726909
526,hate,telugu_script,ఇలా వాగే ఛీ అని పరిశ్రమ పెద్దలు దూరంగా పెట్ట రు మహేష్ మళ్ళీ దరిద్రని మళ్ళీ స్టేజీ మీదకు తెచ్చాడు 20సం చిరు చాలా నష్టపోయారు,non-hate,0.6129255594018551,0.3870744405981449,0.6129255594018551
527,non-hate,telugu_script,Me కస్తమ్ పలిన్చలి sir,hate,0.8751702064957886,0.8751702064957886,0.12482979350421139
528,hate,telugu_script,మొత్తానికి యూట్యూబ్ నే కాపురం చేయరా మీకు మా బుద్ధిలకు మానాల్లో లేదు,hate,0.6481683765380435,0.6481683765380435,0.3518316234619565
529,hate,telugu_script,Audience be like :- Bఏన్గు ! ఆథి బేన్గకు,non-hate,0.5541491391335608,0.4458508608664392,0.5541491391335608
530,non-hate,telugu_script,ఎంత నవ్వు వచ్చిందో .  సూపర్ స్పీచ్ అన్న.,non-hate,0.9174340401542312,0.08256595984576875,0.9174340401542312
531,non-hate,telugu_script,40 సంవత్సరాలు రాజకీయ అనుభవం,non-hate,0.6872207727151755,0.31277922728482455,0.6872207727151755
532,hate,telugu_script,ఓహో ఈ నిజాయితీపరుడైన రవి ప్రకాష్ లో పవన్ లక్షణాలు ఉన్నాయా,non-hate,0.9418655497014208,0.05813445029857922,0.9418655497014208
533,hate,telugu_script,West మోకలు మోథమ్ జుద్గే లా,hate,0.8963239924776212,0.8963239924776212,0.10367600752237884
534,hate,telugu_script,ఢని పన్ధి మోహమ్ చుసి శోచ్క్ అవుథద,hate,0.7718664249653244,0.7718664249653244,0.22813357503467555
535,hate,telugu_script,ని పేల్లమ్ పుకు దేనుగుథ  ma అన్న అన్నవు ante,hate,0.7071286651393751,0.7071286651393751,0.29287133486062494
536,non-hate,telugu_script,liger మోవి బాగుంది but హీరో కి నత్తి ఎక్కువ గా ఉండడం వల్ల సినిమా పోయింది అంతే,non-hate,0.8473937559084294,0.15260624409157064,0.8473937559084294
537,non-hate,telugu_script,బ్యూటిఫుల్ మేడం,non-hate,0.6154523974943382,0.3845476025056618,0.6154523974943382
538,hate,telugu_script,Are మేరు మరర దప్పుకోత్తు కోవమ్,hate,0.8855154791373739,0.8855154791373739,0.11448452086262606
539,non-hate,telugu_script,దాన్ని పేరు ఏంటి ఐడి ఏంటి చపూ బ్రదర్,non-hate,0.5923160658331128,0.4076839341668872,0.5923160658331128
540,non-hate,telugu_script,సాక్షి అంటేనే అబద్దలకు చరే of అద్ద్రేస్స్,hate,0.5883358823203202,0.5883358823203202,0.41166411767967986
541,non-hate,telugu_script,"అప్పట్లో dirctors కి, కంటెంట్ రైటర్స్ కి ఉన్న హ్యూమర్ సైన్స్ ఇప్పుడు ఎవరికీ లేదు.",non-hate,0.7119320851326518,0.2880679148673482,0.7119320851326518
542,non-hate,telugu_script,ఎవ్వరు చెయ్యలేని గొప్ప పని మీరు చేశారన్న మీరు గ్రేట్ అన్నా,non-hate,0.8343280899806591,0.1656719100193409,0.8343280899806591
543,non-hate,telugu_script,మీరు చెప్పే టాపిక్ వల్ల ఉపయోగం చాలా ఉంది!,non-hate,0.8780591634846149,0.12194083651538512,0.8780591634846149
544,hate,telugu_script,"Fఇన్గేర్ప్రిన్త్ మల్లరేద్ద్య్
Pఏద్ద దోన్గ న కోద్కు",non-hate,0.609276142312406,0.390723857687594,0.609276142312406
545,hate,telugu_script,ఇపుడు కూడ తన తప్పులు ఒప్పుకోవటం లేదు.. పిచి munda,non-hate,0.5356821646002581,0.4643178353997419,0.5356821646002581
546,hate,telugu_script,ఏన్తన్ది పుసుకున్న అన్థ పేధ Mata anesav,hate,0.5246455069055487,0.5246455069055487,0.4753544930944514
547,hate,telugu_script,rgv కి సిగ్గు లేధు ammail ని oka sex దోల్ల్ లగ చూస్తహ్రు,hate,0.8364321730931534,0.8364321730931534,0.16356782690684651
548,hate,telugu_script,ఆన్థ perfect గ అయిథఏ రలేధు but try చేసరు కధ that's మోరే important,non-hate,0.6053347081225569,0.39466529187744315,0.6053347081225569
549,non-hate,telugu_script,​debate ల లో పాల్గోనే TRS నాయకులకు ఏధుతివారిని మాత్లదనీయకపోవదమ్ సమ్స్కారమ్ kaadhu.,hate,0.69404404712821,0.69404404712821,0.30595595287179
550,hate,telugu_script,Party పరన్గ vaduu. Gోదమీద పిల్లి లగ kuda వద్దు ర హోవ్ల,hate,0.882527374621241,0.882527374621241,0.117472625378759
551,non-hate,telugu_script,చాలా బాగుంది బ్రో. చిన్నపుడు ఇవి అన్ని మేము చేసాము బ్రో చాలా హ్యాపీ గా ఉంది ఈ సిరీస్ చూస్తుంటే. Best of లుచ్క్ bro.,non-hate,0.9469948422057234,0.053005157794276614,0.9469948422057234
552,hate,telugu_script,నేనూ రెండు ట్రై చేసాను సమ్మగా ఉంది,non-hate,0.824646488070526,0.17535351192947402,0.824646488070526
553,hate,telugu_script,ంఓద్ద gudu ఐథ్య్య్,hate,0.7076706360663276,0.7076706360663276,0.29232936393367237
554,hate,telugu_script,అన్ని తెలుసు పోలీస్ లకు యూనిఫామ్ ఉందన్న అహంకారం  చట్టం తెలిసిన వాడు తప్పు చేస్తే తాట తీయండి అడ్వకేట్  హక్కుల కోసం ప్రజల తరఫున పోరాడండి,non-hate,0.6042065239993701,0.39579347600062986,0.6042065239993701
555,non-hate,telugu_script,Muslims hindu దేవుల్లను ఏన్థ థిత్తిన parledhu... Kాని హిన్దువులు  ంఈ దేవుదిని థిదిథే థప్పేన్తి,hate,0.6871338805304745,0.6871338805304745,0.3128661194695255
556,hate,telugu_script,Pఇలిచి పేత్తిన్చుకున్తరు ga....TV9 కి ఈమధ్య sarada ayindi...,hate,0.6585144190717056,0.6585144190717056,0.3414855809282944
557,non-hate,telugu_script,ప్రతి ఒక ఇంటర్వ్యూ లో చాలా కూల్ గా మాట్లాడతారు. నిజాలు నిర్భయంగా చెబుతాడు. ఎవడన్నా ఏమన్నా అనుకొని నేను చెప్పేది చెప్తా అనుకునే వ్యక్తి RGV...,non-hate,0.6978891121036228,0.3021108878963772,0.6978891121036228
558,hate,telugu_script,అన్నయ్య అనే పిలుపు విని వెనక్కి తిరిగాడు,non-hate,0.5461368457697692,0.4538631542302308,0.5461368457697692
559,hate,telugu_script,alsa జనలు ఏర్రిపుక్ గలు jagan ని cm చేయదమ్ enti,hate,0.8560889195591117,0.8560889195591117,0.14391108044088835
560,hate,telugu_script,అందుకే 400 అమ్మాయిలతో sex చేశాడు,hate,0.5997295871190026,0.5997295871190026,0.4002704128809974
561,non-hate,telugu_script,Mulapeta లో 2 years చధుకున,hate,0.6337927145140805,0.6337927145140805,0.3662072854859195
562,hate,telugu_script,ఛన్చే esti చమ్పిదేన్గల vunnadu aunty నే,hate,0.8893110105146063,0.8893110105146063,0.11068898948539373
563,hate,telugu_script,"100% literacy rate ఉన్న కేరల లో నే జనలు గోర్రేలు ల unte, migilin రశ్త్రల్లో ఉన్న జనలు పరిస్థితి emito...... I fీల్ అశమేద్ బేఇన్గ్ part of థిస్ type of public",non-hate,0.57771786668555,0.42228213331444997,0.57771786668555
564,non-hate,telugu_script,"Pరభస్ కి super jodi,,,arabian bread vastundi",non-hate,0.7285727505860353,0.2714272494139647,0.7285727505860353
565,non-hate,telugu_script,ఆచ్తిన్గ్ super ఉన్ధి గ బ్రో just story లో dammu లేధ్,non-hate,0.6113059792916059,0.3886940207083941,0.6113059792916059
566,non-hate,telugu_script,ఇద్దరూ చాలా బాగున్నారు సూఊఓ క్యూట్,non-hate,0.884129336651322,0.11587066334867802,0.884129336651322
567,hate,telugu_script,ఎందుకు అల్యసాO చేస్తునవు పేటక,hate,0.7877906501367171,0.7877906501367171,0.21220934986328294
568,hate,telugu_script,Vadapav గాదు icc త్రోఫ్య్ ఏలా win ఐయ్థదూ నీను చుస్థా,hate,0.6446082640018539,0.6446082640018539,0.3553917359981461
569,non-hate,telugu_script,అన్నయ్య చెబుతుంటే నోరు ఊరిపోతున్నాది....,non-hate,0.6332748723672882,0.3667251276327118,0.6332748723672882
570,hate,telugu_script,మహానుభావుడివి సార్ నువ్వు. మేడం గారు మికో నమస్కారం. ఇద్దరు సరిపోయారు. నిజాన్ని నిర్భయంగా,non-hate,0.9528257246401659,0.047174275359834095,0.9528257246401659
571,hate,telugu_script,నువ్వు వెస్ట్ దానివి దొమ్మరి దాన ఇది ఏంటిదే,hate,0.7052087770580462,0.7052087770580462,0.29479122294195387
572,non-hate,telugu_script,"న్థ బ్రైన్వశేద్ గోర్రేలు chesthunnaru, inko వర్గమ్ enti ante bjp bots SSR influencers గ మరి యువథ ని థప్పు థోవ్వ పత్తిస్థున్నరు a",hate,0.8617205430155035,0.8617205430155035,0.13827945698449653
573,hate,telugu_script,Car top మేధేగ కుర్చుని వచిన్ధి మీ araganta ఔన్త్య్మేధ కుర్చుని కాధు గ me fans తేగ fీల్ అయ్పోథు support చేస్త్నారు మన్చి ఆతగాదివేయ్,hate,0.5094344829306774,0.5094344829306774,0.49056551706932267
574,non-hate,telugu_script,"షివ గరి స్మిలే కి fidaa..mee అన్చోరిన్గ్ super sir..nenu మచ చేప్పే Answers kante మేరు ఇచే స్మిలే నే చుస్థు undipoyanu..your voice,  your స్త్య్లే of అన్చోరిన్గ్ awaysome",non-hate,0.7831884384710802,0.21681156152891978,0.7831884384710802
575,non-hate,telugu_script,Cut paste... video cut ఆఏఇన్ధి,non-hate,0.6598644380027899,0.34013556199721007,0.6598644380027899
576,hate,telugu_script,సమన్థ oka త్రిగుబోథు lanja చై lanti mogudu వదిలేసిన్ధి,hate,0.7742006576761009,0.7742006576761009,0.22579934232389914
577,non-hate,telugu_script,"Legendary అంటేనే ntr, anr, తర్వాత చిరు.  ఆయన సినిమాలు నిజజీవితానికి అద్దం పడతాయి. యువతకు దిశానిర్దేశం చేస్తాయి. ఎవడో ఏదో అన్నంత మాత్రాన legend కాకుండా పోతారా",non-hate,0.858891050980255,0.14110894901974502,0.858891050980255
578,hate,telugu_script,బన్ది sanjay gadu amit శహ్ kukka vadu poyi vadi కాలు నకుతరు,hate,0.7415446599001124,0.7415446599001124,0.2584553400998876
579,non-hate,telugu_script,ంఉర్కులని ఏవరు emi cheyaleru...,hate,0.6856985787995081,0.6856985787995081,0.31430142120049187
580,non-hate,telugu_script,Eఏ video చుసిన్తర్వథ మీ మీద respect perigindi,hate,0.6250294249380735,0.6250294249380735,0.3749705750619266
581,hate,telugu_script,హోమ్ మినిస్టర్ 2000% UNFIT... ఆమెకి ఉన్న తెలివి కి Vఇల్లగే member కే ఎక్కువ,non-hate,0.6838935587745097,0.31610644122549025,0.6838935587745097
582,hate,telugu_script,అంటే జగన్ కు భయపడుతూనే ఉంటారు,non-hate,0.6934551042926016,0.3065448957073984,0.6934551042926016
583,non-hate,telugu_script,సిస్టర్ నువ్వు చాలా బాగా చేసావ్ అమ్మ నీలో టాలెంట్ మామూలుగా లేదు.,non-hate,0.790334569700914,0.20966543029908602,0.790334569700914
584,hate,telugu_script,kcr ధి బర్రేయ్ కర్రేయ్ ముక్కు vadu waste pm కి,hate,0.8480052974822497,0.8480052974822497,0.1519947025177503
585,hate,telugu_script,Orey మనమ్ చినేమలు చుదబత్తే వల్లు luxury గ బ్రథుకున్నరు ర,hate,0.8104532678904328,0.8104532678904328,0.18954673210956713
586,non-hate,telugu_script,Life లో ఓకస్రి ఇన కలవ్లి దర్లిన్గ్ నిన్ను,hate,0.5568391480656961,0.5568391480656961,0.4431608519343039
587,hate,telugu_script,ఏదో పెట్టేదని లేక అడిగింది,hate,0.7248547176680751,0.7248547176680751,0.27514528233192487
588,hate,telugu_script,Eర్రిపుకు మతలు బగ మత్లదథవు ర అధి నువ్వు,hate,0.7471892672586323,0.7471892672586323,0.25281073274136767
589,non-hate,telugu_script,Vammo మములోదివి kadu swamy ణువ్వు,hate,0.5463301638512532,0.5463301638512532,0.4536698361487468
590,non-hate,telugu_script,Movie లో content చల bagundi evvadu apaledu movie ని dilraju kuda,non-hate,0.6089947871670591,0.3910052128329409,0.6089947871670591
591,non-hate,telugu_script,Yenta మన్ధి stars వున్న PAWAN KALYAN YE  POWER STAR,non-hate,0.8471310918808055,0.1528689081191945,0.8471310918808055
592,hate,telugu_script,ఆధికరమ్ vunte థుగ్లక్ gadu ఏమైన చేసస్థదు,hate,0.7403141693736341,0.7403141693736341,0.2596858306263658
593,hate,telugu_script,sia వినదనికి నోత్లో మోథమ్ పేత్త vuntau పదుతధి,hate,0.782251725512499,0.782251725512499,0.21774827448750098
594,hate,telugu_script,నికు family undi gah ర jagratamma venkata,non-hate,0.5677896643755991,0.4322103356244009,0.5677896643755991
595,hate,telugu_script,కొన్ని ఆంధ్ర పందులకి బురదలోనే (ycp)ఆనందం...ఏం చేస్తాం పంది జాతి కదా అట్లాగే ఉంటది,hate,0.6341350980529006,0.6341350980529006,0.36586490194709936
596,non-hate,telugu_script,అన్నా నెక్స్ట్ మూవీ ఇంకా గట్టిగా కొట్టాలి... ఆల్ ది బెస్ట్,non-hate,0.9093707578277512,0.09062924217224877,0.9093707578277512
597,non-hate,telugu_script,మ్యూజిక్ చాలా చాలా బాగుంది..,non-hate,0.9785022001381736,0.021497799861826428,0.9785022001381736
598,non-hate,telugu_script,చీర కట్టుకుంటే చాలు ఎవరికైనా ఒక హుందాతనం వచ్చేస్తుంది.,non-hate,0.8210722596025788,0.1789277403974212,0.8210722596025788
599,hate,telugu_script,ముందు అర్రేస్త్ చెయ్యండి. వాడు షికారు చేస్తున్నాడు. వాడు ఎందుకు మీడియా ముందుకు రాలేదు.,hate,0.5819635254639297,0.5819635254639297,0.41803647453607035
600,non-hate,telugu_script,ఒక్క ఎక్ష్ప్రెషన్తొ  మొత్తం నడిపించినవ్ నువ్వు నిజంగా లెజండ్ అన్న,non-hate,0.795202033870602,0.20479796612939805,0.795202033870602
601,hate,telugu_script,ఏంది రా మాకు ఈ సోది నీ ఎపిసోడ్,hate,0.8433830581055893,0.8433830581055893,0.15661694189441067
602,non-hate,telugu_script,డిజిల్ బదులు మందు కొడితే సరిపోతుంది,hate,0.5569512245863611,0.5569512245863611,0.44304877541363885
603,hate,telugu_script,ఆ పటుకోవడం లోపలికి వెళ్లి పటుకొర బాబూ రూంలో కూర్చుని పనిచేసేయి,hate,0.8427912009251778,0.8427912009251778,0.1572087990748222
604,hate,telugu_script,పెట్టింది పది వేలు.. లాగేది 10కోట్లు,hate,0.7939020885230905,0.7939020885230905,0.2060979114769095
605,non-hate,telugu_script,నెక్స్ట్ కార్తికేయ 3 మాత్రం సముద్రం లో ఉన్న ద్వారక నగరం మిస్టరీ ...Vere level  లో ఉంటది...,non-hate,0.6366007913869782,0.3633992086130218,0.6366007913869782
606,non-hate,telugu_script,Oనే and only ంఏగ star .....Potthi leyru....Raleyru,hate,0.5722610890483024,0.5722610890483024,0.4277389109516976
607,non-hate,telugu_script,జయహో రాజాసింగ్ భారత్ మాత కి జై,non-hate,0.9492110350852849,0.05078896491471507,0.9492110350852849
608,hate,telugu_script,ఱే చర్గే అయేపోథే Eల ర Gూగ్లే open avrhundu,hate,0.8873264584101987,0.8873264584101987,0.11267354158980124
609,non-hate,telugu_script,ఆన్న మీ ష్పన్ధన బగున్ధి,non-hate,0.5816309569838489,0.4183690430161511,0.5816309569838489
610,non-hate,telugu_script,ఈడిని చూసాక....మన సంపు మీద చాలా గౌరవం పెరిగింది...,non-hate,0.8448181997681725,0.15518180023182748,0.8448181997681725
611,hate,telugu_script,"ఇది లంజలా రాజ్యం..,. కలియుగం లో లంజేలే నీతులు చెబుతారు",hate,0.5599696596861876,0.5599696596861876,0.44003034031381244
612,hate,telugu_script,"Paytm కుక్కలు ekkada, idi kuda cbn గరే plan చేసరు అన్తరేమూఓ",hate,0.7002107167058886,0.7002107167058886,0.29978928329411136
613,hate,telugu_script,Edi lanja kabate ఏల జనలను చేదకోదుతున్ది,hate,0.8657186085177857,0.8657186085177857,0.1342813914822143
614,hate,telugu_script,కోదలి నని  koja న కోదుకు మ్ల లన్కధ్నులు okati లేవు,hate,0.7553923679207595,0.7553923679207595,0.24460763207924052
615,non-hate,telugu_script,study చేసి kcr em pikindu వేలుమున్ద్ర అయిన pm position లో undu థత్ is modi,hate,0.6325486760747678,0.6325486760747678,0.3674513239252321
616,hate,telugu_script,Pఇల్ల puk comedy,hate,0.6340447308289231,0.6340447308289231,0.3659552691710769
617,non-hate,telugu_script,గెటప్ సీను అచ్తిన్గ్ యెంత మందికి నచ్చిన్ది అద్భుతం super,non-hate,0.8027781942134423,0.19722180578655768,0.8027781942134423
618,non-hate,telugu_script,అక్క నీ పాట ప్రతి ఒక్కటి అదిరిపోతుంది,non-hate,0.9520144927071413,0.047985507292858665,0.9520144927071413
619,hate,telugu_script,వచను anuko గుద్ద పలిగిపోధి,hate,0.7090062159730361,0.7090062159730361,0.29099378402696385
620,non-hate,telugu_script,శేఖర్ మాస్టర్ గారు అండ్ శ్రీముఖి గారు మీ డ్యాన్స్ బాగా అదిరింది,non-hate,0.9819275040387162,0.018072495961283797,0.9819275040387162
621,hate,telugu_script,A 1 చిల్లర రాజకీయాలు అపు...... ముందు ఇంట్లో వున్న మహీళలకు న్యాయం చేయమను.... అక్కా చెల్లెళ్ళు చేబుతారు A1 Bఅచ్ కి,hate,0.6777235651292068,0.6777235651292068,0.3222764348707931
622,non-hate,telugu_script,అల్లు అర్జున్ కి ఏక్కడో సూడి ఉ౦ది.multitalent వున్నోడు అల్లు అర్జున్ ఒక్కడే ఇన్ ఇ౦డియా,non-hate,0.5607966544910966,0.4392033455089034,0.5607966544910966
623,non-hate,telugu_script,ఓన్లీ  బై రెడ్డి సిద్ధార్థ రెడ్డి అన్నయ్య కోసం చూసినవాళ్లు like me....,non-hate,0.7351802454714671,0.2648197545285329,0.7351802454714671
624,non-hate,telugu_script,రేవంతన్న ఇచ్చిన షాక్ కి మల్లారెడ్డి కి పిచ్చి పట్టినట్టు ఉంది,non-hate,0.791673670550991,0.20832632944900897,0.791673670550991
625,hate,telugu_script,"రాష్ట్రాన్ని నకించేసి తల్లి, కుతురు సైడ్ అయిపోయారు",hate,0.7336119493152864,0.7336119493152864,0.26638805068471366
626,hate,telugu_script,ఛీ దీనమ్మ ఎందుకు రా వీడు,hate,0.8666587162481881,0.8666587162481881,0.13334128375181184
627,non-hate,telugu_script,నిను చూస్తుంటే KGF సినిమాలో ఱాఛ్K్Y్ బాయ్ గుర్తుకు వస్తున్నాడు,non-hate,0.7199954077646815,0.2800045922353185,0.7199954077646815
628,hate,telugu_script,Me Bఅథుకులు యేన్దుకు ర,hate,0.6529862346376796,0.6529862346376796,0.3470137653623204
629,hate,telugu_script,అబ్బా బొడ్డు ఇంత పెద్దగా ఉంటే బొక్క సముద్రం లాగా ఉంటాదేమో?,hate,0.6183164190616701,0.6183164190616701,0.38168358093832994
630,non-hate,telugu_script,ఃఈ Bఅగున్నర ఃఅర్శ Sai గరు  meku. ంఈ తేఅమ్ members కి happy vinayaka చవిథి,hate,0.5430275721940023,0.5430275721940023,0.4569724278059976
631,non-hate,telugu_script,మీరు దేవుడు సార్,non-hate,0.7251263239110861,0.2748736760889139,0.7251263239110861
632,non-hate,telugu_script,Aat..... తథ on fిరే,hate,0.5518489355195848,0.5518489355195848,0.4481510644804152
633,hate,telugu_script,punju వచి పిత్త ని దేన్గిథేయ్ నేను commentry చేపిజ్ర్య్ అల వున్తధి # పున్జూన్గ్గమేర్,hate,0.5867772004930452,0.5867772004930452,0.4132227995069548
634,non-hate,telugu_script,"ఆబ్బూ సిగ్గులేకున్దా vadu మత్లదిన మతలు okkadu kuda levaledu ikkada..
Just for hate in Modi how ముచ్ low can గో అన్య్వ్హేరే",hate,0.8123569810970434,0.8123569810970434,0.18764301890295662
635,hate,telugu_script,Eవద్ర ఏర్రి పూకోదు vaadu.. Duplicate gild ఏస్కుని శోవ్ ధేన్గుథున్నదు,hate,0.8544980374046506,0.8544980374046506,0.14550196259534942
636,non-hate,telugu_script,ఆఅల్లు ఈల్లు అన్దరు okkate,non-hate,0.5043192672862798,0.49568073271372015,0.5043192672862798
637,non-hate,telugu_script,రష్మిది అని చెప్పి ఆది లేకపోతే అలుగుతుంది స్త్రీల పరువుతీస్తున్నది,hate,0.6865796334221983,0.6865796334221983,0.31342036657780165
638,hate,telugu_script,Leak ఏన్ధి ర secret ఆఅ ధీ,hate,0.5017339258954978,0.5017339258954978,0.49826607410450224
639,non-hate,telugu_script,ఆన్న  plz పేల్లిచేసుకో sir అగే 43 plz అన్న,hate,0.5440336884869302,0.5440336884869302,0.45596631151306977
640,non-hate,telugu_script,ఆహా సూపర్ mr ఖన్ హిందూ దేవతలను అన్న వారితో కూడా క్షమాపణ చెప్పించండి అప్పుడే మీ నిజాయితీ ని నమ్ముతా.,non-hate,0.8320130862522872,0.1679869137477128,0.8320130862522872
641,hate,telugu_script,ఛల worst గ undi,hate,0.8942705786736761,0.8942705786736761,0.10572942132632393
642,hate,telugu_script,kcr నికు బగ ఏక్కువ అయిధి అన్ని మోఉక్ని cm అవ్వు next కర్రే ముక్కు కి cm ఏన్ధుకు ర lanje boss,hate,0.6365703373028846,0.6365703373028846,0.36342966269711535
643,non-hate,telugu_script,ణు ట్రచ్క్ మేధ untey ఏన్ని సర్లు horn కోత్తిధి ???,hate,0.7647696884638342,0.7647696884638342,0.23523031153616583
644,hate,telugu_script,సిగ్గు లేకుండా తిరుగుతున్నారు ఎమ్ ఆబివుద్ది చేశారని తిరురుగుతున్నారు,hate,0.8515644487021699,0.8515644487021699,0.14843555129783015
645,non-hate,telugu_script,Miss u sirr.... నిజాన్ని సినిమా లో చక్కగా చూపించారు.... గ్రేట్ లెజెండ్,non-hate,0.9844033827760356,0.015596617223964437,0.9844033827760356
646,non-hate,telugu_script,ఈ పాదయాత్ర అయిపోయిన  తర్వాత ఆ 80 కంటెర్నర్లు అసలు ఉండడానికి ఇళ్లు లేనివారికి ఇవ్వండి,non-hate,0.5916907625982615,0.4083092374017385,0.5916907625982615
647,hate,telugu_script,Mentel గదిని తేసుకు వచి కుర్చో పేత్తుకున్నరు enti anker గరు,hate,0.8707325321908395,0.8707325321908395,0.12926746780916049
648,hate,telugu_script,ఈ అమ్మాయి సిగ్గు లేకుండా ఇంకా కావరింగ్ ఒకటి,non-hate,0.6087190511467293,0.3912809488532707,0.6087190511467293
649,hate,telugu_script,నిమాటలు కడుపుకి అనం తినేవాడు ఎవరు నమరు జై హర్ష జై హర్ష హర్ష,non-hate,0.7184001666193732,0.2815998333806268,0.7184001666193732
650,hate,telugu_script,nupur శరమ  rape చేశి దేన్గుథ,hate,0.6962368124244953,0.6962368124244953,0.30376318757550463
651,non-hate,telugu_script,ఆచ్తిన్గ్ super ఉన్ధి గ బ్రో just story లో dammu లేధ్,non-hate,0.6113059792916059,0.3886940207083941,0.6113059792916059
652,hate,telugu_script,అన్ని తెలుగు ప్రాంతాల నాయకులు ఇలానే వున్నారు... లోఫర్స్.... తప్పు మనది... మనకు సిగ్గుండాలి ఇలాంటి నాయకులను ఎన్నుకున్నందుకు...తు…,non-hate,0.7436132661529655,0.2563867338470345,0.7436132661529655
653,non-hate,telugu_script,"Bరూఊఊఊఊఊఊఊ  చల మన్దికి untai pailsu, నేకు వచిన్ది movie లో చన్చేసు పోల అదిరి పోల , అల్ల్ the best బ్రో",non-hate,0.5673367123418457,0.4326632876581543,0.5673367123418457
654,hate,telugu_script,me కోదుకు కి ఏవ ర poka,hate,0.8555856831171391,0.8555856831171391,0.14441431688286083
655,hate,telugu_script,అన్ని ఇచ్చేయాల్సింది బ్రదర్ ఒంటి మీద ఏమి లేకుండా సిగు లేను ఏదవ లగ,hate,0.7627381481142965,0.7627381481142965,0.23726185188570345
656,non-hate,telugu_script,"పాలు, పెరుగు, పువ్వులు కెసిఆర్ ఫామ్ హౌస్ లో అమ్మినవ్ అది అందరికి తెలిసిన విషయమే",non-hate,0.5698049934414062,0.4301950065585938,0.5698049934414062
657,hate,telugu_script,Ramu inner పీలిన్గ్ : నిఘ్త్ కి gunta థో దేన్గులత కి set ipoyindi,hate,0.5966214684020941,0.5966214684020941,0.40337853159790593
658,non-hate,telugu_script,Enti Pఉరి నువ్వు ఏన్థ క్నోవ్లేద్గే gain chestavu.,hate,0.6304179216356429,0.6304179216356429,0.36958207836435714
659,hate,telugu_script,ఆపర థగుబోథు abbati,hate,0.6570771406421438,0.6570771406421438,0.34292285935785616
660,non-hate,telugu_script,రోజు ఈ సాంగ్ వింటాను నా రింగ్ టోన్ ఇదే అన్న సూపర్ సాంగ్,non-hate,0.9330104095406819,0.06698959045931807,0.9330104095406819
661,non-hate,telugu_script,ఇంత చక్కటి సినిమా తీసినందు మీకు ఎలా కృతజ్ఞతలు చెప్పాలో అర్థం కావటం లెదు.. ఈ  classic movie చరిత్ర లో నిలిచిపోతుంది,non-hate,0.9518923963343159,0.04810760366568412,0.9518923963343159
662,non-hate,telugu_script,షమన్థ script selection లో అచ్తిన్గ్ scope roles చూసే చేస్కున్తున్ది,non-hate,0.5431900117286186,0.4568099882713814,0.5431900117286186
663,hate,telugu_script,నువ్వు ఏమి పని మీద వచ్చావు నువ్వు ఏది మత్ల్దుథున్వు ముందు mlc ని arest చెయ్యండి,hate,0.6870905766381459,0.6870905766381459,0.3129094233618541
664,hate,telugu_script,Eవదేన్థ ఏచరు నీకు దబ్బులు bewerse యదవల్రా,hate,0.8615112153205664,0.8615112153205664,0.13848878467943362
665,hate,telugu_script,"ఆస్సమిన్చని suryudu ma పరితల ravanna, చమ్పి చిన్ధి నువు nikodukey, andukey ని మరనమ్ uhathitham.",hate,0.7667354504115926,0.7667354504115926,0.2332645495884074
666,non-hate,telugu_script,ఒక ప్రజా ప్రతినిధి హోదాలో ఉండి ఇంత దిగజారి మాట్లాడే సంస్కృతి ఈ మధ్య చాలా ఎక్కువైంది,non-hate,0.7063442396701051,0.29365576032989493,0.7063442396701051
667,non-hate,telugu_script,Super concept inka music చల బగున్ధి శోర్త్ film kuda చల బగున్ధి,non-hate,0.6876440884782749,0.31235591152172515,0.6876440884782749
668,non-hate,telugu_script,sky కోహిలి వల్లే india semis కి వచిన్ధి,hate,0.514091782870916,0.514091782870916,0.48590821712908405
669,non-hate,telugu_script,వీడు పోటీచేస్తే వార్డు నెంబర్ కూడా గెలవడు వీడు చంద్రబాబు నాయుడు గారిని టార్గెట్ పెట్టుకొని తెలంగాణలో చెంప దెబ్బలు తిన్నాడు,hate,0.6078779426755799,0.6078779426755799,0.39212205732442007
670,non-hate,telugu_script,ణివు kcr థో థోవ్ ర చిల్క,hate,0.7257472712438168,0.7257472712438168,0.27425272875618323
671,non-hate,telugu_script,Babulake Bఆబు Super star ంఅహేశ్ Bఆబు,non-hate,0.6537021616259476,0.34629783837405237,0.6537021616259476
672,non-hate,telugu_script,ఆన్న nv థోపు నేకి sati యేవరు లేరు,hate,0.7195967086737324,0.7195967086737324,0.2804032913262676
673,hate,telugu_script,రోజ నువ్వూ ఆ ఇకలు పికడనికి తప్పా దేనికి పనికిరావు,hate,0.9029691417930509,0.9029691417930509,0.09703085820694916
674,non-hate,telugu_script,BJY చాల మన్చి concept,non-hate,0.7902809323984397,0.20971906760156034,0.7902809323984397
675,hate,telugu_script,ఈధి లన్గుఅగే class ఆ Leda mimicry artist class ఆ,non-hate,0.6027424130333371,0.3972575869666629,0.6027424130333371
676,non-hate,telugu_script,ణువ్వు కిన్గ్ mawa,hate,0.7885381677226397,0.7885381677226397,0.2114618322773602
677,hate,telugu_script,Arey బుద్దేర్ ఖన్ నువ్వు అసలు,hate,0.5798602509141139,0.5798602509141139,0.42013974908588614
678,non-hate,telugu_script,మహేష్ బాబు ఈ రేంజ్ లో నవ్వడం ఇప్పటి వరకు ఇదే మొదటి సారి. Big థన్క్స్ to షథి anna.,non-hate,0.97486855432242,0.025131445677579967,0.97486855432242
679,hate,telugu_script,జనాలు లేరు బోచ్చు లేరు అంతా అంబక్,hate,0.6667296146076984,0.6667296146076984,0.3332703853923016
680,hate,telugu_script,"​వైసీపీ, బిజేపి ఒకటే. రెండు పార్టీలు understandig.జగన్ గారు ఇక్కడ గట్టిగా అరిస్తే అపోజిషన్ రేపు డిబేట్ లో సీఎం గారు అడగలేదు అని అంటారు.అంతకు మించి ఏమీ లేదు.",non-hate,0.5339879928855428,0.4660120071144572,0.5339879928855428
681,hate,telugu_script,"90ml సీఎం, నీకు హిందువులు అంటే ఎందుకు అంత చులకన,",hate,0.5872619017255667,0.5872619017255667,0.4127380982744333
682,hate,telugu_script,ఈల సుఇత్చసేలు పేత్తి మోసమ్ చేయతమ్ కన్న afrer results వచక prize money ల పేత్తి untey best గ ఏన్ధుకో ఈ మోసలు,hate,0.7520436036539675,0.7520436036539675,0.24795639634603253
683,hate,telugu_script,Ycp Gunda న కోదకలర రన్ద్ర చుస్కున్ధమ్,hate,0.6276962085775781,0.6276962085775781,0.3723037914224219
684,non-hate,telugu_script,From recent 3 మోన్థ్స్ ఇఅమ్ అద్దిచ్తేద్ to your videos anna. Your way of ఏక్ష్ప్లైనిన్గ్ and స్లన్గ్ is very nice,non-hate,0.737664412006166,0.26233558799383405,0.737664412006166
685,non-hate,telugu_script,​pavan అన్న madagudu ర అని చేప్ప,hate,0.6709580112028815,0.6709580112028815,0.32904198879711855
686,non-hate,telugu_script,నీ ఇంటర్వ్యూ అన్నిటిలో నాకు నచ్చిన ఇంటర్వ్యూ ఇది ఒక్కటే అన్న,non-hate,0.787702310452523,0.21229768954747696,0.787702310452523
687,hate,telugu_script,"ఆంధ్రప్రదేశ్ కొండలు, గుట్టలు కబ్జా మాఫియా డాన్ జగ్గు భాయ్",hate,0.530645364962276,0.530645364962276,0.469354635037724
688,hate,telugu_script,Pఅనికి మలిన చన,hate,0.5578286919575766,0.5578286919575766,0.4421713080424235
689,non-hate,telugu_script,ఈ పాట అంటే ఎంతమందికి ఇష్టం,non-hate,0.7989310058290451,0.20106899417095492,0.7989310058290451
690,hate,telugu_script,ష్తగే ఏక్కిథే చలు సోల్లు,hate,0.8473101206009309,0.8473101206009309,0.15268987939906908
691,hate,telugu_script,"ష్తర్తిన్గ్ లో fుల్ల్ cover aiye vesedi dresses, రతిన్గ్ కోసమ్ ippudu Air f్రీ",hate,0.7157564142973806,0.7157564142973806,0.28424358570261943
692,hate,telugu_script,memu videos చుస్థే కని మేకు అన్నమ్ kuda దోరకధు alantappudu మమ్మిలిని యేదవలు ని చేసి అనుకోకు ర నయన సోల్లు apu,hate,0.8844408532746638,0.8844408532746638,0.11555914672533621
693,non-hate,telugu_script,Pఓరపతున cinema bagaledu జనలు raledu ante paristiti Vijay:Intlo padukovalsinde,hate,0.6915908396800747,0.6915908396800747,0.3084091603199252
694,non-hate,telugu_script,అప్పుడు రాజకీయ ఎదుగుదలకు కారకులయిన అద్వానీ గార్ని అవమానించారు. ఇప్పుడు పదవీవిరమణ చేసిన కోవింద్ గారిని అవమానించారు. న్యాయమా మోదీ గారు.,hate,0.575138757917746,0.575138757917746,0.4248612420822539
695,hate,telugu_script,చిరంజీవి గారు  ఇష్టం లేనప్పుడు  ఆయనతో  ఎందుకు వాయ్స్  ఓవర్ ఎందుకు చేయుంచుకున్నారు మీ సినిమాలో.,non-hate,0.6063571305618276,0.3936428694381724,0.6063571305618276
696,hate,telugu_script,దీనమ్మ రోజ ని ఎవడికైనా చూపించండి రా,hate,0.5224910517112982,0.5224910517112982,0.47750894828870183
697,non-hate,telugu_script,"మేూడి డ్రేస్ ఖరీదు 15 లక్షలు , ఓక్కోక్క  డ్రెస్ కరిదు మరి ఇంత డబ్బు ఎక్కడినుంచి వచ్చాయమ్మ",hate,0.5744690853333867,0.5744690853333867,0.4255309146666133
698,hate,telugu_script,Net I పోథే గూగ్లే లో ఏల సేఅర్చ్ చేస్తవ్ ర బేవకూf్,hate,0.6943643507273796,0.6943643507273796,0.3056356492726204
699,non-hate,telugu_script,అంబేద్కర్ విలువ మీకు తెలిసినట్టుగా రిజర్వేషన్ తీసుకున్న వ్యక్తులకి తెలియలేదు కనీసం ఇది చూసిన తర్వాత అయినా తెలుస్తుంది,non-hate,0.622139397720567,0.37786060227943297,0.622139397720567
700,hate,telugu_script,గుడివాడ ప్రజలు ఆలోచన పరులు కానంత వరకు దేవుడు కూడా బాగు చేయలేడు వేడవలకూ పదవులు.,hate,0.6602188844756111,0.6602188844756111,0.33978111552438894
701,non-hate,telugu_script,మీరు సూపర్ మేడం పట్టుదల ఉంటే ఏదైనా సాధించవచ్చు అని మీరు నిరూపించారు,non-hate,0.9584526976811486,0.0415473023188514,0.9584526976811486
702,hate,telugu_script,ఇది frankness నీ బొంద.... అనాగరికం.... సభ్యత సంస్కారం లేని ఒక సైకో వీడు.... గుహల్లో జీవించాల్సిన వాడు.,hate,0.5269792991380722,0.5269792991380722,0.47302070086192777
703,non-hate,telugu_script,ప్రభుత్వ సొమ్ము ఒక్క రూపాయి కూడా వెనుక  వేసుకోలేదంటే అది APJ అబ్దుల్ కలామ్,hate,0.6039413451994824,0.6039413451994824,0.3960586548005176
704,non-hate,telugu_script,"డెవిల్ మూవీ కూడా Bలోచ్క్బుస్తేర్ నీకింకా తప్పదు దిగ్విజయం... నందమూరి 3 స్టార్స్  జై ఎన్టీఆర్, జై బాలయ్య, జై రామ్...... జై నందమూరి",non-hate,0.752339507026225,0.24766049297377501,0.752339507026225
705,non-hate,telugu_script,ఆన్ధరికి రజమోఉలి rgv inspiration emo నకు మీరే inspiration.....words can do మోరే థన్ action....mee లగ క్నోవ్లేద్గే gain చేయ్యలి sir నేను,non-hate,0.7911452615843448,0.20885473841565516,0.7911452615843448
706,non-hate,telugu_script,Bఅగున్నవు చై and పల్లవి,hate,0.6823584367949611,0.6823584367949611,0.31764156320503895
707,hate,telugu_script,కరోనా వచ్చి జనాల్ని ఒక రకంగా సంపుతుంటే.,non-hate,0.601113695830801,0.398886304169199,0.601113695830801
708,hate,telugu_script,ఆడు చూసి చూసి రోజా పక్కన కూర్చుంటాడేమే అనుకున్నా.,hate,0.6256775391105495,0.6256775391105495,0.37432246088945054
709,non-hate,telugu_script,నువ్వు మాట్లాడేది తప్పు. అన్న గురించి ఎంతైనా చెప్పుకో వచ్చు కానీ మోహన్ బాబు గారిని తమ్ముడు అని మాట్లాడడం ఏమాత్రం కరెక్ట్ కాదు. వాళ్ళ కొడుకులు కూడా సీరియస్ అయితే ఎంత పరిస్తితి ఏంటీ.,non-hate,0.7156301123789874,0.28436988762101256,0.7156301123789874
710,non-hate,telugu_script,"ఇంత అందంగా ఎలా అంది మీరు
మీలానే మీ స్వరం కూడా చాల అందంగా ఉంది",non-hate,0.9806013739832963,0.019398626016703724,0.9806013739832963
711,non-hate,telugu_script,Power star ante movies and అచ్తిన్గ్ kadu real star only,non-hate,0.763722828205608,0.236277171794392,0.763722828205608
712,non-hate,telugu_script,"Inko rendu padithey, ఆ మిగథ దుల kuda థీర్పోద్ది Uday Kiran 2",hate,0.6826652683030184,0.6826652683030184,0.31733473169698156
713,non-hate,telugu_script,అంతరించి పోతున్న ఆరోగ్యావంతమైన హాస్యాన్ని తట్టి లేపిన సాత్విక్....,non-hate,0.6960395879263871,0.3039604120736129,0.6960395879263871
714,non-hate,telugu_script,ఇటువంటి చావు రావాలంటే ఎంత పుణ్యం చేసి ఉండాలో     మీ ఆత్మకు శాంతి కలగాలని కోరుకుంటున్నాను,non-hate,0.7541810123712205,0.24581898762877952,0.7541810123712205
715,non-hate,telugu_script,బాలయ్య బాబు అభిమానిని ఈ సినిమా పెద్ద ఇటు కొట్టాలని మనస్పూర్తిగా కోరుకుంటున్నాను జై బాలయ్య జై చిరంజీవ,non-hate,0.9466386532093319,0.05336134679066806,0.9466386532093319
716,hate,telugu_script,tweet:enduku kumail నజైని  గుద్ద చాల్ రన్గలుఓ వున్తధి kumail: ఏన్దుకు mi amma లిప్స్తిచ్క్ వున్థధి,hate,0.7220678534332002,0.7220678534332002,0.27793214656679976
717,non-hate,telugu_script,నువ్వు పడింది మంచి గాఉంది బ్రో,hate,0.6462125454574614,0.6462125454574614,0.3537874545425386
718,non-hate,telugu_script,అన్నా చాలా ఇంప్రూవ్ అయ్యావ్.... సూపర్,non-hate,0.9210685539172012,0.07893144608279878,0.9210685539172012
719,hate,telugu_script,E roju e liger movie చుస ఉత్తర్ flop movie జీవిథమ్ మీధ విరక్థి పుత్తిపోయిన్ధి,hate,0.6492841466408097,0.6492841466408097,0.3507158533591903
720,non-hate,telugu_script,"తన స్వయం కృషి తో కష్టపడి, తన నటనతో ప్రేక్షకుల హృదయాల్లో చెరగని ముద్ర వేసుకున్న మన మెగాస్టార్ చిరంజీవి",non-hate,0.9899013063317492,0.01009869366825078,0.9899013063317492
721,non-hate,telugu_script,షమన్థ అచ్తిన్గ్ మత్రమ్ ఇచిపదేసిన్ధి థ్రిల్ల్ చేస్తధి second half fantastic అన్థే,non-hate,0.5781955100985182,0.4218044899014818,0.5781955100985182
722,non-hate,telugu_script,ఃఅర్శ అన్న ని కలవాలి ఓక్కసరైన,non-hate,0.6002792172397466,0.39972078276025336,0.6002792172397466
723,non-hate,telugu_script,Industry లో ఒక్క remark కూడా లేని ఫ్యామిలీ ఏదైనా ఉందా అంటే అది Oనే And Only Victory Venky ఆన్న Gారి Family Superb ఱాన ఆన్న,non-hate,0.8620049382639842,0.13799506173601583,0.8620049382639842
724,non-hate,telugu_script,గోరన్త్ల madav issues side చ్యదనికి జేనసేన ని కేలికరు yeppatu లనే,hate,0.7897841377922293,0.7897841377922293,0.21021586220777064
725,hate,telugu_script,ంఈ Ayya Farmhouse Unte ంఈ ML ళు ఆప్పుదైన ంఈ ఆయ్యని ఛుసిన్ద్ర ళోల్ల్య్ గ,hate,0.766918305319824,0.766918305319824,0.233081694680176
726,hate,telugu_script,వీడియో తీసినాను కొట్టాల వీన్ని కొట్టాల దాని కింద వేసి కొట్టాల,hate,0.828982973591765,0.828982973591765,0.17101702640823505
727,hate,telugu_script,నేను రోజూ అనసూయను ఉహించు కుంటు కొడుతున్న,non-hate,0.563881302216527,0.436118697783473,0.563881302216527
728,non-hate,telugu_script,"""నంబి నారాయణ"" గారికి జరిగిన అన్యాయం చూస్తుంటే చాలా బాధ వేస్తుంది, ""నంబి నారాయణ"" గారి త్యాగానికి మా హృదయపూర్వక ""పాదాభి వందనాలు""",non-hate,0.9188693547948565,0.08113064520514346,0.9188693547948565
729,non-hate,telugu_script,నిజంగా ఈ లవ్ స్టోరీ ఏంది భై  శీనన్న ఏడిచే సీన్ సూపర్,non-hate,0.7133842346747883,0.2866157653252117,0.7133842346747883
730,non-hate,telugu_script,Super tammudu,non-hate,0.8547725366274855,0.14522746337251446,0.8547725366274855
731,hate,telugu_script,owasi bro's nupur raja సిన్ఘ్ ని pakistan లేధ andaman ko తర్మిదేన్గలి #the people who  divide india,hate,0.5752116230936016,0.5752116230936016,0.42478837690639837
732,non-hate,telugu_script,ఇందులో ఒక్క నిజం ఉంది... లైఫ్ సాఫీగా జరిగేవాళ్ళు బయట పాడారు.. ఎందుకు అంటే వాళ్లకి అవకాశాలు ఉన్నాయి కాబట్టి..,non-hate,0.8651735316943732,0.13482646830562683,0.8651735316943732
733,non-hate,telugu_script,పోలీస్ వేవస్థలో మీలాంటి SP లు ఉంటే పోలీస్ లపై  గౌరవం పెరుగుతుంది సార్...మీలాంటి SP మా తెలంగాణా లో కూడా రావాలి సార్,non-hate,0.9319362020471643,0.06806379795283568,0.9319362020471643
734,non-hate,telugu_script,మీరు ఆ స్థాయిలో ఉండి కూడా మీ స్నేహితుని పరిచయం చేయడం ఆనందకరం,non-hate,0.8752190836922683,0.12478091630773169,0.8752190836922683
735,non-hate,telugu_script,ఆలాన్తి గోప్పోల్లకి ఇలాన్తి గోప్పోల్లే pudatharu..,hate,0.7170290179332797,0.7170290179332797,0.2829709820667203
736,non-hate,telugu_script,బాగున్నారు తల్లి కొడుకులు స్టోరీ,non-hate,0.9270622536940744,0.07293774630592564,0.9270622536940744
737,hate,telugu_script,"ద్రోహం చేసింది,నిజంగా ఏపీ ఉసురు బీజేపీకి,మోడీకి తగులుతుంది.",hate,0.6799173691065639,0.6799173691065639,0.32008263089343614
738,non-hate,telugu_script,చాలా యూట్యూబ్ చానల్లలో మీరు చెప్పిన గరికపాటి వారి అభిప్రాయం ప్రచారమౌతున్నది. వాటి కింద కామెంటులను సినిమా రంగం వారు చదివితే ప్రజాభిప్రాయం తెలుస్తోంది. ఏమైనా అనుకోని అనుకుంటే ఒకనాడు వారి భార్యాపిల్లలపై అదే ప్రభావం పడవచ్చు. చివరగా బుధ్ధి చెబుతుంది…,non-hate,0.8083604016571634,0.19163959834283661,0.8083604016571634
739,non-hate,telugu_script,తెలుగు రాష్ట్రాలకి మంచి మంచి నాయకులు దొరికారు సినిమాలు వెళ్లనవసరం లేదు వాళ్ళే సినిమా చూపిస్తారు మంచి కాలక్షేపం,non-hate,0.7736795996961418,0.22632040030385825,0.7736795996961418
740,hate,telugu_script,Power ళో undi ఏవరు ర వేదవ,hate,0.846215558391392,0.846215558391392,0.1537844416086081
741,hate,telugu_script,Waste గాదు అలి,hate,0.6809465830572097,0.6809465830572097,0.3190534169427903
742,hate,telugu_script,​pawalagadi గోర్రేలకి అవేసమ్ థప్ప అలోచన లేధు,hate,0.7580718396171999,0.7580718396171999,0.24192816038280004
743,hate,telugu_script,ంఉన్ధు RTC Buses లో students ఏన్థ ఇబ్బన్ధి పదివేల్థున్నరు చుదన్దీ వల్ల హన్గిన్గ్ conditions you హవే to notice ఏవేర్య్థిన్గ్,hate,0.636188750781283,0.636188750781283,0.363811249218717
744,non-hate,telugu_script,హర్ష..! నీ మనసులగే... నీ రూపం కూడా అందంగా ఉంది......,non-hate,0.9281437348511613,0.0718562651488387,0.9281437348511613
745,hate,telugu_script,Pఇల నిభ star vijgay overkonda గుద్దకోన్ద,hate,0.5519692003436116,0.5519692003436116,0.4480307996563884
746,non-hate,telugu_script,Ede poindi కాదు మనకి,hate,0.7132985389246603,0.7132985389246603,0.28670146107533967
747,hate,telugu_script,ఆపు రా డ్రామా రావు అన్ని సొల్లు కబుర్లు,non-hate,0.6016727972638435,0.3983272027361565,0.6016727972638435
748,non-hate,telugu_script,చాలా బాగా చెప్పారు అన్న.. మొదటి ఉదాహరణ వుంది అది మాత్రం.... మామూలుగా లేదు... సూపర్ అసలు,non-hate,0.939224450343086,0.06077554965691401,0.939224450343086
749,hate,telugu_script,ఃఏరో లు remuneration తగ్గిస్థే dil raju rates పేన్చి చోల్లేచ్తిఓన్స్ మోథమ్ mingesthadanta….funny fేల్లోవ్,hate,0.7167972857900481,0.7167972857900481,0.2832027142099519
750,hate,telugu_script,​Ap state ను sarwa నసనమ్ చేసరు,hate,0.7742137823386195,0.7742137823386195,0.22578621766138057
751,non-hate,telugu_script,ళోగిచల్ల్య్ what u said is exactly right.. Appreciated the way you explained the concepts of government and ఓథేర్ way of ruling.. Good.. Kీప్ it up dear..,non-hate,0.8487255156845838,0.15127448431541624,0.8487255156845838
752,non-hate,telugu_script,"రైతు బంద్ వల్ల ఎవరికీ లాభంరా  నాయన, ఎవరికీ ఏకువా భూమి ఉంటే వాడికే ఏకువ లాభం, నువ్వు నీ బ్రోకర్  జర్నలిజం",non-hate,0.5140785529998414,0.4859214470001586,0.5140785529998414
753,hate,telugu_script,Arey drama rao అపుర ణే సోల్లు,hate,0.6327250325441872,0.6327250325441872,0.3672749674558128
754,hate,telugu_script,వేణు స్వామీ మీ మాటలు అన్నీ అబద్దం.,non-hate,0.5270719695679384,0.47292803043206155,0.5270719695679384
755,non-hate,telugu_script,ఏం అదృష్టం స్వామి అన్న నే ఫోన్ తోఉచ్ చేసింది.. లక్కీ,non-hate,0.7191797775138703,0.2808202224861297,0.7191797775138703
756,non-hate,telugu_script,చిరుత లూక్స్ అధుర్స్,hate,0.7242335437672267,0.7242335437672267,0.27576645623277324
757,hate,telugu_script,ంఅధి sommu ea కధ వోచేస్థధి,hate,0.707195649749956,0.707195649749956,0.29280435025004403
758,non-hate,telugu_script,అనిల్ కుమార్ గారిది తప్పలేదు కానీ ఇలాంటి సమస్యలు కూడా  రాష్ట్రంలో ఉన్నాయి అని బాగా తెలియజేసారు.,non-hate,0.8480813799992531,0.15191862000074685,0.8480813799992531
759,hate,telugu_script,షోర్ర్య్ to say but చిన్న events కి వేల్థే ilaney jarugutundi..,hate,0.6052607854255994,0.6052607854255994,0.3947392145744006
760,hate,telugu_script,తెలివైన మూర్ఖుడు... RGV,hate,0.5773600231865113,0.5773600231865113,0.4226399768134887
761,hate,telugu_script,"రోజా ఆంటీ కి బాగా తెలుసు జలగ మొన రెడ్డి కి వెంట్రుకలు ఎక్కడ, ఎక్కడ ఉన్నాయో",hate,0.5062726334845253,0.5062726334845253,0.4937273665154746
762,hate,telugu_script,karan johar అస్ల మోద్ద levadu anta andukey అమ్మైల మతలదుథానే వునత్రు,hate,0.7941522883832897,0.7941522883832897,0.20584771161671034
763,non-hate,telugu_script,​yuddham వధు please for లోఖమ్ లో శన్థి వున్చధి,non-hate,0.5116070210105299,0.4883929789894701,0.5116070210105299
764,non-hate,telugu_script,ణికు చేప్పద కోహిలి ఓనే day అదను అని,hate,0.8328136999071716,0.8328136999071716,0.16718630009282837
765,non-hate,telugu_script,KCR ని చుసి Vఅల్లభై patel anukunnademo.,hate,0.6324604775324725,0.6324604775324725,0.36753952246752747
766,non-hate,telugu_script,great రా బాబు movies లోకి  వేల్లిపోయవ ర బాబు,non-hate,0.5976772213253573,0.4023227786746427,0.5976772213253573
767,non-hate,telugu_script,టేలుగు tamil industry ల కి break dance నేర్పిన్ధే prabhudeva..meru ఏవేర్గ్రీన్ dancer sir,non-hate,0.608484866773026,0.39151513322697395,0.608484866773026
768,hate,telugu_script,Pఓర kukka,hate,0.7580743536226473,0.7580743536226473,0.24192564637735275
769,hate,telugu_script,ణ్వ్వు first e చన్నేల్ ధేని కోసమ్ పేత్తినవ్ kcr kosama peoples కి ఏమైన ప్రయోజనమ్ వున్ధర ఏన్థ sepu kcr sanka నకుథున్నవ్,non-hate,0.502247638512934,0.49775236148706603,0.502247638512934
770,hate,telugu_script,నరోత్తమ్ మిశ్ర పేద్ధ లన్గ రమ్ setu movie ban చేయమన్తరు దేనికి movie పేరు లో రమ్ వున్ధి అని,hate,0.6978269720587642,0.6978269720587642,0.3021730279412358
771,non-hate,telugu_script,హమ్మయ్య.. ఇప్పటికి ఒక మంచి వీడియో చేశావు తల్లి,non-hate,0.8014803666071165,0.19851963339288348,0.8014803666071165
772,hate,telugu_script,ఇలాంటివి చేస్తేనే మీకు 2019 లో బొక్క పడింది.,hate,0.6652179145114734,0.6652179145114734,0.3347820854885266
773,non-hate,telugu_script,ఱమ్ ఏన్త్ర babu ఇన్థ అన్దమ్గ undau super,hate,0.5602088800028684,0.5602088800028684,0.4397911199971316
774,non-hate,telugu_script,కంట్లో దురద పెట్టింది కాబట్టి సరిపోయింది,hate,0.6305834207488092,0.6305834207488092,0.36941657925119076
775,hate,telugu_script,ఏక్కడకి పోయండి ఈ మహిళా కమిషన్,hate,0.5319341476251405,0.5319341476251405,0.4680658523748595
776,non-hate,telugu_script,నువ్వు కాదయ్యా హీరో నీ యనకాల ఉంది చూడు పులి సోను సూద్ సార్,non-hate,0.5523571018828743,0.44764289811712565,0.5523571018828743
777,hate,telugu_script,jagan gabbu gadu cbn పేత్తిన మన్చి పదకలు ని తోలగిచి auto వల్ల కి 10000rs ఏస్థున్నరు,hate,0.8249401946978233,0.8249401946978233,0.1750598053021767
778,hate,telugu_script,డేసాని దోచోకోతానికి ఈయనకి emi takkuvayindita,hate,0.6608117768701456,0.6608117768701456,0.33918822312985436
779,hate,telugu_script,​a బయమ్ unte విల్లు పరిపల తిన్నగ చేస్తే సరి పోను,hate,0.8066017545089459,0.8066017545089459,0.19339824549105414
780,hate,telugu_script,టేలుగు industry న మోద్ద కుదవన్ది ర,hate,0.7659004314716434,0.7659004314716434,0.2340995685283566
781,non-hate,telugu_script,Sister...Nelanti వాల్లు థలుచుకున్తేయ్ condecterley కాధు చోల్లేచ్తోర్లు avthaaru...kalaakarulavtharu....neku suport చేస్తున్న నే family ki..A P S R T C కి నే థరుపున ఠన్క్స్ చేప్తున్న,hate,0.5947156607825066,0.5947156607825066,0.40528433921749335
782,non-hate,telugu_script,ణేను aite Jabardast శోవ్ చుదదమ్ మనేసను TV 5 ABN చన్నేల్స్ లో debates వ్చినక,hate,0.7942677455970042,0.7942677455970042,0.20573225440299575
783,non-hate,telugu_script,ంఅహేశ్ స్మిలే ...pure soul,non-hate,0.7562456402137437,0.24375435978625626,0.7562456402137437
784,non-hate,telugu_script,ంఅదమ్ మీరు good questions అదుగుథున్నరు,hate,0.5217298538400696,0.5217298538400696,0.4782701461599304
785,hate,telugu_script,𝙋𝙪𝙠𝙪 𝙙𝙖𝙣𝙜𝙞𝙩𝙝𝙝𝙖,hate,0.8909491847515313,0.8909491847515313,0.1090508152484687
786,non-hate,telugu_script,మీరు మాకు దూరం అవ్వడం మా దురదృష్టం,non-hate,0.721886830452286,0.27811316954771403,0.721886830452286
787,hate,telugu_script,Amma pai joke enty raaa..... ఆవులగల్ల్రా,hate,0.729803254178518,0.729803254178518,0.27019674582148206
788,non-hate,telugu_script,తాను ఇంతకు ముందే చెప్పాడు నేను ఇలా videos చేయడానికి కారణం అందరూ ఇన్స్పిరే అవ్వాలి అని,non-hate,0.8586250613660937,0.14137493863390627,0.8586250613660937
789,hate,telugu_script,ఛి యేన్త్ర makikarma,hate,0.7206541290803967,0.7206541290803967,0.27934587091960333
790,non-hate,telugu_script,తమ్ముడు నువ్వు సూపర్ నిజాన్ని ఈలాగే నిర్బయంగా చెప్పు ఎవ్వనికి భయపడకు,non-hate,0.5051416253698227,0.49485837463017734,0.5051416253698227
791,non-hate,telugu_script,"RK గారు మీకు, మీ టీం కి దన్యవాదాలు, సుతి మెత్తగా ప్రశ్నలు వర్ణించారు  అహంకారికి ...అహంకారం కాస్త తగ్గినట్లు అనిపిస్తొంది",non-hate,0.8089563895753268,0.19104361042467322,0.8089563895753268
792,hate,telugu_script,ంఉన్ధు వీని interview చేస్థున్న చన్నేల్ వల్లని థన్నలి,hate,0.7860158354202545,0.7860158354202545,0.21398416457974548
793,non-hate,telugu_script,గ్రేట్ పర్ఫామెన్స్ సిస్ క్రింది టైల్స్ స్లిప్ అవుతున్న బలన్స్ చేసుకొని పెర్ఫెక్ట్ గా డాన్స్ వేసావ్ సూపర్,non-hate,0.8250273632380872,0.17497263676191277,0.8250273632380872
794,hate,telugu_script,ఏర్రి puk మూద్య్ వల్ల srh playoffs కి పోలే,hate,0.8552110908161539,0.8552110908161539,0.1447889091838461
795,non-hate,telugu_script,త్వరలోనే పవన్ కళ్యాణ్ గారు ముఖ్యమంత్రి కాబోతున్నారు,non-hate,0.9530472991370956,0.04695270086290437,0.9530472991370956
796,non-hate,telugu_script,Best లీడర్ and best పోలీస్.ప్రవీణ్ కుమార్ సర్,non-hate,0.9299281697882557,0.07007183021174435,0.9299281697882557
797,non-hate,telugu_script,Comments చదివి మస్థు enjoy చేస్థున్న నేనైథే,non-hate,0.7346737551543691,0.26532624484563094,0.7346737551543691
798,non-hate,telugu_script,ఆ వైట్ డ్రెస్ లో చూస్తుంటే విజయవాడ పెద్దపులి వంగవీటి మోహన్ రంగా ను చూసినట్టుంది అన్న,non-hate,0.599067744200775,0.400932255799225,0.599067744200775
799,hate,telugu_script,ట్త్ర్ దోన్గల్ trs pata leaders,hate,0.8012886242371592,0.8012886242371592,0.1987113757628408
0,non-hate,mixed_script,స్త్రీలను vIdhiloki lagakaMdi pavan గారు చూస్తే ఆయనకి pArTI ki chèDDa peru వస్తుంది,non-hate,0.5121652202728434,0.4878347797271566,0.5121652202728434
1,hate,mixed_script,Gudha paguldegale,hate,0.9057402805512367,0.9057402805512367,0.09425971944876328
2,non-hate,mixed_script,Nijanga ilanti extraordinary persons untaru,non-hate,0.5599775144023093,0.44002248559769075,0.5599775144023093
3,non-hate,mixed_script,nAku iMTarnèT మొబైల్ డేటా ledu అండి ఇందులోనుంచి Dabbulu వస్తే ఏపించుకుందాం ani chUstunna... మాములుగా ledu anudIp gAri పంచెస్,non-hate,0.5040202766136855,0.49597972338631446,0.5040202766136855
4,non-hate,mixed_script,AP ki manchi rojulu vasthundhi,hate,0.5564263756301855,0.5564263756301855,0.4435736243698145
5,non-hate,mixed_script,Ayithe life politician kavali ra Babu.,hate,0.7062903765861199,0.7062903765861199,0.2937096234138801
6,hate,mixed_script,KTR:Nannu erri puk cheshavu gah kadhara revanth,hate,0.729054127930433,0.729054127930433,0.270945872069567
7,non-hate,mixed_script,Youtube vedios konni follow ayyedhanni tharwatha BB house lo koncham negitive feel ayya ippudu chustunte badha anipistundhi very good dancer All the Best for your future Shanmukh 💐,non-hate,0.8747491591607549,0.1252508408392451,0.8747491591607549
8,hate,mixed_script,Recharge aipothey data ela vastadhi ra erri puka,hate,0.8933758990087056,0.8933758990087056,0.10662410099129437
9,hate,mixed_script,vadu donga nuuv yadava,hate,0.9171556831135664,0.9171556831135664,0.0828443168864336
10,non-hate,mixed_script,సంస్కారవంతమైన కుటుంబం,non-hate,0.827262652132552,0.172737347867448,0.827262652132552
11,non-hate,mixed_script,ప్రజా సమస్యల పరిష్కారంపై dRRiShTi పెట్టండి,non-hate,0.5472869739131734,0.4527130260868266,0.5472869739131734
12,hate,mixed_script,Waste gadu Natraj is very bad behaviour,non-hate,0.5251800117290105,0.4748199882709895,0.5251800117290105
13,hate,mixed_script,Kanisam okka wicket kooda teeyaledu waste galu,hate,0.880946433561851,0.880946433561851,0.11905356643814902
14,hate,mixed_script,"Amit Shaw ki slippers vesthu bathukuthunnadu, telugu vaari gowravaanni gujarat gadidhala dhaggara thaakattu pettesthunnadu..",hate,0.8603762567217882,0.8603762567217882,0.13962374327821178
15,hate,mixed_script,jihah khan sucide ki karanam sooraj altanchdi sulli bhai mafia support free vare ammailtho dengithunaru,hate,0.8095714390307178,0.8095714390307178,0.19042856096928215
16,non-hate,mixed_script,"Police vallu cheppindi antha nijamena, poorthi enquiry ayina tharavatha nuvvu vallanu criminals Ani cheppu brother.",hate,0.6898393270128179,0.6898393270128179,0.3101606729871821
17,non-hate,mixed_script,ప్రతి సీన్... ప్రతీ షాట్....మతి పోతుంది lopala awesome,non-hate,0.9585155205835935,0.04148447941640654,0.9585155205835935
18,non-hate,mixed_script,Janabha.peregutunaru.vupadhe.udhyogalu.karuve.vundhe.,hate,0.7482111427781611,0.7482111427781611,0.25178885722183886
19,non-hate,mixed_script,maLLI maLLI ripIT chestU chUstunna vALlu ఎంతమంది unnAru...️,non-hate,0.5011902521449833,0.49880974785501675,0.5011902521449833
20,non-hate,mixed_script,entha cute couple abbaa..!!,hate,0.5618810046563409,0.5618810046563409,0.43811899534365906
21,non-hate,mixed_script,Allu Arjun cinema ki pranam esatadu,non-hate,0.744307368237716,0.25569263176228396,0.744307368237716
22,hate,mixed_script,tèlivigalavALlani anukuMTAMgAnI kAdu అదృష్టం ఏమూలో ఏడుస్తుంది iTlAMTi  వాళ్ళకి. janAlato tiTTiMchukuMTe కాని నిద్ర పట్టదు,hate,0.5427911606667503,0.5427911606667503,0.45720883933324974
23,non-hate,mixed_script,కడిగేయండి మీరు సమాజాన్ని!  nAku bAdhagAne uMdi guruvugAru.,non-hate,0.5178823568675253,0.48211764313247474,0.5178823568675253
24,non-hate,mixed_script,"God bless your relation madam, jai సుధీర్ అన్న",non-hate,0.9473957072705427,0.052604292729457325,0.9473957072705427
25,hate,mixed_script,Ammai ni pattukoni kavalissindhi konuko ani anta vurukuntunda,hate,0.7923033919553825,0.7923033919553825,0.2076966080446175
26,non-hate,mixed_script,"shukravAraM శుక్రవారం sTeShan కి vachchi saMtakaM
pèTTu",non-hate,0.558795661806015,0.44120433819398497,0.558795661806015
27,non-hate,mixed_script,ఎందరో  mahAnu బావులు  వుంటారు vALlu Urikène ఉండరు,hate,0.6373888458321417,0.6373888458321417,0.3626111541678582
28,hate,mixed_script,Nuv annantha mathrana Harsha Sai midha abimanam thaggadu ra,hate,0.687382612695556,0.687382612695556,0.312617387304444
29,non-hate,mixed_script,నీతి nijAyitI laku mAru పేరుగా నిలిచిన vyakti ALLa rAmakRRiShNArèDDi. అమరావతి రైతులకోసం నిజమైన పోరాటం chesina వ్యక్తి. ఆయన పదికాలాలపాటు challagA ఉండాలి.,non-hate,0.8572885889866649,0.14271141101333507,0.8572885889866649
30,hate,mixed_script,vachchiMdayyA mahA pativrata.... అనసూయ అంటేనే niluvèllA బూతు..... Imè చెబుతుంది నీతులు... tU..... సిగ్గుమాలిన జన్మ,hate,0.5191218270937981,0.5191218270937981,0.480878172906202
31,hate,mixed_script,Vedoka pulkagadu vinikanna Prakash Raj better,non-hate,0.6515348842977633,0.3484651157022367,0.6515348842977633
32,hate,mixed_script,Na modda la expressions,hate,0.935065576435942,0.935065576435942,0.06493442356405801
33,hate,mixed_script,Arey ni bondha ra chetha na kodaka,hate,0.8884452101823961,0.8884452101823961,0.11155478981760397
34,hate,mixed_script,Vediki Gudda baga balisindi anukunta..Balayya babu meeda jokes endukura ep,hate,0.6556972652037335,0.6556972652037335,0.3443027347962665
35,hate,mixed_script,Veelu vedi over action,hate,0.8411609321205069,0.8411609321205069,0.15883906787949315
36,non-hate,mixed_script,emuMdi పదవికోసం గుధ్ధ కూడా నాకేస్తారు I rAjakIya rAbaMdulu,hate,0.5947580548269272,0.5947580548269272,0.40524194517307277
37,hate,mixed_script,Yadava Veshalu taginchukunte Baguntadi,hate,0.5582166488998455,0.5582166488998455,0.4417833511001545
38,non-hate,mixed_script,ప్రతిపక్షాలు సామాన్యుడిని ఎదగనివ్వరు peda prajalaki ఇల్లులు కడుతుంటే ippuDu vALlu vachchi ఎలా కడుతున్నారు chUstAraTa MgA ఉంది atani నుంచి peda prajalaki ఇళ్ల పట్టాలు paMpiNI cheyaDAniki వీలు లేదంటూ Ayana స్టేజెస్ kUrchunnADu aMTe itanu కంపు cheyaDAniki prayatniMchestunnADu jagananna లబ్ధిదారులు iTuvaMTivi జరిగినప్పుడు బయటకు vachchi mI తాలూకా manasulo uMDe మాటను వాళ్లకి tèliyaparachaMDi,hate,0.7054765123080105,0.7054765123080105,0.29452348769198955
39,hate,mixed_script,Ore ni veshalu api pani chusko,hate,0.8714093644757338,0.8714093644757338,0.12859063552426622
40,hate,mixed_script,priyanka arul mohan gudda chaala sexy vuntadhi dani panga chachi dengali,hate,0.7124995999810417,0.7124995999810417,0.28750040001895827
41,non-hate,mixed_script,Devudimida jokulu vesina avamanichina chala nasta potaru vinayakudito pettukokuda power full god,non-hate,0.514309959950166,0.48569004004983396,0.514309959950166
42,hate,mixed_script,Nuvvo moddaganivi andhuke aapesnav,hate,0.6997079469698069,0.6997079469698069,0.3002920530301931
43,hate,mixed_script,amarica andatho madam perigi kotukuntundi urikine,hate,0.7800877131910716,0.7800877131910716,0.2199122868089284
44,non-hate,mixed_script,చాలా మంచి mUvI anna ...mIru riyAkT avutAv అనుకున్న అన్న ..నువ్వు sUpar lAyar anna,non-hate,0.8468379672802858,0.15316203271971418,0.8468379672802858
45,hate,mixed_script,Idi RTC Conducter ha leka Inka bustand lo emaina chesinda,hate,0.6963174843928546,0.6963174843928546,0.3036825156071455
46,hate,mixed_script,Krittika Garu Vadine Chepu tho Kothandi Live Lo....,non-hate,0.5015928035770507,0.4984071964229493,0.5015928035770507
47,hate,mixed_script,ఇంక Apura nAyanA... akkaDa chUyiMchu...,non-hate,0.5862123566544623,0.41378764334553775,0.5862123566544623
48,non-hate,mixed_script,mI phyAmilI లో nAku నచ్చింది నువ్వు anna.. కరెక్ట్ గా మాట్లాడుతావ్..,non-hate,0.8473194210313679,0.15268057896863207,0.8473194210313679
49,hate,mixed_script,Suma garu koncham thagichuko,hate,0.5962242440396307,0.5962242440396307,0.4037757559603693
50,hate,mixed_script,Orey adhiga guddha mue,hate,0.7705616500034465,0.7705616500034465,0.22943834999655352
51,hate,mixed_script,"Orey  jaffa bul bul,go and buffalo muddilo paduko",hate,0.7344593297740496,0.7344593297740496,0.26554067022595035
52,non-hate,mixed_script,Hanu raghavapudi love story ante super immersive ga untadi,non-hate,0.8146497959005992,0.18535020409940084,0.8146497959005992
53,hate,mixed_script,chillar party lu Anne okkatyna modi ji ni next pm modi ji yogi baba ni,non-hate,0.6056024921822328,0.39439750781776717,0.6056024921822328
54,non-hate,mixed_script,Jayamu jayamu chandranna jayamu neeku chandranna,non-hate,0.8267164233160428,0.17328357668395722,0.8267164233160428
55,hate,mixed_script,Aaku puuku theliyandhi kuda judge aipoindhi,hate,0.7238130527674194,0.7238130527674194,0.2761869472325806
56,hate,mixed_script,SHOES  Amithsha modi kinda Oodigam chey..,hate,0.7605294655500194,0.7605294655500194,0.2394705344499806
57,non-hate,mixed_script,​raani pramadam raani no problem.. next tym bjp ki vote veyandi telangana prajalara,hate,0.8154173076516695,0.8154173076516695,0.1845826923483305
58,non-hate,mixed_script,Ee madya kaalamlo vochina films lo naaku idhi baaga nachindi,hate,0.5993796642145202,0.5993796642145202,0.4006203357854798
59,hate,mixed_script,"Evidence unna mla kodukuni arrest cheyaledhu, police lu ki dammu ledhu",hate,0.8681133686224973,0.8681133686224973,0.13188663137750262
60,hate,mixed_script,Veedu aadi gaadu maaradu veediki stage cleaning pani ivvandi,hate,0.8247881664441847,0.8247881664441847,0.1752118335558153
61,non-hate,mixed_script,E movie Gurinchi okkadu negative ga matladina vaadu terrorist ayyi undali..,non-hate,0.5402802464825963,0.4597197535174037,0.5402802464825963
62,non-hate,mixed_script,Kaasta అమ్మ నన్న paina prema kaligi vundandi bro,hate,0.6200587279428591,0.6200587279428591,0.37994127205714096
63,hate,mixed_script,Kulaaa pechhe fuuga undeanana,hate,0.828579333891923,0.828579333891923,0.171420666108077
64,hate,mixed_script,Are Babu niku endukura,hate,0.8034631969311863,0.8034631969311863,0.1965368030688137
65,non-hate,mixed_script,"Intaki Rahul evadabba, sir indirect ga Congress Rahul Gandhi ki hint istunda kalsipodamani",non-hate,0.5485358301509061,0.4514641698490939,0.5485358301509061
66,non-hate,mixed_script,"This should be  a good lesson for youngsters.  Moral is "" jIvitaM lo gèlupuki బందు mitrulu ఎక్క్కువ, kAni oTami ఎప్పుడు అనాదే""",non-hate,0.6467600158156868,0.35323998418431324,0.6467600158156868
67,non-hate,mixed_script,Vaddu Bangaram nuvvu happy ga vundali,hate,0.5368300992111027,0.5368300992111027,0.4631699007888973
68,non-hate,mixed_script,"kani, ekkuva cheste alasata, weakness, body peragaka povadam, teenage lo tarvata kuda face paina gaddalu pimples ravadam nijam...better keep it two-three times a week..get busy and focus on your studies and career guys.",hate,0.5544713515187136,0.5544713515187136,0.4455286484812864
69,hate,mixed_script,Chempa pagilddemo,hate,0.8222455854175024,0.8222455854175024,0.17775441458249766
70,non-hate,mixed_script,వాడి అసలు rUpaM ade  ఎవరిని ఎప్పుడు వాడుకుని వదిలేయాలో vADi కంటే ఏ రాజకీయ nAyakuDiki తెలియదు,hate,0.5801621694555099,0.5801621694555099,0.41983783054449003
71,non-hate,mixed_script,mI iddari వల్ల తెలంగాణ janAlaki emanna ఉపయోగం uMdA చెప్పు,non-hate,0.6850210268067543,0.31497897319324575,0.6850210268067543
72,hate,mixed_script,asla murmu president ela ayindhi india parvu poyindhi ni karra mokham eskoni,hate,0.7817365783592147,0.7817365783592147,0.21826342164078522
73,non-hate,mixed_script,Etuvanti interviews kadhaa manaki kavalsinavi,non-hate,0.5216580536468512,0.47834194635314875,0.5216580536468512
74,non-hate,mixed_script,శర్మ gAru చెప్పిన ది నిజమా abaddamA అని chèppe dhairyaM వీళ్లకు ledu,non-hate,0.5626200122881564,0.4373799877118436,0.5626200122881564
75,non-hate,mixed_script,nani anna meru great,non-hate,0.7881264505285184,0.21187354947148163,0.7881264505285184
76,non-hate,mixed_script,nuvvu తెరాస pArTI ..uMpuDu గత్తేనె కదా rA nuvvu,hate,0.5747436276099042,0.5747436276099042,0.42525637239009584
77,hate,mixed_script,meDaM కు ఉక్క పోస్తునట్టుంది saMkalo bADI వేసుకుంది,hate,0.630120614196437,0.630120614196437,0.36987938580356305
78,hate,mixed_script,ప్రపంచంలో అతిపెద్ద అవినీతి పార్టీ Tiar యస్ kèsiAr,non-hate,0.7250777946245576,0.27492220537544243,0.7250777946245576
79,non-hate,mixed_script,ఇలాంటి సెలబ్రిటీలు ilA ShoSh ku రావాలి sir,non-hate,0.748704619504352,0.25129538049564804,0.748704619504352
80,non-hate,mixed_script,"Arey Babu Memu chinnappati nunchi chiru fans, pls don't hurt us, first chiru next evarina maaku",non-hate,0.6306486322846554,0.3693513677153446,0.6306486322846554
81,non-hate,mixed_script,"eii yevudra veedu, andanga vunnav antunnadu, akka antunnadu",hate,0.793838911247123,0.793838911247123,0.206161088752877
82,non-hate,mixed_script,arey shankar ga nvvu kcr sanka nakaku ra,hate,0.7776129573264172,0.7776129573264172,0.22238704267358272
83,non-hate,mixed_script,èvaDi స్టైల్ వాడిది... devarakòMDa స్టైల్ devarakòMDa di అంతే ఇంట్లో tappemuMdi... vinipistuMdi chèppanA.,hate,0.743581024076519,0.743581024076519,0.25641897592348095
84,non-hate,mixed_script,pavan కళ్యాణ్ గారు   tammuDu.... మోహన్ బాబు ane sariki  annayya చిరంజీవి గారు చిన్నపిల్లోడిలా నవ్వుతుంటే ఎంత èMta aMdagA unnADo అన్నయ్య,non-hate,0.8518658311425804,0.1481341688574196,0.8518658311425804
85,hate,mixed_script,Veedu am pikaledu ani telusu,hate,0.887779989262636,0.887779989262636,0.11222001073736397
86,non-hate,mixed_script,"Nenu vunnanu,nenu vinnanu,nenu chusanu.... all are eligible for the Oscar level performance",non-hate,0.6201223698558389,0.3798776301441611,0.6201223698558389
87,non-hate,mixed_script,పోన్లే పాపం కష్టపడ్డదానికి kòMchèM ayina pratiphalaM దక్కింది …. కళ్ళు nèttikèkkiMchukokuMDA ఒదిగి uMTe మంచి Future ఉండొచ్చు,non-hate,0.6509105240535896,0.3490894759464104,0.6509105240535896
88,hate,mixed_script,rgv gadu canipovali vadi chettabandi ayina chestha,hate,0.5263010786828626,0.5263010786828626,0.47369892131713737
89,non-hate,mixed_script,Papam bhayya babi ki potta abbam ga vundhi,non-hate,0.5430736706482849,0.45692632935171507,0.5430736706482849
90,hate,mixed_script,Chala ibandi pettavu anna Nuvvu maa Chiru garini,non-hate,0.5273693909390813,0.4726306090609187,0.5273693909390813
91,non-hate,mixed_script,సూపర్ rk గారు చాలా maMchi ప్రోగ్రాం,non-hate,0.9923176166502798,0.007682383349720157,0.9923176166502798
92,non-hate,mixed_script,bhArata దేశంలో పాలన చేతకాని సీఎం pAlana చేత kAka వేరే వాళ్ళని vimarshiMche ఏకైక sIèM mana బతాల poShèTi,hate,0.5100914374716249,0.5100914374716249,0.4899085625283751
93,non-hate,mixed_script,e rashtraniki jarige prathi anyayam gurinchi niswardhanga matlade ekaika vyakti meere saar,hate,0.7867310092875464,0.7867310092875464,0.2132689907124536
94,hate,mixed_script,ananaya panadey vi nimma dabbalu lanti payalu,hate,0.7767873997851528,0.7767873997851528,0.22321260021484723
95,hate,mixed_script,chetha ra babu  NTV,hate,0.6206168804589481,0.6206168804589481,0.37938311954105186
96,hate,mixed_script,Hi ra T.R.S. kukka…,non-hate,0.6303146423687103,0.36968535763128973,0.6303146423687103
97,hate,mixed_script,Fans ki respect Ivvslira arye ntira,hate,0.6253911204340966,0.6253911204340966,0.3746088795659034
98,non-hate,mixed_script,"first aa ammai family ki security ivvandi.., night night emaina jaragochu...",non-hate,0.547908192643212,0.452091807356788,0.547908192643212
99,non-hate,mixed_script,mIlAMTi vAru vuMTe ఆడపిల్లలకు చాలా dharmaM జరుగుతుంది sAr,non-hate,0.6258163567901411,0.37418364320985886,0.6258163567901411
100,hate,mixed_script,Ayanni okasari kodithey meeru laksha sarlu chupisthunnaru emkavali meeku,hate,0.8549552032543399,0.8549552032543399,0.1450447967456601
101,non-hate,mixed_script,Thank you RRR TDP ki bratkinchadamulo mi krushi marvalenidi CBN gariku,non-hate,0.5827086545017407,0.4172913454982593,0.5827086545017407
102,hate,mixed_script,గుధ్ధ బలిసి కొట్టుకుంటున్నవే,hate,0.7662233352871114,0.7662233352871114,0.2337766647128886
103,hate,mixed_script,inkaa saavaledhu le vaadu baane sacchaadu yedhavakanipisthoone vundhigaa,hate,0.8858011765093348,0.8858011765093348,0.11419882349066526
104,non-hate,mixed_script,"Manaki  ibbandi ochinappudu koncham  sahinchatam
Kastam ochinappudu koncham bharinchadam
 Anandham vachinappudu koncham panchadam",non-hate,0.6147050414584975,0.38529495854150253,0.6147050414584975
105,non-hate,mixed_script,​trs party lo telangana kosam poradina valle unnara poratam ki vyatirekam ga unnollani ministers ala chesinaru..gurivinda ginja ki kinda unna macha kanapadadu,hate,0.759038031329444,0.759038031329444,0.24096196867055594
106,non-hate,mixed_script,Mahesh anna… disappointed with this movie..next movie hit avvali…,non-hate,0.871688838838057,0.12831116116194297,0.871688838838057
107,hate,mixed_script,"Jagan ni poguthunnava, leka mingutunnava...indirect ga jagan secret lu ani cheptunnav.",hate,0.783829221732056,0.783829221732056,0.21617077826794392
108,non-hate,mixed_script,Samudramlo alalu aagavu Harsha Anna ki anna meeda prema chavadi,non-hate,0.626408969955453,0.37359103004454697,0.626408969955453
109,hate,mixed_script,lanja puk managment valla ma warner mamali vadi velipoyaru,hate,0.7113450775785337,0.7113450775785337,0.28865492242146634
110,hate,mixed_script,phasT నీతులు chèppAvu కదా Dabbu vaddani ippuDu ఎందుకు tIsukomaMTunnAv..,hate,0.723241934379845,0.723241934379845,0.27675806562015504
111,non-hate,mixed_script,సూపర్ అన్న nI వీడియోస్ nI మాటలు aMTe నాకు చాలా ఇష్టం అందుకే నీ ChAnal sabskraib,non-hate,0.870798369439373,0.12920163056062695,0.870798369439373
112,non-hate,mixed_script,"BJP TRS iddaru dosthlu le , bayatiki ivanni dramalu",hate,0.7891144932930232,0.7891144932930232,0.21088550670697678
113,hate,mixed_script,మంగ్లీ pADina pATalu అన్నీ ఒకేలాగనే anipistunnAyi pèdda DipharèMT emI ledu,non-hate,0.7840584080239599,0.21594159197604013,0.7840584080239599
114,hate,mixed_script,Yem matladuthunnav ra? Naralu kattai poiniy Neeku lekkalenduku ra ayya? Weekend politician,hate,0.9035414793217547,0.9035414793217547,0.09645852067824537
115,non-hate,mixed_script,mIru charitralo నీలుస్తరు బ్రో Hand's off to Your help full to poor people.,non-hate,0.7823867394419668,0.2176132605580332,0.7823867394419668
116,non-hate,mixed_script,Smile chudanidhe venakki thaggavu bro nuvvu,hate,0.7367332287018801,0.7367332287018801,0.26326677129811993
117,non-hate,mixed_script,Pichola gurinchi vinadame gane direct ga epudu e video lo chustuna ...,non-hate,0.5820954893577261,0.41790451064227385,0.5820954893577261
118,hate,mixed_script,rechipothunnaru adhikaram lo unnaru ani ahamkara dhorani,hate,0.7504025475005337,0.7504025475005337,0.24959745249946633
119,hate,mixed_script,Title leak ayithe entiii leak avakapothe entiii....maku enti yee golaaa....title entooo mee build up entooo,hate,0.707397474539543,0.707397474539543,0.29260252546045695
120,non-hate,mixed_script,Die hard fan frm Kerala  Nenu choosina pedha actor uh Tollywood lo Pawan Garuu,non-hate,0.7220482277147848,0.27795177228521517,0.7220482277147848
121,non-hate,mixed_script,Naa drustilo pspk garu Devudu,non-hate,0.7251296654864493,0.2748703345135507,0.7251296654864493
122,non-hate,mixed_script,ముందు రాజా siMg ను kApADaMDi appuDe mI పార్టీపై ప్రజల్లో nammakaM erpaDutuMdi,non-hate,0.5756196267004078,0.4243803732995922,0.5756196267004078
123,hate,mixed_script,poye kAlaM దగ్గర పడింది deniki,hate,0.7202291680249975,0.7202291680249975,0.2797708319750026
124,hate,mixed_script,"Yerri paapalam manam , samanya prajalu",hate,0.6272397020234448,0.6272397020234448,0.37276029797655513
125,non-hate,mixed_script,"Dr YNM
1 month ago
iMdulo మనం పెద్దగా AlochiMchAlsina అవసరం లేదు. అంతా kAlaM mahima.edo òkaroju kAlaM Ayanaku ఇవ్వవలసిన giphT tappakuMDA ఇస్తుంది. chesina కర్మలు anubhaviMchaka tappadu.. సోనియా gAMdhI అయినా, మోదీ ayinA, chaMdrabAbu nAyuDu అయినా, జగన్ ayinA.. kAlaM అంతే..",hate,0.5198381639429791,0.5198381639429791,0.4801618360570209
126,hate,mixed_script,taTTA బుట్టా సర్దుకొని రెడీ గుండు జగన్ రెడ్డి టైం అయిపోయింది,hate,0.6605938400312527,0.6605938400312527,0.33940615996874735
127,hate,mixed_script,Jagan eppatiki CM avvaledu raasi pettukoo....ha ....,hate,0.5739862002652498,0.5739862002652498,0.4260137997347501
128,non-hate,mixed_script,"Mega star ane person , definitely evadu oppukunna oppukokapoyinaa inspiration to many people long live sir",non-hate,0.8742077043917569,0.12579229560824312,0.8742077043917569
129,hate,mixed_script,జారిపోతానయి..కొంచెం గట్టిగా ముడి వేయి,hate,0.763572235320436,0.763572235320436,0.23642776467956392
130,non-hate,mixed_script,తాగ్గి vAgutuMdi pApa Imè చిలకలూరపేటలో రికార్డింగ్ డాన్స్రు,non-hate,0.5952208189469418,0.4047791810530582,0.5952208189469418
131,hate,mixed_script,"Nattu ga , neku manishiki undalsina lakshanam okkati kooda ledhu kadha ra.",hate,0.6963538170622439,0.6963538170622439,0.3036461829377561
132,hate,mixed_script,ap lo road la ki aa dikku ledh malla metro endhi mawa,hate,0.8387121398650034,0.8387121398650034,0.1612878601349966
133,hate,mixed_script,Yedichav le copy cat veshalu nuvvu,hate,0.8020800675921306,0.8020800675921306,0.1979199324078694
134,non-hate,mixed_script,"వాళ్లు I jIvitaM lo kUDa phalaknAma ప్యాలస్ lo bojanaM చేసివుండకపోదురు,నువ్వు గ్రేట్ bro",non-hate,0.6834290152121587,0.3165709847878413,0.6834290152121587
135,non-hate,mixed_script,Ede antha fack news,hate,0.7823693136284227,0.7823693136284227,0.21763068637157737
136,non-hate,mixed_script,"chAlA బాగా explain cheshAru bradar. Small correction mUlAdhAra, ఆజ్ఞ చక్ర, సహస్రార",hate,0.5821473449185981,0.5821473449185981,0.4178526550814019
137,non-hate,mixed_script,Allu aravind garilo manchi actor vunnaru hilarious,non-hate,0.8340727323409617,0.1659272676590383,0.8340727323409617
138,non-hate,mixed_script,ee kalam ammailu ki dabbuli vunte chaalu anukuntaru,hate,0.5455819262308894,0.5455819262308894,0.4544180737691106
139,hate,mixed_script,Rahul dravid vadi moddalo selection  asla chahal hi endhuku tesukole,hate,0.701010446014666,0.701010446014666,0.298989553985334
140,non-hate,mixed_script,జనం. కూడా. mAripote.  chAlA bAgunnu కదా,non-hate,0.5735998431472319,0.4264001568527681,0.5735998431472319
141,non-hate,mixed_script,పూరి చూస్తే chAlA బాధ గా ఉంది ...òkka maMchi DairèkTar ilAMTi mUvIs తియ్యడం eMTi ...i love you pUri sir... vere hIro తో mUvI tiyyi Anna,non-hate,0.7239520387974784,0.2760479612025216,0.7239520387974784
142,non-hate,mixed_script,pedavallaku apadha vasthe ventene velli sahayam chese goppa leaders komatireddy brother's  dammunna leader rajanna ma balam ma dhairyam ma pranam komatireddy brothers,hate,0.5196223290552622,0.5196223290552622,0.48037767094473777
143,non-hate,mixed_script,Aada Paduchula Usuru thagili Yellow party nasanam kavali.,hate,0.6740035438370993,0.6740035438370993,0.32599645616290074
144,hate,mixed_script,jagan amma vadi dabbulu pettali nanna gudda lo nunchi leppali,hate,0.7909535911844149,0.7909535911844149,0.20904640881558512
145,non-hate,mixed_script,ప్రతి pATa అరపు èkkuvagA uMTuMdi èMduko anni pATalu òkelA ఉన్నాయి.,hate,0.8106660542319967,0.8106660542319967,0.18933394576800333
146,non-hate,mixed_script,pUri sir liger movie black baster మీకు all the best sir,non-hate,0.9185646551460585,0.08143534485394155,0.9185646551460585
147,non-hate,mixed_script,Mamulu ga evvaledhu ga anchor anna,hate,0.5738075420887639,0.5738075420887639,0.42619245791123606
148,hate,mixed_script,అరటి bòdalu anaMgA vinnAnu. ఇప్పుడు శ్రీముఖివి chUshAnu.,hate,0.6705439663355705,0.6705439663355705,0.32945603366442955
149,non-hate,mixed_script,ఇదీ ఒక ప్లాన్ ప్రకారం జరిగినట్టు uMdi bhale sIn,non-hate,0.5900795800825656,0.40992041991743444,0.5900795800825656
150,non-hate,mixed_script,Kcr bsp valu enni eastunaru month ki Nek,non-hate,0.5992335015135067,0.40076649848649326,0.5992335015135067
151,non-hate,mixed_script,Abbo iragadesindi song vere level,hate,0.6537095883381815,0.6537095883381815,0.3462904116618185
152,hate,mixed_script,bro delete cheyakapothey ma fans ninnu degenutharu,hate,0.7258950275900873,0.7258950275900873,0.27410497240991266
153,hate,mixed_script,iMta కరువులో ఉన్నరేంటిరా.,hate,0.6004422618384597,0.6004422618384597,0.39955773816154033
154,non-hate,mixed_script,Vinayaka chavithi subhakanshalu Harsha sai,non-hate,0.5402669120383716,0.4597330879616284,0.5402669120383716
155,non-hate,mixed_script,A B N  MD rAdhAkRRiShNa గారి కి  chukkalu చూపించిన   ''K A పాల్ gAru'' మీరు సూపర్ sAr nI mATallo నిజాయితీ కల్పిస్తుంది..,non-hate,0.7919266083977089,0.2080733916022911,0.7919266083977089
156,non-hate,mixed_script,Avinash maMchoDu బ్రో episode mottham choodu just nAgabAbu అనమని చెప్పాడు aMTA బ్రో episode lo...,hate,0.5663690568781097,0.5663690568781097,0.4336309431218903
157,hate,mixed_script,Pastors అందరికీ ఒక manavi.dayachesi ఈ విధమైన debates vèLLi Christianity kI unna విలువ taggiMchavadu.,non-hate,0.6867818207889866,0.31321817921101336,0.6867818207889866
158,hate,mixed_script,Pichi pattinattundi peekey ki. A P arachekam jaragabothundhi ani anipistundhi naku,hate,0.8877127805197312,0.8877127805197312,0.1122872194802688
159,non-hate,mixed_script,ఇలా చేస్తే deshaM పరువు పోతుంది దయ చేసి deshaM పరువు తీయదు,hate,0.766209664529433,0.766209664529433,0.23379033547056705
160,non-hate,mixed_script,maMchi ఆన్సర్ ఇచ్చారు bro,non-hate,0.8016442450397767,0.19835575496022329,0.8016442450397767
161,non-hate,mixed_script,JD garu mee lanti Genuine persons Pavan gariki support ga unte baguntundi sir,non-hate,0.6626563308965567,0.33734366910344327,0.6626563308965567
162,non-hate,mixed_script,èMta ముద్దుగుందో chAlA బాగున్నావ్ బంగారం,non-hate,0.6192147943532552,0.3807852056467448,0.6192147943532552
163,hate,mixed_script,Nuvu Am speaker ra babu,hate,0.5611179563595272,0.5611179563595272,0.43888204364047284
164,hate,mixed_script,èMtamaMdi డ్యాన్స్ mAsTar lu వచ్చినా prabhudevA mAsTar లాగా veyaleru,non-hate,0.6489808980071574,0.3510191019928426,0.6489808980071574
165,hate,mixed_script,DNR still old school...  Kalam tho Marakapote evaru aina kala gharbham lo kalisipotaru.,hate,0.520029580657128,0.520029580657128,0.47997041934287193
166,non-hate,mixed_script,prabhAs గారు anuShka గారు మీరు tòMdaragA pèLli చేసుకోండి,non-hate,0.5489554148280502,0.4510445851719498,0.5489554148280502
167,non-hate,mixed_script,kòMchèMkUDa హీరో ane పొగరు లేదు గ్రేట్ sAr మీరు,non-hate,0.6120646048838044,0.38793539511619557,0.6120646048838044
168,hate,mixed_script,Nani inkosari pk speech chudu ... Sollu kakunda raise chesina points gurinchi matladu... Sannasivenuv no doubt,hate,0.5149113550344386,0.5149113550344386,0.4850886449655613
169,hate,mixed_script,mohan babu oppukunna oppukokapoyina chiranjeevi peddankanni vachchina gouravam m taggipodu,hate,0.7914121062960116,0.7914121062960116,0.2085878937039884
170,hate,mixed_script,Atlunttadhi palanadu thitlantte sarrigga deggutam,hate,0.6494610188278562,0.6494610188278562,0.3505389811721438
171,hate,mixed_script,Sontha Peru meda registration chey leka piyadu,hate,0.8054137243862545,0.8054137243862545,0.19458627561374556
172,non-hate,mixed_script,"Hi harsha....happy vinayaka chavithi,  life long nuv happy ga undalani............aa devunni korukuntunna sai......may god bless u  harsha.",non-hate,0.9435030802752458,0.056496919724754235,0.9435030802752458
173,hate,mixed_script,sAr kèsiAr గారు viShayAlanu పూసగుచ్చినట్లు chèptunnAru మాధవ rèDDi నయీమ్ la సంబంధించిన vivaraMgA mATlADaDAniki ibbaMdi paDutunnAru mIru కూడా హండ్రెడ్ parsèMT  phek,non-hate,0.5163190896939728,0.4836809103060272,0.5163190896939728
174,hate,mixed_script,"Maatalu jagratha rooja .alaga janam ,kodukulu antunnavv mari antha gb voddu",hate,0.7984803293887425,0.7984803293887425,0.20151967061125756
175,non-hate,mixed_script,jani anna RC annatho kalisi hero ga cheste choodaalani vundhi,non-hate,0.6289380677829527,0.3710619322170473,0.6289380677829527
176,hate,mixed_script,jaganmohan రెడ్డి వల్ల పిల్లలు bAgA chUsukunnADu ani yAMkar vAgu toMdi వాళ్ళ pillalni కాక నీ పిల్లలు bAgA చూసుకుంటారు,hate,0.541813170980656,0.541813170980656,0.458186829019344
177,hate,mixed_script,"AparA.... నువ్వు ఒక ammAyi to nIchaMgA vyavahariMchi, వెనక nuMchi గట్టిగా paTTukuMdA manukunnA అని nI character lose chesukunnAv... ఎవడెం chestADu?",hate,0.5882733336098812,0.5882733336098812,0.4117266663901188
178,hate,mixed_script,Ni moham ante kada,hate,0.6112241114592762,0.6112241114592762,0.3887758885407238
179,non-hate,mixed_script,ni news ni over action ki dandam ra babu,hate,0.7022639392390555,0.7022639392390555,0.29773606076094444
180,non-hate,mixed_script,అన్నా kAsta జాగ్రత్త... వాళ్లే అనుకోని lopala  నుండి deMtonanna visireru... కాస్త గ్యాప్ ichchi పోతండే... Love you Anna... నీ కష్టం వృధా kAdu,non-hate,0.5464793012293091,0.4535206987706909,0.5464793012293091
181,non-hate,mixed_script,I ప్రోమో chUsinaMta sepu nA mòhaMlo chirunavvu ఆగలేదు.,hate,0.598740855040857,0.598740855040857,0.40125914495914305
182,hate,mixed_script,Vizag News reporter overaction chestunadu,hate,0.744802096041911,0.744802096041911,0.255197903958089
183,hate,mixed_script,mI naDumu కేక ఆంటీ,hate,0.6798331466874349,0.6798331466874349,0.3201668533125651
184,hate,mixed_script,kaLLallo నుంచి కామం కారిపోతుంది,hate,0.7897130612527965,0.7897130612527965,0.21028693874720353
185,non-hate,mixed_script,ఆదర్శమైన పొలిటికల్ లీడర్ ayite రాజకీయ సన్యాసం తీసుకుంటనని చెప్పారు. emaiMdi,non-hate,0.8998187834606493,0.10018121653935075,0.8998187834606493
186,non-hate,mixed_script,jai janasena మన పార్టీ gèlavAlani manaspUrtigA కోరుకుంటున్న,non-hate,0.8019875125626625,0.19801248743733746,0.8019875125626625
187,non-hate,mixed_script,దేశానికి పనికొచ్చే ఇటువంటి vAru nòppi lekuMDAne prANAlanu vadulutAru,hate,0.5263071359700124,0.5263071359700124,0.4736928640299875
188,non-hate,mixed_script,Good aMDi gIta కృష్ణ గారూ మంచి. ఇంటర్వ్యు,non-hate,0.9568704258247558,0.04312957417524421,0.9568704258247558
189,hate,mixed_script,Pichi hospital lo join avara ayomayam,non-hate,0.5386533284627525,0.4613466715372475,0.5386533284627525
190,hate,mixed_script,​BJP lo seat kosam baga chesav le stunt,hate,0.8435228538847315,0.8435228538847315,0.1564771461152685
191,hate,mixed_script,రౌడీ టిడిపి,hate,0.8845530499778683,0.8845530499778683,0.1154469500221317
192,non-hate,mixed_script,"avasaraM ayinappuDu ప్రాణాలు ki తెగించి పోరాడుతారు mana ఆంద్రప్రదేశ్ పోలీసులు, phArèsT AphIsars. greT",non-hate,0.618703434525982,0.381296565474018,0.618703434525982
193,non-hate,mixed_script,He is genuine person aMduke లోకల్ చిల్లర nAyakulu అంతా kalisi వాడిని టార్గెట్ చేశారు,non-hate,0.7760848118815183,0.22391518811848166,0.7760848118815183
194,non-hate,mixed_script,kArtikeyan 2 Congratulations phar big రెస్పాన్స్ phram పవన్ కళ్యాణ్ అన్న,non-hate,0.9531253865068675,0.04687461349313249,0.9531253865068675
195,hate,mixed_script,Vedhavalu Vedhavalu anni chotla vunnaru..inka janalani yedipinchadam tappa,hate,0.5021942384667217,0.5021942384667217,0.4978057615332783
196,non-hate,mixed_script,చంద్రబాబు shivuDu lAMTi vADu.. విషాన్ని కూడా తనలోకి tIsukuMTADu...ika ఇలాంటివి ఒక lèkke కాదు..,non-hate,0.5321458948091532,0.4678541051908468,0.5321458948091532
197,non-hate,mixed_script,jai rgv jai puri,hate,0.7583974293423996,0.7583974293423996,0.24160257065760044
198,non-hate,mixed_script,sodarulu ఎంత గొడవ unna èvaDannA తమ్ముడిని ఏమన్నా aMTe రక్తం ఊరుకోదు. alAge bhAratIyulu కూడా uMDAlani గొప్పగా చూపించిన rAjamauLi గారికి ధన్యవాదాలు,non-hate,0.5590150671753026,0.4409849328246974,0.5590150671753026
199,non-hate,mixed_script,"tèlaMgANa ఉద్యమ gItAla నుండి, మాస్ గీతాల మీదికి rUT మార్చిన maMglI",non-hate,0.5533721882974612,0.44662781170253885,0.5533721882974612
200,hate,mixed_script,Exams lo vundey vallani invigilators antaru adi kuda teleedhu Veeedu minister chesadu.... karmara babu chi.... Thuppas na kodaka,hate,0.769201501972333,0.769201501972333,0.23079849802766708
201,hate,mixed_script,pk inka ka pauk ap lo jokers,hate,0.8752061620469246,0.8752061620469246,0.12479383795307543
202,hate,mixed_script,తెలుగు బాయ్ ఫ్రెండ్ kAvAlI,non-hate,0.8098250736368868,0.19017492636311317,0.8098250736368868
203,hate,mixed_script,Bochu pikanddii,hate,0.8921223336677169,0.8921223336677169,0.10787766633228316
204,hate,mixed_script,dInamma దీని కి iMkA eM పనిలేదా..,hate,0.5214753847373255,0.5214753847373255,0.4785246152626746
205,hate,mixed_script,Em kanapadathunnayi bokka,hate,0.6553233313044381,0.6553233313044381,0.3446766686955619
206,hate,mixed_script,Manu garu meru involve avvakandi chala chiraku ga vuntundhi,non-hate,0.5116891303516875,0.4883108696483125,0.5116891303516875
207,hate,mixed_script,Konda gani over action kompamunchindi,hate,0.8343572072977514,0.8343572072977514,0.16564279270224863
208,non-hate,mixed_script,ramaNa గారు సూపర్ gA pADeru maLli మళ్లి వినాలి anipistuMdi మీకు a దేవుడు ఇంక మంచి stAyilo వుంచాలి అని కోరుకుంటాను,non-hate,0.8530064720449444,0.1469935279550556,0.8530064720449444
209,non-hate,mixed_script,Aaa Voice lo unna rajasa yogame vere level Jai Prabhas Anna,non-hate,0.9168984405382852,0.08310155946171482,0.9168984405382852
210,non-hate,mixed_script,"Jetla
​INDIA ni developed cheyadam evarivalla kadani thelisipoindi prajalaki.....unnodi inka unnntha lenodiki inka lenantha....life tho brathakali thappadu",hate,0.6748863202683215,0.6748863202683215,0.32511367973167843
211,non-hate,mixed_script,Anna super bro,non-hate,0.9875086928804303,0.012491307119569695,0.9875086928804303
212,hate,mixed_script,Self dabba yekkuva indhi Nagababu nevu ne bussu lu thoo,hate,0.8389891121643615,0.8389891121643615,0.16101088783563852
213,hate,mixed_script,teenmmar mallana kcr cheppu nakutadhu,hate,0.678985051948886,0.678985051948886,0.321014948051114
214,hate,mixed_script,Veelu chesadi gymnastics malla vale dhani dance anukuntaru,hate,0.5586276431607027,0.5586276431607027,0.44137235683929726
215,hate,mixed_script,pèdda pIThAdhipati లాగా అందరికి ఆశీర్వాదం ఇస్తున్నాడుగా,non-hate,0.862454332673007,0.13754566732699303,0.862454332673007
216,non-hate,mixed_script,vADu ఏదో jok చేస్తే adi నువ్వు nammaDame nA,hate,0.583701347022324,0.583701347022324,0.41629865297767604
217,non-hate,mixed_script,Pspk vachi photo dhigudham antey aa excitement ey veru adhi clear ga nivetha face lo kanipisthunadhi,hate,0.5144780287924038,0.5144780287924038,0.48552197120759627
218,hate,mixed_script,RGV effect valla Puri cinemalu anni dobbayi.,hate,0.6489601593027798,0.6489601593027798,0.35103984069722016
219,hate,mixed_script,ఇలాంటి vIDiyos చేస్తుంటే మీ ఫ్యామిలీ లో ఆడవాళ్లు gurtuku vastalerA రా..బ్లూ బ్యాచ్ గా.. dAnni tannAli ఫస్ట్ ఈలాంటి వీడియో కీ òppukunnaMduku,hate,0.5096867100377918,0.5096867100377918,0.4903132899622083
220,non-hate,mixed_script,guMDèla పైన కాదు guMDè లోపల వున్నారు sar మీరు,hate,0.6842109775858134,0.6842109775858134,0.3157890224141866
221,non-hate,mixed_script,mAmulugA ledu TvisT సూపర్ అహ కెవ్వు keka,non-hate,0.5013571700138256,0.4986428299861744,0.5013571700138256
222,non-hate,mixed_script,ilA ఏమి లేకుండా unna ఏకైక nAyakuDu... Apj abdul kalam gaaru mAtrame,non-hate,0.6155499944130715,0.38445000558692854,0.6155499944130715
223,hate,mixed_script,yogi baba ram rahim sistudu edharu adava vallaki respect eyyaru edharu pedha langa gallu,hate,0.7357260416519447,0.7357260416519447,0.2642739583480553
224,non-hate,mixed_script,gAD blèss yu సమంత సిస్టర్,non-hate,0.7624717510869296,0.23752824891307045,0.7624717510869296
225,non-hate,mixed_script,ఇటువంటి kathalu paDtAne dhikku లేకుండా పోయింది,hate,0.7341286270824448,0.7341286270824448,0.2658713729175553
226,non-hate,mixed_script,mIku vaMda నమస్కారాలు rA bAbu,non-hate,0.7117192304685905,0.28828076953140946,0.7117192304685905
227,hate,mixed_script,Ravi anna oudi ounte nani vamsi anil kumar ambanti lanti vaalu noru lepevaru kaademo,hate,0.6632039379474703,0.6632039379474703,0.3367960620525296
228,hate,mixed_script,muMdu arèsT చేయండి.. మీడియా ముద్దు tIsukuraMDi రా...,hate,0.6799305518872005,0.6799305518872005,0.3200694481127995
229,hate,mixed_script,vd overconfidence valla ciniema dengindhi,hate,0.7827393503474941,0.7827393503474941,0.21726064965250594
230,hate,mixed_script,Andra prajalaku siggu undali sontha amma nu chellini patinchukoleni vadu Meemanli chusukuntadu,hate,0.7632513659334897,0.7632513659334897,0.23674863406651028
231,hate,mixed_script,Vijay devarakonda hype tho dhamal.  Jr NTR next turn. Meeru akashaniki ethe antha great actor emi kaadu..,non-hate,0.7354094368582424,0.26459056314175755,0.7354094368582424
232,hate,mixed_script,Mere brathukulu inthey eka. Nasanayam aaipotai,hate,0.6417803325321285,0.6417803325321285,0.35821966746787154
233,hate,mixed_script,Meeru moosukunte baguntadi,hate,0.8458772652716144,0.8458772652716144,0.1541227347283856
234,hate,mixed_script,Meeru mi over action apandra babu,hate,0.749204779552112,0.749204779552112,0.250795220447888
235,non-hate,mixed_script,అంత chirAggA వుంటే.. స్టేజ్ మీద ki ఎందుకెల్లార్ sAr,hate,0.7524768304470799,0.7524768304470799,0.24752316955292006
236,hate,mixed_script,pm modi ni pakisthan ki tarmidengali jai kcr mere next pm,hate,0.5197667632105971,0.5197667632105971,0.4802332367894029
237,non-hate,mixed_script,బయటకు geMTesAru ఒక్కసారి లైవ్ progrAM నుండి అంతే పాస్ట్ గా పైకి లేచాడు చూపించావు ఓటమి లో kUDA èlA పైకి రావాలో ani,hate,0.5292100114877685,0.5292100114877685,0.4707899885122315
238,non-hate,mixed_script,Nayakudu ela undali God bless you sir,non-hate,0.9424814982823405,0.05751850171765949,0.9424814982823405
239,hate,mixed_script,bjp malli ade double game maatladutondi....amaravathi meeda,hate,0.6788666131464458,0.6788666131464458,0.3211333868535542
240,hate,mixed_script,Nvvy nee build up,hate,0.6939690417315407,0.6939690417315407,0.3060309582684593
241,hate,mixed_script,Banisa La unnaru kadara meeru me overacting,hate,0.7042417375412333,0.7042417375412333,0.29575826245876674
242,hate,mixed_script,andukokune vaalu laga vunnaru meru natho comparision na,hate,0.6850325599499305,0.6850325599499305,0.31496744005006955
243,hate,mixed_script,Lancham antunaru anam garu...... inthaku mundu your government ilagey chesinda...,hate,0.5920500983877648,0.5920500983877648,0.40794990161223527
244,non-hate,mixed_script,paruchUri గోపాల kRRiShNa gAri కి నమస్తే మిమ్ములను మొదటిసారి భార్గవ rAmuDi సినిమాలో chUsAnu సూపర్ వెరైటీ yAkShan sAr,non-hate,0.6572057722885897,0.3427942277114103,0.6572057722885897
245,hate,mixed_script,Ma campus ee bro lanjoduku,hate,0.8596513704845867,0.8596513704845867,0.14034862951541321
246,hate,mixed_script,"Ipl ki best mana palyers , international matches enduku waste",hate,0.521614458222583,0.521614458222583,0.478385541777417
247,non-hate,mixed_script,Dnr sampadinchalani anukunte today ciniema field lo ewaru sariporu mahanubavudu daring man,hate,0.6521072822766729,0.6521072822766729,0.347892717723327
248,hate,mixed_script,preity zinta oka bazzar kukka team tesukovadam kuda radu,hate,0.8599469466321502,0.8599469466321502,0.14005305336784976
249,hate,mixed_script,shankar ninnu bjp kukka kottinattu kodutaru,hate,0.8418735392361367,0.8418735392361367,0.1581264607638633
250,non-hate,mixed_script,సార్ mimalni చూస్తుంటే కొండంత దైర్యం వస్తుంది,non-hate,0.6385982237297273,0.3614017762702727,0.6385982237297273
251,non-hate,mixed_script,మీ ఎంట్రీ vachchinapuDu నితిన్ anna భయపడుతున్నాడు,non-hate,0.5005589883359906,0.49944101166400945,0.5005589883359906
252,hate,mixed_script,nenu ఓపెనహార్ట్ విత్ RK తప్పక చూస్తుంటా.  ఇంత daridrapu iMTarvyU pèTTakuMDA వుండాల్సింది.  తేనె పూసినకత్తి,hate,0.646319953885858,0.646319953885858,0.353680046114142
253,hate,mixed_script,Ne bathukula sulli net nenu dengina vadu esthada recharge aipothe,hate,0.9009838076834726,0.9009838076834726,0.09901619231652738
254,non-hate,mixed_script,blAk sArI లో బాగుంది,non-hate,0.8501578780727109,0.14984212192728907,0.8501578780727109
255,non-hate,mixed_script,Ayana piTTakathalanu bAgA enjoy చేస్తాం... aMtarlInaMgA oka adbhutavedAMtavAkyaM చెబుతారు dAnini vadilestAM.. అదీమనం. “దేవుడు ఒక్కడే.. nI మఠం kAnaMtamAtrAna verevArini dUShiMchanavasaraNaledu.”,non-hate,0.6482162047894817,0.3517837952105183,0.6482162047894817
256,hate,mixed_script,Buthula saka mantri ....,hate,0.6940821653560167,0.6940821653560167,0.3059178346439832
257,non-hate,mixed_script,Aatla vastai Anna niku enni telivi tetalu oka cinema thi anna,non-hate,0.5724268797005583,0.4275731202994417,0.5724268797005583
258,hate,mixed_script,Paramboku ias officers ni vetiki kcr Jagan tesku vachi AP Telangana lo pedtaru,hate,0.6458411700621077,0.6458411700621077,0.35415882993789227
259,hate,mixed_script,Endhuku ante vallu chetha lanchodukulu bro,hate,0.8039367342013858,0.8039367342013858,0.1960632657986142
260,hate,mixed_script,raja singh kalthi maal ammutharu and rowdy gunda,hate,0.8122434579420079,0.8122434579420079,0.18775654205799208
261,non-hate,mixed_script,"rma kosaM చూసాను ,mòdaTisAri atanu òka హీరో అభిమాని èlA ఉల్లాసంగా స్టేజి పై mATlADutAro alA anipiMchAru",non-hate,0.5548238222474706,0.4451761777525294,0.5548238222474706
262,hate,mixed_script,Rai atanu ఉద్యోగం correct gA చేస్తున్నాడు ఎందుకు ర nAyakulu అందురు kalisi niMdalu వేస్తారు... nijAyitI పని cheste èvarikI నచ్చదు..ఛీ,hate,0.744689277002234,0.744689277002234,0.25531072299776597
263,non-hate,mixed_script,Ee video chusintarvatha mee meeda respect perigindi,hate,0.6541937284779877,0.6541937284779877,0.34580627152201227
264,hate,mixed_script,Chavu Nenu avadu apadu,hate,0.7178977157193527,0.7178977157193527,0.2821022842806473
265,hate,mixed_script,RK Garu neku interview cheyadam rakapoty miskuni veray vallaku chance evvandi niku respect evvadam teledu,hate,0.6566093771647752,0.6566093771647752,0.34339062283522487
266,non-hate,mixed_script,Ee momment ki nizam gaa aricham,non-hate,0.6437856942884447,0.3562143057115553,0.6437856942884447
267,non-hate,mixed_script,Inthamandi abhmaninchali ante entha adrushtam chesuko undali,hate,0.6297798718907519,0.6297798718907519,0.3702201281092481
268,non-hate,mixed_script,Paristhithulu maree intha pagabattesayenti,hate,0.7151332503438437,0.7151332503438437,0.2848667496561563
269,non-hate,mixed_script,mAtRRi bhASha తెలుగు aMTe అంత lokuvA    pakka rAShTrAla vALLu వారి mAtRRi bhASha కి èMta gauravaM ichchu kuMTAro చూసి నేర్చుకోండి,non-hate,0.64573575602737,0.35426424397263,0.64573575602737
270,hate,mixed_script,Lakshalu lakshalu fees lu dengina,hate,0.8774519688921648,0.8774519688921648,0.12254803110783516
271,non-hate,mixed_script,ఇది kUDA పిచ్చి డాన్సులు ki ఒప్పేసుకుంది. తు dInamma. ఆడది అంటే గౌరవం potoMdi.,hate,0.5704701225107514,0.5704701225107514,0.42952987748924865
272,hate,mixed_script,Arey sollu comedy apandraaaa,hate,0.5542391321653535,0.5542391321653535,0.4457608678346465
273,non-hate,mixed_script,Green dress sis super ga chesaru,non-hate,0.6937136265103666,0.3062863734896334,0.6937136265103666
274,hate,mixed_script,"Me ఇద్దరు valla epI lo ఆడవాళ్ళ paruvu పోయింది, padavi kosaM ఎంతకైనా digajAre bratukulu మీవి",hate,0.6752031638346805,0.6752031638346805,0.3247968361653195
275,hate,mixed_script,oka ammai vi vundhi natho argue chesthava puku mosukoni inti panulu cheyi,hate,0.8244903038020508,0.8244903038020508,0.17550969619794918
276,non-hate,mixed_script,నిజానికి prajala కోసం పోరాడుతున్న ekaika నాయకుడు revaMt రెడ్డి గారు,non-hate,0.7002763142531723,0.29972368574682773,0.7002763142531723
277,hate,mixed_script,prathi chethanakoduku viratkohli ni anetode lavdapuk gallu,hate,0.9148105224916107,0.9148105224916107,0.08518947750838936
278,hate,mixed_script,Movie matram modda gudisi potadhiii pakkaa,hate,0.7097913282220745,0.7097913282220745,0.29020867177792553
279,hate,mixed_script,roja ninnu choosthey nak guddalo edo nakuladhi nuuvu ni barrey guntu,hate,0.8435578657691305,0.8435578657691305,0.15644213423086956
280,hate,mixed_script,Nuv dancer va chiii sigguledhu Neku,hate,0.8036219203406072,0.8036219203406072,0.19637807965939277
281,hate,mixed_script,Tokka kooda oppukonu,hate,0.9478569051311503,0.9478569051311503,0.05214309486884975
282,non-hate,mixed_script,"అభివృద్ధి, సంక్షేమం రెండు chUDagala chaMdrabAbu valle rAShTraniki maMchi jarugutuMdanedi mummATiki nijaM",hate,0.5771244178294146,0.5771244178294146,0.42287558217058546
283,non-hate,mixed_script,Bahubali time antha Baganey Unnav Anna . Tharwatha ee sahoo ki radhe shyam nachinatlu frnds tho sitting uu food padypoyav Anna ..Ayina sarey darling ee no one,hate,0.5935848519757687,0.5935848519757687,0.4064151480242313
284,hate,mixed_script,"Frank ga cheppalante evari personal life valladi...
Meru chesthundi enti mari
Peruki pedda news channels... Avasaramayina news vadilesi sodhi news lu cheppatle....Apudu mimmalni alage anali ga
Enta sepu cinema valla personals lo, leda social media peru cheppi
Netizenlu troll chesthunaru anatam... Controversy lani pani kattukuni crete cheytam...ila sodhi news ee kani paniki vachevi epudyna cheppara ra?
Scrap media channels....",hate,0.7090663469960166,0.7090663469960166,0.2909336530039834
285,non-hate,mixed_script,Hema kuturu chala chala baguntadi chala suma show lo chusanu,non-hate,0.9320095345905646,0.06799046540943543,0.9320095345905646
286,hate,mixed_script,women ki respect ledhu malla vadu oka yogi malla ha modda cm kurchi lo vundhi,hate,0.725844144500831,0.725844144500831,0.27415585549916904
287,non-hate,mixed_script,నువ్ hIro avatAvu అన్న aMta స్టయిల్  vuMdi nilo ఇది రియల్ మాట,hate,0.5242571726462932,0.5242571726462932,0.4757428273537068
288,hate,mixed_script,Nice baaga dhimpav Anchor bro.,hate,0.5486401595344974,0.5486401595344974,0.45135984046550265
289,hate,mixed_script,చార్మి పూర్తిగా kudelu nAku iMko la కనిపించింది,hate,0.5406092341937682,0.5406092341937682,0.45939076580623184
290,hate,mixed_script,ery pappa la tho comedy very pappa la uanttadhi dhodhu dhodhey,hate,0.87361910462541,0.87361910462541,0.12638089537459
291,non-hate,mixed_script,వెంకీ మామ ఫ్యాన్స్ జై వెంకీ mAma,non-hate,0.8349127033030036,0.1650872966969964,0.8349127033030036
292,non-hate,mixed_script,"Babu gogineni garu, suereb ga Chepparu",non-hate,0.6796254107171138,0.3203745892828862,0.6796254107171138
293,non-hate,mixed_script,Bangaram lanti wife failure kuda supporting ga undi kani veedu vini veshalu,hate,0.6535739149656847,0.6535739149656847,0.3464260850343152
294,hate,mixed_script,బాగా chadivinav గా rAsukuni marI.. మధ్యలో mana భార్యలు అన్నావ్ చూడు,non-hate,0.55660697495741,0.44339302504259004,0.55660697495741
295,hate,mixed_script,బానిస కట్టప్పలు బయటకి వచ్చారు..ఇక జగన్ ki భజన చెయ్యడానికి..,hate,0.7517423920726483,0.7517423920726483,0.24825760792735171
296,non-hate,mixed_script,pApa chetiki కత్తి ichche sIn ènnisArlu చూసినా కళ్ళలో nILlu tirugutunnAyi... Great thought by director,non-hate,0.501937527336383,0.49806247266361703,0.501937527336383
297,non-hate,mixed_script,మెగాస్టార్ chiraMjIvi గారు appaTiki ippaTiki èppaTikI lèjèMDarI ఆక్టర్ in world,hate,0.5408852161235267,0.5408852161235267,0.45911478387647336
298,non-hate,mixed_script,In direct reshmi ke kiss aadiga du sudheer bhaiyya,hate,0.5061212158211978,0.5061212158211978,0.4938787841788022
299,non-hate,mixed_script,సంక్రాంతికి రాబోతున్న chiraMjIvi gAri sinimA మరియు బాలకృష్ణ gAri సినిమా maMchi vijayaM sAdhiMchAlani కోరుకుంటూ,non-hate,0.7440019213222712,0.25599807867772884,0.7440019213222712
300,non-hate,mixed_script,sUpar anna jai పవన్ kaLyAN జై janasena nèksT సీఎం pavan kaLyAN gAre,hate,0.5893929247877908,0.5893929247877908,0.4106070752122092
301,hate,mixed_script,appude amindi mundundi musallapanda chudu ra,hate,0.8222806613099511,0.8222806613099511,0.1777193386900488
302,non-hate,mixed_script,Veedu gelisthe telangana people dhi kuda adhe situation,hate,0.9354390747276946,0.9354390747276946,0.06456092527230535
303,hate,mixed_script,Dhusta chaathuryam!  Meeru ilantivi enni chesina em pikalerra!,hate,0.7008577858096707,0.7008577858096707,0.29914221419032927
304,non-hate,mixed_script,Helping nature kuda vundaali apude manishiki viluva,hate,0.7181871242463135,0.7181871242463135,0.2818128757536865
305,hate,mixed_script,marade tèlisi tèlisi nippullo చేతులు pèTTaDaM aMTe,hate,0.8994978684596655,0.8994978684596655,0.10050213154033455
306,non-hate,mixed_script,Mr. Bandi అసలు 2019 కి ముందు ని asthi ఎంత ippuDu nI ఆస్థి ఎంత..,non-hate,0.638565012207403,0.361434987792597,0.638565012207403
307,hate,mixed_script,Anchor be like: pichi na kdklni andharu ikkade unnaru,hate,0.804634063394005,0.804634063394005,0.19536593660599497
308,non-hate,mixed_script,"Megastar tho dutt garu 4movies theesthey 3 industry hits.charan janvi tho thwaraga jvas 2 thiyyandi
Dutt garu",non-hate,0.5709356881347877,0.4290643118652123,0.5709356881347877
309,non-hate,mixed_script,E bjp oil rates increase chesi vanta cheyali ante kastam undi anna,hate,0.5827235297066076,0.5827235297066076,0.4172764702933925
310,non-hate,mixed_script,ప్రజల తరపున ఇంత sudIrgha porATaM chesi tAnu గెలిచి మమ్మల్ని గెలిపించిన దిలీప్ suMkara గారికి hRRidaya పూర్వక శుభాకాంక్షలు...జై bhIm ...jai bhArat...,non-hate,0.8312546599660621,0.16874534003393793,0.8312546599660621
311,non-hate,mixed_script,Vijay Devarakonda fans ekkada thagedhele,hate,0.5463797427424893,0.5463797427424893,0.45362025725751065
312,non-hate,mixed_script,maheSh bAbu ల vuMD సితార పాప chAlA క్యూట్ గా ఉంది,non-hate,0.7628084162811656,0.23719158371883442,0.7628084162811656
313,hate,mixed_script,Povee pukuu mundaa,hate,0.9468797805602563,0.9468797805602563,0.05312021943974361
314,non-hate,mixed_script,"poyi central appulu chudu, hunger index, inflation, poverty, unemployment etc Telangana lo least unemployment and development is peaking up rapidly.",non-hate,0.6483196003378601,0.35168039966213993,0.6483196003378601
315,hate,mixed_script,laMjAkòDukulu laMjamuMDala jokulA ఇవి నా కొడకల్లారా,hate,0.6078739594494276,0.6078739594494276,0.3921260405505725
316,hate,mixed_script,shaq modda ante vunnavu ra kevin neku enduku affair,hate,0.8451182113736588,0.8451182113736588,0.15488178862634122
317,non-hate,mixed_script,nA ఊపిరి unnaMtavaraku నా ఓటు mIke అన్నా,hate,0.5785527255023102,0.5785527255023102,0.42144727449768976
318,non-hate,mixed_script,Prathi scene prathi shot u mind pothundhi Amma baboy Awesome script selection,non-hate,0.5861118145151798,0.4138881854848202,0.5861118145151798
319,hate,mixed_script,Idendayya idi Mariiii ila thayarayyaru Dandaalu ra ayya,hate,0.5952280558526727,0.5952280558526727,0.4047719441473273
320,non-hate,mixed_script,special respect for Indian cricket thanks for ( international board of Australia),non-hate,0.8730888374210585,0.12691116257894153,0.8730888374210585
321,non-hate,mixed_script,Cheppedhi em lekapoina ha hm ani anna parledhu vallatho matladali anthee,hate,0.7352670414720501,0.7352670414720501,0.26473295852794987
322,non-hate,mixed_script,Gudivada king true leader,non-hate,0.5530645400157336,0.4469354599842664,0.5530645400157336
323,hate,mixed_script,siggu vundali amma jagan lanti erripuk kanna anduku,hate,0.7051746683206823,0.7051746683206823,0.2948253316793177
324,non-hate,mixed_script,All the best annya aaa..ni Hard work apudu ki waste kadhu sir jai janasena,non-hate,0.8590041689079434,0.1409958310920566,0.8590041689079434
325,non-hate,mixed_script,అప్పట్లో సునీల్ కోసమే డైలాగ్స్ ఉండేవి ipuDu AlA lèv,non-hate,0.5898520544610706,0.4101479455389294,0.5898520544610706
326,non-hate,mixed_script,vAv mI DAns సూపర్ sUpar,hate,0.7447527651511049,0.7447527651511049,0.2552472348488951
327,non-hate,mixed_script,vAru èvarito పెట్టుకుంటే mIkèMdukusAr.mIru రోడ్లు ఎందుకు ఇయ్యలేదు? ప్రాజెక్టులు èMduku కట్టడం లేదు? ఎందుకు iMta అప్పులు చేస్తున్నారు madyapAna niShedhaM èMduku cheyaledu? kaMpènIlu ఎందుకు tIsukurAvaDaM లేదు?,hate,0.8310968561934811,0.8310968561934811,0.16890314380651897
328,hate,mixed_script,సిగ్గు saraM vunna vALLu èvaru వీడి sinimAlaku pòkaDadu ..... eMTrA A bAShA ...,hate,0.6309261177216078,0.6309261177216078,0.3690738822783922
329,hate,mixed_script,po ra pichi kukka . siggu ledhu em ledhu asla manishi vey na,hate,0.8528323969801151,0.8528323969801151,0.14716760301988482
330,non-hate,mixed_script,Ilanti MLA Anni niyojaka vargallo enduku leru!!!,hate,0.7050181095578765,0.7050181095578765,0.2949818904421236
331,non-hate,mixed_script,Full video please bayya,non-hate,0.7684998342990751,0.2315001657009249,0.7684998342990751
332,hate,mixed_script,తొడలు... అస్సలు ఉన్నాయి,hate,0.6697851716931149,0.6697851716931149,0.33021482830688503
333,non-hate,mixed_script,Dress bavundi kaani phone poyindi,hate,0.76736688309946,0.76736688309946,0.23263311690053995
334,hate,mixed_script,èMduku rikArDiMg డాన్స్ vALLaki విలువ లేదు అంటే... ఇలాంటి mATalu... వెకిలి cheShTalu valle...,hate,0.6247662918246657,0.6247662918246657,0.3752337081753343
335,non-hate,mixed_script,అసలు ఇంగ్లీషు sinimAlu లోనే ఇలాంటి padAlu uMTAyi.,hate,0.5111749022845851,0.5111749022845851,0.4888250977154149
336,hate,mixed_script,ముందు ముందు స్పష్టం గా బూతులు మాట్లాడేస్తారు ఏమో,hate,0.5137461176220414,0.5137461176220414,0.48625388237795863
337,hate,mixed_script,Anduke film dobbindii,hate,0.8516643603794172,0.8516643603794172,0.14833563962058288
338,hate,mixed_script,kallu pathukoni sanka kannidhi meru,hate,0.7107514932393186,0.7107514932393186,0.2892485067606814
339,non-hate,mixed_script,Ade matani dukuduga cheppandi. Siva garu kanabadatharu maku. Voice belaga vundi.,non-hate,0.6875837462128025,0.3124162537871975,0.6875837462128025
340,hate,mixed_script,ఇదేంటీ ilA naDustuMdi,hate,0.5227945234670262,0.5227945234670262,0.4772054765329738
341,non-hate,mixed_script,kohlI ki anukulaM గా mariyu phAm lo unnapuDu 3 icc cups అందించినా dhoni గౌరవంగా కెప్టెన్సీ వదులుకున్నాడు..అందరు riTairmèMT taravAta లెజెండ్స్ ayyaru kAnI kohli క్రికెట్ అడుతునే లెజెండ్ sthAyI nI aMdukunnADu..kohlI స్టేయి vADu kèpTènsI kosaM ఇలా gòDavapaDaTaM వల్ల prapaMcha స్థాయీ abhimanulunnA కోహ్లి tAnA స్థాయిని తాగించుకున్నవాడు avvutADu..kohli winning persentage yèkkuvunnA..IPL.kAni,non-hate,0.5482163111465544,0.45178368885344555,0.5482163111465544
342,hate,mixed_script,Areyy vanni mental hospital loo join cheyyadraaa,hate,0.6060257315157468,0.6060257315157468,0.3939742684842532
343,hate,mixed_script,Nijame lanjalara ammavadipuku degichukoniki thisukunara,hate,0.8276044155813119,0.8276044155813119,0.17239558441868807
344,non-hate,mixed_script,"chAlA అద్భుతంగా మ్యూజిక్ డాన్స్ స్టెప్ risalT sUpar,,",non-hate,0.9269712758584613,0.07302872414153871,0.9269712758584613
345,non-hate,mixed_script,అనిల్ గానీ వాయిస్ viMTe నాకు ఎక్కడో kaludi.... విడు vini మాటలు...వెస్ట్ na kòMdi,hate,0.5209949609131952,0.5209949609131952,0.47900503908680486
346,non-hate,mixed_script,అసలు hAran kòTTakapote Train ippaTlo rAdani అర్థం,hate,0.5780390826384378,0.5780390826384378,0.4219609173615621
347,hate,mixed_script,first koja johar ni india nunchi tarmidengithe sangam pedha pothadhi,hate,0.8095028335463076,0.8095028335463076,0.19049716645369244
348,non-hate,mixed_script,Ending naku tears vachai  bro. Harsh sai real hero. God bless u brother.,non-hate,0.7704001370919766,0.22959986290802337,0.7704001370919766
349,non-hate,mixed_script,Sometimes nuvvu vacchinanduku chala feel avutunna ninnu ilanti position lo vunchina naaa lanti die hard fans ni chustunte anna,non-hate,0.7225765544828202,0.2774234455171798,0.7225765544828202
350,hate,mixed_script,roja oka noru vunna pichi lanja noru vundhaani edho edho matladthi,hate,0.8082268719908225,0.8082268719908225,0.19177312800917748
351,hate,mixed_script,Eema em peekindhi ra judge la pettaru,hate,0.8466975028374097,0.8466975028374097,0.1533024971625903
352,non-hate,mixed_script,Avnu nenu mimmalni chusanu chaala sarl,non-hate,0.5975335264238819,0.4024664735761181,0.5975335264238819
353,hate,mixed_script,Modda gudisipotav bollywood content lamti movies tistey,hate,0.7214098413901087,0.7214098413901087,0.27859015860989134
354,hate,mixed_script,Picha Na Kodaka!! Vinipisthunda Ra Vijay Ga !!,hate,0.5561649116656664,0.5561649116656664,0.44383508833433355
355,hate,mixed_script,Poyakalam deggara padinappudu alage chestharu,hate,0.7742749614499684,0.7742749614499684,0.22572503855003154
356,hate,mixed_script,saMkanAkistuMdi... ఇది kUDA nijame,non-hate,0.5364148982393506,0.4635851017606494,0.5364148982393506
357,hate,mixed_script,Arey howle Nizamabad MP Pasupu bord Edhi be Nv esukunna Angi lagu kudha Cangress icchindhe and TELANGANA icchindhi kuda Cangress A meeru cheppe Digital India lo ni AAdhar card kuda Cangress tecchindhe,hate,0.6673252727634956,0.6673252727634956,0.3326747272365044
358,hate,mixed_script,"Tickets rates thagginchaali..appudey janaalu theatre ki vastaaru.. Budget peruguthondhantey dhaanikkaranam producers e... Heroes budget, north Indian heroines, valla staff ni mepaali ivvanni thadisi mopodavuthunnayi",hate,0.6583811658136396,0.6583811658136396,0.3416188341863604
359,non-hate,mixed_script,First telangana gurunchi edvu  jai bjp,hate,0.7286840509036663,0.7286840509036663,0.27131594909633366
360,hate,mixed_script,"విద్వేషాల ,వైషమ్యాలు గురించి బీజేపీ mATlADaTaM....",hate,0.6431788724701435,0.6431788724701435,0.35682112752985645
361,hate,mixed_script,vIDiki ఇంత మంది avasaramA వోవర్ kUDA,non-hate,0.60214141835936,0.39785858164064003,0.60214141835936
362,hate,mixed_script,"alI siggundali nIku, sanskaram ledu నీకు, నవ్వుతూ ఉన్న so called celebrities ki నవ్వు èlA vastuMdo",hate,0.7528092357162366,0.7528092357162366,0.24719076428376344
363,hate,mixed_script,Gee bajaru chillara dhaniki baga hype icharu kadha ra thu,hate,0.8613846686180084,0.8613846686180084,0.13861533138199159
364,hate,mixed_script,nehru amman denga ni valla india pakistan godava inka vundhi,hate,0.5691525336017283,0.5691525336017283,0.43084746639827165
365,non-hate,mixed_script,Alochana chestunnAM DrAmA రావ్ IsAri mimmalni ఓడించాలి అని,non-hate,0.6646825294323341,0.3353174705676659,0.6646825294323341
366,hate,mixed_script,Arey badcaw recharge iypothe data ala osthundhr rah,hate,0.6944225815415788,0.6944225815415788,0.3055774184584212
367,hate,mixed_script,òrey ముసిల్డాన్ని kUDA vadala vArA,hate,0.828215817590206,0.828215817590206,0.17178418240979396
368,hate,mixed_script,sharmila nuvvu ooriki ki poyi record dancelu cheskho,hate,0.7227308772145914,0.7227308772145914,0.2772691227854086
369,hate,mixed_script,Veedi maatalaku yentha mandi kodathaaru veeni,hate,0.9260915231213871,0.9260915231213871,0.07390847687861288
370,non-hate,mixed_script,Are యాదవ llA rA megastar తరవాత pavan కళ్యాణ్ rA  చిరు సర్ ఆయన Vera leval జై bAlayya,non-hate,0.7081665557670009,0.29183344423299906,0.7081665557670009
371,non-hate,mixed_script,Ennisarlu chusina chudalanipinche great scene idi,non-hate,0.7396661368945668,0.26033386310543316,0.7396661368945668
372,non-hate,mixed_script,sUpar డ్యాన్స్ మాస్టర్ jAnI,non-hate,0.797006921955513,0.20299307804448696,0.797006921955513
373,hate,mixed_script,Ammai ni pattukoni kavalissindhi konuko ani anta vurukuntunda,hate,0.7923035795904207,0.7923035795904207,0.20769642040957922
374,hate,mixed_script,nIlAMToLlu పాలమ్మిన vALlu చాలామంది ఉన్నారు వాళ్ళకి ఎందుకు rAvaDaM ledu అదృష్టం .... అన్ని dòMga పనులు chesinav,hate,0.6452008879310204,0.6452008879310204,0.3547991120689796
375,non-hate,mixed_script,Ee styles and mannerisms present andaru vaduthunnaru mana industry lo,non-hate,0.773793131642291,0.22620686835770898,0.773793131642291
376,non-hate,mixed_script,"నేను చూసిన వేలాది phannI వీడియోలల్లనే TAp 1 leDI AkShan vIDiyo idi .,,,అమ్మాయి ఆక్షన్ సూపర్",non-hate,0.7814998764268783,0.21850012357312165,0.7814998764268783
377,non-hate,mixed_script,elaanti sannasi matalu vinalani maku ledu mundu sari ga matladu mariyada ichi puchukovale anthegani Telangana slag Ani memilage matladtha mante vere partila telanganollu kada,non-hate,0.5485299784469823,0.45147002155301774,0.5485299784469823
378,non-hate,mixed_script,Sir Arun Kumar garu meeku hrudayapurvaka namaskaramulu.sir nenu kuda Kapil chit lo chit one L.. vesanu .chit purti ayipoyindi.nene kakunda ma brother cheta friends cheta kuda veyinchaanu.but ippariki amont ivvatam ledu.amont adigite danilone fixid deposit cheyyamantunnaru. consumer court ki velte baguntunda.plz salaha istarani aasisunnanu,hate,0.5909815789646957,0.5909815789646957,0.4090184210353043
379,hate,mixed_script,మోహన్ bAbu గారు kònni prashnalaku సమాధానం చెప్పలేక bikkamòhaM veshADu. nILlu నములుతున్నాడు,non-hate,0.5631085319222914,0.4368914680777086,0.5631085319222914
380,hate,mixed_script,Roja niku minister ichindhi ha shaka ki nayam cheystav ani. Cheera lu pampala miku antey anam garu cutdrawer lu pampala annadu saripoyindha. Power unnantha varaku baganey untundhi.,hate,0.7418440052014362,0.7418440052014362,0.25815599479856377
381,hate,mixed_script,Ee over action ke... Sankaa naakadu.. Kada. Ayinaa buddi raa ledu,hate,0.7763354021538696,0.7763354021538696,0.22366459784613038
382,non-hate,mixed_script,Orey baffun gaa college fees lu thakkuvva chesthee nee mukaniki adi chaluu,hate,0.7310324815669995,0.7310324815669995,0.26896751843300043
383,hate,mixed_script,BJP Sanka naku teenmar vartalu,hate,0.7395722461538249,0.7395722461538249,0.2604277538461751
384,non-hate,mixed_script,Rip sir.... ఆత్మ కి shAMti కలగాలని korukuMTunnAnu....mana deshaMlo ఉన్నది ఇలాంటి బడా పారిశ్రామికవేత్తలు sAr.,non-hate,0.6786009544319146,0.3213990455680854,0.6786009544319146
385,non-hate,mixed_script,ఇటువంటోళ్లు మంత్రులుగా ఉండడం tèlaMgANa chesina దురదృష్టం,hate,0.643193965409042,0.643193965409042,0.3568060345909581
386,hate,mixed_script,Twaralo telugollanta pichollawutaaru,hate,0.9261030500037184,0.9261030500037184,0.07389694999628162
387,non-hate,mixed_script,Next generation chala strong ga prepare chesthunnaru,non-hate,0.7947769377847992,0.2052230622152008,0.7947769377847992
388,non-hate,mixed_script,vAmmo సూపర్ chiTTi thalli ️ ఆక్షన్ ke prANaM పోసెల annav రా mummy,non-hate,0.8130272463266658,0.1869727536733342,0.8130272463266658
389,non-hate,mixed_script,kutta పగులుద్ది ఎవడైనా(any party/any other fans) ènTIAr అన్న ni తక్కువ చేసి మాట్లాడితే,hate,0.6350614358119411,0.6350614358119411,0.3649385641880589
390,hate,mixed_script,Edi over action,hate,0.7367399525577449,0.7367399525577449,0.2632600474422551
391,hate,mixed_script,"Chi chi neeku anchoring evadu nerponchondo....farmers ni arrest chesinaru ante...safety ki antava,intha dikkumaalina answer emina vuntada asalu,ante anyayam jarigindi Ani chepte arrest lu chestaru,ala arrest cheyyadam correct antava nv",hate,0.6442933692849171,0.6442933692849171,0.35570663071508296
392,non-hate,mixed_script,gèTap శీను వావ్ sUpar mAn మెగాస్టార్ bADI lAMgvej యాస్ ఇట్ ఇస్ దించేసావు sUpar,hate,0.529177460834518,0.529177460834518,0.470822539165482
393,non-hate,mixed_script,Sudheer ni timingi timing anna,hate,0.7198384177213377,0.7198384177213377,0.2801615822786623
394,non-hate,mixed_script,తెలుగు లో ఉన్నా anni వ్లోగ్ ChAnèl vALlani ఏసుకున్న NTB Anna ki ధన్యవాదాలు..,non-hate,0.8673718204140493,0.13262817958595075,0.8673718204140493
395,hate,mixed_script,abaddhAniki pèdda noru ఉంటుంది,hate,0.6701610804562134,0.6701610804562134,0.32983891954378664
396,non-hate,mixed_script,"ghaDDagA మరీ manAvar gAniki కూడా chèppu హిందూ devuLLa paina జోకులు చేయొద్దని, mari vAni Sho కు పర్మిషన్ ఇవ్వకుంటే ఇవన్నీ కాకుండె కదా",hate,0.852079484909038,0.852079484909038,0.14792051509096202
397,non-hate,mixed_script,ఎందుకు sir అయిపోయిన pèLliki meLAlu!!! vadileyaMDi sir. ఇద్దరూ ilA తిట్టుకోవడం janAlaki వినోదం అయిపోయింది sir,non-hate,0.5354250551531027,0.4645749448468973,0.5354250551531027
398,hate,mixed_script,itlantivi ఎందుకు chestAraMDi meeru rotta cinemalu matrame chestaru sir meeru... any way .. ayina meerante naakistam sir,non-hate,0.5138310122758029,0.48616898772419714,0.5138310122758029
399,hate,mixed_script,iShTaM లేని జాబ్ చేస్తునట్టు ఉంది ప్రభాస్ phes,non-hate,0.8035213882033229,0.19647861179667714,0.8035213882033229
400,non-hate,mixed_script,Power star.....anedi oka brand....evadu padithe vadu power star kadu...kaledu...king okkade power star okkale...only powerful power star pavan Kalyan okkade,non-hate,0.8212521162572491,0.17874788374275086,0.8212521162572491
401,non-hate,mixed_script,Maa allu aravind gari comedy super allu sir plz meeru movies loo act cheyandi,non-hate,0.9018127421368339,0.09818725786316607,0.9018127421368339
402,hate,mixed_script,ఇనుము ఇనుముని️ kAdu ఎనుము ènumuni అనాలి,non-hate,0.6497963033396268,0.3502036966603732,0.6497963033396268
403,hate,mixed_script,malla manchi erri puku vodu,hate,0.8788667985669226,0.8788667985669226,0.12113320143307733
404,hate,mixed_script,పేదవాడు కి  jagan గారు  è మంచి  pani chestunna  dAniki  korTulo  kesulu పెట్టి  na.  బొల్లి గాడు కీ  oTu ఎవరు వెయరు,hate,0.7664121842890362,0.7664121842890362,0.2335878157109638
405,hate,mixed_script,Dance raani dhanni dance judge ga pettaru,hate,0.5246586099114008,0.5246586099114008,0.47534139008859927
406,non-hate,mixed_script,Chala ante chala bagundi bro,non-hate,0.8480024584474135,0.1519975415525865,0.8480024584474135
407,non-hate,mixed_script,Are o nuvvu sollu aapu thammi,hate,0.5758425148097975,0.5758425148097975,0.42415748519020247
408,non-hate,mixed_script,noTi tègulu అని రాసావ్ kadarA. మీ ChAnal కన్నా నోటి తెగులు ఎవరికీ ఉంటాది.,hate,0.59268712931662,0.59268712931662,0.40731287068337996
409,non-hate,mixed_script,friendly ga annadu,non-hate,0.713944367269088,0.28605563273091195,0.713944367269088
410,hate,mixed_script,పొరపాటున maLLI gAnI రాజశేఖర్ రెడ్డి గారు వస్తె kurchI పొద్దని tIsukèLLi కూర్చోబెట్టడు,non-hate,0.5321777922678551,0.4678222077321449,0.5321777922678551
411,non-hate,mixed_script,vALlU ఎలా uMTe మనకు ఎందుకు vALLa sòMtavishAyalu,non-hate,0.5851405051452849,0.41485949485471507,0.5851405051452849
412,non-hate,mixed_script,"Ycp lo meeru emi cheyaleru
Jsp lo neeku nachhinattu vundavachhu",hate,0.7960940678797817,0.7960940678797817,0.20390593212021837
413,hate,mixed_script,pavan kaLyAN mUvIs lo హీరో... rAjakIyaM లో ' 0',non-hate,0.6054523423556194,0.3945476576443806,0.6054523423556194
414,non-hate,mixed_script,మొత్తం చూసా నిజాయతీ gA vunnAyi ప్రశ్నలు javAbulu..sUpar bai rèDDi siddArth rèDDi,non-hate,0.5361436290996773,0.4638563709003227,0.5361436290996773
415,non-hate,mixed_script,"RK gAru, sagaM మీరే mATlADestunnAru, దయచేసి avatalivALLani pUrti గా mATlADanIyaMDi.",non-hate,0.7363804163715981,0.2636195836284019,0.7363804163715981
416,non-hate,mixed_script,Manchu family ki inka respect undi ante adi only nee valle manoj anna,non-hate,0.7816529255102521,0.21834707448974788,0.7816529255102521
417,non-hate,mixed_script,Godfather మరో  Pan India Block buster coming soon jai చిరంజీవ,non-hate,0.659301124374244,0.34069887562575596,0.659301124374244
418,non-hate,mixed_script,Meku kuda manchi bavisath unntadi,hate,0.5722147642829759,0.5722147642829759,0.4277852357170241
419,hate,mixed_script,"Bhuthulu gurinchi, double meanings gurinchi nuv matladodhu anusuya plz",hate,0.5624723358305,0.5624723358305,0.43752766416949995
420,non-hate,mixed_script,ènni sArlu chUsina చూడాలని అనిపించే speech,non-hate,0.6754899252807829,0.3245100747192171,0.6754899252807829
421,non-hate,mixed_script,Evadiki vadu acting eraga tistunnaru,hate,0.696663462773965,0.696663462773965,0.30333653722603504
422,non-hate,mixed_script,Manchu Family Paruvu kapade Manishi Nuvvu Okkade anna,non-hate,0.5923057166547194,0.4076942833452806,0.5923057166547194
423,hate,mixed_script,నువ్వు òkka roju jabardast lo బాలయ్య బాబుతో phonlo మాట్లాడలేదా వే,hate,0.8581208963280922,0.8581208963280922,0.14187910367190784
424,non-hate,mixed_script,memu ప్రజలకి ఫలానాది చేస్తామని chèppukòni prajalloki రావాలి e బొక్క ledu వచ్చి ఏం pIkutAru,hate,0.6232965914491381,0.6232965914491381,0.37670340855086193
425,non-hate,mixed_script,ఇంత పరిజ్ఞానం unna సీఎం AMdhraki సీఎం kAvaDaM ఎన్నో జన్మల puNyaM,non-hate,0.8301134677809826,0.1698865322190174,0.8301134677809826
426,hate,mixed_script,లైక్ లు kòTTevALLu èkkuvA kAnI oTlu vesevALLu చాలా తక్కువా,non-hate,0.5524928606730343,0.44750713932696573,0.5524928606730343
427,non-hate,mixed_script,Ka pal garu miru super,non-hate,0.9012123414050646,0.09878765859493543,0.9012123414050646
428,non-hate,mixed_script,kShavaraM అయితే gAnI వివరం తెలియదు lèMDi.... pRRidhvI గారు,non-hate,0.7710472991969797,0.22895270080302033,0.7710472991969797
429,non-hate,mixed_script,ప్రషు వాళ్ళ DADIki ఒక laik కొట్టండి,hate,0.5486976591710011,0.5486976591710011,0.45130234082899895
430,hate,mixed_script,Aaa cheera etthi guddalo pettara be nee mogga ni,hate,0.8410099863482239,0.8410099863482239,0.15899001365177606
431,non-hate,mixed_script,"రమేష్ మాస్టర్ డ్యాన్స్ ప్రాక్టీస్ సూపర్, idI paddati",non-hate,0.8714771134184554,0.12852288658154465,0.8714771134184554
432,hate,mixed_script,Neelanti  vallu  valla  nijame ayina devunuki  avamanam jarukutundhi,hate,0.6845278020692953,0.6845278020692953,0.31547219793070463
433,non-hate,mixed_script,కోడలు పిల్ల మా కొడుకు నీ పెళ్లి chesukuMTAvA కట్నం ఏం వొద్దు meme ఇష్టము kAvAlaMTe,hate,0.7311511832459401,0.7311511832459401,0.26884881675405986
434,hate,mixed_script,Anchor be like: pichi na kdklni andharu ikkade unnaru,hate,0.804634063394005,0.804634063394005,0.19536593660599497
435,non-hate,mixed_script,అసలు eM uMdi rA akkaDa పొట్ట òkaTi ఉంది అక్కడ,hate,0.7382992554931469,0.7382992554931469,0.2617007445068531
436,non-hate,mixed_script,meeku assalu em matladalo kuda telidhu edo vaagaali vaaguthaaru nv pedda leader vi nv cheppindhe nijam enduku paniki maalina debate lu,hate,0.8061288691235512,0.8061288691235512,0.19387113087644878
437,non-hate,mixed_script,"మల్లారెడ్డి అంతడబ్బు revaMt rèDDiki ichchAru aMTe...  మల్లారెడ్డి ఎన్ని vela koTla డబ్బు avinItigA saMpAdiMchi ఉంటాడు...
సక్రమంగా సంపదిస్తే ఎవ్వరికి ఇవ్వనవసరం uMDadugA....
revaMt ఒక్కడికె kAdu..prajalaMdarikI నీ avinIti Dabbu paMchAli..
అప్పుడు èvvaDu blAk మెల్ చేయడు.",hate,0.6410603326548021,0.6410603326548021,0.35893966734519794
438,hate,mixed_script,oka ammai vi vundhi natho argue chesthava puku mosukoni inti panulu cheyi,hate,0.8244900153974857,0.8244900153974857,0.17550998460251427
439,hate,mixed_script,Antha energy guddhalo nundi vastundi,hate,0.5916568449771311,0.5916568449771311,0.4083431550228689
440,hate,mixed_script,bonda uma kukka esaga mafia king,hate,0.8226104034879972,0.8226104034879972,0.1773895965120028
441,hate,mixed_script,Padavi kosam penta ina tintadu,hate,0.8301003314552539,0.8301003314552539,0.16989966854474617
442,hate,mixed_script,Kcpd men's kutha chnpi paddengutha,hate,0.6404771300139677,0.6404771300139677,0.35952286998603233
443,hate,mixed_script,Veedemma veedi lssge waste dhi,hate,0.7356776424719473,0.7356776424719473,0.26432235752805266
444,hate,mixed_script,vijay mallya nirav modi kapadindhi bjp malla ha baate shah gadu nak emtelidhu antaru,hate,0.836507248995986,0.836507248995986,0.16349275100401395
445,hate,mixed_script,kesIAr kebinèTlo మీటింగ్ ledu బొచ్చు లేదు,hate,0.807203499627959,0.807203499627959,0.192796500372041
446,hate,mixed_script,"atleast akkadaina vudyogam vacchindi,chaala mandiki adi sampadinche scene ledu le bro",hate,0.7424438771905563,0.7424438771905563,0.25755612280944373
447,hate,mixed_script,Ee Rashmi ki roju rojuki dhebbalu gattigaane gudhuthunnaru,hate,0.8839037957573486,0.8839037957573486,0.1160962042426514
448,hate,mixed_script,Rayalaseema simham paritala Ravi telugurashtrala devudu NTR but family members of both have utterly failed to carry the legacy of these both in their respective range and categories,non-hate,0.7196313873370611,0.2803686126629389,0.7196313873370611
449,hate,mixed_script,Antha fake ey solu galu baga ekuva ayaru,hate,0.8615796867647209,0.8615796867647209,0.13842031323527917
450,non-hate,mixed_script,"Mustache kosam wait chesi untadu,inni rojulu ee video cheyadaniki,enthaina ne dedication ki hats off bro",non-hate,0.5383935000124686,0.46160649998753145,0.5383935000124686
451,non-hate,mixed_script,ఈ సినిమా maMchi vijayaM సాధించాలి ani èMtamaMdi korukuMTunnAru.,non-hate,0.7636503793624427,0.23634962063755727,0.7636503793624427
452,hate,mixed_script,"rAShTra vibhajana హామీ ప్రకారం రైల్వే jon, ప్రత్యేక హోదా, chènnai విశాఖపట్నం సీ కారిడార్, sTIl plAMT పునరుద్దరణ mòdalagu హామీలు migile ఉన్నాయి",non-hate,0.503723522688287,0.496276477311713,0.503723522688287
453,hate,mixed_script,Kama kukka,hate,0.8171635114695542,0.8171635114695542,0.18283648853044573
454,non-hate,mixed_script,కు DAns రాదు అనే sTej nuMDi డాన్స్ aMTe ఇది రా ane రేంజ్ కి వచ్చావు జాని అన్నా,hate,0.542124014889786,0.542124014889786,0.457875985110214
455,hate,mixed_script,tAta నీకు 60 pApa కీ 25యెందీరా mAku I దరిద్రమ్...?️️️,hate,0.6203329145815459,0.6203329145815459,0.379667085418454
456,non-hate,mixed_script,Kasta padithe eppudu pratipalam untundi.. congratulations,non-hate,0.7330343317402833,0.2669656682597167,0.7330343317402833
457,hate,mixed_script,Sulli ra,hate,0.8364804894916776,0.8364804894916776,0.1635195105083224
458,non-hate,mixed_script,4 lo second di tisi 1 ki 2 ki madyalo pedite 4 avtundi order saripotadi,hate,0.6367906068821856,0.6367906068821856,0.36320939311781436
459,non-hate,mixed_script,Nivetha konni interviews lo aa time lo Rajinikanth garithi movie chestunna idem peddha movie kanattu matladindhi.she was not greatful to act in PSPK's movie.,non-hate,0.6392317365110283,0.36076826348897173,0.6392317365110283
460,hate,mixed_script,Charmi ki Edo ayindi navvaleka sachipothundi,hate,0.6309646278850511,0.6309646278850511,0.3690353721149488
461,hate,mixed_script,దయచేసి ఎవరైనా ముందు vIDini మెంటల్ hAspiTal కి tIsukuvèLlaMDi వీడు ఎవరెవరిని eM మాట్లాడుతుందో అర్థం kAvaTledu I nA kòDukki pichchi paTTiMdi,hate,0.6087465787005778,0.6087465787005778,0.3912534212994222
462,non-hate,mixed_script,pavan కుపరువుపొటమే నితికిఎతిరెకంగపొరడుతునడు అయనకుమచిదికదు  జగన్ nilaMTòDukadu జగన్ దేవుడులంటివడు,hate,0.7964500518953869,0.7964500518953869,0.20354994810461313
463,non-hate,mixed_script,The great honest true leader Pawan Kalyan sir cm kavali nyayam jaruguthundhi ap prajalaki sir,non-hate,0.8198792138511213,0.18012078614887872,0.8198792138511213
464,non-hate,mixed_script,"Pelli meeda naku chala dreams, respect vundedhi itlanti interviews chusinappudalla pelli chesukokunda vundadame manchidi anipistundhi",hate,0.5695055097472447,0.5695055097472447,0.4304944902527553
465,non-hate,mixed_script,Mari atluntadhi krithi brm  thoni  andham ante minimam atta,hate,0.5225400399980736,0.5225400399980736,0.47745996000192636
466,non-hate,mixed_script,హ్యట్సాఫ్ పోలీస్ sar,non-hate,0.6156325875174526,0.38436741248254735,0.6156325875174526
467,non-hate,mixed_script,నా baMgAraM... A navvulone uMdi anna mA సంతోషం,non-hate,0.7486763605832013,0.2513236394167987,0.7486763605832013
468,hate,mixed_script,Ree babu Nani GA neku eaduku Ra avasaram  vajaya Sai  chappali ha visayam nevu eaduku neku avasaram eamiti,hate,0.6866127832963729,0.6866127832963729,0.31338721670362707
469,non-hate,mixed_script,రాజు gAru మీరు sUpar సార్ బాహుబలి raghu rAm rAj sUpar సార్ పులి అంటే mIru sAr,hate,0.5369473558000819,0.5369473558000819,0.4630526441999181
470,non-hate,mixed_script,మీరు kònuDu కాదు sAru nI biDDalAMTi ప్రజలు కొనాలి,non-hate,0.6351848867426186,0.36481511325738136,0.6351848867426186
471,non-hate,mixed_script,kiMg ఇస్ byAk,non-hate,0.7331352469385635,0.26686475306143653,0.7331352469385635
472,non-hate,mixed_script,Nani fans ante mamoluga undadhu mari super love you nani love you,non-hate,0.8907974782737467,0.10920252172625333,0.8907974782737467
473,hate,mixed_script,Niku yevadu ra cheyyamannadu,hate,0.8262197220829193,0.8262197220829193,0.17378027791708078
474,hate,mixed_script,E vedio chusi nenu chesukovaalsi vastundi inkaa chaalu,hate,0.5843965387764698,0.5843965387764698,0.41560346122353026
475,non-hate,mixed_script,Full clarity tho unnaru and correct ga chepparu ... movies lo fan following veru ...real life lo fan following veru ..,non-hate,0.8911442084866043,0.10885579151339575,0.8911442084866043
476,non-hate,mixed_script,కాపీ కాకుండా vere Trai చేసే సూపర్ vijayaM nIde పిల్లి DuD,non-hate,0.5477456272576392,0.4522543727423608,0.5477456272576392
477,non-hate,mixed_script,Village  పిల్ల  nIvu super,hate,0.5925144179423695,0.5925144179423695,0.4074855820576305
478,non-hate,mixed_script,దత్తపుత్రుడికి ఇంకా సిగ్గు rAledu,hate,0.8380526498257287,0.8380526498257287,0.1619473501742713
479,non-hate,mixed_script,iMta తెలివైన mukhyamaMtri ni ఎన్నుకున్నారు,non-hate,0.7762716140511837,0.22372838594881628,0.7762716140511837
480,hate,mixed_script,Waste fellow he did nothing for telengana,hate,0.8861257913613019,0.8861257913613019,0.1138742086386981
481,non-hate,mixed_script,Vaadu feel avvadu... Vaadi answer ki nuv avthav,hate,0.6173803191028576,0.6173803191028576,0.3826196808971424
482,non-hate,mixed_script,kalyAN దిలీప్ సుంకర gAru చాలా chakkagA vivariMchAru. dhanyavAdAlu.,non-hate,0.649412273437576,0.350587726562424,0.649412273437576
483,hate,mixed_script,nuvvu poyyi modi modda cheku mms oka great econmist ani prapamcham anukondhi antanu lekunte india ledhu,hate,0.5219208615608166,0.5219208615608166,0.47807913843918337
484,hate,mixed_script,ఆమె నీ talli అయితే ఇలాగే చేస్తావా,hate,0.7854638856846488,0.7854638856846488,0.21453611431535127
485,hate,mixed_script,",visvak gADiki bAgA ఎక్కువైంది.ఇది మంచి paddhati కాదు",hate,0.7655979069760335,0.7655979069760335,0.23440209302396656
486,non-hate,mixed_script,iMta phiT బాడీ ఉండి అప్పు అన్న ala మరణించడం bAdhagA ఉంది,non-hate,0.5682010184502706,0.4317989815497294,0.5682010184502706
487,hate,mixed_script,Shooting leka mind dobbindi .court should consider this issue .if students take him as inspiration then what will happen. Is it correct .pls consider it,hate,0.5066909450853936,0.5066909450853936,0.4933090549146064
488,hate,mixed_script,Sketch వేసింది èvaro కూడా చెప్పండి (దమ్ము ఉంటే),hate,0.5516924462590707,0.5516924462590707,0.4483075537409294
489,non-hate,mixed_script,"The courage to be disliked"" ee book summary cheyyandi anna.",non-hate,0.6539069603305694,0.3460930396694306,0.6539069603305694
490,hate,mixed_script,Ntr kadhu bey ntr garu give respect,hate,0.6105250918184546,0.6105250918184546,0.3894749081815454
491,non-hate,mixed_script,èkkaDiki potoMdi మన సంస్కృతి,hate,0.6737735659231192,0.6737735659231192,0.32622643407688073
492,non-hate,mixed_script,పోనీ AMdhrapradesh ku separate karènsI noTu పెట్టీ నోట్లు గుద్దు జగన్ anna gAMdhi gAri ఫొటో బదులు nI ఫొటో pèTTu అన్న,hate,0.7024423465344471,0.7024423465344471,0.2975576534655529
493,non-hate,mixed_script,Super Madam  dance  chala bagavesaru,non-hate,0.8472723925661528,0.15272760743384717,0.8472723925661528
494,hate,mixed_script,జగన్ sharIraMlo aNuvu aNuvu ròjakkaku బాగా తెలిసినట్లుందే,hate,0.5713268773114468,0.5713268773114468,0.42867312268855323
495,hate,mixed_script,"talli నువ్వు navvòddu, A mukhaMlo మూతి tappa ఏమి kanipiMchadu మాకు",hate,0.7438683310006546,0.7438683310006546,0.2561316689993453
496,hate,mixed_script,Teeskelli railway station loo padeyandi,hate,0.8646302864479876,0.8646302864479876,0.13536971355201238
497,non-hate,mixed_script,డబ్బా rAyuDu మన పెద rAyuDu mòttaM mIda మేక potu gAMbhIryaM kanaparchADu ఫసక్,hate,0.5670764700665787,0.5670764700665787,0.43292352993342137
498,non-hate,mixed_script,మీరు మీ లాంటి vAru rAShTra నికి చాలా అవసరం,non-hate,0.7057564823343078,0.29424351766569223,0.7057564823343078
499,non-hate,mixed_script,కాదన్నా navvi navvi chachchipote èvaru రెస్పాన్సిబిలిటీ annA సూపర్ anna,non-hate,0.8280053393742629,0.1719946606257371,0.8280053393742629
500,non-hate,mixed_script,Super settiandi voice to video,non-hate,0.670235737929246,0.32976426207075404,0.670235737929246
501,hate,mixed_script,Over action apandi raa Babu,hate,0.7979223384403329,0.7979223384403329,0.20207766155966705
502,non-hate,mixed_script,అన్నయ్య వదిన. ఎప్పుడు హ్యాపీ గా వుండాలి,non-hate,0.7613038713021556,0.2386961286978444,0.7613038713021556
503,hate,mixed_script,Picchodini interview endhuku chesthunnaru may be TRP kosama,hate,0.7466666269886599,0.7466666269886599,0.25333337301134
504,non-hate,mixed_script,I pATa vinnapuDallA SPB గారే మళ్ళీ తిరిగొచ్చి pADAru అనిపిస్తుంది,non-hate,0.5346473479059617,0.4653526520940383,0.5346473479059617
505,hate,mixed_script,kotulu digedAniki ఇంత bulid up aaa,non-hate,0.6811910475266169,0.31880895247338314,0.6811910475266169
506,non-hate,mixed_script,Punch veyyalantay...Sunil anna tharuvathayee...yavarina...,non-hate,0.6216221228633729,0.37837787713662707,0.6216221228633729
507,hate,mixed_script,"jai kumar next nee amma nee ,sisters nee andharni petti prank thesthadu vadu wait",hate,0.6047190181043516,0.6047190181043516,0.3952809818956485
508,hate,mixed_script,Elagaina vastadu mee dhulaa thirustadu.,hate,0.8399901409851503,0.8399901409851503,0.16000985901484963
509,hate,mixed_script,కంట్లో దురద pèTTiMdi కాబట్టి సరిపోయింది,non-hate,0.5806229600944838,0.4193770399055162,0.5806229600944838
510,hate,mixed_script,Raja Singh nuvvu ni karra tagubthu mokam neeku mokham nuvvu mla ela ayyavu,hate,0.822738282427892,0.822738282427892,0.17726171757210793
511,non-hate,mixed_script,"Manchi cinema ni prathi okkaru aadaristaru,all the best nikhil, have a bright future",non-hate,0.903208847268297,0.09679115273170302,0.903208847268297
512,non-hate,mixed_script,నువ్వు chAlA చాలా bAgunnAvu. పర్ఫెక్ట్ gA ఉన్నావ్.. మీరు nAku నచ్చారు,non-hate,0.9278340556989737,0.0721659443010263,0.9278340556989737
513,hate,mixed_script,Vedi nathinakodaka,hate,0.9066490249204411,0.9066490249204411,0.0933509750795589
514,hate,mixed_script,Meeru Gopi Goda meeda pilli anna maata edava,hate,0.5897370063836304,0.5897370063836304,0.41026299361636964
515,non-hate,mixed_script,Naku prabhas anna ento rana anna kuda antey,non-hate,0.6340274776301077,0.3659725223698923,0.6340274776301077
516,non-hate,mixed_script,Ilantivi kaadha ee generation ki inspiring untadhi...plz do more,non-hate,0.7764184398402328,0.22358156015976716,0.7764184398402328
517,non-hate,mixed_script,polIs phArèsT డిపార్ట్మెంట్ 2kalasi పోరాడారు పాపం దాని bAri నుండి prajalni,hate,0.5976469786545504,0.5976469786545504,0.40235302134544954
518,hate,mixed_script,bhajana భజన byAch èkkuva అయిపోయారు pavar స్టార్ కి pApaM,non-hate,0.6789360130662688,0.32106398693373117,0.6789360130662688
519,hate,mixed_script,noru ముయ్. vADu paripAlanA chetagAni వాళ్లకి అన్న... aMte.,hate,0.7596010326858986,0.7596010326858986,0.2403989673141014
520,hate,mixed_script,"Paritala nu nuvve sampinavu raa nennu gaali, vaana devudu sampeedu",hate,0.9393906224852068,0.9393906224852068,0.060609377514793235
521,hate,mixed_script,Washing powder NIRMA neevu maa mukyamantri awadam maa KARRMA,hate,0.5182829310760955,0.5182829310760955,0.4817170689239046
522,hate,mixed_script,​political fit kakapothe bayapadatam endukandi,non-hate,0.5641374773769845,0.4358625226230155,0.5641374773769845
523,hate,mixed_script,Peetha … idokA Lavada lo buildup,hate,0.8184892556306098,0.8184892556306098,0.18151074436939013
524,hate,mixed_script,Marea srihan pakkana moddagudvala,hate,0.802641070460318,0.802641070460318,0.19735892953968198
525,hate,mixed_script,Rey arripuku adhi munda sollu apu ra,hate,0.6867862215728073,0.6867862215728073,0.3132137784271927
526,hate,mixed_script,ilA vAge ChI అని parishrama పెద్దలు దూరంగా pèTTa రు మహేష్ మళ్ళీ daridrani maLLI స్టేజీ mIdaku తెచ్చాడు 20saM చిరు చాలా నష్టపోయారు,non-hate,0.6126314342212766,0.38736856577872336,0.6126314342212766
527,non-hate,mixed_script,Me kastam palinchali sir,non-hate,0.577519322658791,0.422480677341209,0.577519322658791
528,hate,mixed_script,mòttAniki yUTyUb నే కాపురం చేయరా మీకు mA బుద్ధిలకు mAnAllo లేదు,hate,0.5661261183829505,0.5661261183829505,0.4338738816170495
529,hate,mixed_script,Audience be like :- Bengu ! Athi bengaku,hate,0.7898827259076964,0.7898827259076964,0.21011727409230363
530,non-hate,mixed_script,èMta నవ్వు vachchiMdo .  సూపర్ స్పీచ్ అన్న.,hate,0.6717695436070659,0.6717695436070659,0.32823045639293413
531,non-hate,mixed_script,40 saMvatsarAlu rAjakIya anubhavaM,non-hate,0.702555596447502,0.297444403552498,0.702555596447502
532,hate,mixed_script,ఓహో I నిజాయితీపరుడైన ravi ప్రకాష్ lo పవన్ లక్షణాలు ఉన్నాయా,non-hate,0.957376591063432,0.04262340893656802,0.957376591063432
533,hate,mixed_script,West mokalu motham judge laa,hate,0.8618225605711199,0.8618225605711199,0.13817743942888008
534,hate,mixed_script,Dhani pandhi moham chusi shock avuthada,hate,0.733482239281529,0.733482239281529,0.266517760718471
535,hate,mixed_script,ni pellam puku denugutha  ma anna annavu ante,hate,0.7476538697999324,0.7476538697999324,0.2523461302000676
536,non-hate,mixed_script,liger movi బాగుంది but hIro ki natti èkkuva గా ఉండడం valla sinimA poyiMdi aMte,hate,0.6430096986032736,0.6430096986032736,0.35699030139672633
537,non-hate,mixed_script,బ్యూటిఫుల్ మేడం,non-hate,0.6154523974943382,0.3845476025056618,0.6154523974943382
538,hate,mixed_script,Are meru marara dappukottu kovam,hate,0.7975864625063083,0.7975864625063083,0.20241353749369173
539,non-hate,mixed_script,dAnni పేరు ఏంటి ఐడి ఏంటి చపూ bradar,hate,0.5119223949257603,0.5119223949257603,0.4880776050742397
540,non-hate,mixed_script,sAkShi అంటేనే abaddalaku care of address,hate,0.7430090740223037,0.7430090740223037,0.25699092597769635
541,non-hate,mixed_script,"appaTlo dirctors ki, kaMTèMT raiTars కి ఉన్న హ్యూమర్ sains ఇప్పుడు èvarikI ledu.",hate,0.730400526249986,0.730400526249986,0.269599473750014
542,non-hate,mixed_script,ఎవ్వరు చెయ్యలేని gòppa pani mIru చేశారన్న మీరు గ్రేట్ annA,non-hate,0.7526822731252865,0.24731772687471354,0.7526822731252865
543,non-hate,mixed_script,మీరు chèppe టాపిక్ వల్ల ఉపయోగం చాలా uMdi!,non-hate,0.7714010848696081,0.22859891513039188,0.7714010848696081
544,hate,mixed_script,"Fingerprint mallareddy
Pedda donga na kodku",hate,0.9259097056036191,0.9259097056036191,0.07409029439638093
545,hate,mixed_script,ipuDu kUDa tana తప్పులు òppukovaTaM లేదు.. pichi munda,hate,0.7424922994481626,0.7424922994481626,0.2575077005518373
546,hate,mixed_script,entandi pusukunna antha pedha Mata anesav,hate,0.8147195998000779,0.8147195998000779,0.18528040019992212
547,hate,mixed_script,rgv ki siggu ledhu ammail ni oka sex doll laga choostahru,hate,0.8298741400626239,0.8298741400626239,0.17012585993737606
548,hate,mixed_script,Antha perfect ga ayithae raledhu but try chesaru kadha that's more important,non-hate,0.5188345655138885,0.4811654344861115,0.5188345655138885
549,non-hate,mixed_script,​debate la lo paalgone TRS naayakulaku edhutivaarini maatladaneeyakapovadam samskaaram kaadhu.,hate,0.7389493022568656,0.7389493022568656,0.2610506977431344
550,hate,mixed_script,Party paranga vaduu. Godameeda pilli laga kuda vaddu ra howla,hate,0.789580808523356,0.789580808523356,0.21041919147664406
551,non-hate,mixed_script,chAlA బాగుంది bro. చిన్నపుడు ఇవి అన్ని మేము chesAmu bro చాలా hyApI గా ఉంది I సిరీస్ chUstuMTe. Best of luck bro.,non-hate,0.9187101367189068,0.08128986328109322,0.9187101367189068
552,hate,mixed_script,nenU రెండు Trai chesAnu సమ్మగా uMdi,hate,0.5481972764215146,0.5481972764215146,0.4518027235784854
553,hate,mixed_script,Modda gudu aithyy,hate,0.9135212424930526,0.9135212424930526,0.08647875750694746
554,hate,mixed_script,అన్ని తెలుసు polIs లకు యూనిఫామ్ ఉందన్న ahaMkAraM  chaTTaM తెలిసిన వాడు తప్పు cheste tATa tIyaMDi aDvakeT  hakkula kosaM prajala taraphuna porADaMDi,hate,0.6152758168454515,0.6152758168454515,0.3847241831545485
555,non-hate,mixed_script,Muslims hindu devullanu entha thittina parledhu... Kaani hinduvulu  Mee devudini thidithe thappenti,hate,0.7062965263632484,0.7062965263632484,0.2937034736367517
556,hate,mixed_script,Pilichi pettinchukuntaru ga....TV9 ki eemadhya sarada ayindi...,non-hate,0.5370550540389779,0.4629449459610221,0.5370550540389779
557,non-hate,mixed_script,ప్రతి òka iMTarvyU lo chAlA కూల్ gA mATlADatAru. nijAlu nirbhayaMgA chèbutADu. ఎవడన్నా ఏమన్నా అనుకొని నేను chèppedi chèptA anukune vyakti RGV...,hate,0.5319835242503705,0.5319835242503705,0.46801647574962946
558,hate,mixed_script,annayya ane pilupu vini vènakki tirigADu,hate,0.6539614104534728,0.6539614104534728,0.34603858954652716
559,hate,mixed_script,alsa janalu erripuk galu jagan ni cm cheyadam enti,hate,0.8192886131053981,0.8192886131053981,0.18071138689460184
560,hate,mixed_script,aMduke 400 ammAyilato sex చేశాడు,non-hate,0.5381260689599945,0.4618739310400055,0.5381260689599945
561,non-hate,mixed_script,Mulapeta lo 2 years chadhukuna,hate,0.6118835973874628,0.6118835973874628,0.38811640261253727
562,hate,mixed_script,Chance esti champidengala vunnadu aunty ne,hate,0.5300611040142704,0.5300611040142704,0.4699388959857296
563,hate,mixed_script,"100% literacy rate unna kerala lo ne janalu gorrelu la unte, migilin rashtrallo unna janalu paristhiti emito...... I feel ashamed being part of this type of public",hate,0.5826467886415927,0.5826467886415927,0.41735321135840725
564,non-hate,mixed_script,"Prabhas ki super jodi,,,arabian bread vastundi",non-hate,0.5644292959144345,0.43557070408556553,0.5644292959144345
565,non-hate,mixed_script,Acting super undhi ga bro just story lo dammu ledh,non-hate,0.8175823547356684,0.18241764526433157,0.8175823547356684
566,non-hate,mixed_script,ఇద్దరూ chAlA bAgunnAru sooooo kyUT,hate,0.5177000609120452,0.5177000609120452,0.4822999390879548
567,hate,mixed_script,ఎందుకు alyasAO చేస్తునవు పేటక,hate,0.7633778406348685,0.7633778406348685,0.23662215936513153
568,hate,mixed_script,Vadapav gaadu icc trophy elaa win aiythadoo neenu chusthaa,hate,0.818028157871943,0.818028157871943,0.18197184212805698
569,non-hate,mixed_script,annayya chèbutuMTe నోరు ఊరిపోతున్నాది....,non-hate,0.5002643180820242,0.4997356819179758,0.5002643180820242
570,hate,mixed_script,మహానుభావుడివి sAr nuvvu. మేడం gAru miko నమస్కారం. ఇద్దరు saripoyAru. నిజాన్ని nirbhayaMgA,non-hate,0.8332384402299695,0.1667615597700305,0.8332384402299695
571,hate,mixed_script,నువ్వు vèsT dAnivi దొమ్మరి dAna idi ఏంటిదే,hate,0.5528009517061803,0.5528009517061803,0.44719904829381973
572,non-hate,mixed_script,"ntha brainwashed gorrelu chesthunnaru, inko vargam enti ante bjp bots SSR influencers ga mari yuvatha ni thappu thovva pattisthunnaru a",hate,0.8318270904074458,0.8318270904074458,0.16817290959255415
573,hate,mixed_script,Car top medhega kurchuni vachindhi mee araganta auntymedha kurchuni kaadhu ga me fans tega feel aypothu support chestnaaru manchi aatagaadivey,hate,0.615459964028668,0.615459964028668,0.3845400359713321
574,non-hate,mixed_script,"Shiva gari smile ki fidaa..mee anchoring super sir..nenu macha cheppe Answers kante meru iche smile ne chusthu undipoyanu..your voice,  your style of anchoring awaysome",non-hate,0.7972920079360545,0.20270799206394552,0.7972920079360545
575,non-hate,mixed_script,Cut paste... video cut aaeindhi,hate,0.8295353640024916,0.8295353640024916,0.17046463599750836
576,hate,mixed_script,samantha oka trigubothu lanja chai lanti mogudu vadilesindhi,hate,0.728813595338172,0.728813595338172,0.2711864046618279
577,non-hate,mixed_script,"Legendary అంటేనే ntr, anr, తర్వాత చిరు.  ఆయన సినిమాలు nijajIvitAniki అద్దం paDatAyi. yuvataku దిశానిర్దేశం చేస్తాయి. ఎవడో edo annaMta మాత్రాన legend kAkuMDA పోతారా",non-hate,0.6309380966532845,0.3690619033467155,0.6309380966532845
578,hate,mixed_script,bandi sanjay gadu amit shah kukka vadu poyi vadi kaalu nakutaru,hate,0.7715226228257461,0.7715226228257461,0.2284773771742539
579,non-hate,mixed_script,Murkulani evaru emi cheyaleru...,hate,0.6866448927606132,0.6866448927606132,0.3133551072393868
580,non-hate,mixed_script,Ee video chusintarvatha mee meeda respect perigindi,hate,0.6541937284779877,0.6541937284779877,0.34580627152201227
581,hate,mixed_script,హోమ్ మినిస్టర్ 2000% UNFIT... Amèki ఉన్న tèlivi ki Village member కే ఎక్కువ,non-hate,0.716692567937077,0.28330743206292297,0.716692567937077
582,hate,mixed_script,అంటే జగన్ కు bhayapaDutUne ఉంటారు,hate,0.613061619248207,0.613061619248207,0.38693838075179293
583,non-hate,mixed_script,సిస్టర్ నువ్వు chAlA బాగా చేసావ్ amma నీలో TAlèMT మామూలుగా లేదు.,non-hate,0.7457045737486808,0.2542954262513192,0.7457045737486808
584,hate,mixed_script,kcr dhi barrey karrey mukku vadu waste pm ki,hate,0.825536432164745,0.825536432164745,0.17446356783525493
585,hate,mixed_script,Orey manam cinemalu chudabatte vallu luxury ga brathukunnaru ra,hate,0.5992783560742494,0.5992783560742494,0.40072164392575055
586,non-hate,mixed_script,Life lo okasri ina kalavli darling ninnu,non-hate,0.7048671774347306,0.2951328225652694,0.7048671774347306
587,hate,mixed_script,edo పెట్టేదని లేక aDigiMdi,hate,0.729235274290277,0.729235274290277,0.27076472570972304
588,hate,mixed_script,Erripuku matalu baga matladathavu ra adhi nuvvu,hate,0.8182655426057854,0.8182655426057854,0.1817344573942145
589,non-hate,mixed_script,Vammo mamulodivi kadu swamy Nuvvu,hate,0.5096726311813052,0.5096726311813052,0.49032736881869476
590,non-hate,mixed_script,Movie lo content chala bagundi evvadu apaledu movie ni dilraju kuda,non-hate,0.8597003613143259,0.14029963868567408,0.8597003613143259
591,non-hate,mixed_script,Yenta mandhi stars vunna PAWAN KALYAN YE  POWER STAR,non-hate,0.8124070849186671,0.1875929150813329,0.8124070849186671
592,hate,mixed_script,Adhikaram vunte thuglak gadu emaina chesasthadu,hate,0.7468569585881121,0.7468569585881121,0.2531430414118879
593,hate,mixed_script,sia vinadaniki notlo motham petta vuntau padutadhi,hate,0.7365019216303142,0.7365019216303142,0.26349807836968575
594,hate,mixed_script,niku family undi gah ra jagratamma venkata,hate,0.7305699195338802,0.7305699195338802,0.2694300804661199
595,hate,mixed_script,kònni AMdhra పందులకి బురదలోనే (ycp)ఆనందం...ఏం చేస్తాం paMdi jAti కదా అట్లాగే ఉంటది,hate,0.6024904076906058,0.6024904076906058,0.3975095923093942
596,non-hate,mixed_script,annA nèksT mUvI iMkA గట్టిగా kòTTAli... ఆల్ di bèsT,hate,0.5382244524188838,0.5382244524188838,0.46177554758111616
597,non-hate,mixed_script,myUjik chAlA chAlA bAguMdi..,non-hate,0.7495329790621102,0.25046702093788975,0.7495329790621102
598,non-hate,mixed_script,chIra కట్టుకుంటే chAlu èvarikainA ఒక huMdAtanaM వచ్చేస్తుంది.,non-hate,0.5803034967704486,0.41969650322955143,0.5803034967704486
599,hate,mixed_script,ముందు arrest చెయ్యండి. vADu షికారు chestunnADu. vADu èMduku మీడియా ముందుకు rAledu.,hate,0.8388948356267266,0.8388948356267266,0.16110516437327335
600,non-hate,mixed_script,òkka èkShprèShantò  మొత్తం naDipiMchinav nuvvu నిజంగా lèjaMD అన్న,hate,0.6856955229963244,0.6856955229963244,0.3143044770036756
601,hate,mixed_script,eMdi రా mAku ఈ సోది nI èpisoD,hate,0.5945014303064915,0.5945014303064915,0.4054985696935085
602,non-hate,mixed_script,డిజిల్ badulu maMdu kòDite saripotuMdi,hate,0.5601656425118491,0.5601656425118491,0.439834357488151
603,hate,mixed_script,ఆ పటుకోవడం లోపలికి వెళ్లి పటుకొర బాబూ rUMlo కూర్చుని పనిచేసేయి,hate,0.867870138236271,0.867870138236271,0.13212986176372904
604,hate,mixed_script,పెట్టింది పది velu.. లాగేది 10koTlu,hate,0.7490082916564083,0.7490082916564083,0.2509917083435918
605,non-hate,mixed_script,nèksT kArtikeya 3 mAtraM samudraM లో ఉన్న dvAraka nagaraM misTarI ...Vere level  lo ఉంటది...,non-hate,0.6226902903915794,0.3773097096084206,0.6226902903915794
606,non-hate,mixed_script,One and only Mega star .....Potthi leyru....Raleyru,non-hate,0.6286469309375926,0.3713530690624074,0.6286469309375926
607,non-hate,mixed_script,జయహో రాజాసింగ్ భారత్ మాత ki jai,non-hate,0.8940775760197306,0.10592242398026941,0.8940775760197306
608,hate,mixed_script,Re charge ayepothe Ela ra Google open avrhundu,hate,0.9047175746498005,0.9047175746498005,0.09528242535019946
609,non-hate,mixed_script,Anna mee Spandhana bagundhi,hate,0.7051113159922966,0.7051113159922966,0.29488868400770335
610,non-hate,mixed_script,IDini chUsAka....mana saMpu mIda chAlA gauravaM పెరిగింది...,non-hate,0.5787934486258065,0.4212065513741935,0.5787934486258065
611,hate,mixed_script,"ఇది లంజలా rAjyaM..,. కలియుగం lo లంజేలే nItulu chèbutAru",hate,0.585519523681929,0.585519523681929,0.414480476318071
612,hate,mixed_script,"Paytm kukkalu ekkada, idi kuda cbn gare plan chesaru antaremooo",hate,0.610409479253144,0.610409479253144,0.389590520746856
613,hate,mixed_script,Edi lanja kabate ela janalanu chedakodutundi,hate,0.8101473468928394,0.8101473468928394,0.18985265310716057
614,hate,mixed_script,kodali nani  koja na koduku mla lankadhnulu okati levu,hate,0.9800401728884336,0.9800401728884336,0.019959827111566394
615,non-hate,mixed_script,study chesi kcr em pikindu velumundra ayina pm position lo undu that is modi,hate,0.5624862152851671,0.5624862152851671,0.437513784714833
616,hate,mixed_script,Pilla puk comedy,hate,0.6278652304095504,0.6278652304095504,0.37213476959044955
617,non-hate,mixed_script,gèTap సీను acting yèMta maMdiki nacchindi అద్భుతం super,non-hate,0.8274481724558393,0.17255182754416065,0.8274481724558393
618,non-hate,mixed_script,akka nI పాట ప్రతి ఒక్కటి adiripotuMdi,non-hate,0.7996643647221903,0.20033563527780973,0.7996643647221903
619,hate,mixed_script,vachanu anuko gudda paligipodhi,hate,0.8613718523143336,0.8613718523143336,0.13862814768566648
620,non-hate,mixed_script,shekhar మాస్టర్ గారు aMD శ్రీముఖి gAru మీ డ్యాన్స్ బాగా adiriMdi,non-hate,0.9043119349534657,0.09568806504653427,0.9043119349534657
621,hate,mixed_script,A 1 చిల్లర రాజకీయాలు apu...... ముందు iMTlo vunna మహీళలకు nyAyaM చేయమను.... అక్కా chèllèLLu చేబుతారు A1 Bach ki,hate,0.5216674757040879,0.5216674757040879,0.4783325242959121
622,non-hate,mixed_script,అల్లు arjun కి ఏక్కడో sUDi u0di.multitalent vunnoDu allu arjun òkkaDe in ఇ౦డియా,non-hate,0.607720270001398,0.39227972999860194,0.607720270001398
623,non-hate,mixed_script,onlI  బై rèDDi siddhArtha రెడ్డి అన్నయ్య కోసం chUsinavALlu like me....,non-hate,0.6506106418798017,0.34938935812019833,0.6506106418798017
624,non-hate,mixed_script,రేవంతన్న ఇచ్చిన షాక్ కి మల్లారెడ్డి ki పిచ్చి paTTinaTTu ఉంది,non-hate,0.6398072459260997,0.3601927540739003,0.6398072459260997
625,hate,mixed_script,"రాష్ట్రాన్ని నకించేసి తల్లి, kuturu సైడ్ ayipoyAru",hate,0.577155356358051,0.577155356358051,0.42284464364194896
626,hate,mixed_script,ChI dInamma ఎందుకు రా vIDu,hate,0.5154091618210815,0.5154091618210815,0.48459083817891846
627,non-hate,mixed_script,నిను chUstuMTe KGF సినిమాలో RACKY bAy గుర్తుకు vastunnADu,non-hate,0.7655607857541203,0.23443921424587966,0.7655607857541203
628,hate,mixed_script,Me Bathukulu yenduku ra,hate,0.9269339815282531,0.9269339815282531,0.07306601847174693
629,hate,mixed_script,abbA బొడ్డు ఇంత పెద్దగా uMTe బొక్క samudraM lAgA ఉంటాదేమో?,hate,0.7565627549494672,0.7565627549494672,0.24343724505053277
630,non-hate,mixed_script,Hii Bagunnara Harsha Sai garu  meku. Mee team members ki happy vinayaka chavithi,non-hate,0.8853921556367139,0.11460784436328608,0.8853921556367139
631,non-hate,mixed_script,mIru devuDu sAr,hate,0.7701916012828374,0.7701916012828374,0.2298083987171626
632,non-hate,mixed_script,Aat..... tatha on fire,hate,0.6322486899214472,0.6322486899214472,0.3677513100785528
633,hate,mixed_script,punju vachi pitta ni dengithey nenu commentry chepijry ala vuntadhi # punjuunggamer,hate,0.782992739768902,0.782992739768902,0.217007260231098
634,non-hate,mixed_script,"Abboo siggulekundaa vadu matladina matalu okkadu kuda levaledu ikkada..
Just for hate in Modi how much low can go anywhere",hate,0.7036541990686644,0.7036541990686644,0.29634580093133556
635,hate,mixed_script,Evadra erri puukodu vaadu.. Duplicate gild eskuni show dhenguthunnadu,hate,0.8666055293141777,0.8666055293141777,0.1333944706858223
636,non-hate,mixed_script,Aallu eellu andaru okkate,hate,0.6515510621078755,0.6515510621078755,0.34844893789212444
637,non-hate,mixed_script,raShmidi అని chèppi ఆది లేకపోతే alugutuMdi strIla పరువుతీస్తున్నది,hate,0.6577863015455365,0.6577863015455365,0.3422136984544635
638,hate,mixed_script,Leak endhi ra secret aaa dhii,hate,0.8834241338445129,0.8834241338445129,0.11657586615548705
639,non-hate,mixed_script,Anna  plz pellichesuko sir age 43 plz anna,non-hate,0.947887118462346,0.05211288153765403,0.947887118462346
640,non-hate,mixed_script,AhA sUpar mr khan హిందూ devatalanu anna వారితో kUDA kShamApaNa చెప్పించండి appuDe మీ nijAyitI ని nammutA.,hate,0.6237411232882213,0.6237411232882213,0.37625887671177877
641,hate,mixed_script,Chala worst ga undi,hate,0.7697746929575814,0.7697746929575814,0.2302253070424186
642,hate,mixed_script,kcr niku baga ekkuva ayidhi anni moukni cm avvu next karre mukku ki cm endhuku ra lanje boss,hate,0.8370231794310381,0.8370231794310381,0.16297682056896184
643,non-hate,mixed_script,Nu Track medha untey enni sarlu horn kottidhi ???,hate,0.8082230716437389,0.8082230716437389,0.19177692835626114
644,hate,mixed_script,సిగ్గు lekuMDA తిరుగుతున్నారు èm Abivuddi చేశారని tirurugutunnAru,hate,0.6801543004158181,0.6801543004158181,0.3198456995841819
645,non-hate,mixed_script,Miss u sirr.... nijAnni sinimA లో chakkagA చూపించారు.... గ్రేట్ lèjèMD,non-hate,0.7622049645845209,0.23779503541547908,0.7622049645845209
646,non-hate,mixed_script,I pAdayAtra ayipoyina  తర్వాత A 80 కంటెర్నర్లు అసలు ఉండడానికి iLlu lenivAriki ivvaMDi,non-hate,0.6734243603699057,0.3265756396300943,0.6734243603699057
647,hate,mixed_script,Mentel gadini tesuku vachi kurcho pettukunnaru enti anker garu,hate,0.8075479844536697,0.8075479844536697,0.19245201554633024
648,hate,mixed_script,I అమ్మాయి siggu lekuMDA ఇంకా kAvariMg ఒకటి,hate,0.5509041612601696,0.5509041612601696,0.4490958387398304
649,hate,mixed_script,నిమాటలు kaDupuki అనం tinevADu ఎవరు namaru జై harSha జై హర్ష harSha,non-hate,0.6268482257732527,0.3731517742267473,0.6268482257732527
650,hate,mixed_script,nupur sharama  rape cheshi dengutha,hate,0.7784036701083805,0.7784036701083805,0.22159632989161954
651,non-hate,mixed_script,Acting super undhi ga bro just story lo dammu ledh,non-hate,0.8175825303528629,0.18241746964713712,0.8175825303528629
652,hate,mixed_script,anni తెలుగు ప్రాంతాల nAyakulu ilAne వున్నారు... లోఫర్స్.... tappu మనది... manaku sigguMDAli ilAMTi nAyakulanu ఎన్నుకున్నందుకు...తు…,hate,0.5421286892058863,0.5421286892058863,0.45787131079411364
653,non-hate,mixed_script,"Broooooooooooooooo  chala mandiki untai pailsu, neku vachindi movie lo chancesu pola adiri pola , all the best bro",non-hate,0.7764627874380762,0.22353721256192383,0.7764627874380762
654,hate,mixed_script,me koduku ki eva ra poka,hate,0.9076958389676847,0.9076958389676847,0.0923041610323153
655,hate,mixed_script,అన్ని ఇచ్చేయాల్సింది బ్రదర్ ఒంటి మీద ఏమి lekuMDA sigu lenu edava laga,hate,0.7121889541324733,0.7121889541324733,0.28781104586752676
656,non-hate,mixed_script,"పాలు, పెరుగు, పువ్వులు kèsiAr phAm హౌస్ లో amminav adi aMdariki తెలిసిన విషయమే",hate,0.5806226133759425,0.5806226133759425,0.4193773866240575
657,hate,mixed_script,Ramu inner peeling : night ki gunta tho dengulata ki set ipoyindi,hate,0.8121968283357575,0.8121968283357575,0.18780317166424254
658,non-hate,mixed_script,Enti Puri nuvvu entha knowledge gain chestavu.,non-hate,0.69763210945173,0.30236789054826996,0.69763210945173
659,hate,mixed_script,Apara thagubothu abbati,hate,0.7571449122698034,0.7571449122698034,0.24285508773019662
660,non-hate,mixed_script,రోజు ఈ సాంగ్ viMTAnu నా రింగ్ Ton ఇదే అన్న సూపర్ సాంగ్,non-hate,0.9271085240476593,0.07289147595234069,0.9271085240476593
661,non-hate,mixed_script,iMta chakkaTi sinimA tIsinaMdu mIku ఎలా కృతజ్ఞతలు చెప్పాలో అర్థం kAvaTaM లెదు.. I  classic movie చరిత్ర lo నిలిచిపోతుంది,non-hate,0.6286250061980918,0.3713749938019082,0.6286250061980918
662,non-hate,mixed_script,Samantha script selection lo acting scope roles choose cheskuntundi,non-hate,0.7407545305518924,0.25924546944810756,0.7407545305518924
663,hate,mixed_script,nuvvu emi పని mIda వచ్చావు నువ్వు edi matlduthunvu ముందు mlc ni arest చెయ్యండి,hate,0.6195242503412494,0.6195242503412494,0.38047574965875064
664,hate,mixed_script,Evadentha echaru neeku dabbulu bewerse yadavalraa,hate,0.9177019867947224,0.9177019867947224,0.08229801320527767
665,hate,mixed_script,"Assaminchani suryudu ma paritala ravanna, champi chindhi nuvu nikodukey, andukey ni maranam uhathitham.",hate,0.8135036408971427,0.8135036408971427,0.1864963591028573
666,non-hate,mixed_script,ఒక prajA ప్రతినిధి హోదాలో ఉండి iMta digajAri mATlADe saMskRRiti ఈ madhya చాలా ఎక్కువైంది,non-hate,0.6955180196706002,0.30448198032939977,0.6955180196706002
667,non-hate,mixed_script,Super concept inka music chala bagundhi short film kuda chala bagundhi,non-hate,0.9551690664298126,0.044830933570187415,0.9551690664298126
668,non-hate,mixed_script,sky kohili valle india semis ki vachindhi,hate,0.5240313871198785,0.5240313871198785,0.4759686128801215
669,non-hate,mixed_script,vIDu పోటీచేస్తే వార్డు nèMbar కూడా గెలవడు వీడు చంద్రబాబు nAyuDu gArini టార్గెట్ pèTTukòni తెలంగాణలో చెంప dèbbalu తిన్నాడు,hate,0.6915180496389082,0.6915180496389082,0.30848195036109183
670,non-hate,mixed_script,Nivu kcr tho thov ra chilka,hate,0.7288138960275222,0.7288138960275222,0.2711861039724778
671,non-hate,mixed_script,Babulake Baabu Super star Mahesh Baabu,non-hate,0.6717587150662089,0.3282412849337911,0.6717587150662089
672,non-hate,mixed_script,Anna nv thopu neki sati yevaru leru,non-hate,0.530640913931914,0.46935908606808596,0.530640913931914
673,hate,mixed_script,roja nuvvU ఆ ఇకలు pikaDaniki tappA deniki panikirAvu,hate,0.8233994416586997,0.8233994416586997,0.17660055834130028
674,non-hate,mixed_script,BJY chaala manchi concept,non-hate,0.6364963067785807,0.3635036932214193,0.6364963067785807
675,hate,mixed_script,Idhi language class aa Leda mimicry artist class aa,non-hate,0.5509897527309154,0.44901024726908456,0.5509897527309154
676,non-hate,mixed_script,Nuvvu king mawa,hate,0.7329272762429763,0.7329272762429763,0.26707272375702373
677,hate,mixed_script,Arey budder khan nuvvu asalu,hate,0.696129587000963,0.696129587000963,0.303870412999037
678,non-hate,mixed_script,మహేష్ bAbu I reMj లో నవ్వడం ippaTi వరకు ide మొదటి sAri. Big thanks to Sathi anna.,non-hate,0.8720844227875705,0.12791557721242952,0.8720844227875705
679,hate,mixed_script,janAlu leru bochchu లేరు అంతా అంబక్,hate,0.7485008188258695,0.7485008188258695,0.2514991811741305
680,hate,mixed_script,"​వైసీపీ, బిజేపి òkaTe. rèMDu pArTIlu understandig.జగన్ gAru ikkaDa gaTTigA అరిస్తే అపోజిషన్ repu డిబేట్ లో సీఎం gAru aDagaledu ani అంటారు.అంతకు miMchi ఏమీ ledu.",hate,0.7906103064594538,0.7906103064594538,0.20938969354054612
681,hate,mixed_script,"90ml sIèM, నీకు hiMduvulu అంటే èMduku అంత chulakana,",hate,0.5588191811279694,0.5588191811279694,0.44118081887203064
682,hate,mixed_script,Ila suitcaselu petti mosam cheyatam kanna afrer results vachaka prize money la petti untey best ga endhuko ee mosalu,hate,0.7256690163802777,0.7256690163802777,0.2743309836197223
683,hate,mixed_script,Ycp Gunda na kodakalara randra chuskundham,hate,0.8218820311583686,0.8218820311583686,0.1781179688416314
684,non-hate,mixed_script,From recent 3 months iam addicted to your videos anna. Your way of explaining and slang is very nice,non-hate,0.9803359248579541,0.019664075142045934,0.9803359248579541
685,non-hate,mixed_script,​pavan anna madagudu ra ani cheppa,non-hate,0.5446379152948486,0.4553620847051514,0.5446379152948486
686,non-hate,mixed_script,నీ iMTarvyU అన్నిటిలో నాకు nachchina iMTarvyU idi òkkaTe anna,non-hate,0.6456690126935927,0.35433098730640733,0.6456690126935927
687,hate,mixed_script,"ఆంధ్రప్రదేశ్ కొండలు, గుట్టలు kabjA మాఫియా డాన్ జగ్గు bhAy",hate,0.5121831649662199,0.5121831649662199,0.48781683503378015
688,hate,mixed_script,Paniki malina chana,hate,0.8340993776309116,0.8340993776309116,0.16590062236908842
689,non-hate,mixed_script,ఈ pATa aMTe èMtamaMdiki ఇష్టం,non-hate,0.523534561097871,0.476465438902129,0.523534561097871
690,hate,mixed_script,Stage ekkithe chalu sollu,hate,0.7440064757680986,0.7440064757680986,0.25599352423190136
691,hate,mixed_script,"Starting lo full cover aiye vesedi dresses, rating kosam ippudu Air free",non-hate,0.5789202040526713,0.4210797959473287,0.5789202040526713
692,hate,mixed_script,memu videos chusthe kani meku annam kuda dorakadhu alantappudu mammilini yedavalu ni chesi anukoku ra nayana sollu apu,hate,0.8455765666243301,0.8455765666243301,0.1544234333756699
693,non-hate,mixed_script,Porapatuna cinema bagaledu janalu raledu ante paristiti Vijay:Intlo padukovalsinde,hate,0.6342223459336811,0.6342223459336811,0.36577765406631885
694,non-hate,mixed_script,అప్పుడు rAjakIya ఎదుగుదలకు కారకులయిన అద్వానీ గార్ని avamAniMchAru. ఇప్పుడు padavIviramaNa chesina koviMd గారిని avamAniMchAru. న్యాయమా modI గారు.,non-hate,0.5818444437236835,0.4181555562763165,0.5818444437236835
695,hate,mixed_script,chiraMjIvi gAru  iShTaM లేనప్పుడు  ఆయనతో  ఎందుకు vAys  ovar èMduku cheyuMchukunnAru మీ సినిమాలో.,hate,0.5683696649364075,0.5683696649364075,0.4316303350635925
696,hate,mixed_script,dInamma roja ni èvaDikainA చూపించండి రా,non-hate,0.5692386965277291,0.43076130347227093,0.5692386965277291
697,non-hate,mixed_script,"meUDi Dres kharIdu 15 lakShalu , okkokka  డ్రెస్ కరిదు మరి iMta డబ్బు èkkaDinuMchi vachchAyamma",hate,0.801881739317994,0.801881739317994,0.19811826068200605
698,hate,mixed_script,Net I pothe google lo ela search chestav ra bevakoof,hate,0.7689889120826614,0.7689889120826614,0.23101108791733857
699,non-hate,mixed_script,aMbedkar viluva మీకు తెలిసినట్టుగా rijarveShan తీసుకున్న vyaktulaki tèliyaledu kanIsaM ఇది chUsina tarvAta అయినా tèlustuMdi,hate,0.6985255024414088,0.6985255024414088,0.30147449755859124
700,hate,mixed_script,guDivADa ప్రజలు ఆలోచన parulu కానంత varaku దేవుడు కూడా బాగు cheyaleDu వేడవలకూ padavulu.,hate,0.5708420307299666,0.5708420307299666,0.42915796927003336
701,non-hate,mixed_script,mIru సూపర్ meDaM paTTudala ఉంటే ఏదైనా sAdhiMchavachchu ani mIru nirUpiMchAru,hate,0.62080313670803,0.62080313670803,0.37919686329197005
702,hate,mixed_script,ఇది frankness నీ bòMda.... anAgarikaM.... సభ్యత saMskAraM leni òka saiko వీడు.... guhallo జీవించాల్సిన vADu.,hate,0.608225362687225,0.608225362687225,0.39177463731277495
703,non-hate,mixed_script,prabhutva sòmmu ఒక్క rUpAyi kUDA vènuka  vesukoledaMTe అది APJ అబ్దుల్ కలామ్,hate,0.5769089873915014,0.5769089873915014,0.4230910126084986
704,non-hate,mixed_script,"డెవిల్ మూవీ కూడా Blockbuster నీకింకా tappadu దిగ్విజయం... naMdamUri 3 స్టార్స్  జై ènTIAr, jai bAlayya, jai రామ్...... జై naMdamUri",non-hate,0.5512460105700328,0.44875398942996725,0.5512460105700328
705,non-hate,mixed_script,Andhariki rajamouli rgv inspiration emo naku meere inspiration.....words can do more than action....mee laga knowledge gain cheyyali sir nenu,non-hate,0.8713002505701464,0.12869974942985363,0.8713002505701464
706,non-hate,mixed_script,Bagunnavu chai and pallavi,non-hate,0.5969493307674089,0.40305066923259114,0.5969493307674089
707,hate,mixed_script,కరోనా వచ్చి జనాల్ని ఒక రకంగా saMputuMTe.,non-hate,0.551381543112193,0.448618456887807,0.551381543112193
708,hate,mixed_script,ఆడు chUsi చూసి రోజా pakkana కూర్చుంటాడేమే anukunnA.,hate,0.70676978825395,0.70676978825395,0.29323021174605
709,non-hate,mixed_script,నువ్వు మాట్లాడేది tappu. అన్న గురించి èMtainA చెప్పుకో వచ్చు కానీ మోహన్ bAbu గారిని తమ్ముడు అని మాట్లాడడం emAtraM కరెక్ట్ కాదు. vALLa kòDukulu kUDA sIriyas ayite èMta పరిస్తితి eMTI.,non-hate,0.5301185485632448,0.4698814514367552,0.5301185485632448
710,non-hate,mixed_script,"ఇంత aMdaMgA èlA అంది మీరు
మీలానే mI svaraM కూడా చాల అందంగా ఉంది",non-hate,0.7410396014708414,0.25896039852915864,0.7410396014708414
711,non-hate,mixed_script,Power star ante movies and acting kadu real star only,non-hate,0.8935694508566421,0.10643054914335792,0.8935694508566421
712,non-hate,mixed_script,"Inko rendu padithey, aa migatha dula kuda theerpoddi Uday Kiran 2",hate,0.8265715619847794,0.8265715619847794,0.17342843801522057
713,non-hate,mixed_script,అంతరించి పోతున్న ArogyAvaMtamaina హాస్యాన్ని taTTi lepina sAtvik....,non-hate,0.7853963280279576,0.21460367197204244,0.7853963280279576
714,non-hate,mixed_script,iTuvaMTi chAvu రావాలంటే ఎంత పుణ్యం చేసి uMDAlo     మీ ఆత్మకు శాంతి కలగాలని korukuMTunnAnu,non-hate,0.781189761313722,0.21881023868627802,0.781189761313722
715,non-hate,mixed_script,బాలయ్య bAbu abhimAnini ఈ sinimA పెద్ద ఇటు కొట్టాలని manaspUrtigA కోరుకుంటున్నాను జై bAlayya జై చిరంజీవ,non-hate,0.7830149296124204,0.21698507038757964,0.7830149296124204
716,hate,mixed_script,tweet:enduku kumail najaini  gudda chaal rangaluo vuntadhi kumail: enduku mi amma lipstick vunthadhi,hate,0.7782675294821693,0.7782675294821693,0.2217324705178308
717,non-hate,mixed_script,నువ్వు paDiMdi మంచి గాఉంది bro,non-hate,0.7250995527424783,0.2749004472575217,0.7250995527424783
718,non-hate,mixed_script,అన్నా chAlA ఇంప్రూవ్ ayyAv.... సూపర్,non-hate,0.8945111537187757,0.10548884628122435,0.8945111537187757
719,hate,mixed_script,E roju e liger movie chusa uttar flop movie jeevitham meedha virakthi puttipoyindhi,hate,0.7529394973418584,0.7529394973418584,0.24706050265814158
720,non-hate,mixed_script,"tana స్వయం కృషి తో kaShTapaDi, tana naTanato prekShakula hRRidayAllo chèragani mudra vesukunna మన మెగాస్టార్ చిరంజీవి",non-hate,0.5966994698453164,0.4033005301546836,0.5966994698453164
721,non-hate,mixed_script,Samantha acting matram ichipadesindhi thrill chestadhi second half fantastic anthe,non-hate,0.7745593398251979,0.22544066017480213,0.7745593398251979
722,non-hate,mixed_script,Harsha anna ni kalavaali okkasaraina,non-hate,0.7773680889956082,0.22263191100439184,0.7773680889956082
723,non-hate,mixed_script,Industry lo òkka remark కూడా leni phyAmilI ఏదైనా ఉందా అంటే adi One And Only Victory Venky Anna Gaari Family Superb Raana Anna,non-hate,0.8451128226472264,0.15488717735277358,0.8451128226472264
724,non-hate,mixed_script,gorantla madav issues side chyadaniki jenasena ni kelikaru yeppatu lane,hate,0.8187819960112733,0.8187819960112733,0.1812180039887267
725,hate,mixed_script,Mee Ayya Farmhouse Unte Mee ML Lu Appudaina Mee Ayyani Chusindra Lolly ga,hate,0.6184805265410194,0.6184805265410194,0.3815194734589807
726,hate,mixed_script,vIDiyo తీసినాను kòTTAla vInni కొట్టాల dAni kiMda vesi కొట్టాల,hate,0.7368273711951454,0.7368273711951454,0.26317262880485465
727,hate,mixed_script,నేను రోజూ anasUyanu ఉహించు కుంటు kòDutunna,non-hate,0.5940631874178899,0.4059368125821101,0.5940631874178899
728,non-hate,mixed_script,"""naMbi నారాయణ"" gAriki జరిగిన anyAyaM chUstuMTe chAlA bAdha వేస్తుంది, ""నంబి నారాయణ"" gAri tyAgAniki mA hRRidayapUrvaka ""పాదాభి వందనాలు""",non-hate,0.6005092672588794,0.39949073274112057,0.6005092672588794
729,non-hate,mixed_script,nijaMgA I lav sTorI ఏంది భై  shInanna eDiche sIn sUpar,hate,0.7372588602646986,0.7372588602646986,0.26274113973530144
730,non-hate,mixed_script,Super tammudu,non-hate,0.8547725366274855,0.14522746337251446,0.8547725366274855
731,hate,mixed_script,owasi bro's nupur raja singh ni pakistan ledha andaman ko tarmidengali #the people who  divide india,hate,0.6535493887850705,0.6535493887850705,0.3464506112149295
732,non-hate,mixed_script,iMdulo ఒక్క nijaM uMdi... laiph సాఫీగా jarigevALLu బయట pADAru.. ఎందుకు aMTe vALlaki avakAshAlu unnAyi kAbaTTi..,hate,0.5642321316201444,0.5642321316201444,0.43576786837985565
733,non-hate,mixed_script,polIs vevasthalo మీలాంటి SP లు uMTe polIs లపై  గౌరవం పెరుగుతుంది సార్...మీలాంటి SP మా తెలంగాణా lo కూడా రావాలి sAr,non-hate,0.631153591242947,0.368846408757053,0.631153591242947
734,non-hate,mixed_script,మీరు A sthAyilo ఉండి కూడా మీ స్నేహితుని పరిచయం చేయడం ఆనందకరం,non-hate,0.7862921428870375,0.21370785711296247,0.7862921428870375
735,non-hate,mixed_script,Alaanti goppollaki ilaanti goppolle pudatharu..,non-hate,0.505251768900648,0.49474823109935195,0.505251768900648
736,non-hate,mixed_script,bAgunnAru తల్లి kòDukulu స్టోరీ,hate,0.53673169756377,0.53673169756377,0.46326830243622996
737,hate,mixed_script,"ద్రోహం చేసింది,నిజంగా epI usuru బీజేపీకి,మోడీకి tagulutuMdi.",hate,0.7074104983053251,0.7074104983053251,0.29258950169467485
738,non-hate,mixed_script,చాలా యూట్యూబ్ చానల్లలో mIru చెప్పిన గరికపాటి vAri abhiprAyaM prachAramautunnadi. vATi kiMda kAmèMTulanu సినిమా రంగం వారు చదివితే prajAbhiprAyaM tèlustoMdi. emainA అనుకోని అనుకుంటే ఒకనాడు వారి భార్యాపిల్లలపై ade prabhAvaM పడవచ్చు. chivaragA budhdhi chèbutuMdi…,non-hate,0.5702124926500229,0.42978750734997706,0.5702124926500229
739,non-hate,mixed_script,tèlugu రాష్ట్రాలకి maMchi maMchi nAyakulu దొరికారు సినిమాలు vèLlanavasaraM లేదు vALLe sinimA చూపిస్తారు మంచి కాలక్షేపం,non-hate,0.6882382409385743,0.31176175906142567,0.6882382409385743
740,hate,mixed_script,Power Lo undi evaru ra vedava,hate,0.6854875544201129,0.6854875544201129,0.31451244557988706
741,hate,mixed_script,Waste gaadu ali,hate,0.7215872434182722,0.7215872434182722,0.2784127565817278
742,hate,mixed_script,​pawalagadi gorrelaki avesam thappa alochana ledhu,hate,0.8860238060948443,0.8860238060948443,0.11397619390515565
743,hate,mixed_script,Mundhu RTC Buses lo students entha ibbandhi padivelthunnaru chudandii valla hanging conditions you have to notice everything,hate,0.5699422429354246,0.5699422429354246,0.4300577570645754
744,non-hate,mixed_script,harSha..! నీ manasulage... nI rUpaM కూడా aMdaMgA ఉంది......,hate,0.6001577606692157,0.6001577606692157,0.39984223933078433
745,hate,mixed_script,Pila nibha star vijgay overkonda guddakonda,hate,0.8626256916115225,0.8626256916115225,0.13737430838847758
746,non-hate,mixed_script,Ede poindi kaadu manaki,hate,0.7375544507440039,0.7375544507440039,0.262445549255996
747,hate,mixed_script,Apu రా DrAmA రావు anni sòllu కబుర్లు,non-hate,0.536185620090085,0.46381437990991503,0.536185620090085
748,non-hate,mixed_script,chAlA bAgA చెప్పారు అన్న.. మొదటి ఉదాహరణ వుంది అది mAtraM.... mAmUlugA లేదు... sUpar అసలు,non-hate,0.5853374949189483,0.41466250508105174,0.5853374949189483
749,hate,mixed_script,Hero lu remuneration taggisthe dil raju rates penchi collections motham mingesthadanta….funny fellow,hate,0.6346588571596614,0.6346588571596614,0.3653411428403386
750,hate,mixed_script,​Ap state nu sarwa nasanam chesaru,non-hate,0.5058758667277462,0.4941241332722538,0.5058758667277462
751,non-hate,mixed_script,Logically what u said is exactly right.. Appreciated the way you explained the concepts of government and other way of ruling.. Good.. Keep it up dear..,non-hate,0.9439908081691891,0.05600919183081088,0.9439908081691891
752,non-hate,mixed_script,"రైతు baMd valla ఎవరికీ లాభంరా  nAyana, èvarikI ఏకువా భూమి uMTe వాడికే ఏకువ లాభం, nuvvu nI brokar  జర్నలిజం",hate,0.6863528498014824,0.6863528498014824,0.31364715019851763
753,hate,mixed_script,Arey drama rao apura Ne sollu,hate,0.6265293243922845,0.6265293243922845,0.37347067560771546
754,hate,mixed_script,veNu స్వామీ మీ mATalu annI అబద్దం.,non-hate,0.5112010690053043,0.48879893099469574,0.5112010690053043
755,non-hate,mixed_script,ఏం అదృష్టం svAmi anna ne ఫోన్ touch చేసింది.. లక్కీ,non-hate,0.7153390890626211,0.2846609109373789,0.7153390890626211
756,non-hate,mixed_script,చిరుత looks adhurs,hate,0.6141521839996147,0.6141521839996147,0.38584781600038537
757,hate,mixed_script,Madhi sommu ea kadha vochesthadhi,hate,0.7062358494635321,0.7062358494635321,0.2937641505364678
758,non-hate,mixed_script,అనిల్ kumAr gAridi tappaledu కానీ ఇలాంటి samasyalu కూడా  రాష్ట్రంలో ఉన్నాయి ani bAgA తెలియజేసారు.,hate,0.5378000990603597,0.5378000990603597,0.4621999009396403
759,hate,mixed_script,Sorry to say but chinna events ki velthe ilaney jarugutundi..,non-hate,0.5662754342167657,0.43372456578323426,0.5662754342167657
760,hate,mixed_script,tèlivaina మూర్ఖుడు... RGV,hate,0.6308154059525108,0.6308154059525108,0.36918459404748916
761,hate,mixed_script,"రోజా AMTI ki bAgA tèlusu jalaga మొన రెడ్డి ki vèMTrukalu ఎక్కడ, ఎక్కడ ఉన్నాయో",hate,0.519509199607981,0.519509199607981,0.4804908003920189
762,hate,mixed_script,karan johar asla modda levadu anta andukey ammaila mataladuthaane vunatru,hate,0.9094109231875358,0.9094109231875358,0.09058907681246418
763,non-hate,mixed_script,​yuddham vadhu please for lokham lo shanthi vunchadhi,non-hate,0.5545434998982111,0.44545650010178894,0.5545434998982111
764,non-hate,mixed_script,Niku cheppada kohili one day adanu ani,hate,0.7720953340175496,0.7720953340175496,0.2279046659824504
765,non-hate,mixed_script,KCR ni chusi Vallabhai patel anukunnademo.,hate,0.5034490013269535,0.5034490013269535,0.4965509986730466
766,non-hate,mixed_script,great raa baabu movies loki  vellipoyava ra baabu,hate,0.7142188966992619,0.7142188966992619,0.28578110330073814
767,non-hate,mixed_script,Telugu tamil industry la ki break dance nerpindhe prabhudeva..meru evergreen dancer sir,non-hate,0.6918995796041721,0.30810042039582786,0.6918995796041721
768,hate,mixed_script,Pora kukka,hate,0.8425924349824925,0.8425924349824925,0.15740756501750752
769,hate,mixed_script,Nvvu first e channel dheni kosam pettinav kcr kosama peoples ki emaina prayojanam vundhara entha sepu kcr sanka nakuthunnav,hate,0.5655352502024109,0.5655352502024109,0.4344647497975891
770,hate,mixed_script,narottam mishra peddha langa ram setu movie ban cheyamantaru deniki movie peru lo ram vundhi ani,hate,0.6662125383168405,0.6662125383168405,0.33378746168315954
771,non-hate,mixed_script,hammayya.. ఇప్పటికి ఒక maMchi vIDiyo cheshAvu తల్లి,non-hate,0.7134309653450531,0.2865690346549469,0.7134309653450531
772,hate,mixed_script,ఇలాంటివి చేస్తేనే mIku 2019 లో బొక్క paDiMdi.,hate,0.5816197481196204,0.5816197481196204,0.41838025188037964
773,non-hate,mixed_script,Ram entra babu intha andamga undau super,non-hate,0.8115085752722053,0.18849142472779468,0.8115085752722053
774,non-hate,mixed_script,kaMTlo దురద పెట్టింది కాబట్టి సరిపోయింది,hate,0.7281843033130968,0.7281843033130968,0.27181569668690325
775,hate,mixed_script,ఏక్కడకి పోయండి ఈ మహిళా కమిషన్,hate,0.531934072347878,0.531934072347878,0.4680659276521219
776,non-hate,mixed_script,నువ్వు kAdayyA hIro nI yanakAla ఉంది చూడు puli సోను sUd సార్,non-hate,0.6588199724079884,0.3411800275920116,0.6588199724079884
777,hate,mixed_script,jagan gabbu gadu cbn pettina manchi padakalu ni tolagichi auto valla ki 10000rs esthunnaru,hate,0.7992937877926355,0.7992937877926355,0.2007062122073645
778,hate,mixed_script,Desaani dochokotaaniki eeyanaki emi takkuvayindita,hate,0.6560015292292757,0.6560015292292757,0.3439984707707243
779,hate,mixed_script,​a bayam unte villu paripala tinnaga cheste sari ponu,hate,0.617474977951377,0.617474977951377,0.38252502204862304
780,hate,mixed_script,Telugu industry na modda kudavandi ra,hate,0.8264807611346148,0.8264807611346148,0.17351923886538517
781,non-hate,mixed_script,Sister...Nelanti vaallu thaluchukuntey condecterley kaadhu collectorlu avthaaru...kalaakarulavtharu....neku suport chestunna ne family ki..A P S R T C ki ne tharupuna Thanks cheptunna,hate,0.5315922931326501,0.5315922931326501,0.4684077068673499
782,non-hate,mixed_script,Nenu aite Jabardast show chudadam manesanu TV 5 ABN channels lo debates vchinaka,non-hate,0.521538388093122,0.47846161190687797,0.521538388093122
783,non-hate,mixed_script,Mahesh smile ...pure soul,non-hate,0.7498315146835975,0.25016848531640246,0.7498315146835975
784,non-hate,mixed_script,Madam meeru good questions aduguthunnaru,non-hate,0.6298378839948652,0.3701621160051348,0.6298378839948652
785,hate,mixed_script,𝙋𝙪𝙠𝙪 𝙙𝙖𝙣𝙜𝙞𝙩𝙝𝙝𝙖,hate,0.8909491410155869,0.8909491410155869,0.10905085898441313
786,non-hate,mixed_script,మీరు మాకు దూరం అవ్వడం మా దురదృష్టం,non-hate,0.721886978100051,0.278113021899949,0.721886978100051
787,hate,mixed_script,Amma pai joke enty raaa..... Avulagallraa,hate,0.6973604776830673,0.6973604776830673,0.30263952231693275
788,non-hate,mixed_script,తాను iMtaku muMde chèppADu nenu ఇలా videos చేయడానికి kAraNaM అందరూ inspire avvAli ani,non-hate,0.6945800657845905,0.30541993421540947,0.6945800657845905
789,hate,mixed_script,Chi yentra makikarma,hate,0.8626176591407511,0.8626176591407511,0.13738234085924889
790,non-hate,mixed_script,tammuDu నువ్వు sUpar నిజాన్ని IlAge nirbayaMgA chèppu ఎవ్వనికి bhayapaDaku,hate,0.5974829486029878,0.5974829486029878,0.40251705139701216
791,non-hate,mixed_script,"RK గారు మీకు, మీ TIM కి దన్యవాదాలు, సుతి mèttagA prashnalu varNiMchAru  అహంకారికి ...ahaMkAraM kAsta tagginaTlu అనిపిస్తొంది",non-hate,0.635824831491296,0.364175168508704,0.635824831491296
792,hate,mixed_script,Mundhu veeni interview chesthunna channel vallani thannali,hate,0.6364111575199439,0.6364111575199439,0.3635888424800561
793,non-hate,mixed_script,గ్రేట్ parphAmèns sis క్రింది టైల్స్ slip అవుతున్న balans చేసుకొని pèrphèkT gA డాన్స్ vesAv సూపర్,non-hate,0.7814589962131233,0.2185410037868767,0.7814589962131233
794,hate,mixed_script,erri puk moody valla srh playoffs ki pole,hate,0.7447007047739114,0.7447007047739114,0.2552992952260886
795,non-hate,mixed_script,tvaralone పవన్ kaLyAN గారు ముఖ్యమంత్రి kAbotunnAru,non-hate,0.699430025198607,0.300569974801393,0.699430025198607
796,non-hate,mixed_script,Best లీడర్ and best polIs.pravIN kumAr sar,non-hate,0.8085734711120455,0.19142652888795453,0.8085734711120455
797,non-hate,mixed_script,Comments chadivi masthu enjoy chesthunna nenaithe,hate,0.7662617795692643,0.7662617795692643,0.23373822043073572
798,non-hate,mixed_script,A vaiT Drès లో chUstuMTe విజయవాడ పెద్దపులి vaMgavITi మోహన్ raMgA nu chUsinaTTuMdi అన్న,hate,0.5725929086343466,0.5725929086343466,0.42740709136565336
799,hate,mixed_script,Ttr dongal trs pata leaders,hate,0.5594661719232901,0.5594661719232901,0.4405338280767099
0,non-hate,mild_noise,సస్త్రీలను వీధిలోకి లగకంది పవన్ గారు చూస్తే ఆయనకి పార్టీ కి చెడ్డ పేరు వస్తుంది,non-hate,0.5359535672930287,0.4640464327069713,0.5359535672930287
1,hate,mild_noise,Gudhha paguuldegale,hate,0.9279640257908963,0.9279640257908963,0.07203597420910372
2,non-hate,mild_noise,Nijanga ilantii extraordiinary perrsons untaru,hate,0.7695007727567034,0.7695007727567034,0.23049922724329666
3,non-hate,mild_noise,నాకు ఇంటర్నెట్ మొబైల్ డేటా లేదు అండి ఇఇందులోనుంచి డబ్బులు వస్తతే ఏపించుకకుందాం అని చూస్తున్న... మాములుగా లేదు అఅనుదీప్ గారి పంచెస్,non-hate,0.6913454693986597,0.3086545306013403,0.6913454693986597
4,non-hate,mild_noise,AP ki manchi rojulu vasthundhi,hate,0.5564263756301855,0.5564263756301855,0.4435736243698145
5,non-hate,mild_noise,AAyithe life politician kavali ra Babu.,hate,0.6812630425756026,0.6812630425756026,0.3187369574243975
6,hate,mild_noise,KTR:Nannu erri puk cheshavu gah kadhara revanth,hate,0.729054127930433,0.729054127930433,0.270945872069567
7,non-hate,mild_noise,Youtube vedios konnii follow ayyedhannni tharwatha BB hhouse lo koncham negitive feel aayya ippudu chhustunte badha anipistundhi very good dancer All the Beest for your future Shanmukh 💐,non-hate,0.8383656168212862,0.16163438317871381,0.8383656168212862
8,hate,mild_noise,Recharge aipothey ddata ela vasstadhi ra erri pukka,hate,0.8392460081325503,0.8392460081325503,0.16075399186744965
9,hate,mild_noise,vadu donga nuuv yadava,hate,0.9171556831135664,0.9171556831135664,0.0828443168864336
10,non-hate,mild_noise,సంస్కారవంతమైన కుటుంబం,non-hate,0.827262652132552,0.172737347867448,0.827262652132552
11,non-hate,mild_noise,ప్రరజా సమస్యల పరిష్కారంపై దృష్టి పెట్టండి,non-hate,0.6166704142755217,0.3833295857244783,0.6166704142755217
12,hate,mild_noise,Waste gadu Natraj is vvery bad behaviour,non-hate,0.5719334628078305,0.42806653719216947,0.5719334628078305
13,hate,mild_noise,Kanisam okkaa wicket kooda teeyaleedu waste galu,hate,0.8981616649493994,0.8981616649493994,0.10183833505060057
14,hate,mild_noise,"Amit Shaw ki slippers vesthu bathukuthunnadu, telugu vaari gowravaanni gujaraat gadidhala dhaggara thaakattu pettesthunnadu..",hate,0.8678643624748079,0.8678643624748079,0.1321356375251921
15,hate,mild_noise,jihah khan sucide ki karanam sooraj altanchdi sulli bhhai mafia support free vvare ammmailtho dengithunaru,hate,0.8264997036199393,0.8264997036199393,0.17350029638006076
16,non-hate,mild_noise,"Police vallu cheppinddi antha nijamena, poorthi enquiry ayina tharavatha nuvvu valllanu criminals Ani cheppu brother.",hate,0.7189516132817644,0.7189516132817644,0.2810483867182357
17,non-hate,mild_noise,ప్రతి సీనన్... ప్రతీ షాట్....మతతి పోతుంది లోపల aawesome,non-hate,0.6237980371084075,0.37620196289159247,0.6237980371084075
18,non-hate,mild_noise,Janabha.peregutunaru.vupadhe.udhyogalu.karuve.vundhe.,hate,0.7482112258021208,0.7482112258021208,0.25178877419787915
19,non-hate,mild_noise,మళ్ళీ మళ్ళీ రిపీట్ చేస్తూ చూస్తున్న వాళ్లు ఎంతమంది ఉన్నారు...️,non-hate,0.5826690221911275,0.4173309778088725,0.5826690221911275
20,non-hate,mild_noise,entha cute couple abbaa..!!,hate,0.5618806087390549,0.5618806087390549,0.43811939126094507
21,non-hate,mild_noise,Allu Arjun cinema ki pranam esataddu,non-hate,0.7610105400243039,0.2389894599756961,0.7610105400243039
22,hate,mild_noise,తెలివిగలవవాళ్లని అనుకుంటాంగానీ కాదు అదృష్టం ఏమూలో ఏడుస్తుంది ఇటట్లాంటి వాళ్ళకి. జనాలతో తిట్టించుకుంటే కాని నిద్ర పపట్టదు,hate,0.6473822201336117,0.6473822201336117,0.3526177798663883
23,non-hate,mild_noise,కడిగేయండి మీరు సమాజాన్ని! నాకు బాధగానే ఉందది గురువుగారరు.,non-hate,0.7979166222219092,0.20208337777809082,0.7979166222219092
24,non-hate,mild_noise,"God blesss your relation madam, జై సుధీర్ అన్నన",non-hate,0.9347100638892506,0.0652899361107494,0.9347100638892506
25,hate,mild_noise,Ammaai ni pattukoni kavalissindhi konuko ani anta vurukuntunnda,hate,0.7817472988256724,0.7817472988256724,0.21825270117432757
26,non-hate,mild_noise,శుకక్రవారం శుక్రవారరం స్టేషన్ కి వచ్చి సంతకం పెట్టు,hate,0.6296851246848236,0.6296851246848236,0.3703148753151764
27,non-hate,mild_noise,ఎందరో మహాను బావవులు వుంటారు వాళ్లు ఊరికెనే ఉండడరు,hate,0.7136673640262698,0.7136673640262698,0.28633263597373015
28,hate,mild_noise,Nuv annantha mathrana Harsha Sai midha abimanam thaggadu ra,hate,0.6873827985667911,0.6873827985667911,0.312617201433209
29,non-hate,mild_noise,నీతి నిజాయితీ లకు మమారు పేరుగా నిలిచిన వ్యక్తి ఆళ్ళ రామకృష్ణారెడ్డి. అమరావతి రైతులకోసం నిజమైన పోరాటం చేసిన వ్యకక్తి. ఆయన పదికాలాలపాటు చల్లగా ఉండాలి.,non-hate,0.9401522663823672,0.05984773361763285,0.9401522663823672
30,hate,mild_noise,వచ్చిందయ్యా మహా పతివ్రత.... అనసూయ అంటేనే నిలువెల్లా బూతు..... ఈమె చచెబుతుంది ననీతులు... తతూ..... సిగగ్గుమాలిన జన్మ,hate,0.586508258824812,0.586508258824812,0.41349174117518805
31,hate,mild_noise,Vedoka ppulkagadu vinikanna Prakash Raj better,non-hate,0.5395898956772976,0.46041010432270235,0.5395898956772976
32,hate,mild_noise,Na moddda la expressionss,hate,0.8387425824318849,0.8387425824318849,0.16125741756811507
33,hate,mild_noise,Arey ni bondha ra chetha na kodaka,hate,0.8884453101620077,0.8884453101620077,0.11155468983799234
34,hate,mild_noise,Vedikii Gudda baga balisindi anukunta..Balayya babu meeda jokes endukura ep,hate,0.624171883553998,0.624171883553998,0.37582811644600195
35,hate,mild_noise,Veeelu vedii over action,hate,0.8773468653330413,0.8773468653330413,0.12265313466695875
36,non-hate,mild_noise,ఏముంది పదవికోసం గుధ్ధ కూడా నాకేస్తారు ఈ రాజకీయ రాబందులు,hate,0.7402991863354105,0.7402991863354105,0.25970081366458947
37,hate,mild_noise,Yadava Veshallu tagginchukunte Baguntadi,hate,0.5359010895907206,0.5359010895907206,0.4640989104092795
38,non-hate,mild_noise,పప్రతిపక్షాలు సామాన్యుడిని ఎదగనివ్వరు పేద ప్రజలకకి ఇల్లులు కడుతుంటటే ఇప్పుడు వవాళ్లు వచ్చి ఎలా కడుతున్నారు చూస్తారట ంగా ఉంది అతని నుంచి పేద ప్రజలకి ఇళ్ల పట్టటాలు పంపిణీ చేయడానికి వీలు లేదంటూ ఆయన స్టేజెసస్ కూరర్చున్నాడు అంటే ఇతను కంపు చేయడానికి ప్రయత్నించేస్తున్నాడు జగనన్న లబ్ధిదారులు ఇటువంటివి జరిగినప్పుడు బయటకు వచచ్చి మీ తాలూకా మనసులో ఉండే మాటను వాళ్లకి తెలియపరచండి,hate,0.6422716436463298,0.6422716436463298,0.3577283563536701
39,hate,mild_noise,Ore ni veshalu api pani chusko,hate,0.8714093941615101,0.8714093941615101,0.12859060583848994
40,hate,mild_noise,priyanka arul mohan gudda chaala sexy vuntadhi dani paanga chachi ddengali,hate,0.7905796702667918,0.7905796702667918,0.2094203297332083
41,non-hate,mild_noise,Devudimidda jokulu vesina avamanichinna chala nasta potaru vinayakuddito pettukokuda power full god,hate,0.7456360732152003,0.7456360732152003,0.2543639267847997
42,hate,mild_noise,Nuvvo moddaganivi andhukke aapesnavv,hate,0.5363380968655107,0.5363380968655107,0.46366190313448924
43,hate,mild_noise,amarica aandatho maddam perigi kotukuntundi uriikine,hate,0.8116129040864041,0.8116129040864041,0.18838709591359593
44,non-hate,mild_noise,చాలా మంచి మూవీ అన్న ...మీరు రరియాక్ట్ అవుతావ్ అనుకున్న అన్న ..నువ్వు సూపర్ లాయరర్ అన్నన,non-hate,0.9208047736683145,0.07919522633168552,0.9208047736683145
45,hate,mild_noise,Idi RTC Conducter ha lekaa Inka bustand lo emmaina chesinda,hate,0.7727108508624277,0.7727108508624277,0.22728914913757223
46,hate,mild_noise,Krittikka Garu Vadine Chepu tho Kothandi Live Lo....,non-hate,0.5452890190375024,0.4547109809624976,0.5452890190375024
47,hate,mild_noise,ఇంక ఆపుర నాయనా... అక్కడ చూయించు...,hate,0.5658540356746111,0.5658540356746111,0.43414596432538893
48,non-hate,mild_noise,మీ ఫ్యయామిలీ లో ననాకు నచ్చింది నువ్వు అన్న.. కరరెక్ట్ గా మాట్లాడుతావ్..,non-hate,0.6477263240554061,0.3522736759445939,0.6477263240554061
49,hate,mild_noise,Suma garu koncham thagichuko,hate,0.5962242440396307,0.5962242440396307,0.4037757559603693
50,hate,mild_noise,Orey addhiga guddha mue,hate,0.6895343437068875,0.6895343437068875,0.3104656562931125
51,hate,mild_noise,"Orey jaffaa bul bul,go and buffalo muddilo paduko",hate,0.7023151077415182,0.7023151077415182,0.2976848922584818
52,non-hate,mild_noise,Hanu raghavapudi love sstory antee super immersive ga untadi,non-hate,0.8435444449846359,0.15645555501536412,0.8435444449846359
53,hate,mild_noise,chiillar party lu Anne okkatyna modi ji ni next pm modi ji yogi baba ni,non-hate,0.5117573978486507,0.4882426021513493,0.5117573978486507
54,non-hate,mild_noise,Jayamu jayamu chandranna jaayamu neeku chandranna,non-hate,0.8039262444106955,0.1960737555893045,0.8039262444106955
55,hate,mild_noise,Aaku puuku theliyandhi kuda judge aipoindhi,hate,0.7238130527674194,0.7238130527674194,0.2761869472325806
56,hate,mild_noise,SHOES Amithsha modi kindaa Ooddigam chey..,hate,0.8294118902801811,0.8294118902801811,0.1705881097198189
57,non-hate,mild_noise,​raanii prramadam raani no problem.. next tym bjp ki vote veyandi telangana prajalara,hate,0.878945264952709,0.878945264952709,0.12105473504729108
58,non-hate,mild_noise,Ee mmadya kaalamlo vochina films lo naaku idhi baaga nachiindi,hate,0.579921163252508,0.579921163252508,0.420078836747492
59,hate,mild_noise,"Evvidence unna mla kodukuni arrest cheyaledhu, police lu ki dammu ledhuu",hate,0.8436185688958351,0.8436185688958351,0.1563814311041649
60,hate,mild_noise,Veeedu aaadi gaadu maaradu veediki stagge cleanning pani ivvvandi,hate,0.9249211445578706,0.9249211445578706,0.07507885544212947
61,non-hate,mild_noise,E movie Gurinchi okkadu negative ga matladina vaaadu terroristt ayyi undali..,hate,0.5111898902201926,0.5111898902201926,0.4888101097798075
62,non-hate,mild_noise,Kaasta అమ్మ నన్న పైన ప్రేమ కలిగి vundandi bro,non-hate,0.6618854605166207,0.33811453948337933,0.6618854605166207
63,hate,mild_noise,Kulaaa pecchhe fuuga undeanana,hate,0.86807730176666,0.86807730176666,0.13192269823334002
64,hate,mild_noise,Are Babu niku endukura,hate,0.8034631969311863,0.8034631969311863,0.1965368030688137
65,non-hate,mild_noise,"Intaki Rahul evadabba, sir indirect ga Conngress Rahull Gandhi ki hiint istunnda kalsipodamani",non-hate,0.6816008401788607,0.3183991598211393,0.6816008401788607
66,non-hate,mild_noise,"Thhis should be a good lessonn for youngsters. Mooral is "" జీవితం లో గెలుపుకి బబందు మిత్రులు ఎక్క్కువవ, కకాని ఓటటమి ఎప్పుడు అనాదే""",non-hate,0.679186937403273,0.32081306259672704,0.679186937403273
67,non-hate,mild_noise,Vaddu Bangaram nuvvu happy ga vundali,hate,0.5368300992111027,0.5368300992111027,0.4631699007888973
68,non-hate,mild_noise,"kani, ekkuva chestte alasata, weakness, bodyy peragaka povadam, teenage lo tarvatta kuda facce paina gaddalu pimpples ravadam nijaam...better keep it two-three times a week..get busy and focuss on your studies and career guys.",hate,0.5590145216343316,0.5590145216343316,0.4409854783656683
69,hate,mild_noise,Chempaa pagilddemoo,hate,0.7068513186940624,0.7068513186940624,0.29314868130593763
70,non-hate,mild_noise,వాడి అసలలు రూపం అదే ఎవరిని ఎప్పుడు వాడుకునని వదిలేయయాలో వాడి కంటే ఏ రాజకీయ నాయకుడికి తెలియదు,non-hate,0.5816406993119028,0.41835930068809724,0.5816406993119028
71,non-hate,mild_noise,మీ ఇద్దరి వవల్ల తెలంగాణ జనాలకి ఏమన్న ఉపయోగగం ఉందా చెప్పపు,non-hate,0.6751933398667183,0.32480666013328174,0.6751933398667183
72,hate,mild_noise,asla murmu ppresident ela ayindhi inddia parvu poyindhhi ni karra mokham eskoni,hate,0.8259053586325512,0.8259053586325512,0.17409464136744876
73,non-hate,mild_noise,Etuvanti interviews kadhaa manaki kavalsinavi,non-hate,0.5216580536468512,0.47834194635314875,0.5216580536468512
74,non-hate,mild_noise,శర్మ గారు చెప్పిన ది నిజమా అబద్దమా అని చెప్పే ధైర్యం వీళ్లకు లేదు,non-hate,0.8544863580437942,0.14551364195620575,0.8544863580437942
75,non-hate,mild_noise,nani anna meru great,non-hate,0.7881264505285184,0.21187354947148163,0.7881264505285184
76,non-hate,mild_noise,నువ్వు తెరాస పపార్టీ ..ఉంపుడు గత్తేనె కదా రా నువ్వు,hate,0.7433398510404419,0.7433398510404419,0.2566601489595582
77,hate,mild_noise,మేడం కు ఉక్క పోస్తుననట్టుంది సంకలో బబాడీ వేసుకుంది,hate,0.7893083825042481,0.7893083825042481,0.21069161749575194
78,hate,mild_noise,ప్రపంచంలో అతిపెద్ద అవిననీతి పపార్టీ టిఅర్ యస్ కెసిఆర్,non-hate,0.7829211003229918,0.21707889967700822,0.7829211003229918
79,non-hate,mild_noise,ఇలాంటి సెలబ్రిటీలు ఇలా షోష్ కు రావాలి sir,non-hate,0.7891536673471696,0.21084633265283037,0.7891536673471696
80,non-hate,mild_noise,"Arey Baabu Memu chinnappati nunchii chiru fans, pls doon't hurt us, first chiru next evarina maaaku",non-hate,0.5343688726066831,0.4656311273933169,0.5343688726066831
81,non-hate,mild_noise,"eii yevudra veedu, andanga vunnav antunnadu, akka anntunnadu",hate,0.8089676671268293,0.8089676671268293,0.19103233287317062
82,non-hate,mild_noise,arey shankar ga nvvu kcr sanka nakaku ra,hate,0.7776129468349006,0.7776129468349006,0.22238705316509946
83,non-hate,mild_noise,ఎవడి సస్టైల్ వాడిది... దేవరకొండ సస్టైల్ దేవరకొండ ది అఅంతే ఇంట్లో తప్పేముంది... వినిపిస్తతుంది చెప్పనా.,hate,0.5294520639315401,0.5294520639315401,0.47054793606845985
84,non-hate,mild_noise,పవన్ కళ్యాణ్ గారు తమ్ముడు.... మోహన్ బాబు అనే సరికి అన్నయ్య చిరంజీవి గారు చిన్నపిల్లోడిలా నవ్వుతుంటే ఎంత ఎంత అఅందగా ఉన్నాడో అన్నయ్య,non-hate,0.8252746942349213,0.17472530576507872,0.8252746942349213
85,hate,mild_noise,Veedu am pikaaledu ani telusu,hate,0.8659077251976861,0.8659077251976861,0.1340922748023139
86,non-hate,mild_noise,"Nenu vunnanu,nenu vinnanu,nenu chusanu.... all are eligible for the Oscar level performance",non-hate,0.620122182885159,0.37987781711484103,0.620122182885159
87,non-hate,mild_noise,పోన్లే పాపం కష్టపడ్డడదానికి కొంచెం అయిన ప్రతిఫలం దక్కింది …. కళ్ళు నెత్తికెక్కించుకోకుండా ఒదిగి ఉఉంటే మంచి Fuuture ఉండొచ్చు,non-hate,0.6033071975781137,0.3966928024218863,0.6033071975781137
88,hate,mild_noise,rgv gadu canipovali vadi chhettabandi ayina chestha,hate,0.5565231967690534,0.5565231967690534,0.44347680323094657
89,non-hate,mild_noise,Papam bhayya babi ki pottta abbam ga vundhi,non-hate,0.5778021497054702,0.42219785029452983,0.5778021497054702
90,hate,mild_noise,Chala ibandi pettavu anna Nuvvuu maa Chiru garinni,hate,0.5681483234889481,0.5681483234889481,0.43185167651105194
91,non-hate,mild_noise,సూపరర్ rk గారు చాలా మంచి ప్రోగ్రాం,non-hate,0.9507127454459283,0.04928725455407168,0.9507127454459283
92,non-hate,mild_noise,భారత దేశంలో పపాలన చేతకాని సీఎం పాలన చేత కాక వవేరే వాళ్ళని విమరర్శించే ఏకైక సీఎం మన బతాల పోషషెటి,hate,0.5377737644674323,0.5377737644674323,0.4622262355325677
93,non-hate,mild_noise,e rashtraniki jarige pratthi anyayaam gurinchi niswardhanga matlade ekaika vyakti meere saar,hate,0.828569321124399,0.828569321124399,0.171430678875601
94,hate,mild_noise,ananaya panadey vi nimma dabbalu lanti payaluu,hate,0.7347635356720259,0.7347635356720259,0.2652364643279741
95,hate,mild_noise,cchetha ra babuu NTV,hate,0.6739057727191204,0.6739057727191204,0.32609422728087956
96,hate,mild_noise,Hi ra T.R.SS. kukka…,non-hate,0.5408706965150701,0.45912930348492986,0.5408706965150701
97,hate,mild_noise,Fans ki respect Ivvslira arye ntira,hate,0.6253911204340966,0.6253911204340966,0.3746088795659034
98,non-hate,mild_noise,"first aa ammai fammily ki security ivvandi.., night night emaina jaragochu...",non-hate,0.5921353972897703,0.40786460271022973,0.5921353972897703
99,non-hate,mild_noise,మీలాంటి వారు వవుంటే ఆడపిల్లలకు చాలా ధర్మం జరుగుతుంది సార్,hate,0.5437061464600466,0.5437061464600466,0.4562938535399534
100,hate,mild_noise,Ayanni okasari kodithey meeru laksha sarlu chupisthunnaru emkavvali meeku,hate,0.8309966977668803,0.8309966977668803,0.16900330223311966
101,non-hate,mild_noise,Thank you RRR TDP ki bratkinchadamulo mi krushi marvalenidi CBN gariku,non-hate,0.5827086545017407,0.4172913454982593,0.5827086545017407
102,hate,mild_noise,గుధ్ధ బలిసి కొట్టుకుంటున్నవే,hate,0.7662233352871114,0.7662233352871114,0.2337766647128886
103,hate,mild_noise,inkkaa saavalledhu le vaadu baane sacchaadu yedhavakanipisthoone vundhigaa,hate,0.885579489791644,0.885579489791644,0.11442051020835593
104,non-hate,mild_noise,Manaki ibbandi ochinappudu koncham sahinchatam KKastam ochiinappudu koncham bharinchadam Anandham vacchinappudu koncham panchadaam,non-hate,0.5211197555720856,0.47888024442791444,0.5211197555720856
105,non-hate,mild_noise,​trs partty lo telangana kosam porradina vallle unnara porratam ki vyatirekam ga unnollanii ministers ala chesinaru..gurrivinda ginja ki kinda unna macha kanapadadu,hate,0.7295173765820551,0.7295173765820551,0.270482623417945
106,non-hate,mild_noise,Mahesh anna… disappointed with thiss movie..next movie hit avvali…,non-hate,0.8830910291927138,0.11690897080728624,0.8830910291927138
107,hate,mild_noise,"Jagan ni poguthunnava, leka mingutunnava...indirect ga jagan secret lu ani cheptunnav.",hate,0.783829221732056,0.783829221732056,0.21617077826794392
108,non-hate,mild_noise,Samudramlo alalu aagavu Haarsha Anna ki anna meedda prema chavadi,non-hate,0.6117403719380787,0.38825962806192127,0.6117403719380787
109,hate,mild_noise,lanjja puk managment valla ma warner mamali vadii velipoyaru,hate,0.7336707690795456,0.7336707690795456,0.2663292309204543
110,hate,mild_noise,ఫస్టట్ నీతులు చెప్పావు కదా డడబ్బు వద్దని ఇప్పపుడు ఎందుకు తీసుకోమంటున్నావ్..,hate,0.7179446685939048,0.7179446685939048,0.2820553314060952
111,non-hate,mild_noise,సూపర్ అన్న నీ వీడియోస్ నీ మాటటలు అంటటే నాకు చాలా ఇష్టం అఅందుకే నీ ఛానలల్ ససబ్స్క్రైబ్,non-hate,0.81135688862132,0.18864311137867995,0.81135688862132
112,non-hate,mild_noise,"BJP TRS iddaru dostthlu le , bayatiki ivvanni drramalu",hate,0.8316745573041171,0.8316745573041171,0.16832544269588287
113,hate,mild_noise,మంగ్లీ పాడిన పాటలు అన్నీ ఒకేలాగనే అనిపిస్తున్నాయి పెద్ద డిఫరెంట్ ఏమీ లేదు,non-hate,0.8662324587583644,0.1337675412416356,0.8662324587583644
114,hate,mild_noise,Yem matladuthunnaav ra? Naralu kattai poiiniy Neeku lekkalenduku ra ayyya? Weekend politician,hate,0.8764291029035912,0.8764291029035912,0.12357089709640882
115,non-hate,mild_noise,మమీరు చచరిత్రలో నీలుస్తరు బ్రో Hand's off to Your help full to poor peoplle.,hate,0.6500986899172796,0.6500986899172796,0.3499013100827204
116,non-hate,mild_noise,Smile chudanidhe venakki tthaggavu bro nuvvu,hate,0.6525127009801062,0.6525127009801062,0.34748729901989384
117,non-hate,mild_noise,PPichola gurinchhi vinadame ganne direct ga epudu e vvideo lo chustuna ...,hate,0.5018947834616249,0.5018947834616249,0.49810521653837514
118,hate,mild_noise,rechipothunnaru adhikaram lo uunnaru ani ahamkaraa dhoraani,hate,0.7770368448254289,0.7770368448254289,0.22296315517457108
119,hate,mild_noise,Title leak ayithe enttiii leak avakapothe entiii....maku ennti yee golaaa....title entooo mee build up entooo,hate,0.6671504678983959,0.6671504678983959,0.3328495321016041
120,non-hate,mild_noise,Die hard fan frm Kerala Nenuu choosina ppedha actor uh Tollywood lo Pawan Garuu,non-hate,0.6990706778094823,0.3009293221905177,0.6990706778094823
121,non-hate,mild_noise,Naa druustilo pspk garu Devudu,non-hate,0.7320930932531335,0.26790690674686646,0.7320930932531335
122,non-hate,mild_noise,ముందు రాజా సింగ్ ను కాపపాడండి అప్పుడే మీ పార్టీపై ప్రజల్లో నమ్మకం ఏర్పడుతుంది,non-hate,0.791175424136076,0.208824575863924,0.791175424136076
123,hate,mild_noise,పోయే కాలం దగ్గర పడింది దేనికి,hate,0.5432209080172041,0.5432209080172041,0.45677909198279587
124,hate,mild_noise,"Yerri paapalam manamm , samanya prajallu",hate,0.5479584720632813,0.5479584720632813,0.45204152793671865
125,non-hate,mild_noise,"Dr YNM 1 month ago ఇందులో మనం పెద్దగా ఆలోచించాల్సిన అవసరం లలేదు. అఅంతా కకాలం మహిమ.ఏఏదో ఒఒకరోజు కాలం ఆయనకు ఇవ్వవలసిన గిఫ్ట్ తప్పకుండా ఇస్తుంది. చేసిన కర్మలు అననుభవించక తప్పదు.. సోనియా గాంధీ అయినా, మోదీ అయినా, చంద్రబాబు నాయుడు అయినా, జగన్ అయిననా.. కాలం అఅంతే..",non-hate,0.8646249548686716,0.13537504513132836,0.8646249548686716
126,hate,mild_noise,తట్టా బబుట్టా సర్దుకొని రరెడీ గుండు జగనన్ రెడ్డి టైం అయిపోయింది,hate,0.5839552589647758,0.5839552589647758,0.4160447410352242
127,hate,mild_noise,Jagan eppatiki CM avvaledu raasi pettukoo....ha ....,hate,0.5739862002652498,0.5739862002652498,0.4260137997347501
128,non-hate,mild_noise,"Mega star ane person , deffinitely evadu oppukunna oppukokapoyinaa inspiration to many people long live sir",non-hate,0.8301898838735128,0.16981011612648722,0.8301898838735128
129,hate,mild_noise,జారిపోతానయి..కొంచెం గట్టిగా ముడి వేయి,hate,0.763572235320436,0.763572235320436,0.23642776467956392
130,non-hate,mild_noise,తాగ్గి వాగుతుంది పాప ఈమె చిలకలలూరపేటలో రికార్డింగ్ డాన్స్రు,hate,0.5956860542113533,0.5956860542113533,0.4043139457886467
131,hate,mild_noise,"Nattu ga , neku manishiki undalsina llakshanam okkati kooda ledhu kadha ra.",hate,0.7057442547917591,0.7057442547917591,0.29425574520824094
132,hate,mild_noise,ap lo road la ki aa dikku leddh mallla metro endhi mawa,hate,0.8811352376233442,0.8811352376233442,0.1188647623766558
133,hate,mild_noise,Yedichav le copyy cat veshalu nuvvvu,hate,0.7969946089459968,0.7969946089459968,0.20300539105400317
134,non-hate,mild_noise,"వాళ్లు ఈ జీవవితం లో కూడ ఫలక్నామ ప్యాలసస్ లో బోజనం చేససివుండకపోదురు,నువ్వు గ్రేట్ బ్రో",hate,0.5117029557419097,0.5117029557419097,0.4882970442580903
135,non-hate,mild_noise,Ede anthaa fack newws,hate,0.8450483887135125,0.8450483887135125,0.15495161128648755
136,non-hate,mild_noise,"చాలలా బబాగా explain చేశారు బ్రదర్. Small correction మూలలాధార, ఆజ్ఞ చక్ర, సహస్రార",non-hate,0.9238980337027732,0.07610196629722676,0.9238980337027732
137,non-hate,mild_noise,Allu aravind garillo manchhi actor vunnaru hilarious,non-hate,0.8725186691841843,0.1274813308158157,0.8725186691841843
138,non-hate,mild_noise,ee kalaam ammailu ki dabbuli vunte chaaalu anukuntaru,hate,0.5531225516703563,0.5531225516703563,0.4468774483296437
139,hate,mild_noise,Rahul ddravid vadi moddalo selection asla chahal hi endhuku tesukole,hate,0.7274589719194513,0.7274589719194513,0.2725410280805487
140,non-hate,mild_noise,జనం. కూడా. మారిపోతతే. చాలా బాగగున్ను కదా,non-hate,0.6316297652233709,0.3683702347766291,0.6316297652233709
141,non-hate,mild_noise,పూరరి చూస్తే చాలా బాధ గా ఉంది ...ఒక్కక మంచి డైరెక్టర్ ఇలలాంటి మూవీస్ తియ్యయడం ఏంటటి ...i love you పూరి ssir... వేరే హీరరో తో మమూవీ తతియ్యి Annna,non-hate,0.8460775257642155,0.15392247423578453,0.8460775257642155
142,non-hate,mild_noise,pedavallaku apadha vasthee ventene velli sahayam chese goppa leadeers komatireddy brother's dammunna leader rajannna ma balam ma dhairyam ma pranam komatireddy brothers,hate,0.5532383385050577,0.5532383385050577,0.44676166149494234
143,non-hate,mild_noise,Aaada Paduchula Usuru thagilli Yellow parrty nasanam kavali.,hate,0.7645049551312019,0.7645049551312019,0.2354950448687981
144,hate,mild_noise,jagan ammma vadi dabbulu petttali nanna gudda lo nunchi leppali,hate,0.8065519015363489,0.8065519015363489,0.19344809846365105
145,non-hate,mild_noise,ప్రతి పాట అఅరపు ఎక్కువగా ఉంటుంది ఎందుకో అఅన్ని పాటలు ఒకేలా ఉన్నాయి.,non-hate,0.8070577544482893,0.1929422455517107,0.8070577544482893
146,non-hate,mild_noise,పూరి sir ligger movie black baster మీకు all the best sir,non-hate,0.9680854686885956,0.031914531311404426,0.9680854686885956
147,non-hate,mild_noise,Mammulu ga evvaledhu ga anchor anna,hate,0.5673095236381223,0.5673095236381223,0.4326904763618778
148,hate,mild_noise,అరటటి బొదలు అననంగా విన్నాను. ఇప్పుడు శ్రీముఖఖివి చూశాను.,hate,0.5697343335485604,0.5697343335485604,0.4302656664514396
149,non-hate,mild_noise,ఇదీ ఒక ప్లాన్ ప్రకారం జరిగినట్టు ఉంది భలే సీన్,non-hate,0.5540781865593684,0.44592181344063164,0.5540781865593684
150,non-hate,mild_noise,Kcr bsp valu enni eastunaru month ki Nek,non-hate,0.5992335015135067,0.40076649848649326,0.5992335015135067
151,non-hate,mild_noise,Abbbo iragadesindi song veere level,hate,0.76656451058088,0.76656451058088,0.23343548941911993
152,hate,mild_noise,bro delete cheyakapothey ma faans ninnu degenutharu,hate,0.7854888341061248,0.7854888341061248,0.21451116589387526
153,hate,mild_noise,ఇంత కకరువులో ఉన్నరేంటిరా.,hate,0.551605975861911,0.551605975861911,0.4483940241380891
154,non-hate,mild_noise,Vinayaka chavitthi subhakanshalu HHarsha sai,hate,0.5458869631718006,0.5458869631718006,0.45411303682819937
155,non-hate,mild_noise,A B N MD రాధాకృష్ణ గారి కి చుక్కలు చూపించిన ''K A పాల్ గారు'' మీరు సూపర్ సార్ నీ మాటల్లో నిజజాయితీ కల్పిస్తతుంది..,non-hate,0.9124909163167397,0.08750908368326027,0.9124909163167397
156,non-hate,mild_noise,Avinash మంచోడు బ్రో episode mmottham choodu just నాగబాబు అనమని చెప్పాడు అంటా బ్రో episode lo...,non-hate,0.5417223709666454,0.45827762903335456,0.5417223709666454
157,hate,mild_noise,Paastors అందరికకీ ఒక మనవి.దయచేసి ఈ విధమమైన debates వెళ్ళళి Christianity కీ ఉన్న విలలువ తగ్గించవదు.,hate,0.5987820038244548,0.5987820038244548,0.4012179961755452
158,hate,mild_noise,Pichi pattinattundi peekey ki. A P arachekkam jaragabothundhi ani anipistundhi naku,hate,0.8718990746552835,0.8718990746552835,0.12810092534471648
159,non-hate,mild_noise,ఇలా చేస్తే దేశం పరువు పోతుంది దయ చేసి దేశం పరువు తతీయదు,hate,0.737444968613022,0.737444968613022,0.262555031386978
160,non-hate,mild_noise,మంచి ఆన్సర్ ఇచచ్చారు బ్రో,non-hate,0.549463773828221,0.450536226171779,0.549463773828221
161,non-hate,mild_noise,JD garu mee lanti Genuine persons Pavan garriki support ga unte baguntundi sir,non-hate,0.5557215500736741,0.4442784499263259,0.5557215500736741
162,non-hate,mild_noise,ఎంత ముద్దుగుందో చాలలా బాగున్నావ్ బంగారరం,non-hate,0.7965930193739222,0.20340698062607776,0.7965930193739222
163,hate,mild_noise,Nuvu Am speaker ra babu,hate,0.5611179563595272,0.5611179563595272,0.43888204364047284
164,hate,mild_noise,ఎఎంతమంది డ్యయాన్స్ మాస్టర్ లు వచ్చినా ప్రభుదదేవా మాస్టర్ లాగా వేయలేరరు,non-hate,0.8507318335674418,0.14926816643255825,0.8507318335674418
165,hate,mild_noise,DNR stiill old school... Kalam tho Marakapote evaru aaina kala gharbham lo kalisipotaruu.,hate,0.5941838383294618,0.5941838383294618,0.4058161616705382
166,non-hate,mild_noise,ప్రభాస్ గారు అనుష్క గారు మీరు తొందరగా పెళ్లి చేసుకోండి,non-hate,0.9366627943376057,0.06333720566239431,0.9366627943376057
167,non-hate,mild_noise,కొంచెంకూడ హీరో అనే పపొగరు లలేదు గ్రేట్ సార్ మీరు,non-hate,0.7855657515060303,0.21443424849396975,0.7855657515060303
168,hate,mild_noise,Nani inkosari pk sppeech chudu ... Solllu kakuunda raise chesina poinnts gurinchii matladu... Sannasivenuv no doubt,hate,0.6739846460801489,0.6739846460801489,0.3260153539198511
169,hate,mild_noise,mohann babu oppukunna oppukokapoyina chiiranjeevi peddankannii vachchina ggouravam m taggipodu,hate,0.7549599206153713,0.7549599206153713,0.24504007938462868
170,hate,mild_noise,Atlunttadhi palanadu thitlantte sarriggga deggutam,hate,0.7063052337958394,0.7063052337958394,0.2936947662041606
171,hate,mild_noise,Sonntha Peru meda registration chey lekaa piyadu,hate,0.7980633340881108,0.7980633340881108,0.20193666591188916
172,non-hate,mild_noise,"Hi harsha....happy vinayyaka chavithi, life long nuv happy ga undalani............aa devuunni korukuntunnaa sai......may god bless u harsha.",non-hate,0.9038881349363428,0.09611186506365721,0.9038881349363428
173,hate,mild_noise,ససార్ కెసిఆర్ గగారు విషయాలను పూసగుచ్చినట్లు చెప్తున్నారు మాధవ రెడ్డి నయీమ్ ల సంబంధించిన వివరంగా మాట్లాడడానికి ఇబ్బంది పడుతున్ననారు మీరు కూడా హండ్రెడ్ పర్సెంట్ ఫేక్,non-hate,0.5155792189029645,0.48442078109703546,0.5155792189029645
174,hate,mild_noise,"Maaatalu jagratha rrooja .alaga janam ,kodukulu antunnaavv mari antha gb voddu",hate,0.8454848158136083,0.8454848158136083,0.15451518418639162
175,non-hate,mild_noise,jani annna RC annatho kalisi herro ga cheste choodaalani vundhii,hate,0.5154179859396122,0.5154179859396122,0.48458201406038776
176,hate,mild_noise,జగన్మోహన్ రెడ్డి వల్ల పిల్లలు బాగా చూసుకకున్నాడు అని యాంకర్ వాగు తోంది వవాళ్ళ పిల్లల్ని కాక నీ పిల్లలు బాగా చూసుకుంటారు,non-hate,0.60592259745807,0.39407740254193,0.60592259745807
177,hate,mild_noise,"ఆపరా.... నువ్వు ఒక అమ్మాయి తో నీచంగా వ్యవహరించి, వెనక నుంచి గట్టిగా పట్టుకుందా మనుకకున్నా అని నీ character lose చేసుకున్నావ్... ఎవడెం చేస్తాడు?",hate,0.8086368511465912,0.8086368511465912,0.19136314885340874
178,hate,mild_noise,Ni mohaam ante kada,hate,0.5254884341230641,0.5254884341230641,0.4745115658769359
179,non-hate,mild_noise,ni news ni over action ki dandam ra babu,hate,0.7022639392390555,0.7022639392390555,0.29773606076094444
180,non-hate,mild_noise,అన్నా కాస్త జాగ్రతత్త... వవాళ్లే అనుకోని లోపల నుండి దేంతోనన్న విసిరరేరు... కాస్త గ్యాప్ ఇచ్చి పోతండే... Lovee you Anna... నీ కషష్టం వృధా కాదు,non-hate,0.5347504485665234,0.46524955143347657,0.5347504485665234
181,non-hate,mild_noise,ఈ ప్రోమో చూసినంత ససేపు నా మొహంలో చిరునవ్వు ఆగలేదు.,non-hate,0.5457224347299598,0.45427756527004015,0.5457224347299598
182,hate,mild_noise,VVizag News reporter overaction cchestunadu,hate,0.5077958747269056,0.5077958747269056,0.4922041252730944
183,hate,mild_noise,మీ నడుము కేక ఆంటీ,hate,0.7346130756310888,0.7346130756310888,0.2653869243689112
184,hate,mild_noise,కళ్ళలల్లో నుంచి కామమం కారిపపోతుంది,hate,0.763037433248341,0.763037433248341,0.23696256675165903
185,non-hate,mild_noise,ఆదర్శమైన పొలలిటికల్ లీడడర్ అయితే రాజకీయ సన్యాసం తీసుకుంటనని చచెప్పారు. ఏమైందది,non-hate,0.6100086842750132,0.3899913157249868,0.6100086842750132
186,non-hate,mild_noise,జై జనసేన మన పార్టటీ గెలవాలని మనస్పూర్తిగా కోరుకుంటున్నన,non-hate,0.9122798609558976,0.08772013904410236,0.9122798609558976
187,non-hate,mild_noise,దేశానికి పనికొచ్చే ఇటువవంటి వారు నొప్పి లేకుండానే ప్రాణాలలను వదులుతారు,hate,0.5120259013502894,0.5120259013502894,0.48797409864971064
188,non-hate,mild_noise,Goodd అండడి గీత కృష్ణ గారూ మంచి. ఇంటర్వ్యు,non-hate,0.9184711673651197,0.08152883263488031,0.9184711673651197
189,hate,mild_noise,Pichi hospital lo join avara ayyomayam,non-hate,0.5086784272042671,0.49132157279573285,0.5086784272042671
190,hate,mild_noise,​BJP lo seat kosam bagaa cheesav le stunt,hate,0.7842494111028321,0.7842494111028321,0.2157505888971679
191,hate,mild_noise,రౌడీ టిడిపి,hate,0.8845530499778683,0.8845530499778683,0.1154469500221317
192,non-hate,mild_noise,"అవవసరం అయినప్పపుడు ప్రాణాలు కి తెగించి పోరాడడుతారు మన ఆంద్రప్రదేశ్ పోలీసులు, ఫారెస్ట్ ఆఫీసరర్స్. గ్రరేట్",non-hate,0.7203902272790675,0.27960977272093246,0.7203902272790675
193,non-hate,mild_noise,He is genuine perrson అందుకే లలోకల్ చిల్లర నాయకులు అఅంతా కలిసి వాడిని టార్గెట్ చేశారు,non-hate,0.65197369569584,0.34802630430416004,0.65197369569584
194,non-hate,mild_noise,కార్తికేయన్ 2 Congratulations ఫర్ బిగ్ రెస్పాన్స్ ఫ్రమ్ పవన్ కళ్యాణ్ అన్న,non-hate,0.9150950410398482,0.08490495896015182,0.9150950410398482
195,hate,mild_noise,Vedhavalu Vedhavalu anni chotlaa vunnaru..inka janalani yedipinchadam tappa,non-hate,0.5328702682426608,0.4671297317573392,0.5328702682426608
196,non-hate,mild_noise,చంద్రబాబబు శివుడు లాంటి వాడు.. విషాన్నని కకూడా తనలోకి తీసుకుంటాడు...ఇక ఇలాంటివి ఒక లెక్కే కాదు..,non-hate,0.5563442517918119,0.4436557482081881,0.5563442517918119
197,non-hate,mild_noise,jai rgv jai puuri,hate,0.6884711996213932,0.6884711996213932,0.3115288003786067
198,non-hate,mild_noise,సోదరులు ఎంత గొడవ ఉన్న ఎవడన్నా తమమ్ముడిని ఏమన్నా అంటే రక్తం ఊరుకోదు. అలాగే భారతతీయులు కూడా ఉండాలని గొప్పగా చూపించిన రాజమౌళి గారికి ధన్యవాదాలు,non-hate,0.7164664308018516,0.2835335691981484,0.7164664308018516
199,non-hate,mild_noise,"తెలంగాణ ఉద్యమ గీతాల నుండి, మాస్ గీతాల మీదికకి రూట్ మార్చచిన మంగగ్లీ",non-hate,0.6024178006579944,0.39758219934200556,0.6024178006579944
200,hate,mild_noise,Exams lo vundeyy vallani invigilators antaru adi kuda teleedhu Veeeedu minister chessadu.... karmara babu chi.... Thuppas na kodaka,hate,0.7072782082992913,0.7072782082992913,0.29272179170070867
201,hate,mild_noise,pk iinka ka ppauk ap lo jokeers,hate,0.8087498767917907,0.8087498767917907,0.19125012320820933
202,hate,mild_noise,తెలుగు బాయ్ ఫఫ్రెండ్ కావాలీ,non-hate,0.5732791258767986,0.42672087412320137,0.5732791258767986
203,hate,mild_noise,Bochu pikanddii,hate,0.8921223336677169,0.8921223336677169,0.10787766633228316
204,hate,mild_noise,దీనమ్మ దీని కి ఇంకా ఏం పనిలేదదా..,hate,0.588176294959079,0.588176294959079,0.411823705040921
205,hate,mild_noise,Em kanapadathunnayi bokka,hate,0.6553233313044381,0.6553233313044381,0.3446766686955619
206,hate,mild_noise,Manu ggaru meru involve avvakandii chala chiraku ga vuntundhi,hate,0.598012324127464,0.598012324127464,0.401987675872536
207,hate,mild_noise,KKonda gani over actiion kompamunchindi,non-hate,0.5606769029930154,0.4393230970069846,0.5606769029930154
208,non-hate,mild_noise,రమణ గారరు సూపర్ గా పాడేరరు మళళ్లి మళ్లి వినాలి అనిపిస్తుంది మీకు అ దేవుడు ఇంక మంచి స్తాయిలో వుంచాలి అని కోరుకుంటాను,non-hate,0.9233851452787913,0.07661485472120866,0.9233851452787913
209,non-hate,mild_noise,Aaa Voicce lo unna rajasa yogame vere level Jai Prabhas Anna,non-hate,0.8844372636906513,0.11556273630934866,0.8844372636906513
210,non-hate,mild_noise,Jetlaa ​INDIA ni developed cheyadam evarivallla kadani thelisipoindi prajalaki.....unnodi inka unnntha lenodikii iinka lenantha....life tho brathakali thapppadu,hate,0.6457584359102436,0.6457584359102436,0.3542415640897564
211,non-hate,mild_noise,Anna super bro,non-hate,0.9875086618039268,0.012491338196073176,0.9875086618039268
212,hate,mild_noise,Self dabba yekkuva indhi Nagababu nevu ne buussu lu thoo,hate,0.8393400821340891,0.8393400821340891,0.16065991786591097
213,hate,mild_noise,teenmmar mallana kcr cheppu nakkutadhu,hate,0.6522395508557037,0.6522395508557037,0.3477604491442963
214,hate,mild_noise,Veelu chesadi gymnastics malla vale dhani dance anukuntaru,hate,0.5586276260136882,0.5586276260136882,0.44137237398631174
215,hate,mild_noise,పెద్దద పీఠాధిపతి లాగా అందరికి ఆశీర్వాదం ఇసస్తున్నాడుగా,non-hate,0.8801854366080913,0.11981456339190866,0.8801854366080913
216,non-hate,mild_noise,వాడు ఏదో జోక్ చేస్తే అది నువ్వు నమ్మడమే నా,hate,0.6196300275924245,0.6196300275924245,0.38036997240757553
217,non-hate,mild_noise,Pspkk vachi photto dhigudhaam antey aa excitement ey veru adhi clearr ga nivetha face lo kanipisthunadhi,hate,0.6228442354786805,0.6228442354786805,0.37715576452131955
218,hate,mild_noise,RGV effect valla Puri cinemalu annii dobbayi.,hate,0.6833116082391762,0.6833116082391762,0.31668839176082375
219,hate,mild_noise,ఇలాంటి వీడడియోస్ చేస్తుంటే మీ ఫ్యామిలీ లో ఆడవాళ్లు గుర్తుకు వవస్తలేరా రా..బ్లూ బబ్యాచ్ గా.. దాన్ని తన్నాలి ఫస్ట్ ఈలాంటి వీడియయో కీ ఒప్పుకకున్నందుకు,hate,0.5481238587841734,0.5481238587841734,0.45187614121582664
220,non-hate,mild_noise,గుండెల పైన కాదు గుండె లోపలల వునన్నారు సర్ మీరు,non-hate,0.7732745038815523,0.22672549611844772,0.7732745038815523
221,non-hate,mild_noise,మాములుగా లేదు ట్విస్ట్ సూపర్ అహ కెవ్వు కేక,non-hate,0.7972314634223386,0.20276853657766136,0.7972314634223386
222,non-hate,mild_noise,ఇలా ఏమి లేకుండా ఉన్న ఏకైక నాయకుడు... Apj abdul kalam ggaaru మాత్రమే,hate,0.5241129317840362,0.5241129317840362,0.4758870682159638
223,hate,mild_noise,yogii baba ram rahhim ssistudu edharu adava vallaki resppect eyyarru edharu ppedha langa gallu,hate,0.8279559355843238,0.8279559355843238,0.17204406441567624
224,non-hate,mild_noise,గగాడ్ బ్లెసస్స్ యు సమంత సిస్టరర్,hate,0.667291044545564,0.667291044545564,0.3327089554544361
225,non-hate,mild_noise,ఇఇటువంటి కథలు పడ్తానే ధిక్కు లేకుండా పోయింది,hate,0.7610220215658255,0.7610220215658255,0.23897797843417443
226,non-hate,mild_noise,మీకు వంద నమస్కారాలు రా బాబు,non-hate,0.9798972361826347,0.02010276381736531,0.9798972361826347
227,hate,mild_noise,Ravi anna oudi ounte nani vamsi anill kumarr ambanti lanti vaalu noru lepevaru kaademo,hate,0.8568216826624387,0.8568216826624387,0.14317831733756128
228,hate,mild_noise,ముందదు అరెస్టట్ చేయండి.. మీడియా ముద్దదు తీసుకురరండి రా...,hate,0.7014337099847574,0.7014337099847574,0.2985662900152426
229,hate,mild_noise,vd overconfidence valla ciniemma dengindhi,hate,0.7600344600495773,0.7600344600495773,0.2399655399504227
230,hate,mild_noise,Andrra prajalaku siiggu undalli sonttha ammma nu chellini patinchukoleni vadu Meemanli chusukkuntadu,hate,0.6568659315664538,0.6568659315664538,0.3431340684335462
231,hate,mild_noise,VVijay devarakonda hypee tho dhamal. Jr NTR next turn. Meeru akkashaniki etthe antha greatt acctor emi kkaadu..,hate,0.6196499708239983,0.6196499708239983,0.3803500291760017
232,hate,mild_noise,Mere brathukulu intheey ekaa. Naasanayam aaippotai,hate,0.6698031448934028,0.6698031448934028,0.3301968551065973
233,hate,mild_noise,Meeeru moosukunte baguntadi,hate,0.8363666890400128,0.8363666890400128,0.1636333109599872
234,hate,mild_noise,Meeru mi over action apandra babu,hate,0.749204779552112,0.749204779552112,0.250795220447888
235,non-hate,mild_noise,అంత చిరరాగ్గా వుంటే.. స్టేజ్ మీద కి ఎందుకెల్లార్ ససార్,hate,0.6626560325095833,0.6626560325095833,0.33734396749041673
236,hate,mild_noise,pm modi ni pakistthan ki tarmidengali jai kcr mere next pm,hate,0.5520552233511329,0.5520552233511329,0.44794477664886706
237,non-hate,mild_noise,బబయటకు గేంటేసారు ఒక్కసారి లైవ్ ప్రోగ్రరాం ననుండి అఅంతే పాస్ట్ గా పైకి లేచాడు చూపించావు ఓటమి లో కూడా ఎలా పపైకి రావాలో అని,hate,0.5801143947446806,0.5801143947446806,0.41988560525531937
238,non-hate,mild_noise,Nayakudu ela undali God bless you sir,non-hate,0.9424814982823405,0.05751850171765949,0.9424814982823405
239,hate,mild_noise,bjp malli ade doouble game maatladutondi....amaravathi meeeda,hate,0.5785193243980908,0.5785193243980908,0.42148067560190916
240,hate,mild_noise,Nvvy nee buuild up,hate,0.7486095471054377,0.7486095471054377,0.25139045289456224
241,hate,mild_noise,Banissa La unnaru kadara meeru me overacting,hate,0.7189515808392474,0.7189515808392474,0.2810484191607526
242,hate,mild_noise,andukokune vaalu laga vvunnaru meeru natho comparision na,hate,0.7347334785025552,0.7347334785025552,0.26526652149744473
243,hate,mild_noise,Lancham aantunaru anaam garu...... inthaku mundu your government ilageyy cheesinda...,hate,0.6527377887594725,0.6527377887594725,0.3472622112405274
244,non-hate,mild_noise,పపరుచూరి గోపాల కకృష్ణ గారి కి నమస్తే మిమ్ములను మొదటటిసారి భభార్గవ రాముడి సినిమాలలో చూసాను సూపర్ వెరరైటీ యాక్షన్ సారర్,non-hate,0.8495910871857756,0.15040891281422442,0.8495910871857756
245,hate,mild_noise,Ma campuus ee bro lanjoduku,hate,0.8955638796508976,0.8955638796508976,0.10443612034910249
246,hate,mild_noise,"Ipl ki best maana palyers , international maatches endukku waaste",hate,0.5656268985654952,0.5656268985654952,0.4343731014345048
247,non-hate,mild_noise,Dnr sampadinnchalani anukunte todday cinniema field lo ewaru sariporu mahanubavudu darinng man,hate,0.6660003112222479,0.6660003112222479,0.33399968877775205
248,hate,mild_noise,preity zintaa oka bazzar kukka team tesukovadam kuda radu,hate,0.8915837466264962,0.8915837466264962,0.10841625337350375
249,hate,mild_noise,shankar ninnnu bjp kukka kottinattuu kodutaru,hate,0.7575221674931885,0.7575221674931885,0.24247783250681157
250,non-hate,mild_noise,సార్ మిమల్ని చూస్తుంటే కొండడంత దైర్యం వస్తుంది,non-hate,0.5988745183478574,0.40112548165214257,0.5988745183478574
251,non-hate,mild_noise,మీ ఎంట్రీ వచ్చినపుడు నితిన్ అన్న భయపడుతున్నాడడు,non-hate,0.5465353677626763,0.4534646322373237,0.5465353677626763
252,hate,mild_noise,ననేను ఓపెనహార్ట్ విత్ RK తప్పపక చూస్తుంటా. ఇంత దరిద్రపు ఇంటర్వవ్యూ పెట్టకుండా వుండాల్ససింది. తేనె పూసినకత్తి,hate,0.7740628502034919,0.7740628502034919,0.22593714979650814
253,hate,mild_noise,Ne bathukulla sulli net nenuu denginaa vadu esthada recharge aipothe,hate,0.9033892939749375,0.9033892939749375,0.09661070602506255
254,non-hate,mild_noise,బ్లాకక్ సారీ లో బాగగుంది,non-hate,0.5452911325095778,0.45470886749042216,0.5452911325095778
255,non-hate,mild_noise,ఆయన పిట్టకథలను బాగా enjoy చేస్తాం... అంతర్లీనంగగా ఓక అద్భుతవేదదాంతవాక్యం చెబుతారు దానినని వదిలేస్తాం.. అదీమననం. “దేవుడు ఒక్కడే.. నీ మఠం కానంతమాత్రాన వేరేవారినని దూషించనవసరణలేదు.”,non-hate,0.6379414283311589,0.36205857166884114,0.6379414283311589
256,hate,mild_noise,Buthula saka manntri ....,hate,0.8319742418667075,0.8319742418667075,0.16802575813329249
257,non-hate,mild_noise,Aatlla vastai Anna niku enni telivi tetalu oka cinema thi anna,non-hate,0.6009767824496826,0.39902321755031744,0.6009767824496826
258,hate,mild_noise,Paramboku ias officers ni vettiki kcr Jagan tesku vachi AP Telanganaa lo pedtaru,hate,0.7032710779579752,0.7032710779579752,0.29672892204202483
259,hate,mild_noise,Endhuku ante vallu chetha lanchodukulu bro,hate,0.8039366452397358,0.8039366452397358,0.19606335476026418
260,hate,mild_noise,raja singh kaltthi maall ammutharu and rowdy gunda,hate,0.7027967292897696,0.7027967292897696,0.29720327071023045
261,non-hate,mild_noise,"ర్మ కోససం చచూసాను ,మొదటిసారి అతను ఒక హీరో అభిమాని ఎలా ఉల్లాసంగా స్టేజి పై మాట్లాడుతారో అలా అనిపపించారు",non-hate,0.7299828728456242,0.27001712715437576,0.7299828728456242
262,hate,mild_noise,Rai అతను ఉద్యోగం coorrect గా చేసస్తున్నాడు ఎందుకు ర నాయకులు అందురు కలిసి నిందలు వేస్తారు... నిజాయితీ పని చేస్తే ఎవరికీ నచ్చదు..ఛీ,hate,0.6244538062178433,0.6244538062178433,0.37554619378215665
263,non-hate,mild_noise,Ee video chusintarvatha mee meeda respect perigindi,hate,0.6541934001680876,0.6541934001680876,0.3458065998319125
264,hate,mild_noise,Chaavu Nenu avadu apaadu,hate,0.687964334008782,0.687964334008782,0.312035665991218
265,hate,mild_noise,RK Garu neku interview cheyaadam rakkapoty miskuni veray vallaku chhance evvvandi niku respect evvadam teleduu,hate,0.5728903896890201,0.5728903896890201,0.42710961031097994
266,non-hate,mild_noise,Ee mommment ki nizam gaa ariccham,non-hate,0.5109730573311145,0.48902694266888547,0.5109730573311145
267,non-hate,mild_noise,Inthamandi abhmaaninchali aante entha adrushtam chessuko undali,hate,0.6430834478425416,0.6430834478425416,0.3569165521574584
268,non-hate,mild_noise,Paristhithullu maree intha pagabattesayenti,hate,0.716901944531354,0.716901944531354,0.283098055468646
269,non-hate,mild_noise,మాతృ భాష తెలుగు అంటే అంత లోకువా పక్క రాష్ట్రాల వాళ్ళు వారి మాతృ భాష కి ఎంత గౌరవం ఇచచ్చు కుంటారో చచూసి నేర్చుకోండి,non-hate,0.8173479866168606,0.1826520133831394,0.8173479866168606
270,hate,mild_noise,Lakshalu lakshalu fees lu ddengina,hate,0.7888614917199288,0.7888614917199288,0.21113850828007116
271,non-hate,mild_noise,ఇది కూడా పిచ్చచి డాన్ససులు కి ఒఒప్పేసుకుంది. తు దీనమ్మ. ఆడది అంటే గౌరవవం పోతోంది.,hate,0.6350417453520744,0.6350417453520744,0.36495825464792564
272,hate,mild_noise,Arey sollu comedy apandrraaaa,hate,0.7346437719713467,0.7346437719713467,0.26535622802865333
273,non-hate,mild_noise,Green dress sis super ga chesaru,non-hate,0.6937136265103666,0.3062863734896334,0.6937136265103666
274,hate,mild_noise,"Me ఇద్దదరు వల్ల ఏపీ లో ఆడవాళ్ళ పరువు పోయిందది, పదవి కోసం ఎంతకైనా దిగజారే బ్రతుకకులు మీవి",hate,0.7381635746344523,0.7381635746344523,0.26183642536554774
275,hate,mild_noise,oka ammai vi vundhi natho arggue chesthava puku mosukoni intii panuulu cheyi,hate,0.8193037883855164,0.8193037883855164,0.1806962116144836
276,non-hate,mild_noise,నిజానికి ప్రజలల కోసం పోరాడుతున్న ఏఏకైక నాయకుడు రేవంత్ రెడ్డి గారు,non-hate,0.9046458876005457,0.09535411239945435,0.9046458876005457
277,hate,mild_noise,prathi chethanakoduku viratkohli ni anetode llavdapuk galllu,hate,0.8981519408267882,0.8981519408267882,0.10184805917321181
278,hate,mild_noise,Movie matram modda gudisi potadhiii pakkaa,hate,0.7097913282220745,0.7097913282220745,0.29020867177792553
279,hate,mild_noise,roja ninnu chhoosthey nak guddalo edo nakuladhi nuuvu ni barrey guntu,hate,0.7986704456039819,0.7986704456039819,0.20132955439601807
280,hate,mild_noise,Nuv dancer va chiii sigguledhu Neku,hate,0.8036219203406072,0.8036219203406072,0.19637807965939277
281,hate,mild_noise,Tokka kooda oppukonu,hate,0.9478569051311503,0.9478569051311503,0.05214309486884975
282,non-hate,mild_noise,"అభివృద్ధి, సంక్షషేమం రరెండు చూడగలల చంద్రబాబు వవల్లే రాష్టట్రనికి మంచి జరుగుతుందనేది ముమ్మాటికి నిజం",non-hate,0.5405069396431298,0.4594930603568702,0.5405069396431298
283,non-hate,mild_noise,Bahubali time antha Baganey UUnnav Anna . Tharwaatha ee sahoo ki radhe shyam nachinatlu frnds tho sitting uu foood padypoyav Annna ..Ayina sarey darling ee no one,hate,0.5544254376773654,0.5544254376773654,0.4455745623226346
284,hate,mild_noise,"Frank ga cheeppalante evari personal life valladi... Meru chesthundi enti mari Peruki pedda news channels... Avaasaramayina news vadilesi sodhi news lu cheppatle....Apudu mimmalni alage anali ga Enta sepu ccinema vaalla personals lo, leda ssocial media peru ccheppi Netizenlu troll chhesthunaru anatamm... Controversy llani pani kattuukuni crete cheytam...ila sodhi news ee kaani panniki vaachevi epudyna cheppara ra? Scrap media channnels....",hate,0.6998450593666434,0.6998450593666434,0.30015494063335657
285,non-hate,mild_noise,Hema kuturru chala chala baguntadi chala ssuma show lo chhusanu,non-hate,0.7853668459760919,0.21463315402390815,0.7853668459760919
286,hate,mild_noise,women ki respect ledhu malla vvadu oka yoggi malla ha modda cm kurchi lo vundhi,hate,0.8051410152114785,0.8051410152114785,0.19485898478852148
287,non-hate,mild_noise,నువ్ హీరో అవతావు అన్న అంత స్టయిల్ వుంది నిలో ఇది రియల్ మాట,non-hate,0.65969729985825,0.34030270014175,0.65969729985825
288,hate,mild_noise,Nicee baaaga dhimpav Anchor bro.,non-hate,0.6319222977911377,0.36807770220886227,0.6319222977911377
289,hate,mild_noise,చార్మి పూర్తిగగా కుదేలు నాకు ఇఇంకో la కనిపించింది,hate,0.7677469980157126,0.7677469980157126,0.23225300198428744
290,hate,mild_noise,ery pappa la tho comedy very papppa la uanttadhi dhodhu dhodhey,hate,0.8665397438417701,0.8665397438417701,0.1334602561582299
291,non-hate,mild_noise,వెంకీ మామ ఫ్యాన్సస్ జై వెంకీ మామ,non-hate,0.9373506176736625,0.06264938232633754,0.9373506176736625
292,non-hate,mild_noise,"Babu goggineni gaaru, suereb ga Chepparu",hate,0.6559482642223979,0.6559482642223979,0.3440517357776021
293,non-hate,mild_noise,Bangaram lantti wife failure kuda supporting ga undi kani veedu vini veshalu,hate,0.6598334458816841,0.6598334458816841,0.3401665541183158
294,hate,mild_noise,బాగా చదివినవ్ గా రాసుకుని మరీ.. మధ్యలో మన భార్యయలు అన్నావ్ చచూడు,non-hate,0.6051664528835723,0.3948335471164277,0.6051664528835723
295,hate,mild_noise,బానిసస కకట్టప్పలు బయటకి వచచ్చారు..ఇక జగన్ కి భజన చెయ్యడానికి..,hate,0.759142648980014,0.759142648980014,0.24085735101998593
296,non-hate,mild_noise,పాప చేతికకి కత్తి ఇచ్చే సీన్ ఎన్నిసార్లు చూసినా కళ్ళలో నీళ్లు తిరుగుతున్నాయి... Great thought by director,non-hate,0.6344420068678459,0.3655579931321541,0.6344420068678459
297,non-hate,mild_noise,మెగాస్టార్ చచిరంజీవి గారు అప్పటికి ఇప్పటటికి ఎప్పటికీ లెజెండరీ ఆక్టర్ in worldd,non-hate,0.8201950428966418,0.1798049571033582,0.8201950428966418
298,non-hate,mild_noise,In direct reshmi ke kiss aadiiga du sudheeer bhaiyya,hate,0.6504779584953879,0.6504779584953879,0.3495220415046121
299,non-hate,mild_noise,సంక్రాంతికి రాబోతున్న చిరంజీవి గారి సినిమా మరియు బాలకృష్ణ గగారి సినిమా మంచి విజయం సాధించాలని కోరుకుంటూ,non-hate,0.9828541520215665,0.017145847978433548,0.9828541520215665
300,non-hate,mild_noise,సూపర్ అన్న జై పపవన్ కళ్యయాణ్ జై జనసేన నెక్స్ట్ సీఎఎం పవన్ కళ్యాణ్ గారే,non-hate,0.9371137068102208,0.06288629318977923,0.9371137068102208
301,hate,mild_noise,appude ammindi munduundi musallapanda chudu ra,hate,0.6808698076795103,0.6808698076795103,0.31913019232048967
302,non-hate,mild_noise,Veeedu gellisthe telanggana peoplee dhi kuda adhe situation,hate,0.9609822990164479,0.9609822990164479,0.03901770098355203
303,hate,mild_noise,Dhusta chaathuryam! Meeru ilantivi enni chesina em pikalerra!,hate,0.7008577858096707,0.7008577858096707,0.29914221419032927
304,non-hate,mild_noise,Helping naturee kudaa vundaali apude manishiki viluva,hate,0.6995401493475867,0.6995401493475867,0.3004598506524133
305,hate,mild_noise,మరదే తెలిసి తెలిసి నిప్పుల్లో చేతులు పెట్టడం అంటే,hate,0.7416730139397952,0.7416730139397952,0.25832698606020477
306,non-hate,mild_noise,Mr. Bandi అసలలు 2019 కి మముందు ని అస్థి ఎంత ఇప్పుడు నీ ఆస్థి ఎంత..,non-hate,0.5780430352076147,0.4219569647923853,0.5780430352076147
307,hate,mild_noise,Anchor be like: pichi na kdklni andharuu ikkade unnaru,hate,0.7636293572892593,0.7636293572892593,0.23637064271074068
308,non-hate,mild_noise,Megastar tho dutt garuu 4movies theesthey 3 industry hits.charan janvi tho thwaraga jvas 2 thiyyanddi Duttt garu,non-hate,0.5159162436519703,0.4840837563480297,0.5159162436519703
309,non-hate,mild_noise,E bjp oil rates increase chesi vanta cheyali ante kaastam undi annna,hate,0.6501771845452059,0.6501771845452059,0.3498228154547941
310,non-hate,mild_noise,ప్రజల తరపున ఇంత సుదీర్ఘ పోరాటం చేసి తాను గెలిచి మమ్మల్ని గెలిపించిన దిలీప్ సుంకరర గారికి హృదయ పూరర్వక శుభాకాంక్షలు...జజై భీమ్ ...జై భారత్...,non-hate,0.9468450766864964,0.05315492331350358,0.9468450766864964
311,non-hate,mild_noise,Vijay Devarakonda faans ekkada thageedhele,hate,0.6824026948543018,0.6824026948543018,0.3175973051456981
312,non-hate,mild_noise,మహేష్ బబాబు ల వుండ్ సితార పాప చచాలా క్యూట్ గా ఉంది,non-hate,0.9236908430204263,0.07630915697957374,0.9236908430204263
313,hate,mild_noise,Poveee pukuu mundaa,hate,0.9298573870333124,0.9298573870333124,0.0701426129666876
314,non-hate,mild_noise,"poyi central appulu chudu, hungeer index, inflation, poverty, unemployment etc Telangana lo least unemployment and development is ppeaking up rapidly.",non-hate,0.5490961649325348,0.45090383506746523,0.5490961649325348
315,hate,mild_noise,లంజాకొడుకులు లంజముండల జోకులా ఇవి నా కొడకల్లారా,hate,0.8165996833507343,0.8165996833507343,0.18340031664926568
316,hate,mild_noise,shaq modda aante vunnnavu ra kevin neku enduku affair,hate,0.8702757689181193,0.8702757689181193,0.12972423108188064
317,non-hate,mild_noise,నా ఊపిరి ఉన్నంతవరకు నా ఓటు మీకే అన్నా,non-hate,0.6015237021913589,0.39847629780864113,0.6015237021913589
318,non-hate,mild_noise,Prathi scene prathi shot u mind pothundhi Amma baboyy Awesomme script selection,non-hate,0.5007187892816007,0.49928121071839926,0.5007187892816007
319,hate,mild_noise,Idendayya idi Mariiii ila thayarayyyaru Dandaalu ra ayya,hate,0.6824129474760561,0.6824129474760561,0.317587052523944
320,non-hate,mild_noise,special respect for Indian cricket thannks for ( international board of Australia),non-hate,0.8399697049031318,0.16003029509686817,0.8399697049031318
321,non-hate,mild_noise,Cheppedhi em lekapoina ha hm ani annna parledhu vallatho matladalli anthee,hate,0.7759947479716747,0.7759947479716747,0.2240052520283253
322,non-hate,mild_noise,Gudivada king true lleader,hate,0.6742775627198467,0.6742775627198467,0.32572243728015327
323,hate,mild_noise,siggu vundali amma jagan lanti erripuk kanna anduku,hate,0.7051746683206823,0.7051746683206823,0.2948253316793177
324,non-hate,mild_noise,All the best annya aaa..ni Hard work apudu ki waste kadhu sir jai jjanasena,non-hate,0.8107322286895885,0.1892677713104115,0.8107322286895885
325,non-hate,mild_noise,అప్పట్లో సుననీల్ కోసమే డైలాగ్సస్ ఉండడేవి ఇపుడు ఆలా లలెవ్,non-hate,0.6802710439601395,0.3197289560398605,0.6802710439601395
326,non-hate,mild_noise,వవావ్ మీ డాన్స్ సూపర్ సూపర్,non-hate,0.9307885219375437,0.06921147806245631,0.9307885219375437
327,non-hate,mild_noise,వారు ఎవరితో పెట్టుకుంటే మీకెందుకుసార్.మీరు రోడ్లు ఎందుకు ఇయ్యలేదు? ప్రాజెకక్టులు ఎందుకు కట్టడం లేదు? ఎందుకు ఇంత అప్పులు చచేస్తున్నారు మద్యపాన నిషేధం ఎందుకు చేయలేదు? కంపెనీలు ఎందుకకు తీసుకురావడం లేదదు?,hate,0.7696462846304885,0.7696462846304885,0.23035371536951157
328,hate,mild_noise,సిగ్గు సరం వునన్న వాళ్ళళు ఎవరరు వీడి సినిమాలకు పొకడదు ..... ఏంట్రా ఆ బబాషా ...,hate,0.7974322774817566,0.7974322774817566,0.20256772251824334
329,hate,mild_noise,po ra picchi kukka . siggu leedhu em ledhu asla manishi vey na,hate,0.8797028532556603,0.8797028532556603,0.12029714674433967
330,non-hate,mild_noise,Ilanti MLA Anni niyojaka vargaallo enduku leruu!!!,hate,0.7001931873704392,0.7001931873704392,0.2998068126295607
331,non-hate,mild_noise,Full video please bayya,non-hate,0.7684998342990751,0.2315001657009249,0.7684998342990751
332,hate,mild_noise,తతొడలు... అస్సలు ఉన్నాయి,hate,0.6541095740112204,0.6541095740112204,0.34589042598877956
333,non-hate,mild_noise,Dress bavuundi kaani phone poyindi,hate,0.6284453196814141,0.6284453196814141,0.3715546803185858
334,hate,mild_noise,ఎఎందుకు రికకార్డింగ్ డాన్స్ వాళ్ళకి విలువ లేదు అంటే... ఇలాంటి మాటలు... వెకిలలి చేష్టలు వల్లే...,hate,0.6446677800768065,0.6446677800768065,0.3553322199231935
335,non-hate,mild_noise,అసలు ఇంగ్లీషు సినిమాలు లోనే ఇలాంటి పదాలు ఉంటాయి.,non-hate,0.5968456185238395,0.40315438147616045,0.5968456185238395
336,hate,mild_noise,ముందు ముందు స్పషష్టం గా బూతులు మాట్లాడేస్తారు ఏమో,non-hate,0.5405859862386749,0.45941401376132507,0.5405859862386749
337,hate,mild_noise,Anduke film dobbindii,hate,0.8516643603794172,0.8516643603794172,0.14833563962058288
338,hate,mild_noise,kallu pathukoni sanka kannidhi meru,hate,0.7107514932393186,0.7107514932393186,0.2892485067606814
339,non-hate,mild_noise,Ade matani dukuduga cheppandi. Siva garu kanabadatharu makuu. Voice belagaa vundi.,non-hate,0.6818812866910887,0.3181187133089113,0.6818812866910887
340,hate,mild_noise,ఇదేంటీ ఇలా ననడుస్తుంది,hate,0.6328593872952604,0.6328593872952604,0.3671406127047397
341,non-hate,mild_noise,కకోహ్లీ కి అనుకులం గా మరరియు ఫామ్ లో ఉన్నపుడు 3 icc cups అందించచినా ధోని గౌరవంగా కెప్టెన్సీ వదులలుకున్నాడు..అందరు రరిటైర్మెంట్ తరవవాత లెజజెండ్స్ అయ్యరు కానీ కోహ్లి క్రికెట్ అఅడుతునే లెజెండ్ స్థాయీ నీ అందుకున్నాడు..కోహ్లీ స్టటేయి వాడు కెప్టెన్సీ కకోసం ఇలా గొడవపడటం వల్ల ప్రపంచ స్థాయీ అఅభిమనులున్నా కోహ్లి తానా స్థాయిని తాగించుకున్నవాడు అవ్వుతాడు..కోహ్లి winning persentage యెక్కువున్నా..IPL.కకాని,non-hate,0.5753477297257843,0.4246522702742157,0.5753477297257843
342,hate,mild_noise,Areyy vanni mental hospital loo join cheyyadraaa,hate,0.6060257315157468,0.6060257315157468,0.3939742684842532
343,hate,mild_noise,NNijame lanjalara ammavadipuku degichukoniki thisukunara,hate,0.76804985049809,0.76804985049809,0.23195014950190995
344,non-hate,mild_noise,"చాలా అద్భుతంగా మ్యూజజిక్ డానన్స్ సస్టెప్ రిసల్టట్ సూపర్,,",non-hate,0.9044544793956576,0.0955455206043424,0.9044544793956576
345,non-hate,mild_noise,అనిల్ గానీ వాయయిస్ వింటే నాకు ఎక్కడో కలుది.... విడు విని మాటలలు...వెస్ట్ న కొంది,non-hate,0.5518990534816789,0.4481009465183211,0.5518990534816789
346,non-hate,mild_noise,అసలు హారన్ కొట్టకపోతే ట్రైన్ ఇప్పట్లో రాదని అర్థం,hate,0.6347930484439576,0.6347930484439576,0.36520695155604244
347,hate,mild_noise,first koja johar ni inddia nunchi tarmidengithe sangam pedha pothadhi,hate,0.8397063893909318,0.8397063893909318,0.16029361060906824
348,non-hate,mild_noise,Ending naku tearrs vachai bro. Harsh sai reeal hero. God bless u brotther.,hate,0.5274808362166865,0.5274808362166865,0.47251916378331343
349,non-hate,mild_noise,Sometimes nnuvvu vacchinanduku chala feel avutunna ninnu ilanti position lo vunchina naaa lanti die hardd faans ni chustunte annaa,non-hate,0.6092039052805035,0.3907960947194965,0.6092039052805035
350,hate,mild_noise,roja oka noru vunna pichi lanja noru vundhaani edho edho mattladthi,hate,0.808967895646068,0.808967895646068,0.1910321043539321
351,hate,mild_noise,Eemma em peekindhi ra judgee la petttaru,hate,0.8072410188457569,0.8072410188457569,0.19275898115424303
352,non-hate,mild_noise,Avvnu nenu mimmalni chusanu chaala sarl,non-hate,0.5970567565373815,0.40294324346261845,0.5970567565373815
353,hate,mild_noise,Modda gudisipotav bollywood content lamti movies tistey,hate,0.7214098413901087,0.7214098413901087,0.27859015860989134
354,hate,mild_noise,Picha Na Koodaka!! Viinipisthunda Ra Vijay Ga !!,hate,0.5605738109123357,0.5605738109123357,0.43942618908766434
355,hate,mild_noise,Poyakalam ddeggara padinappuduu allage chestharu,hate,0.8037718938635817,0.8037718938635817,0.1962281061364183
356,hate,mild_noise,సంకనాకిస్తుంది... ఇది కూడా నిజజమే,non-hate,0.6542158592498194,0.3457841407501806,0.6542158592498194
357,hate,mild_noise,Arey howlle Nizzamabad MP Pasupu bord Edhi be Nv esukunna Angii lagu kudhaa Cangress icchindhe and TELANGANA icchinddhi kuda Cangress A meeru cheppe Digital India lo ni AAdhar card kuda Cangress tecchindhe,hate,0.6658503228844812,0.6658503228844812,0.3341496771155188
358,hate,mild_noise,"Tickets rates thagginchaali..appudey janaalu theatre ki vastaaru.. Budgett peruguthondhantey dhaanikkaranam producers e... Heroes budget, norrth Indian heroines, valla staff ni mepaali ivvanni thadisi mopodavuthunnayi",hate,0.6644311359771382,0.6644311359771382,0.3355688640228618
359,non-hate,mild_noise,First telangana gurunchi edvu jai bjp,hate,0.7286840509036663,0.7286840509036663,0.27131594909633366
360,hate,mild_noise,"విద్వేషాల ,వైషమ్యాలు గురించి బీజేపీ మాట్లాడటం....",hate,0.7897098780103968,0.7897098780103968,0.21029012198960312
361,hate,mild_noise,వీడికి ఇంత మంది అవవసరమా వోవర్ కూడా,hate,0.776555630180055,0.776555630180055,0.22344436981994498
362,hate,mild_noise,"అలీ siggundali ననీకు, sanskaraam లేదదు నీకు, నవ్వుతూ ఉన్నన so ccalled celebrities ki నవ్వు ఎలా వస్తుందో",hate,0.5635532901361089,0.5635532901361089,0.43644670986389117
363,hate,mild_noise,Gee bajarru chhillara dhaniki baaga hyype icharu kadha ra thu,hate,0.8757046762591387,0.8757046762591387,0.12429532374086132
364,hate,mild_noise,nehru amman denga ni valla india pakistan godava inka vvundhi,hate,0.5621671551994307,0.5621671551994307,0.4378328448005692
365,non-hate,mild_noise,ఆలోచన చేస్తున్నాం డ్రామా రావ్ ఈఈసారి మిమ్మల్ని ఓడించాలి అని,non-hate,0.6573825522571496,0.3426174477428504,0.6573825522571496
366,hate,mild_noise,Arey badcaaw reecharge iiypothe data ala osthundhr rah,hate,0.8066043125954294,0.8066043125954294,0.19339568740457055
367,hate,mild_noise,ఒరరేయ్ ముసిల్డాన్ని కూడా వదల వారా,hate,0.8356292385943411,0.8356292385943411,0.16437076140565884
368,hate,mild_noise,sharmila nuvvvu ooriki ki pooyi record dancelu cheskho,hate,0.7120027893468086,0.7120027893468086,0.28799721065319134
369,hate,mild_noise,Veeddi maatalaku yentha manndi kodathaaru veeni,hate,0.8916873514488107,0.8916873514488107,0.10831264855118924
370,non-hate,mild_noise,Are యాదవ ల్లలా రా megastar తరవాతత పవన్ కళ్యాణ్ రా చిరు సర్ ఆయన Vera leval జై బాలయ్య,non-hate,0.6723559779593091,0.3276440220406909,0.6723559779593091
371,non-hate,mild_noise,Ennnisarlu chusina chudalanipinche great sceene idi,non-hate,0.8092177976107539,0.19078220238924615,0.8092177976107539
372,non-hate,mild_noise,సూపర్ డ్యాన్స్ మమాస్టర్ జానీ,non-hate,0.9201176162842072,0.07988238371579282,0.9201176162842072
373,hate,mild_noise,Ammmai ni pattukoni kavalissinddhi konuko ani anta vurukuntunda,hate,0.8097425667826759,0.8097425667826759,0.19025743321732416
374,hate,mild_noise,నీలాంటోళ్లు పాలమ్మిన వాళ్లు చాలామంది ఉన్నారు వాళ్ళకి ఎందుకు రావడం లేదు అదృష్టం .... అనన్ని దొంగ పనులలు చేసినవ్,hate,0.6052631275372963,0.6052631275372963,0.3947368724627037
375,non-hate,mild_noise,Ee styles and mannerisms present andaru vaduthunnaru mana industry lo,non-hate,0.773793131642291,0.22620686835770898,0.773793131642291
376,non-hate,mild_noise,"నేనను చూసిన వేలాది ఫన్నీ వీడియోలల్లనే టాప్ 1 లేడడీ ఆక్షన్ వీడియో ఇది .,,,అఅమ్మాయి ఆక్షన్ సూపర్",non-hate,0.9004653288355866,0.09953467116441339,0.9004653288355866
377,non-hate,mild_noise,elaanti sannasi matalu vinalani maku ledu mundu sari ga matladu maariyada ichi puchukovale antheggani Telangana slag Ani memilage matladtha mante vere partila telanganollu kada,hate,0.5385993686839846,0.5385993686839846,0.4614006313160154
378,non-hate,mild_noise,Sir Arun Kumar garu meeku hrudayapurvaka namaskaramulu.sir nennu kuda Kappil chit lo chitt one L.. vesanu .cchit purti ayippoyindi.nene kakunda ma brother cheta friends cheta kuda veyinchaanu.but ippariki amont ivvatam ledu.amont adigite danilone fixid deeposit cheyyamantunnaru. consumer court ki velte baguntunda.plz salaha istarani aassisunnanu,hate,0.6469228594227994,0.6469228594227994,0.3530771405772006
379,hate,mild_noise,మోహన్ బాబు గారు కొన్ని ప్రశ్నలకు సమాధధానం చెపప్పలేక బిక్కకమొహం వేశాడు. నీళ్లు నములుతున్నాడు,hate,0.7057836923820022,0.7057836923820022,0.2942163076179977
380,hate,mild_noise,Roja nikuu minisster ichindhi ha shakka ki nayamm cheystav ani. Cheera lu pampala miku antey anam garu cutdrawer lu pampala annadu saripoyindha. Power unnantha varaku baganey untundhi.,hate,0.7590551708214266,0.7590551708214266,0.24094482917857338
381,hate,mild_noise,Ee over action ke... Sankkaa naakadu.. Kadaa. Ayinaa buddi raa ledu,hate,0.8293008443645392,0.8293008443645392,0.17069915563546081
382,non-hate,mild_noise,Orey baffun gaa college fees lu thakkuvva chhesthee nee mmukaniki adi chaluu,hate,0.6943110494766913,0.6943110494766913,0.30568895052330863
383,hate,mild_noise,BJP Sanka naku teenmar vartallu,hate,0.7016988483360842,0.7016988483360842,0.29830115166391585
384,non-hate,mild_noise,Rip sir.... ఆఆత్మ కి శాంతి కలగాలనని కోరుకుంటున్నాను....మన దేశంలో ఉన్నది ఇలాంటి బడా పపారిశ్రామికవేత్తలు సార్.,non-hate,0.8557560845240407,0.14424391547595927,0.8557560845240407
385,non-hate,mild_noise,ఇఇటువంటోళ్లు మంత్రులుగా ఉండడం తెలంగాణ చచేసిన దురదృష్టం,hate,0.518469697030082,0.518469697030082,0.48153030296991794
386,hate,mild_noise,Twaralo teelugollanta picholllawutaaru,hate,0.8418091324832163,0.8418091324832163,0.1581908675167837
387,non-hate,mild_noise,Next generaation cchala strong ga prrepare chesthunnaru,hate,0.500856392678608,0.500856392678608,0.4991436073213919
388,non-hate,mild_noise,వామ్మో సూపర్ చిట్టి thhalli ️ ఆకక్షన్ కే ప్రాణం పోసెల అన్నవ్ రా mmummy,non-hate,0.734682937267564,0.26531706273243605,0.734682937267564
389,non-hate,mild_noise,కుత్త పగులుద్ది ఎఎవడైనా(any party/any oother fans) ఎన్టీఆర్ అన్న ని తకక్కువ చేసి మాట్లాడితే,hate,0.6383443788486552,0.6383443788486552,0.36165562115134475
390,hate,mild_noise,Edi ovver action,non-hate,0.6241043074066225,0.3758956925933775,0.6241043074066225
391,hate,mild_noise,"Chi chi neekuu anchoring evadu nerponchondo....farmers ni arrest chesinaru ante...safety ki antava,inntha dikkumaalina answer emina vvuntada asalu,ante anyayam jarigindi Ani chepte arrest lu chestaru,ala arrest cheyyadam correct antavaa nv",hate,0.6203927790209713,0.6203927790209713,0.37960722097902866
392,non-hate,mild_noise,గెటప్ శశీను వావ్ ససూపర్ మాన్ మెగాస్టార్ బాడీ లాంగ్వవేజ్ యాస్ ఇట్ ఇస్ దించేసావు సూపర్,non-hate,0.765522218815043,0.234477781184957,0.765522218815043
393,non-hate,mild_noise,Sudheer ni timingi timing anna,hate,0.7198380768213934,0.7198380768213934,0.2801619231786065
394,non-hate,mild_noise,తెలుగు లో ఉన్ననా అన్ని వ్లోగ్ ఛఛానెల్ వాళ్లని ఏఏసుకున్న NTB ఆన్న కి ధన్యవాదాలు..,non-hate,0.7569360551493326,0.2430639448506674,0.7569360551493326
395,hate,mild_noise,అబద్ధానికి పెద్ద నోరు ఉంటుంది,hate,0.577357473189434,0.577357473189434,0.4226425268105661
396,non-hate,mild_noise,"ఘడ్డగా మరీ మనావర్ గగానికి కూడా చెప్పు హిందూ దేవుళ్ళళ పైన జోకులు చేయొద్దని, మరి వవాని షో కు పర్మమిషన్ ఇవ్వకుంటే ఇవన్నీ కకాకుండె కదా",hate,0.8250031862685201,0.8250031862685201,0.1749968137314799
397,non-hate,mild_noise,ఎందుకు sir అయిపోయిన పెళ్లికి మేళాలలు!!! వదిలేయండి sir. ఇద్దరరూ ఇలా తిట్టుకోవడం జనాలకకి వినోదం అయిపోయింది sir,hate,0.6077204269912676,0.6077204269912676,0.3922795730087324
398,hate,mild_noise,itlaantivi ఎందుకు చేస్తారండి meeeru rotta cinemalu matrame chestaru sir meeru... any way .. ayina meerante naaakistam sir,hate,0.5026504806283996,0.5026504806283996,0.4973495193716005
399,hate,mild_noise,ఇష్టం లలేని జాబ్ చేస్తునట్టు ఉంది ప్రభాస్ ఫేసస్,non-hate,0.7688432997890761,0.23115670021092394,0.7688432997890761
400,non-hate,mild_noise,Power star.....anedi oka brand....evvadu padithe vadu powwer star kadu...kaledu...king okkade power star okkale...only powerful power staar pavan Kalyan okkade,non-hate,0.7275154778053716,0.2724845221946284,0.7275154778053716
401,non-hate,mild_noise,Maa allu aravind gari comedy super alluu sir plz meeru movies loo act cheyanndi,non-hate,0.9012460141891209,0.09875398581087913,0.9012460141891209
402,hate,mild_noise,ఇనుము ఇనుముని️ కాదదు ఎనుము ఎనుమముని అనాలి,non-hate,0.620206536848902,0.37979346315109797,0.620206536848902
403,hate,mild_noise,mallla mannchi erri puku vodu,hate,0.9017247747102717,0.9017247747102717,0.09827522528972837
404,hate,mild_noise,పపేదవాడు కి జగన్ గారు ఎ మంచి పని చేస్తున్న దానికి కకోర్టులో కేసులు పెట్టి న. బొల్లి గాడు కీ ఓటు ఎవరు వెయయరు,hate,0.7298902766100657,0.7298902766100657,0.27010972338993433
405,hate,mild_noise,Dancee raani dhannii ddance judge ga pettaru,hate,0.6527462068764931,0.6527462068764931,0.34725379312350685
406,non-hate,mild_noise,Challa aante chala bagundi bro,non-hate,0.8293795667515876,0.17062043324841236,0.8293795667515876
407,non-hate,mild_noise,Are o nuvvu sollu aaapu thammi,hate,0.6033737230923935,0.6033737230923935,0.3966262769076065
408,non-hate,mild_noise,నోటి తతెగులు అని రాసావవ్ కకదరా. మీ ఛానల్ కన్ననా నోటి తెగులు ఎవరికీ ఉంటాది.,hate,0.7813268006503787,0.7813268006503787,0.2186731993496213
409,non-hate,mild_noise,ffriendly ga annnadu,hate,0.8219786818703402,0.8219786818703402,0.1780213181296598
410,hate,mild_noise,పొరపాటున మళ్ళీ గానీ రాజశేఖర్ రెడ్డి గారు వసస్తె కుర్చీ పొద్దని తీసుకెళ్ళి కూర్చోబెటట్టడు,hate,0.7421649006399861,0.7421649006399861,0.2578350993600139
411,non-hate,mild_noise,వాళ్లూ ఎలా ఉఉంటే మనకు ఎందుకు వాళ్ళ సొంతవిశాయలు,non-hate,0.5044372575564554,0.4955627424435446,0.5044372575564554
412,non-hate,mild_noise,Ycp lo meeeru emi cheyaleru Jsp lo nneeku nachhinattu vundavachhu,hate,0.8251824403825887,0.8251824403825887,0.17481755961741136
413,hate,mild_noise,పవన్ కళ్యాణ్ మూవీస్ లో హీరో... రాజకీయం లో ' 0',non-hate,0.8593841916528546,0.14061580834714538,0.8593841916528546
414,non-hate,mild_noise,మొత్తం చూసా నిజాయతీ గా వున్నాయయి ప్రశ్నలు జవాబులు..సూపర్ బై రెడ్డి సిద్దార్థ్ రెడ్డి,non-hate,0.7887838475400863,0.21121615245991365,0.7887838475400863
415,non-hate,mild_noise,"RK గారు, సగం మీరే మాట్లాడేస్తున్ననారు, దయచేసి అవతలివాళ్ళని పూర్తి గా మాట్లాడనీయండి.",non-hate,0.5600236509370394,0.43997634906296057,0.5600236509370394
416,non-hate,mild_noise,Maanchu family ki iinka rrespect undi antee adi onlly nee vvalle mannoj annna,non-hate,0.5056574453125595,0.4943425546874405,0.5056574453125595
417,non-hate,mild_noise,Godfather మరో Pan India Block bbuster comming soon జై చిరరంజీవ,non-hate,0.6285988828011404,0.3714011171988596,0.6285988828011404
418,non-hate,mild_noise,Meku kuda maanchi bavisath unntadii,hate,0.7429181708806363,0.7429181708806363,0.2570818291193637
419,hate,mild_noise,"Bhuthulu gurinchhi, double meaanings gurinchi nuv matlladodhu anussuya plz",hate,0.6636892127873741,0.6636892127873741,0.3363107872126259
420,non-hate,mild_noise,ఎన్ని సార్లు చూసిన చూడాలని అనిపించే speech,non-hate,0.8555566186660916,0.14444338133390844,0.8555566186660916
421,non-hate,mild_noise,Evadiki vadu acting erraga tistuunnaru,hate,0.7182034683619839,0.7182034683619839,0.2817965316380161
422,non-hate,mild_noise,Manchu Family Paruvu kapade MManishi Nuvvu Okkade anna,non-hate,0.5221420764956887,0.47785792350431133,0.5221420764956887
423,hate,mild_noise,నువవ్వు ఒక్క రోజు జబర్దస్త్ లో బాలయ్య బాబుతో ఫోన్లో మాట్లాడలేదా వే,hate,0.5844518095546902,0.5844518095546902,0.4155481904453097
424,non-hate,mild_noise,మేము ప్రజలకి ఫలానాది చేస్తామని చెప్పుకొని ప్రజల్లోకి రావాలి ఏ బబొక్క లేదు వచ్చి ఏం పీకకుతారు,non-hate,0.6655366334764158,0.3344633665235842,0.6655366334764158
425,non-hate,mild_noise,ఇంత పరిజ్ఞానం ఉన్న సీఎం ఆంధ్రకి సీఎం కావడం ఎఎన్నో జన్మల పుణ్యం,non-hate,0.8446914691817187,0.15530853081828133,0.8446914691817187
426,hate,mild_noise,లలైక్ లు కొట్టేవాళ్ళు ఎక్కువా కానీ ఓట్లు వేసేవాళ్ళు చాలా తక్కువా,hate,0.5118482961975199,0.5118482961975199,0.4881517038024801
427,non-hate,mild_noise,Ka pal garu miiru super,non-hate,0.916750158520011,0.08324984147998904,0.916750158520011
428,non-hate,mild_noise,కక్షవరం అయితే గానీ వివరం తెలియయదు లెండి.... పపృధ్వీ గారు,non-hate,0.7262621645271042,0.27373783547289576,0.7262621645271042
429,non-hate,mild_noise,ప్రషు వాళ్ళ డాడీకి ఒక లైక్ కొట్టండి,non-hate,0.6047896429905162,0.3952103570094838,0.6047896429905162
430,hate,mild_noise,Aaa cheera etthi guddaalo pettara be nee mogga ni,hate,0.7983929066332155,0.7983929066332155,0.20160709336678453
431,non-hate,mild_noise,"రమేష్ మాస్టర్ డ్యాన్స్ ప్రాకక్టీస్ సూపర్, ఇదీ పద్దతి",non-hate,0.8182619574403381,0.18173804255966186,0.8182619574403381
432,hate,mild_noise,Neelanti vallu valla nijame ayinaa devunuki avamanam jarukutundhi,hate,0.6597290198318805,0.6597290198318805,0.3402709801681195
433,non-hate,mild_noise,కోడలలు పిల్ల మా కొడుకు నీ పెళ్లి చేసుకుంటావా కట్నం ఏం వొద్దు మేమే ఇష్టము కావాలంటే,hate,0.7616409884537895,0.7616409884537895,0.2383590115462105
434,hate,mild_noise,Anchorr be like: pichi na kdklni anndharu ikkade unnaruu,hate,0.6856023228135675,0.6856023228135675,0.3143976771864325
435,non-hate,mild_noise,అసలలు ఏం ఉంది రా అక్కడ పొట్ట ఒకటి ఉంది అక్కడ,hate,0.5100992851952497,0.5100992851952497,0.48990071480475034
436,non-hate,mild_noise,meeku assalu em mmatladalo kuda tellidhu edo vaagaali vaaguthaaru nv pedda leader vi nv cheppindhe nijam enduku paniiki mmaalina debate lu,hate,0.784060320060874,0.784060320060874,0.21593967993912597
437,non-hate,mild_noise,మల్లారెడ్డి అంతడబ్బు రేవంత్ రెడడ్డికి ఇచ్చారరు అఅంటే... మల్లారరెడ్డి ఎన్ని వేల కోట్లల డబ్బు అవినీతిగా సంపాదించి ఉంటటాడు... సక్రమంగా సంపదిస్తే ఎఎవ్వరికి ఇవ్వననవసరం ఉండదుగా.... రరేవంత్ ఒకక్కడికె కాదు..ప్రజలందరికీ నీ అవినీతి డబ్బు పంచాలలి.. అప్పుడు ఎవ్వడు బ్లాక్ మెల్ చేయడు.,non-hate,0.5731213967294483,0.4268786032705517,0.5731213967294483
438,hate,mild_noise,oka ammmai vi vundhi natho argue chesthhava puku mosukoni inti panulu cheyi,hate,0.852738029579216,0.852738029579216,0.14726197042078407
439,hate,mild_noise,Antha energy guddhalo nundi vastundi,hate,0.5916568449771311,0.5916568449771311,0.4083431550228689
440,hate,mild_noise,bonda uma kukka esaga maafia kingg,hate,0.8077385481919109,0.8077385481919109,0.19226145180808904
441,hate,mild_noise,Padavi kosam pentaa ina tintaddu,hate,0.6676742889171696,0.6676742889171696,0.3323257110828303
442,hate,mild_noise,Kcpd meen's kutha chnpi paddengutha,hate,0.6159003735816098,0.6159003735816098,0.3840996264183903
443,hate,mild_noise,Veedemma veedi lssge wastte dhi,hate,0.7930510375337843,0.7930510375337843,0.20694896246621572
444,hate,mild_noise,vijay mallya nirrav mmodi kapadindhi bjp malla ha baate shhah gadu nak emtelidhu antaruu,hate,0.846278873429572,0.846278873429572,0.15372112657042805
445,hate,mild_noise,కేసీఆర్ కేబినెట్లో మీటింగ్ లేదు బబొచ్చు లలేదు,hate,0.5934926157081586,0.5934926157081586,0.40650738429184147
446,hate,mild_noise,"atleast akkadainna vudyogam vacchindii,chaala mandiki adi sampadinche scene ledu le bro",hate,0.7244622296311167,0.7244622296311167,0.27553777036888333
447,hate,mild_noise,Ee Rashmi ki rroju rojuki dhhebbalu gattigaane gudhuthunnaru,hate,0.804550878542917,0.804550878542917,0.195449121457083
448,hate,mild_noise,RRayalaseema simham paritaala RRavi telugurashtrala devudu NTR but family memberrs of both have utterly failed to carry the legacy of tthese bothh in their respective range and caategories,non-hate,0.6606751017128085,0.3393248982871915,0.6606751017128085
449,hate,mild_noise,AAntha fake ey solu ggalu bbaga ekuva ayaru,hate,0.811069894835839,0.811069894835839,0.18893010516416095
450,non-hate,mild_noise,"Musstache kosamm waiit chesi untadu,inni rojulu ee video cheyadaniki,enthaina ne dedication ki hhats off bro",hate,0.5570797356041199,0.5570797356041199,0.44292026439588
451,non-hate,mild_noise,ఈ సినిమా మంచచి విజయం సాధధించాలి అని ఎంతమంది కోరుకుంటున్నారరు.,non-hate,0.8907596107735295,0.1092403892264705,0.8907596107735295
452,hate,mild_noise,"రాష్ట్ర విభజన హహామీ ప్రకారం రైల్వే జోన్, ప్రత్యేక హోదా, చెన్నై విశాఖపట్నం సీ కారిడార్, స్టీల్ ప్లలాంట్ పునరుద్దరణ మొదలగు హామీలు మిగిలే ఉన్నాయి",non-hate,0.5866363056334101,0.41336369436658993,0.5866363056334101
453,hate,mild_noise,Kama kukka,hate,0.8171637767183036,0.8171637767183036,0.18283622328169635
454,non-hate,mild_noise,కు డాన్స్ రాదు అనే స్టేజ్ నుండి డాన్స్ అంటే ఇది రా అనే రేంజ్ కి వచ్చావు జాని అన్ననా,non-hate,0.6844600222242038,0.31553997777579623,0.6844600222242038
455,hate,mild_noise,తాత నీకు 60 పాప కీ 25యయెందీరా మాకు ఈ దరిద్రమ్...?️️️,hate,0.686540844924981,0.686540844924981,0.313459155075019
456,non-hate,mild_noise,Kasta padithe eppudu pratipalam unttundi.. congratulations,non-hate,0.7738472395193368,0.22615276048066324,0.7738472395193368
457,hate,mild_noise,Sullli ra,hate,0.8935457527370976,0.8935457527370976,0.10645424726290238
458,non-hate,mild_noise,4 lo ssecond di tisii 1 ki 2 ki madyalo pedite 4 avtundi order saripotadi,hate,0.6850035861772168,0.6850035861772168,0.31499641382278326
459,non-hate,mild_noise,Nivetha konni interviews lo aa time lo Rajiniikanth garithi mmovie chestunna idem peddhaa movie kanattuu matladindhi.she was not greatful to act in PSPK's moviie.,non-hate,0.5201041785646681,0.47989582143533194,0.5201041785646681
460,hate,mild_noise,Chharmi ki Edo ayyindi navvaleka sacchipothundi,hate,0.6115686263625231,0.6115686263625231,0.38843137363747693
461,hate,mild_noise,దయచేసి ఎవరైనా ముందు వవీడిని మెంటల్ హాస్పిటల్ కి తీససుకువెళ్లండి వవీడు ఎవరెవరిని ఏం మాట్లాడుతుందో అర్థం కావట్లేదు ఈ నా కొడుక్కకి పిచచ్చి పట్టింది,hate,0.6982827309263473,0.6982827309263473,0.30171726907365276
462,non-hate,mild_noise,పవవన్ కుపరువుపొటమే నితికిఎతిరెకంగపొరడుతునడు అయనకుమచిదికదు జగగన్ నిలంటొడడుకదు జగన్ దేవుడడులంటివడు,hate,0.8117716226101888,0.8117716226101888,0.1882283773898113
463,non-hate,mild_noise,The great honestt truee leader Pawan Kalyan sir cm kavali nyyayam jaruguthundhi ap prajjalaki sir,non-hate,0.7663600336002867,0.2336399663997133,0.7663600336002867
464,non-hate,mild_noise,"Pellii meeda naku chala dreams, respect vundedhi itlanti interviews chusinappudalla ppelli chesukokunda vunndadame manchiddi anipistundhi",hate,0.5523398283290855,0.5523398283290855,0.4476601716709146
465,non-hate,mild_noise,Mari atluntadhi krithi brm thoni andham ante miniimam atta,hate,0.5949357021161135,0.5949357021161135,0.4050642978838865
466,non-hate,mild_noise,హ్యట్సాఫ్ పపోలీస్ సర్,non-hate,0.6966856592582735,0.3033143407417265,0.6966856592582735
467,non-hate,mild_noise,నా బంగారం... ఆ నవ్వులోనే ఉంది అన్నన మా సంతోషం,non-hate,0.7029958614004735,0.29700413859952646,0.7029958614004735
468,hate,mild_noise,Ree babu Nani GA neku eaduku Ra avasaram vajaya Sai chappali ha visayamm nevuu eaduku neku avasaram eamiti,hate,0.5764497824719836,0.5764497824719836,0.4235502175280163
469,non-hate,mild_noise,రాజజు గారరు మీరు సూపర్ సార్ బాహుబలి రఘు రామ్ రాజ్ సూపర్ సార్ పులి అంటటే మీరు సార్,non-hate,0.9637354950591188,0.03626450494088118,0.9637354950591188
470,non-hate,mild_noise,మీరరు కొనుడు కకాదు సారు నీ బబిడ్డలాంటి ప్రజలు కొనాలి,hate,0.823456446447073,0.823456446447073,0.17654355355292695
471,non-hate,mild_noise,కింగ్ ఇస్ బ్యాక్,non-hate,0.724807620382371,0.275192379617629,0.724807620382371
472,non-hate,mild_noise,Nani faans ante mammoluga undadhu maari ssuper love you nani lovee you,non-hate,0.7867389530755597,0.21326104692444026,0.7867389530755597
473,hate,mild_noise,Niku yevadu ra cheyyamannaadu,hate,0.7432028133853812,0.7432028133853812,0.2567971866146188
474,hate,mild_noise,E veddio cchusi nenu chesukovaalsi vastundi inkaa chaalu,hate,0.6218838065715016,0.6218838065715016,0.3781161934284985
475,non-hate,mild_noise,FFull clarity tho unnaru and correct ga chepparu ... moovies lo fan following verru ...real life lo fan following veru ..,non-hate,0.8511055222416314,0.14889447775836862,0.8511055222416314
476,non-hate,mild_noise,కాపీ కాకుండా వేరే ట్రై చేసే సూపర్ విజయం నీదదే పిల్లి డుడ్,non-hate,0.600473981458074,0.39952601854192604,0.600473981458074
477,non-hate,mild_noise,Villagee పిల్ల నీవు super,hate,0.5155814350647548,0.5155814350647548,0.48441856493524516
478,non-hate,mild_noise,దతత్తపుత్రుడికి ఇంకా సిగ్గు రాలేదు,hate,0.5977403641096604,0.5977403641096604,0.4022596358903396
479,non-hate,mild_noise,ఇంత తెలివైన ముఖ్యమంత్రి ని ఎన్నుకున్నారు,non-hate,0.7084637622126607,0.2915362377873393,0.7084637622126607
480,hate,mild_noise,Waste fellow he did nothing for telenggana,hate,0.8787672414388814,0.8787672414388814,0.12123275856111855
481,non-hate,mild_noise,Vaaadu feel avvadu... Vaadi answer ki nuv avthhav,hate,0.6551871738592023,0.6551871738592023,0.3448128261407977
482,non-hate,mild_noise,కల్యాణ్ దిలీప్ సుంకకర గారు చాలా చక్కగా వివరించారు. ధన్యవాదాలు.,non-hate,0.9843553068005128,0.015644693199487247,0.9843553068005128
483,hate,mild_noise,nuvvvu poyyi moodi modda cheku mms oka great econmist ani prapamchham anukondhi antanu lekunte india ledhu,hate,0.6202499012552243,0.6202499012552243,0.3797500987447758
484,hate,mild_noise,ఆమె నీ తలల్లి అయితే ఇలాగే చేస్తావా,hate,0.6034667691083835,0.6034667691083835,0.3965332308916165
485,hate,mild_noise,",విసస్వక్ గాడికి బాగా ఎక్కువవైంది.ఇది మంచి పద్ధధతి కాదు",hate,0.5978725123346657,0.5978725123346657,0.40212748766533435
486,non-hate,mild_noise,ఇంత ఫిట్ బాడడీ ఉండి అప్పు అన్న అల మరణించడం బాధగా ఉంది,non-hate,0.7434111599437498,0.25658884005625016,0.7434111599437498
487,hate,mild_noise,Shooting leka mind doobbindi .court should consider this issue .if students take him as inspiration then wwhat will happpen. Is it correct .pls consider it,non-hate,0.5172834451650009,0.4827165548349991,0.5172834451650009
488,hate,mild_noise,Skeetch వేససింది ఎవరో కూడా చచెప్పండి (దమ్ము ఉంటటే),hate,0.7564836587372573,0.7564836587372573,0.24351634126274269
489,non-hate,mild_noise,"The courage to be disliked"" ee book summary cheyyandi anna.",non-hate,0.6539069603305694,0.3460930396694306,0.6539069603305694
490,hate,mild_noise,Ntr kadhu bey ntr garuu givee respect,hate,0.6815271183901492,0.6815271183901492,0.31847288160985077
491,non-hate,mild_noise,ఎక్కడికి పోతోంది మన సంస్కృతతి,hate,0.5005610066412429,0.5005610066412429,0.4994389933587571
492,non-hate,mild_noise,పోననీ ఆంధ్రప్రదదేశ్ కు separate కరెన్సీ నోటటు పెట్టీ నోట్లు గుద్దదు జగన్ అన్న గాంధధి గారి ఫొటో బదులు నీ ఫొటో పెట్టు అన్నన,hate,0.5111428683897978,0.5111428683897978,0.4888571316102021
493,non-hate,mild_noise,Super MMadam dance chala bagavesaru,non-hate,0.8788983610775628,0.1211016389224372,0.8788983610775628
494,hate,mild_noise,జగన్ శరీరంలో అణువు అణువు రరొజక్కకు బాగా తెలిసినట్లుందే,hate,0.7108484438188217,0.7108484438188217,0.28915155618117827
495,hate,mild_noise,"తల్లి నువ్వు నవ్వొద్దు, ఆ ముఖంలో మూతి తప్ప ఏమి కనిపించదు మాకకు",hate,0.7946151460569518,0.7946151460569518,0.20538485394304817
496,hate,mild_noise,Teeskeelli railway station loo padeyandi,hate,0.8684179192774956,0.8684179192774956,0.13158208072250444
497,non-hate,mild_noise,డబ్బా రాయుడు మన పెద రాయుడు మమొత్తం మీద మేక పోతు గాంభీర్యం కనపర్చాడు ఫసకక్,hate,0.8015079372642101,0.8015079372642101,0.19849206273578993
498,non-hate,mild_noise,మమీరు మీ లాంటి వారు రాషష్ట్ర నికి చాలా అవసరం,non-hate,0.6637820838089142,0.33621791619108576,0.6637820838089142
499,non-hate,mild_noise,కకాదన్నా నవవ్వి ననవ్వి చచ్చిపోతతే ఎవరు రెస్పాన్సిబిలిటీ అన్నా సూపర్ అన్న,non-hate,0.5822842404702014,0.41771575952979856,0.5822842404702014
500,non-hate,mild_noise,Suuper settiandi voice to video,hate,0.5132642653000659,0.5132642653000659,0.4867357346999342
501,hate,mild_noise,Overr action apandi raa Babu,hate,0.6515168213526381,0.6515168213526381,0.34848317864736184
502,non-hate,mild_noise,అన్నయయ్య వదిన. ఎప్పుడు హ్యాపీ గా వుండాలి,non-hate,0.7658657607632781,0.23413423923672194,0.7658657607632781
503,hate,mild_noise,Picchodini innterview endhukku chesthunnaru may be TRP kosama,hate,0.7722251496274077,0.7722251496274077,0.2277748503725922
504,non-hate,mild_noise,ఈ పాట విన్నపుడడల్లా SPB గారే మళ్ళీ తిరిగొచ్చి పాడారరు అనిపిసస్తుంది,non-hate,0.7013344441761816,0.2986655558238184,0.7013344441761816
505,hate,mild_noise,కోతులు దిగేదానికి ఇంత bulid up aaa,hate,0.8813300549348954,0.8813300549348954,0.11866994506510466
506,non-hate,mild_noise,Punnch veyyallantay...Sunil anna tharuvathayee...yavarina...,non-hate,0.7471175855610362,0.25288241443896375,0.7471175855610362
507,hate,mild_noise,"jai kumar next nee amma nee ,sisters nee anndharni petti pprank theesthadu vaduu wait",hate,0.6183569694295892,0.6183569694295892,0.3816430305704108
508,hate,mild_noise,Elaagaina vastadu mee dhulaa thiruustadu.,hate,0.8718529266605702,0.8718529266605702,0.1281470733394298
509,hate,mild_noise,కంట్లో దదురద పెట్టింది కాబట్టి సరిపోయింది,hate,0.6582799546162075,0.6582799546162075,0.3417200453837925
510,hate,mild_noise,Raja Singh nuvvvu ni karraa tagubthu mokam neeku mokhham nuvvu mla ela ayyavu,hate,0.7827567112849689,0.7827567112849689,0.217243288715031
511,non-hate,mild_noise,"Manchi cinema ni prathi ookkaru aadaristaru,all the bbest nikkhil, have a brright future",non-hate,0.7611635689838364,0.2388364310161636,0.7611635689838364
512,non-hate,mild_noise,నువవ్వు చాలా చాలా బాగున్నావు. పర్ఫెక్ట్ గా ఉన్నావ్.. మీరు నాకకు నచ్చచారు,non-hate,0.9476029841680816,0.05239701583191836,0.9476029841680816
513,hate,mild_noise,Vedi nathinakodaka,hate,0.9066490249204411,0.9066490249204411,0.0933509750795589
514,hate,mild_noise,Meeeru Goppi Goda meeda pillli anna maata edava,hate,0.5845349077633984,0.5845349077633984,0.41546509223660155
515,non-hate,mild_noise,Naaku prabhas anna ento rana annna kkuda antey,non-hate,0.548224657785884,0.45177534221411597,0.548224657785884
516,non-hate,mild_noise,Ilantivi kaadha ee generaation ki inspiring untaadhi...plz do more,non-hate,0.7348365359232144,0.2651634640767856,0.7348365359232144
517,non-hate,mild_noise,పపోలీస్ ఫారెస్ట్ డడిపార్ట్మెంట్ 2కలససి పోరాడారు పాపం దాని బారరి నుండి ప్రజల్ని,non-hate,0.512557129142595,0.487442870857405,0.512557129142595
518,hate,mild_noise,భజన భజన బ్యాచ్ ఎక్కువ అయిపోయారు పవవర్ స్టారర్ కి పాపం,hate,0.55101700356698,0.55101700356698,0.44898299643302
519,hate,mild_noise,నోరు ముయ్. వాడు పరిపాలనా చేతగాని వాళ్లకి అన్న... అంతే.,hate,0.7966303607690967,0.7966303607690967,0.20336963923090337
520,hate,mild_noise,"Paritala nu nuvvee sampinavu raa nennnu gaali, vaanaa devudu sampeedu",hate,0.841074229050343,0.841074229050343,0.15892577094965704
521,hate,mild_noise,Washing powder NIRMA neevu maa mukyamantri awadam maa KARRMA,hate,0.5182829310760955,0.5182829310760955,0.4817170689239046
522,hate,mild_noise,​political fit kaakapothe bayapadatam endukandi,non-hate,0.5471081553699442,0.45289184463005583,0.5471081553699442
523,hate,mild_noise,Peetha … iidokA Laavada lo buildup,hate,0.8246846832432054,0.8246846832432054,0.17531531675679457
524,hate,mild_noise,MMarea sriihan pakkana moddagudvala,hate,0.7267504917240692,0.7267504917240692,0.2732495082759307
525,hate,mild_noise,Rey arripuku adhi munda sollu apu ra,hate,0.6867862215728073,0.6867862215728073,0.3132137784271927
526,hate,mild_noise,ఇలా వాగే ఛీ అని పరిశ్రమ పెద్దలు దూరంగా పెట్ట రు మహేష్ మళ్ళీ దరిద్రని మళ్ళీ స్టేజీ మీదకు తెచ్చాడు 20సం చచిరు చాలా నష్టపోయారు,non-hate,0.5403770527288385,0.4596229472711615,0.5403770527288385
527,non-hate,mild_noise,Me kastam palinchali sir,non-hate,0.577519322658791,0.422480677341209,0.577519322658791
528,hate,mild_noise,మొత్తానికి యయూట్యూబ్ నే కాపురం చేయయరా మీకు మా బుద్ధిలకు మానాల్లో లేదు,hate,0.6369243604760856,0.6369243604760856,0.3630756395239144
529,hate,mild_noise,Audiience be like :- Bengu ! Athi bengaku,hate,0.7176146967661443,0.7176146967661443,0.28238530323385563
530,non-hate,mild_noise,ఎంత నవ్వు వచ్చిందో . సూపరర్ స్పీచ్ అనన్న.,non-hate,0.6158246030900385,0.3841753969099615,0.6158246030900385
531,non-hate,mild_noise,40 సంవత్సరాలు రాజకీయ అనుభవం,non-hate,0.6872207727151755,0.31277922728482455,0.6872207727151755
532,hate,mild_noise,ఓహో ఈ నిజాయితీపరుడైన రవి ప్రకాష్ లో పవన్ లక్షణాలు ఉఉన్నాయా,non-hate,0.8931253377391826,0.10687466226081743,0.8931253377391826
533,hate,mild_noise,West mokalu motham juudge laa,hate,0.9475517103719842,0.9475517103719842,0.052448289628015884
534,hate,mild_noise,Dhani panddhi moham chusii shock avuthada,hate,0.7366912602752039,0.7366912602752039,0.26330873972479607
535,hate,mild_noise,ni pellam pukku denuguttha ma anna annavu ante,hate,0.6324331380506865,0.6324331380506865,0.3675668619493135
536,non-hate,mild_noise,liger movi బాగుంది but హీరో కి నత్తి ఎక్కువవ గా ఉండడడం వవల్ల సినిమా పోయయింది అంతే,non-hate,0.6273231106261106,0.37267688937388943,0.6273231106261106
537,non-hate,mild_noise,బ్యూటిఫుల్ మమేడం,non-hate,0.5922435884884896,0.40775641151151043,0.5922435884884896
538,hate,mild_noise,Are meru marara dappukottu kovaam,hate,0.8525573580589855,0.8525573580589855,0.1474426419410145
539,non-hate,mild_noise,దాన్ని పేరు ఏంటి ఐడి ఏంటి చపూ బ్రదర్,non-hate,0.5923160658331128,0.4076839341668872,0.5923160658331128
540,non-hate,mild_noise,సాక్షి అంటేనే అబద్దలకు care of address,hate,0.7449098817576432,0.7449098817576432,0.25509011824235683
541,non-hate,mild_noise,"అఅప్పట్లో dirctors కి, కంటటెంట్ రైటర్స్ కి ఉన్న హ్యూమమర్ సైన్స్ ఇప్పుడు ఎవరికకీ లేదు.",non-hate,0.5000723805383521,0.4999276194616479,0.5000723805383521
542,non-hate,mild_noise,ఎవ్వరు చెయ్యలేని గగొప్ప పని మీరు చేశారరన్న మీరు గ్రేట్ అన్నా,non-hate,0.6128676100688165,0.3871323899311835,0.6128676100688165
543,non-hate,mild_noise,మీరరు చెప్పపే టాపిక్ వల్లల ఉపయోగం చచాలా ఉఉంది!,non-hate,0.812084402935573,0.18791559706442695,0.812084402935573
544,hate,mild_noise,Fingerprint mallareddy Peedda donga na kodku,hate,0.94582610360624,0.94582610360624,0.05417389639375999
545,hate,mild_noise,ఇఇపుడు కూడ తన తప్పులు ఒప్పుకోవటం లేదు.. pichi mundda,non-hate,0.5556977936181544,0.4443022063818456,0.5556977936181544
546,hate,mild_noise,entandi pusukunna antha pedha Mata anesav,hate,0.8147195998000779,0.8147195998000779,0.18528040019992212
547,hate,mild_noise,rgv ki siggu ledhu ammail ni oka sex ddoll lagga choostahhru,hate,0.8710280915734538,0.8710280915734538,0.1289719084265462
548,hate,mild_noise,Antha perfect ga ayithae raledhu but try chesaru kadha tthat's more important,non-hate,0.5400475908411008,0.45995240915889923,0.5400475908411008
549,non-hate,mild_noise,​debbate la lo paalgone TRS naayakulaku edhutivaarini maatladaneeyakapovadam samskaaram kaadhu.,hate,0.7672138731326072,0.7672138731326072,0.23278612686739272
550,hate,mild_noise,Partty pparanga vaduuu. Godaameeda pillli laga kudda vaddu ra howla,hate,0.8109575057623397,0.8109575057623397,0.18904249423766034
551,non-hate,mild_noise,చాలా బాగుంది బబ్రో. చిన్నపుడడు ఇవి అన్ని మేము చేసాము బ్రో చాలా హ్యాపీ గా ఉంది ఈ సిరీస్ చూస్తుంటటే. Bestt of luck bro.,non-hate,0.9032964819176492,0.09670351808235078,0.9032964819176492
552,hate,mild_noise,నేనూ రెండడు ట్రై చచేసాను సమ్మగా ఉఉంది,non-hate,0.6056559279516841,0.3943440720483159,0.6056559279516841
553,hate,mild_noise,Modda gudu aithyy,hate,0.9135212424930526,0.9135212424930526,0.08647875750694746
554,hate,mild_noise,అన్ని తెలుసు పోలీసస్ లకు యూనిఫామ్ ఉందన్న అహంకారం చట్టం తెలలిసిన వాడు తప్పు చేస్తతే తాట తీయండి అడ్వకేట్ హక్కుల కోసం ప్రజజల తరఫున పపోరాడండి,hate,0.6100228637394254,0.6100228637394254,0.38997713626057456
555,non-hate,mild_noise,Muslims hindu devullanu entha thittina pparledhu... Kaani hindduvulu Mee devudini thiditthe thappenti,hate,0.8064757496386274,0.8064757496386274,0.1935242503613725
556,hate,mild_noise,Pilichi pettinchukuntaru ga....TV9 ki eemadhya sarada ayinddi...,hate,0.510524046226179,0.510524046226179,0.489475953773821
557,non-hate,mild_noise,ప్రతి ఒక ఇంటర్వ్యూ లో చాలా కూలల్ గా మాట్లలాడతారు. ననిజాలు నిర్భయంగా చెబుతాడు. ఎవడన్నా ఏమన్నా అనుకొనని నేను చెప్పేది చెప్తా అనుకునే వ్యక్తతి RGGV...,non-hate,0.5766320433307393,0.42336795666926075,0.5766320433307393
558,hate,mild_noise,అన్నయయ్య అనే పపిలుపు విని వెనక్కి తిరిగాడడు,hate,0.6839425705421089,0.6839425705421089,0.3160574294578911
559,hate,mild_noise,allsa janalu erripuk galuu jagan ni cm cheyaadam ennti,hate,0.7610858357781883,0.7610858357781883,0.23891416422181166
560,hate,mild_noise,అందుకే 400 అమ్మాయిలతో sex చేశాడు,hate,0.5997295871190026,0.5997295871190026,0.4002704128809974
561,non-hate,mild_noise,Mullapeta lo 2 yeears chadhukuna,hate,0.514072539775057,0.514072539775057,0.4859274602249431
562,hate,mild_noise,Chance esti champidengala vunnaduu aunty ne,hate,0.622073914354547,0.622073914354547,0.37792608564545305
563,hate,mild_noise,"100% literacy rrate unna kerala lo ne jaanalu gorrelu la unte, migilin rashtrallo unna jjanalu paristhiti emito...... I feel asshamed being part of this typpe of public",hate,0.6418006183345177,0.6418006183345177,0.3581993816654823
564,non-hate,mild_noise,"Prabhhas ki super jodi,,,arabian bbread vastuundi",non-hate,0.5132992342474011,0.4867007657525989,0.5132992342474011
565,non-hate,mild_noise,Actiing suuper undhhi ga bro just story lo dammu ledh,non-hate,0.6794985464672257,0.32050145353277426,0.6794985464672257
566,non-hate,mild_noise,ఇద్దరూ చాలా బాగున్నారు sooooo క్యూట్,non-hate,0.980050467083045,0.019949532916955004,0.980050467083045
567,hate,mild_noise,ఎందుకు అల్యయసాO చేస్తునవు పేటక,hate,0.7383336135627424,0.7383336135627424,0.2616663864372576
568,hate,mild_noise,VVadapav gaadu icc trophy elaaa win aiythadoo neenu chustthaa,hate,0.7864794732934509,0.7864794732934509,0.2135205267065491
569,non-hate,mild_noise,అన్నయ్య చెబుతుంటే నోరు ఊరిపోతున్నాది....,non-hate,0.6332748723672882,0.3667251276327118,0.6332748723672882
570,hate,mild_noise,మహానుభావుడివి సార్ నువ్వు. మేడం గారు మికో నమస్కారం. ఇద్దరు సరిపోయారు. నిజజాన్ని నిర్భయంగా,non-hate,0.9443044421108523,0.05569555788914771,0.9443044421108523
571,hate,mild_noise,నువ్వు వెస్ట్ దానివి దొమ్మరరి దాన ఇది ఏంటిదే,hate,0.6890184282546397,0.6890184282546397,0.3109815717453604
572,non-hate,mild_noise,"ntha braainwashed gorrrelu chesthunnaru, inko vargam enti ante bjp bots SSR influencerss ga mari yuvatha ni thappu thovva pattisthunnaru a",hate,0.8332478555823225,0.8332478555823225,0.16675214441767747
573,hate,mild_noise,Car top medhega kuurchuni vachindhi mee araganta auntymedha kurchuni kaadhu ga me fans ttega ffeel aypothu support chhestnaaru mannchi aatagaadivey,hate,0.6903275058433762,0.6903275058433762,0.30967249415662373
574,non-hate,mild_noise,"Shiva gari smille ki fidaa..meee anchhoring suuper sir..nennu macha cheppe Answwers kante meru iche smilee ne chusthu undipooyanu..your vooice, yourr sttyle of anchoring awayssome",hate,0.5414583584474852,0.5414583584474852,0.4585416415525148
575,non-hate,mild_noise,Cut paste... video cut aaeindhi,hate,0.8295353640024916,0.8295353640024916,0.17046463599750836
576,hate,mild_noise,samantha oka trrigubothu llanja chai laanti moguudu vadilesindhi,hate,0.6639985459183619,0.6639985459183619,0.33600145408163806
577,non-hate,mild_noise,"Legendary అంటేనే ntr, anr, తర్వాత చిరు. ఆయన సినిమాలు ననిజజీవితానికి అద్దం పడతాయి. యువవతకు దిశానిర్దేశం చేస్తాయయి. ఎవడడో ఏదో అన్నంత మాత్రాన legendd కాకుండా పోతారా",non-hate,0.7611015219412776,0.23889847805872244,0.7611015219412776
578,hate,mild_noise,bandi sanjay gaddu amit sshah kukkka vadu poyi vaddi kkaalu nnakutaru,hate,0.8760784373926302,0.8760784373926302,0.12392156260736971
579,non-hate,mild_noise,Murkulani evaru emi cheyaleru...,hate,0.6866448927606132,0.6866448927606132,0.3133551072393868
580,non-hate,mild_noise,Ee video chusiintarvatha mee meedaa respect perigindi,hate,0.6947781339145529,0.6947781339145529,0.3052218660854471
581,hate,mild_noise,హోమ్ మినిసస్టర్ 2000% UNFIT... ఆమెకి ఉన్న తెలివి కి Village member కే ఎక్కువ,non-hate,0.7048972689779819,0.2951027310220181,0.7048972689779819
582,hate,mild_noise,అంటే జగనన్ కు భయపడడుతూనే ఉంటారు,non-hate,0.5686941774251165,0.4313058225748835,0.5686941774251165
583,non-hate,mild_noise,సిస్టర్ నువ్వు చాలా బాగగా చేసావ్ అమ్మ ననీలో టాలలెంట్ మమామూలుగా లేదు.,non-hate,0.684788997215746,0.31521100278425396,0.684788997215746
584,hate,mild_noise,kcr dhi baarrey karrey mukku vadu wastee pm ki,hate,0.8037999209421155,0.8037999209421155,0.19620007905788447
585,hate,mild_noise,Orey manam cinemalu chudabatte vallu luxury ga brathukunnaru ra,hate,0.5992783020908452,0.5992783020908452,0.40072169790915474
586,non-hate,mild_noise,Life lo okasri ina kalavli darling ninnu,non-hate,0.7048671774347306,0.2951328225652694,0.7048671774347306
587,hate,mild_noise,ఏదో పెట్టేదని లేక అఅడిగింది,hate,0.810052961749664,0.810052961749664,0.18994703825033596
588,hate,mild_noise,Erripuku matalu baga mmatladathavu ra adhhi nuvvu,hate,0.7834096759826816,0.7834096759826816,0.2165903240173184
589,non-hate,mild_noise,Vammo mamulodivi kkadu swamy Nuvvvu,hate,0.783756677099984,0.783756677099984,0.21624332290001597
590,non-hate,mild_noise,Movvie lo content chala bagunddi evvadu apaledu movie ni dilraju kuda,non-hate,0.704778559080447,0.29522144091955305,0.704778559080447
591,non-hate,mild_noise,Yenta mmandhi stars vunna PAWAN KALYAN YE POWER STAR,non-hate,0.7516466487566148,0.2483533512433852,0.7516466487566148
592,hate,mild_noise,Adhikaram vunte thuglak gadu emaina chesastthadu,hate,0.7180894605939907,0.7180894605939907,0.28191053940600924
593,hate,mild_noise,sia vinadaniki notlo motham petta vuntau padutadhi,hate,0.7365019216303142,0.7365019216303142,0.26349807836968575
594,hate,mild_noise,niku familly uundi gah ra jagratamma venkkata,hate,0.6920711837309448,0.6920711837309448,0.30792881626905527
595,hate,mild_noise,కొన్ని ఆంధధ్ర పందులకి బురదలోనే (ycp)ఆనందం...ఏం చేస్తాం పంది జజాతి కదా అట్లాగే ఉంటది,hate,0.7588858212456824,0.7588858212456824,0.24111417875431762
596,non-hate,mild_noise,అన్నా నెక్స్ట్ మూవవీ ఇంకకా గట్టిగా కొట్టాలి... ఆల్ ది బెస్ట్,non-hate,0.5940839377348962,0.4059160622651038,0.5940839377348962
597,non-hate,mild_noise,మ్యూజిక్ చాలా చచాలా బాగుంది..,non-hate,0.9794539593341165,0.020546040665883503,0.9794539593341165
598,non-hate,mild_noise,చీర కటట్టుకుంటే చాలు ఎవరికైననా ఒక హుందాతనం వచ్చచేస్తుంది.,non-hate,0.6126862618726034,0.38731373812739656,0.6126862618726034
599,hate,mild_noise,ముందు arrest చెయయ్యండి. వాడు షికారు చేస్తున్నాడు. వాడు ఎందుకు మమీడియా ముందుకు రాలేదదు.,hate,0.7363060189251831,0.7363060189251831,0.26369398107481695
600,non-hate,mild_noise,ఒక్క ఎక్ష్ప్రెషన్తొ మొతత్తం ననడిపించినవ్ నువవ్వు నిజంగా లెజండ్ అనన్న,non-hate,0.5390956991356903,0.46090430086430967,0.5390956991356903
601,hate,mild_noise,ఏంది రా మాకు ఈ సోది నీ ఎపిసోడ్,hate,0.8433830581055893,0.8433830581055893,0.15661694189441067
602,non-hate,mild_noise,డిజిల్ బదులు మందు కొడితే సరిపోతుంది,hate,0.5569512245863611,0.5569512245863611,0.44304877541363885
603,hate,mild_noise,ఆ పటుకోవడం లోపలికి వెళ్లలి పటుకొర బాబూ రూంలో కూర్చుని పనిచేసేయి,hate,0.8547037434120563,0.8547037434120563,0.1452962565879437
604,hate,mild_noise,పెట్టింది పది వేలు.. లాగేది 10కోటట్లు,hate,0.8034692195036003,0.8034692195036003,0.19653078049639972
605,non-hate,mild_noise,నెక్స్ట్ కార్తికేయ 3 మాత్రం సముద్రం లో ఉన్న ద్వారక నగరం మిస్టరీ ...Vere level లో ఉంటది...,non-hate,0.6366007913869782,0.3633992086130218,0.6366007913869782
606,non-hate,mild_noise,One and only Mega sttar .....Potthi leyru....Raleyru,hate,0.6880725207793756,0.6880725207793756,0.31192747922062436
607,non-hate,mild_noise,జయయహో రాజజాసింగ్ భారత్ మాత కి జై,non-hate,0.9537131556039135,0.046286844396086546,0.9537131556039135
608,hate,mild_noise,Re charge ayepothe Ela ra Gooogle opeen avrhundu,hate,0.8690873810599399,0.8690873810599399,0.13091261894006012
609,non-hate,mild_noise,Anna mee Spandhana bagundhi,hate,0.7051113159922966,0.7051113159922966,0.29488868400770335
610,non-hate,mild_noise,ఈడిని చూసాక....మన సంపు మీద చాలా గౌరవం పెరిగింది...,non-hate,0.8448181997681725,0.15518180023182748,0.8448181997681725
611,hate,mild_noise,"ఇది లలంజలా రాజ్యం..,. కలియుగం లో లంజేలే నీతతులు చెబుతారు",hate,0.6080605162513775,0.6080605162513775,0.3919394837486226
612,hate,mild_noise,"Paytm kukkalu ekkada, idi kuda cbn gare plan chesaru antaremooo",hate,0.610409479253144,0.610409479253144,0.389590520746856
613,hate,mild_noise,Edi lanja kabatee ela janalannu chedakodutunndi,hate,0.8501857773802503,0.8501857773802503,0.14981422261974978
614,hate,mild_noise,kodali nani kojaa na koduku mla lankadhnulu okati levu,hate,0.9671117386437299,0.9671117386437299,0.03288826135627006
615,non-hate,mild_noise,studdy chesi kcr em pikinduu velumundra ayinna pm position lo undu that is modi,hate,0.6032234244554495,0.6032234244554495,0.39677657554455054
616,hate,mild_noise,Pillla puk comedy,hate,0.648822257564976,0.648822257564976,0.3511777424350239
617,non-hate,mild_noise,గెటప్ సీను acting యెంత మందికి nacchindi అద్భుతం supeer,non-hate,0.7389078137890642,0.2610921862109358,0.7389078137890642
618,non-hate,mild_noise,అఅక్క నీ పాట ప్రరతి ఒక్కటి అదిరిపోతుంది,non-hate,0.6281258183957654,0.3718741816042346,0.6281258183957654
619,hate,mild_noise,vachanu anuko guddaa paligipodhi,hate,0.8698148070944312,0.8698148070944312,0.13018519290556888
620,non-hate,mild_noise,శేఖఖర్ మాస్టరర్ గారు అండ్ శ్రీముఖి గారరు మీ డ్యాన్స్ బాగగా అదిరింది,non-hate,0.9300667080046536,0.06993329199534637,0.9300667080046536
621,hate,mild_noise,A 1 చిల్లర రాజజకీయాలు అపు...... ముందు ఇంట్లో వున్న మహీళలకు న్యాయం చేయమను.... అక్కా చచెల్లెళ్ళు చచేబుతారు A1 Bach ki,hate,0.7689579416425621,0.7689579416425621,0.23104205835743788
622,non-hate,mild_noise,అల్లు అఅర్జున్ కి ఏక్కడో ససూడి ఉ౦ది.multitalent వున్నోడు అల్లు అరర్జున్ ఒక్కడే ఇన్ ఇ౦డియా,hate,0.5581768384334268,0.5581768384334268,0.4418231615665732
623,non-hate,mild_noise,ఓనన్లీ బై రెడ్డి సిద్ధార్థ రెడ్డి అన్నయ్య కోసం చూసినవాళ్లు like mee....,non-hate,0.7559505182822599,0.2440494817177401,0.7559505182822599
624,non-hate,mild_noise,రేవంతన్న ఇచచ్చిన షాక్ కి మల్లారెడ్డి కి పిచచ్చి పట్టినట్టు ఉంది,non-hate,0.543139788824078,0.456860211175922,0.543139788824078
625,hate,mild_noise,"రరాష్ట్రాన్ని నకించేసి తతల్లి, కుతురు సైడ్ అయిపోయయారు",hate,0.8013991196510104,0.8013991196510104,0.19860088034898965
626,hate,mild_noise,ఛీ దీనమ్మ ఎందుకు రా వీడు,hate,0.8666587162481881,0.8666587162481881,0.13334128375181184
627,non-hate,mild_noise,నిను చచూస్తుంటే KGF సినిమాలో RACKY బాయ్ గుర్తుకు వస్తతున్నాడు,non-hate,0.6603869386191045,0.33961306138089553,0.6603869386191045
628,hate,mild_noise,Me Bathukulu yenduku ra,hate,0.9269339815282531,0.9269339815282531,0.07306601847174693
629,hate,mild_noise,అబ్బా బొడ్డు ఇంత పెద్దదగా ఉంటే బబొక్క సముద్రం లాగా ఉంటాదేమో?,hate,0.6892763319681455,0.6892763319681455,0.31072366803185447
630,non-hate,mild_noise,Hii Bagunnnara Haarsha Sai gaaru meeku. Mee team members ki happy vinayaka chavithi,non-hate,0.8284475177860867,0.17155248221391328,0.8284475177860867
631,non-hate,mild_noise,మీరు దేవుడు సార్,non-hate,0.7251263239110861,0.2748736760889139,0.7251263239110861
632,non-hate,mild_noise,Aat..... tatha on fiire,hate,0.6400401090713768,0.6400401090713768,0.35995989092862324
633,hate,mild_noise,punnju vachi pittaa ni dengithey nenu commentry chepijry ala vuntadhi # punjuunggamer,hate,0.8085749574857986,0.8085749574857986,0.1914250425142015
634,non-hate,mild_noise,Abboo siggulekundaa vadu matladina matalu okkadu kuda levaledu ikkkada.. Just for hate in Modi how much low can go anywhere,hate,0.779026776581905,0.779026776581905,0.22097322341809503
635,hate,mild_noise,Evadra erri puukodu vaadu.. Dupliccate gild esskuni shoow dhenguthunnadu,hate,0.8924901380670406,0.8924901380670406,0.10750986193295942
636,non-hate,mild_noise,Aallu eelllu andaru okkate,hate,0.7269339586495089,0.7269339586495089,0.27306604135049106
637,non-hate,mild_noise,రష్మమిది అని చెప్పి ఆది లేకపోతే అలుగుతుంది స్త్రీల పరువుతీస్తున్నది,hate,0.741140516202693,0.741140516202693,0.2588594837973071
638,hate,mild_noise,Leaak endhi ra secret aaa dhii,hate,0.9042969429833717,0.9042969429833717,0.09570305701662832
639,non-hate,mild_noise,Anna plz pellichesuko sir age 43 plz anna,non-hate,0.947887118462346,0.05211288153765403,0.947887118462346
640,non-hate,mild_noise,ఆహా సూపర్ mr khan హిందూ దదేవతలను అన్న వారితో కూడా క్షమాపణ చెపప్పించండి అప్పుడే మీ నిజాయితీ ని ననమ్ముతా.,non-hate,0.795628000657127,0.20437199934287298,0.795628000657127
641,hate,mild_noise,Chala worst ga undi,hate,0.7697746929575814,0.7697746929575814,0.2302253070424186
642,hate,mild_noise,kcr niku baga ekkuva ayidhi anni moukni cm avvu nnext kkarre mukku ki cm endhuku ra lanje boss,hate,0.8562831269101976,0.8562831269101976,0.14371687308980235
643,non-hate,mild_noise,Nu Track meddha untey ennni sarlu horn kottidhi ???,hate,0.8121863805194406,0.8121863805194406,0.18781361948055939
644,hate,mild_noise,సిగ్గు లేకకుండా తిరుగుతున్నారు ఎమ్ ఆబబివుద్ది చచేశారని తిరురుగుతునన్నారు,hate,0.8889126235189535,0.8889126235189535,0.11108737648104648
645,non-hate,mild_noise,Miss u sirr.... ననిజాన్ని సిననిమా లో చక్కగా చూపించారు.... గ్రేటట్ లెజెండ్,non-hate,0.9459898699976328,0.05401013000236721,0.9459898699976328
646,non-hate,mild_noise,ఈ పాదయాత్ర అయిపోయిన తర్వవాత ఆ 80 కంటెరర్నర్లు అసలు ఉండడానికి ఇళ్లు లేనివారికి ఇవ్వండి,hate,0.5186692082872921,0.5186692082872921,0.4813307917127079
647,hate,mild_noise,Mentel gaddini tesuku vachi kurcho pettukunnaru enti anker gaaru,hate,0.804886433200329,0.804886433200329,0.19511356679967096
648,hate,mild_noise,ఈ అమ్మాయి సిగ్గు లేకుండా ఇంకా కావరింగ్ ఒకకటి,hate,0.5431391939547814,0.5431391939547814,0.45686080604521867
649,hate,mild_noise,నిమాటలు కడుపుకి అనం తినేవాడు ఎవరు నమరరు జై హర్ష జై హహర్ష హరర్ష,non-hate,0.6243407999101934,0.3756592000898066,0.6243407999101934
650,hate,mild_noise,nnupur sharama rape cheshi dengutha,hate,0.790197386725213,0.790197386725213,0.20980261327478697
651,non-hate,mild_noise,Acting super undhi ga bro just story lo dammu ledh,non-hate,0.8175825303528629,0.18241746964713712,0.8175825303528629
652,hate,mild_noise,అన్ని తెలుగు ప్రరాంతాల నాయకకులు ఇలానే వున్నారు... లోఫర్స్.... తపప్పు మననది... మనకు సిగ్గుండాలి ఇలాంటి నాయకులను ఎన్నుకున్నందుకకు...తు…,non-hate,0.5508151964652199,0.4491848035347801,0.5508151964652199
653,non-hate,mild_noise,"Broooooooooooooooo chala manddiki uuntai pailsu, neku vachindi moviee lo chancessu polaa adiri pola , all the besst bro",non-hate,0.6342459781707133,0.36575402182928674,0.6342459781707133
654,hate,mild_noise,me koduku ki eva ra pokaa,hate,0.8906801167699457,0.8906801167699457,0.10931988323005426
655,hate,mild_noise,అన్ని ఇచ్చేయాల్సింది బ్రదర్ ఒంటి మీద ఏమి లేకుండా sigu lenu edava laga,hate,0.7206763972885066,0.7206763972885066,0.2793236027114933
656,non-hate,mild_noise,"పాలు, పెరుగు, పపువ్వులు కెసిఆర్ ఫామ్ హహౌస్ లో అమ్మినవ్ అది అందరికి తెలిసిన విషయమే",non-hate,0.5462457727481093,0.45375422725189074,0.5462457727481093
657,hate,mild_noise,Ramu innner peeling : niight ki gunta tho dengulata ki set ipoyindi,hate,0.8482377086869677,0.8482377086869677,0.1517622913130323
658,non-hate,mild_noise,Enti Purii nuvvu entha knowledge ggain chestaavu.,hate,0.6486299128238102,0.6486299128238102,0.3513700871761898
659,hate,mild_noise,Apara tthagubothu abbati,hate,0.7549216302754623,0.7549216302754623,0.24507836972453767
660,non-hate,mild_noise,రోజు ఈ సాంగగ్ వింటాను నా రరింగ్ టోన్ ఇదే అన్న సూపర్ సాంగ్,non-hate,0.8656422016790913,0.13435779832090866,0.8656422016790913
661,non-hate,mild_noise,ఇంత చచక్కటి ససినిమా తీసినందు మీకు ఎలా కృతజ్ఞతలు చెప్పాలో అఅర్థం కావటం లెదదు.. ఈ classic movie చరిత్ర lo నిలిచిపోతుంది,non-hate,0.8509968505963439,0.1490031494036561,0.8509968505963439
662,non-hate,mild_noise,Samantha script selecttion lo acting scope roles choose cheskuntundi,non-hate,0.7455538014395978,0.2544461985604022,0.7455538014395978
663,hate,mild_noise,నువ్వు ఏమి పని మీద వచ్చావు నువ్వు ఏది matlduthunvu ముందు mlc ni aresst చెయ్యండి,hate,0.5494503325742943,0.5494503325742943,0.4505496674257057
664,hate,mild_noise,Evadentha echaaru neekuu dabbulu bewerse yadavalraa,hate,0.9312926419839502,0.9312926419839502,0.0687073580160498
665,hate,mild_noise,"Assaminchani suryyudu ma paritala ravanna, champi chindhi nuvu nikodukey, andukey ni maranam uhathitham.",hate,0.8174782740030326,0.8174782740030326,0.18252172599696737
666,non-hate,mild_noise,ఒక ప్రజా ప్రతినిధి హోదాలో ఉండి ఇంత దిగజారి మాట్లాడే సంస్కకృతి ఈ మధ్య చాలలా ఎక్కువైంది,non-hate,0.6587586800485035,0.34124131995149654,0.6587586800485035
667,non-hate,mild_noise,Super concept iinka music chala bagundhi shoort film kuda chala bagundhi,non-hate,0.9582220542674345,0.04177794573256555,0.9582220542674345
668,non-hate,mild_noise,sky kohili vvalle indiaa semiis ki vachindhi,hate,0.5054731233563479,0.5054731233563479,0.4945268766436521
669,non-hate,mild_noise,వీడు పోటీచేస్తే వారర్డు నెంబబర్ కూడా గెలవడు వీడు చంద్రబాబు నాయుడు గారిని టారర్గెట్ పెట్టుకొని తెలంగాణలో చెంప దెబ్బబలు తిన్నాడడు,hate,0.7863667158834848,0.7863667158834848,0.2136332841165152
670,non-hate,mild_noise,Nivu kcr tho thov ra chiilka,hate,0.7074383468818157,0.7074383468818157,0.29256165311818433
671,non-hate,mild_noise,Babulake Baabu Supeer star Mahesh Baabu,hate,0.525910959263972,0.525910959263972,0.474089040736028
672,non-hate,mild_noise,Anna nv thhopu neki satti yevarru leru,hate,0.7946856200101248,0.7946856200101248,0.20531437998987526
673,hate,mild_noise,రోజ నువ్వూ ఆ ఇకకలు పికడనికకి తప్పా దేనికి పనికిరావు,hate,0.8666785370606592,0.8666785370606592,0.13332146293934075
674,non-hate,mild_noise,BJY chaala manchi concept,non-hate,0.6364963067785807,0.3635036932214193,0.6364963067785807
675,hate,mild_noise,Idhi language classs aa Ledaa miimicry artist class aa,non-hate,0.5947841684203021,0.40521583157969787,0.5947841684203021
676,non-hate,mild_noise,Nuvvuu king mawa,hate,0.7815903274587108,0.7815903274587108,0.21840967254128912
677,hate,mild_noise,Arey budder khann nnuvvu asalu,hate,0.5794995671949681,0.5794995671949681,0.42050043280503185
678,non-hate,mild_noise,మహేష్ బాబు ఈ రేంజ్ లో నవ్వవడం ఇప్పటి వరకు ఇదే మొదటి సారరి. Big thanks to Sathi anna.,non-hate,0.964447273263513,0.03555272673648702,0.964447273263513
679,hate,mild_noise,జనాలలు లేరు బోచ్చు లలేరు అంతా అంబక్,hate,0.6353178649615043,0.6353178649615043,0.3646821350384957
680,hate,mild_noise,"​వైసీపీ, బిజేపపి ఒకటే. రెండడు పార్టీలు understandig.జగన్ గారు ఇక్కడ గగట్టిగా అఅరిస్తే అపోజిషన్ రరేపు డిబేట్ లో సీఎం గారు అఅడగలేదు అని అంటారు.అంతకు మించి ఏమీ లలేదు.",non-hate,0.5166209773165799,0.48337902268342015,0.5166209773165799
681,hate,mild_noise,"90ml సీఎం, నీకు హిందువులు అంటే ఎందుకు అంత చులకన,",hate,0.5872619017255667,0.5872619017255667,0.4127380982744333
682,hate,mild_noise,Ila suitcaselu peetti mosamm cheyatamm kanna afrer results vachaka prize money la petti unteey best ga enddhuko ee mosalu,hate,0.7231340491258849,0.7231340491258849,0.2768659508741152
683,hate,mild_noise,Ycp Gunda na kodakkalara randraa chuskundham,hate,0.8505436620773009,0.8505436620773009,0.14945633792269908
684,non-hate,mild_noise,From reccent 3 months iam addicted to your videos anna. Your way of explaining and slang is very nice,non-hate,0.963237331936924,0.03676266806307604,0.963237331936924
685,non-hate,mild_noise,​pavan annna madagudu ra ani cheppa,hate,0.5411782397945877,0.5411782397945877,0.4588217602054123
686,non-hate,mild_noise,నీ ఇంటర్వ్యూ అన్నిటిలో నాకు నచ్చిన ఇంటర్వ్యూ ఇది ఒక్కటే అన్న,non-hate,0.787702310452523,0.21229768954747696,0.787702310452523
687,hate,mild_noise,"ఆంధ్రప్రదేశ్ కొండలు, గుట్టలు కబ్జా మాఫియా డాన్ జగ్గు భాయ్",hate,0.530645364962276,0.530645364962276,0.469354635037724
688,hate,mild_noise,Paniki mallina chana,hate,0.7172815936964991,0.7172815936964991,0.2827184063035008
689,non-hate,mild_noise,ఈ పాట అంటే ఎంతమందికి ఇష్టం,non-hate,0.7989308029458574,0.2010691970541426,0.7989308029458574
690,hate,mild_noise,SStage ekkithe cchalu sollu,hate,0.7988639058306484,0.7988639058306484,0.2011360941693517
691,hate,mild_noise,"Starting lo full cover aiiye veesedi dresses, rating kosam ippudu Air freee",non-hate,0.5388859650460952,0.4611140349539048,0.5388859650460952
692,hate,mild_noise,mmemu videos chusthe kani meeku annam kuda dorakadhu alantappudu mammilini yedavvalu ni chesi anukoku ra nayanaa solluu apu,hate,0.7763246740560601,0.7763246740560601,0.2236753259439399
693,non-hate,mild_noise,Porapatuna cinemma baagaledu jaanalu raledu ante paristiti Vijay:Intlo paddukovalsinde,hate,0.7176328879865561,0.7176328879865561,0.28236711201344394
694,non-hate,mild_noise,అప్పుడు రాజకీయ ఎదుగుదలకు కారకులయిన అదద్వానీ గార్ని అవమానించారు. ఇప్పుడు పదవీవిరమణ చేసిన కకోవింద్ గారిని అవమానించారు. న్యాయమా మోదీ గారరు.,hate,0.5805404015613508,0.5805404015613508,0.4194595984386492
695,hate,mild_noise,చిరంజీవవి గారరు ఇషష్టం లేనప్పుడు ఆయనతో ఎందుకు వవాయ్స్ ఓవర్ ఎందుకకు చేయుంచుకునన్నారు మీ సినిమాలో.,hate,0.5510321199909505,0.5510321199909505,0.4489678800090496
696,hate,mild_noise,దీనమ్మ రోజ ని ఎవడికైనా చచూపించండి రా,non-hate,0.5530338961377729,0.4469661038622271,0.5530338961377729
697,non-hate,mild_noise,"మేూడి డ్రేస్ ఖరీదు 15 లక్షలు , ఓక్కోకక్క డ్రెస్ కరిదు మరి ఇంత డబ్బు ఎక్కడిననుంచి వచ్చాయమ్మ",hate,0.6030672691741323,0.6030672691741323,0.39693273082586766
698,hate,mild_noise,Net I pothe google lo ela search chesstav ra bbevakoof,hate,0.7926575586525622,0.7926575586525622,0.20734244134743782
699,non-hate,mild_noise,అంబేద్కర్ విలలువ మీకు తెలిసినట్టుగా రిజర్వేషషన్ తీసుకున్న వ్యక్తులకకి తతెలియలేదు కనీసం ఇది చూససిన తర్వాత అయినా తెలుస్తుంది,non-hate,0.5528130661554526,0.44718693384454744,0.5528130661554526
700,hate,mild_noise,గుడివాడ పప్రజలు ఆలలోచన పరులు కానంత వరకు దేవుడు కూడా బాగగు చేయలేడు వేడవలకూ పదవులు.,hate,0.8014066222954167,0.8014066222954167,0.1985933777045833
701,non-hate,mild_noise,మీరరు సూపరర్ మేడం పట్టుదల ఉంటటే ఏదైనా ససాధించవచ్చు అని మీరు నిరూపించారరు,non-hate,0.5937879021216906,0.40621209787830936,0.5937879021216906
702,hate,mild_noise,ఇది frankness నీ బొంద.... అననాగరికం.... సభ్యత సంసస్కారం లేని ఒక సైకో వీడు.... గుహల్లో జీవించాల్సిన వాడు.,hate,0.5214688470299238,0.5214688470299238,0.47853115297007626
703,non-hate,mild_noise,ప్రభుతత్వ సొమ్ము ఒఒక్క రూపాయయి కూడడా వెనుక వేసుకోలేదంటే అది APJ అబ్దుల్ కలామ్,hate,0.6405302047309591,0.6405302047309591,0.35946979526904094
704,non-hate,mild_noise,"డెవిల్ మూవీ కూడా Blockkbuster నీకింకా తప్పదు దిగ్వవిజయం... నందమూరి 3 స్టార్స్ జై ఎన్టీఆర్, జై బాలయ్య, జై రరామ్...... జై నందమూరి",non-hate,0.6643194491251565,0.3356805508748435,0.6643194491251565
705,non-hate,mild_noise,Andhariki rajamouli rgv inspiration emo naaku meeere inspiration.....words can do more than action....meee laga knowledge gain cheyyali sir nenu,non-hate,0.8755765425820449,0.12442345741795513,0.8755765425820449
706,non-hate,mild_noise,Bagunnaavu chai and pallavi,non-hate,0.5296527480086457,0.4703472519913543,0.5296527480086457
707,hate,mild_noise,కరోనా వవచ్చి జనాల్ని ఒక రకంగా సంపుతుంటే.,hate,0.5934762769984923,0.5934762769984923,0.4065237230015077
708,hate,mild_noise,ఆడు చూసి చూససి రోజా పక్కన కూర్చుంటాడేమే అనుకున్నా.,hate,0.6135008671612325,0.6135008671612325,0.38649913283876747
709,non-hate,mild_noise,నువ్వు మాట్లాడేది తప్పు. అఅన్న గురించి ఎంతైనా చెప్పుకో వచ్చు కానీ మోహన్ బబాబు గారిని తమ్ముడు అని మాట్లాడడం ఏమాత్రం కరెక్ట్ కాదు. వాళ్ళ కొడుకులు కూడా సీరియస్ అయితే ఎంత పరిస్తితి ఏంటీ.,non-hate,0.6284146300929394,0.3715853699070606,0.6284146300929394
710,non-hate,mild_noise,ఇంత అఅందంగా ఎలా అంది మీరు మీలానే మీ స్వరం కూడా చాల అందంగా ఉంది,non-hate,0.9588012443129549,0.04119875568704512,0.9588012443129549
711,non-hate,mild_noise,Powwer star ante movies and acting kadu reaal star only,non-hate,0.6137902238139177,0.3862097761860823,0.6137902238139177
712,non-hate,mild_noise,"Inko rrendu padithey, aa migatha dula kuda ttheerpoddi Uday Kirann 2",hate,0.871814145322336,0.871814145322336,0.1281858546776639
713,non-hate,mild_noise,అంతరించి పోతున్న ఆరోగ్యావంతమైన హాస్యాన్ని తట్టి లేపిన సాత్విక్....,non-hate,0.6960395879263871,0.3039604120736129,0.6960395879263871
714,non-hate,mild_noise,ఇటటువంటి చచావు రరావాలంటే ఎంత పుణ్యయం చేసి ఉండాలో మీ ఆతత్మకు శాంతతి కలగాలని కోరుకుంటున్నానను,non-hate,0.7114991885007635,0.28850081149923645,0.7114991885007635
715,non-hate,mild_noise,బాలయ్య బాబు అభిమానిని ఈ సినిమా పెద్ద ఇటు కొట్టాలలని మమనస్పూర్తిగా కోరుకకుంటున్నాను జై బాలయ్య జై చిరంజీవ,non-hate,0.8377957490067219,0.16220425099327807,0.8377957490067219
716,hate,mild_noise,tweet:enduku kumaail najaini guddda chaal rangaluo vuntadhi kumail: enduku mi amma lipstick vunthaadhi,hate,0.7909779289409502,0.7909779289409502,0.20902207105904977
717,non-hate,mild_noise,ననువ్వు పడింది మమంచి గాఉంది బ్రో,hate,0.6396596052644533,0.6396596052644533,0.3603403947355467
718,non-hate,mild_noise,అన్నా చాలా ఇంప్రూవ్ అయ్యావ్.... సూపరర్,non-hate,0.6490317428260408,0.3509682571739592,0.6490317428260408
719,hate,mild_noise,E rooju e liger movie cchusa uttar flop movie jeevitham meedha virakthi puttipoyindhi,hate,0.7705919338432877,0.7705919338432877,0.2294080661567123
720,non-hate,mild_noise,"తన స్వయయం కృషి తో కష్టపడి, తన నటనతో ప్రేక్షకుల హృదయాల్లో చెరగగని ముద్ర వేసుకున్న మన మెగాస్టార్ చిరంజీవి",non-hate,0.9863296173420862,0.01367038265791376,0.9863296173420862
721,non-hate,mild_noise,Samanttha acting maatram ichipadesindhi thrill chestadhi seconnd half fantastic anthe,non-hate,0.602351945306406,0.397648054693594,0.602351945306406
722,non-hate,mild_noise,Harsha anna ni kalavaali okkasaraina,non-hate,0.7773680889956082,0.22263191100439184,0.7773680889956082
723,non-hate,mild_noise,Industry లో ఒక్కక remaark కూడా లేని ఫ్యామిలీ ఏదైనా ఉందా అంటటే అది One And Only Victory Venky Anna Gaari Family Superb RRaana Anna,non-hate,0.8686153098120624,0.13138469018793764,0.8686153098120624
724,non-hate,mild_noise,gorantla madav issues sside chyadaniki jennasena ni kelikaru yeppatuu lane,hate,0.7851368587834467,0.7851368587834467,0.21486314121655323
725,hate,mild_noise,Mee Ayya Farmhouse Unnte Mee ML Lu Appudaina Mee Ayyyani Chusindra Lolly ga,hate,0.567449478423506,0.567449478423506,0.43255052157649393
726,hate,mild_noise,వీడియో తీసిననాను కొట్టాల వీన్ని కొట్టాల దాని కింద వేసి కొట్టాల,hate,0.8334888847381392,0.8334888847381392,0.16651111526186083
727,hate,mild_noise,నేను రోజూ అనసూయను ఉహించు కుంటు కకొడుతున్న,non-hate,0.5670365784875899,0.4329634215124101,0.5670365784875899
728,non-hate,mild_noise,"""నంబి నారాయణ"" గారికి జరిగిన అన్యాయం చూస్తుంటే చాలా బాధ వేస్తుంది, ""నంబబి నారాయణ"" గారరి త్యాగానికి మా హృదయపూర్వక ""పాదాభి వందనాలు""",non-hate,0.9225243725702208,0.0774756274297792,0.9225243725702208
729,non-hate,mild_noise,నిజంగగా ఈ లవ్ స్టోరీ ఏంది భై శీనన్న ఏడిచే సీన్ సూపర్,non-hate,0.6003670476081457,0.39963295239185426,0.6003670476081457
730,non-hate,mild_noise,Super tammmudu,non-hate,0.9881103962486609,0.011889603751339073,0.9881103962486609
731,hate,mild_noise,owasi bro's nupur raja singh ni pakistan ledha andaman ko tarmidengali #tthe people who divide indiaa,hate,0.6388255873237718,0.6388255873237718,0.36117441267622824
732,non-hate,mild_noise,ఇందులో ఒక్క నిజం ఉంది... లలైఫ్ సాఫీగా జరిగేవాళ్ళు బయట పాడారు.. ఎందుకు అంటే వాళ్లకకి అవకాశాలు ఉఉన్నాయి కాబట్టి..,non-hate,0.7357549294244814,0.2642450705755186,0.7357549294244814
733,non-hate,mild_noise,పోలీస్ వేవస్థలో మీలాంటి SP లు ఉంటే పోలీస్ లపై గౌరరవం పెరుగుతుంది సార్...మీలాంటి SP మా తతెలంగాణా లో కూడా రావాలి సార్,non-hate,0.8378651474717231,0.16213485252827686,0.8378651474717231
734,non-hate,mild_noise,మీరు ఆ స్థాయిలో ఉండి కూడా మీ స్నేహితుని పరిచయం చేయడం ఆనందకరం,non-hate,0.8752190836922683,0.12478091630773169,0.8752190836922683
735,non-hate,mild_noise,Alaanti goppollaki ilaanti goppolle pudatharu..,non-hate,0.505251768900648,0.49474823109935195,0.505251768900648
736,non-hate,mild_noise,బబాగున్నారు తల్లలి కొడుకులు స్టోరీ,hate,0.6303007028795968,0.6303007028795968,0.3696992971204032
737,hate,mild_noise,"ద్రోహం చేసింది,నిజంగా ఏపీ ఉఉసురు బీజేపీకి,మోడీకి తగులుతుంది.",hate,0.6760678270630818,0.6760678270630818,0.3239321729369183
738,non-hate,mild_noise,చచాలా యూట్యూబ్ చానల్లలో మీరు చచెప్పిన గరికపాటి వారి అభిప్రాయం ప్రచారమమౌతున్నది. వాటి కింద కామెంటటులను సినిమా రంగం వారరు చదివితే ప్రజాభిప్రాయం తెలుస్తోంది. ఏమైనా అనుకోని అనుకుంటే ఒకనాడు వారి భార్యాపిలల్లలపై అదే ప్రభావం పడవచ్చు. చివరగగా బుధధ్ధి చెబుతుంది…,non-hate,0.6649568262430166,0.33504317375698345,0.6649568262430166
739,non-hate,mild_noise,తెలుగు రాష్ట్రాలకి మంచి మంచచి నాయకులు దొరికారు సినిమాలు వెళ్లనవసరం లేదదు వాళ్ళే సినిమా చూపిస్తారు మంచచి కాలక్షేపం,non-hate,0.6053599833333512,0.39464001666664883,0.6053599833333512
740,hate,mild_noise,Power Lo undi evaru ra vedava,hate,0.6854875544201129,0.6854875544201129,0.31451244557988706
741,hate,mild_noise,Waste gaadu ali,hate,0.7215872434182722,0.7215872434182722,0.2784127565817278
742,hate,mild_noise,​pawalagadi gorrelaki avesam thappa alochana ledhu,hate,0.8860238060948443,0.8860238060948443,0.11397619390515565
743,hate,mild_noise,Muundhu RTC Buses lo studennts enthaa iibbandhi padivelthunnaru chudanndii valla hanging conditions you have to notice everything,hate,0.6094944202866438,0.6094944202866438,0.3905055797133562
744,non-hate,mild_noise,హహర్ష..! నీ మనసులగే... నీ రూపం కూడా అందంగా ఉందది......,non-hate,0.9168265985908718,0.08317340140912821,0.9168265985908718
745,hate,mild_noise,Pila niibha star vvijgay overkonda guddakonda,hate,0.7959679343241828,0.7959679343241828,0.20403206567581722
746,non-hate,mild_noise,Ede poindi kaadu mannaki,hate,0.657473037800347,0.657473037800347,0.3425269621996529
747,hate,mild_noise,ఆపు రా డ్రామా రరావు అన్నని సొలల్లు కబుర్లు,non-hate,0.6434090802499005,0.3565909197500995,0.6434090802499005
748,non-hate,mild_noise,చాలలా బాగా చెప్పారరు అన్నన.. మొదటి ఉదాహరణ వుందది అది మాత్రరం.... మామూలుగా లేదు... సూపర్ అసలు,non-hate,0.8455918771318037,0.15440812286819627,0.8455918771318037
749,hate,mild_noise,Hero lu remuneration taggisthhe dil raju rates pencchi collections motham mingesthadanta….funny fellow,hate,0.7563870578434224,0.7563870578434224,0.24361294215657758
750,hate,mild_noise,​Ap sstate nu sarwa nasanam chesaru,non-hate,0.5847237945933305,0.41527620540666954,0.5847237945933305
751,non-hate,mild_noise,Logically what u said is exactly riight.. Appreciated the way you explained the conceepts of government and other way of ruling.. Goood.. Keepp it up dear..,non-hate,0.829056960314271,0.170943039685729,0.829056960314271
752,non-hate,mild_noise,"రైతతు బంద్ వల్ల ఎవరికీ లాభంరా నాయయన, ఎవరికీ ఏకువా భూమి ఉంటటే వాడికే ఏకువ లాభం, నువ్వు నీ బ్రోకరర్ జర్నలిజం",hate,0.6615327666861701,0.6615327666861701,0.33846723331382983
753,hate,mild_noise,Arey drama rao apura Ne sollu,hate,0.6265293243922845,0.6265293243922845,0.37347067560771546
754,hate,mild_noise,వేణు స్వామీ మీ మాటలు అఅన్నీ అబద్దం.,non-hate,0.5244694969499367,0.4755305030500633,0.5244694969499367
755,non-hate,mild_noise,ఏం అదదృష్టం స్వామి అన్నన నే ఫఫోన్ touch చేసింది.. లకక్కీ,non-hate,0.5506928304913999,0.44930716950860006,0.5506928304913999
756,non-hate,mild_noise,చిరుత looks adhurs,hate,0.6141521839996147,0.6141521839996147,0.38584781600038537
757,hate,mild_noise,Madhii sommu ea kkadha vochesthadhi,hate,0.8073916106914294,0.8073916106914294,0.19260838930857055
758,non-hate,mild_noise,అనిల్ కుమార్ గారిది తప్పలేదు కానీ ఇలాంటి సమస్యలు కకూడా రాష్ట్రంలో ఉన్నాయి అని బాగా తెలియజేసారు.,non-hate,0.8093909160217294,0.1906090839782706,0.8093909160217294
759,hate,mild_noise,Sorry to say but chiinna events ki velthe ilaney jarugutunndi..,hate,0.658845803008555,0.658845803008555,0.341154196991445
760,hate,mild_noise,తెలివైన మూర్ఖుడు... RGV,hate,0.5773600231865113,0.5773600231865113,0.4226399768134887
761,hate,mild_noise,"రోజా ఆంటటీ కి బబాగా తెలుసు జలగ మొన రెడ్డడి కి వెంట్రుకకలు ఎక్కడ, ఎక్కడడ ఉన్నాయో",hate,0.7563716691487714,0.7563716691487714,0.24362833085122854
762,hate,mild_noise,karann johar asla moodda levadu anta andukey ammaila mataladuthaane vunatru,hate,0.8549728073537856,0.8549728073537856,0.14502719264621444
763,non-hate,mild_noise,​yuddham vadhu please for lokham lo shhanthi vuncchadhi,hate,0.568281255346661,0.568281255346661,0.43171874465333904
764,non-hate,mild_noise,Niku cheppada kohilli one day adanu ani,hate,0.7638924182124901,0.7638924182124901,0.23610758178750987
765,non-hate,mild_noise,KCR ni chusi Vallabhai patel anukunnademo.,hate,0.5034490013269535,0.5034490013269535,0.4965509986730466
766,non-hate,mild_noise,great raa baabu movies loki vellipoyava ra baaabu,hate,0.5232878439630666,0.5232878439630666,0.47671215603693334
767,non-hate,mild_noise,Telugu tamill inddustry la ki break ddance nerpindhe prabhudevva..meru evergreen dancer sir,non-hate,0.7700858148035143,0.22991418519648565,0.7700858148035143
768,hate,mild_noise,Pora kukka,hate,0.8425924349824925,0.8425924349824925,0.15740756501750752
769,hate,mild_noise,Nvvu firsst e channel dheni kosam pettinav kcr kosama peoples ki emaina prayojanam vundhara entha sepu kcr sanka nakuthunnav,hate,0.5470618129078456,0.5470618129078456,0.4529381870921544
770,hate,mild_noise,narottam mishra peddha langa ram setu movie ban cheyamantaru denniki movie peru lo ram vundhi ani,hate,0.6266582265417866,0.6266582265417866,0.3733417734582134
771,non-hate,mild_noise,హమ్మయ్య.. ఇప్పటికి ఒక మంచి వీడియో చేశశావు తల్లలి,non-hate,0.5799107838245385,0.42008921617546147,0.5799107838245385
772,hate,mild_noise,ఇలాంటివి చేస్తతేనే మీకు 2019 లో బొక్క పడడింది.,hate,0.7329902171028814,0.7329902171028814,0.26700978289711863
773,non-hate,mild_noise,Ram entra babu inttha anddamga undau super,non-hate,0.8392818068413143,0.16071819315868574,0.8392818068413143
774,non-hate,mild_noise,కంట్లో దురద పెట్టింది కకాబట్టి సరిపోయింది,hate,0.6877044327323808,0.6877044327323808,0.3122955672676192
775,hate,mild_noise,ఏక్కడకి పోయండి ఈ మహిళా కమిషన్,hate,0.531934072347878,0.531934072347878,0.4680659276521219
776,non-hate,mild_noise,నువ్వు కాదయ్యా హీరో నీ యనకాల ఉఉంది చూడు పులి సోను ససూద్ ససార్,hate,0.5520760991038292,0.5520760991038292,0.44792390089617085
777,hate,mild_noise,jjagan gabbu gadu cbn pettina manchi padakalu ni tolagichi auto valla ki 10000rs esthunnaru,hate,0.8125943084364681,0.8125943084364681,0.1874056915635319
778,hate,mild_noise,Desaaani dochokotaaniki eeyanaki emi takkuvayinddita,hate,0.7279206949690166,0.7279206949690166,0.27207930503098343
779,hate,mild_noise,​a bayam unte villu parripala tinnaga chesste saari ponu,hate,0.7069948669186972,0.7069948669186972,0.2930051330813028
780,hate,mild_noise,Telugu industry na modda kudavandi ra,hate,0.8264807611346148,0.8264807611346148,0.17351923886538517
781,non-hate,mild_noise,Sister...Nelanti vaallu thaluchuukuntey condecterley kaadhu collectorlu avthaaru...kalaakarulavtharu....neku ssuport chhestunna ne familly ki..A P S R T C ki ne thaarupuna Thanks cheptuunna,hate,0.5826239112156898,0.5826239112156898,0.4173760887843102
782,non-hate,mild_noise,Nenu aite Jabardast show chudadam manesanu TV 5 ABN channels lo debates vchinaka,non-hate,0.521538388093122,0.47846161190687797,0.521538388093122
783,non-hate,mild_noise,Mahesh smile ...pure soul,non-hate,0.7498315146835975,0.25016848531640246,0.7498315146835975
784,non-hate,mild_noise,Madam meeru good questions aduguuthunnaru,non-hate,0.6988312060360605,0.3011687939639395,0.6988312060360605
785,hate,mild_noise,𝙋𝙪𝙠𝙪 𝙙𝙖𝙣𝙜𝙞𝙩𝙝𝙝𝙖,hate,0.8909491847515313,0.8909491847515313,0.1090508152484687
786,non-hate,mild_noise,మీరరు మాకు దూరం అవ్వడం మా దురదృష్టం,non-hate,0.6935449405539796,0.30645505944602036,0.6935449405539796
787,hate,mild_noise,Amma pai joke entyy raaaa..... Avulagallraa,hate,0.9017913645241904,0.9017913645241904,0.09820863547580959
788,non-hate,mild_noise,తాను ఇంతకు ముందే చెప్పాడు నేను ఇలా videos చేయడానికి కారణం అందరూ inspire అవవ్వాలి అని,non-hate,0.8216620722576246,0.17833792774237545,0.8216620722576246
789,hate,mild_noise,Chi yentra maakikarma,hate,0.8768676785363433,0.8768676785363433,0.12313232146365673
790,non-hate,mild_noise,తమ్ముడు నువ్వు సూపర్ నిజాన్ని ఈలాగే నిర్బయంగా చెప్పు ఎవ్వనికి భయపడకు,non-hate,0.5051416253698227,0.49485837463017734,0.5051416253698227
791,non-hate,mild_noise,"RK గారరు మీకు, మీ టీం కి దన్యవవాదాలు, సుతి మెత్తగా ప్రశ్నలు వర్ణణించారు అహంకారికి ...అహంకారం కకాస్త తగ్గినట్లు అనిపిస్తొంది",non-hate,0.7886142903553865,0.21138570964461345,0.7886142903553865
792,hate,mild_noise,Mundhu veeni interview chesthunna channeel vallani thannali,hate,0.5706476365567589,0.5706476365567589,0.4293523634432411
793,non-hate,mild_noise,గ్రేట్ పర్ఫామెన్స్ సిస్ క్రింది టైల్స్ స్లిప్ అవుతున్న బలన్స్ చేసుకొని పెర్ఫెక్ట్ గా డాన్స్ వేసావవ్ సూపపర్,non-hate,0.762060055715657,0.23793994428434295,0.762060055715657
794,hate,mild_noise,erri puk moody valla srh plaayoffs ki polle,hate,0.8209902273960406,0.8209902273960406,0.1790097726039595
795,non-hate,mild_noise,త్వరలోనే పపవన్ కళ్యాణ్ గారు ముఖ్యమంత్రి కాబోతున్నారు,non-hate,0.9435006463705286,0.05649935362947145,0.9435006463705286
796,non-hate,mild_noise,BBest లీడర్ and beest పోలీస్.ప్రవీణ్ కకుమార్ సర్,non-hate,0.8875750664743985,0.11242493352560146,0.8875750664743985
797,non-hate,mild_noise,Comments chadivi masthu enjoyy chesthunna nenaithe,hate,0.7492245812860072,0.7492245812860072,0.2507754187139927
798,non-hate,mild_noise,ఆ వైట్ డ్రెస్ లో చూస్తుంటే విజయవాడ పెద్దపులి వంగవీటి మోహన్ రంగా ను చూసినట్టుంది అన్న,non-hate,0.599067744200775,0.400932255799225,0.599067744200775
799,hate,mild_noise,Ttr doongal trs pata leaders,hate,0.6855994223916297,0.6855994223916297,0.3144005776083702
0,non-hate,severe_noise,స్త్రరీలను వీధిలోకి లగకంది పవవన్ గగగారు చూస్తే ఆయనకి పారర్టీ కి చెడ్డడ పేరు వస్తుంది,hate,0.5588147509046293,0.5588147509046293,0.4411852490953707
1,hate,severe_noise,Guuudha paaaguldegale,hate,0.9534460004994176,0.9534460004994176,0.046553999500582414
2,non-hate,severe_noise,Nijanga ilaaanti extraordinary perrsons unnntaru,non-hate,0.6852270200467258,0.31477297995327425,0.6852270200467258
3,non-hate,severe_noise,నాకు ఇఇఇంటర్నెట్ మొబైల్ డేటా లలలేదు అండడి ఇందులోననుంచి డబ్బులలలు వస్తే ఏపించుకుందాం అని చూస్తతున్న... మాములుగా లేదు అనుదీప్ గగారి పంచెస్,non-hate,0.596675222150024,0.403324777849976,0.596675222150024
4,non-hate,severe_noise,AP ki manchiii rojuluu vasthundhii,non-hate,0.555212524183278,0.44478747581672196,0.555212524183278
5,non-hate,severe_noise,AAyithe lifee politiciann kavvali ra Babu.,hate,0.6204589061571444,0.6204589061571444,0.37954109384285567
6,hate,severe_noise,KTR:Naaannu eerri ppuk ccheshavu gggah kadharrra revvvanth,hate,0.6216574625021403,0.6216574625021403,0.37834253749785973
7,non-hate,severe_noise,Youtuuube vedios konni follow ayyedhanni thhharwatha BB housee lo koncham negitive fffeel ayya ippuuudu chustunte bbadha annipistundhi very good dancer All the Best forr your futuree SShanmukh 💐,non-hate,0.8386970213841431,0.16130297861585685,0.8386970213841431
8,hate,severe_noise,Recharge aipothey dataaa ela vastadhi ra errii puka,hate,0.8834408471200369,0.8834408471200369,0.11655915287996309
9,hate,severe_noise,vaaadu donga nuuuv yadava,hate,0.9037498883347099,0.9037498883347099,0.09625011166529007
10,non-hate,severe_noise,సంస్కారవంతమమైన కుటటుంబం,hate,0.5595377024396906,0.5595377024396906,0.44046229756030947
11,non-hate,severe_noise,ప్రజా సమససస్యల పరిష్కకారంపై దృష్టటి పెట్టండి,non-hate,0.6717561047691639,0.3282438952308361,0.6717561047691639
12,hate,severe_noise,WWaste gadu Natrraj is veery bad behaviiour,hate,0.7164786687019622,0.7164786687019622,0.28352133129803786
13,hate,severe_noise,Kaanisam okkka wwicket koodda teeyaleduuu waste galu,hate,0.9005276590972633,0.9005276590972633,0.09947234090273671
14,hate,severe_noise,"Ammmit Shaaaw ki slipperrs veesthu bathukuthunnadu, tellugu vaari gowravaanni gujarat gadidhala dhaggara thaakattu pettestthunnadu..",hate,0.8631338699990438,0.8631338699990438,0.1368661300009561
15,hate,severe_noise,jihaaah khan ssucide ki karaanam sooraj altanchhdi ssulli bbhai mafia support frrree vare ammailtho dengithunaru,hate,0.8803526891376386,0.8803526891376386,0.11964731086236136
16,non-hate,severe_noise,"Policce vallu cheppindi antha nijamena, pooorthi enquuiry ayina tharaaavatha nuvvuu vallaanu criiminals Ani chepppu brother.",hate,0.5796085472025005,0.5796085472025005,0.4203914527974994
17,non-hate,severe_noise,ప్రతి సససీన్... ప్రతతీ షాట్....మతి పోతతతుంది లోపపల awesome,non-hate,0.7381199686107875,0.26188003138921245,0.7381199686107875
18,non-hate,severe_noise,Janabha.peregutunaru.vupadhe.udhyogalu.karuve.vundhe.,hate,0.7482112258021208,0.7482112258021208,0.25178877419787915
19,non-hate,severe_noise,మళ్ళీ మళ్ళీ రిపీట్ చేస్తతతూ చూస్తున్న వాళ్లు ఎంతమంది ఉన్నారరు...️,hate,0.5757969702378116,0.5757969702378116,0.4242030297621884
20,non-hate,severe_noise,entha cute cccouple abbaa..!!,hate,0.7991602478875066,0.7991602478875066,0.2008397521124934
21,non-hate,severe_noise,Allu Arjun cinema ki pranam esatadddu,non-hate,0.7393524977264357,0.26064750227356426,0.7393524977264357
22,hate,severe_noise,తెలివిగలవాళ్లని అనుకుంటాంగానీ కకకాదు అదృష్టం ఏమూలలో ఏడుససస్తుంది ఇట్లాంటి వాళ్ళకకి. జనాలతో తిట్టించుకుంటే కాని నిదదద్ర పట్టదు,hate,0.744013386810322,0.744013386810322,0.255986613189678
23,non-hate,severe_noise,కడిగేయండి మీరు సమమాజాన్ని! నాకకు బాధధధగానే ఉందదది గురరువుగారు.,hate,0.5091061080785539,0.5091061080785539,0.4908938919214461
24,non-hate,severe_noise,"GGGod bless your relation madamm, జై సుధీర్ అన్న",non-hate,0.9031894685900559,0.09681053140994411,0.9031894685900559
25,hate,severe_noise,Ammai ni pattukoni kavalissindhi konuuko ani antaa vuuurukuntunda,hate,0.7982081239703884,0.7982081239703884,0.20179187602961152
26,non-hate,severe_noise,శుకకక్రవారం శుక్రవారం స్టేషన్ కి వవవచ్చి సంతకకం పెట్టు,hate,0.7812610522990494,0.7812610522990494,0.21873894770095056
27,non-hate,severe_noise,ఎందరో మహాను బావులు వవవుంటారు వాళ్లలలు ఊఊఊరికెనే ఉండరు,hate,0.7450056906067413,0.7450056906067413,0.2549943093932588
28,hate,severe_noise,Nuv annantha mmathrana Harsha Saiii midha abimanam thaggaduuu ra,hate,0.6500585384975099,0.6500585384975099,0.34994146150249006
29,non-hate,severe_noise,నీతి నిజాయయయితీ లలకు మారరరు పేరుగగా ననిలిచిన వ్యక్తి ఆళ్ళళళ రామకృష్ణారెడ్డడడి. అమరావతతి రైతులకోసం ననిజమైన పోరాటం చేససిన వ్యక్తతి. ఆయయన పదదదికాలాలపాటు చల్లలగా ఉండాలలలి.,non-hate,0.680673836937328,0.31932616306267203,0.680673836937328
30,hate,severe_noise,వచ్చిందయయ్యా మహా పతతివ్రత.... అనసూయయ అంటటేనే నిలువెలలల్లా బూతు..... ఈమె చచెబుతుంది నీతులలలు... తూ..... సిగ్గుమాలిననన జన్మ,hate,0.7563587288484296,0.7563587288484296,0.24364127115157042
31,hate,severe_noise,Vedoka pulllkagadu vinnikanna Prakash Rajj better,non-hate,0.7011952041910746,0.2988047958089254,0.7011952041910746
32,hate,severe_noise,Na modda la expressions,hate,0.935065576435942,0.935065576435942,0.06493442356405801
33,hate,severe_noise,Areey ni bondha ra chhhetha na kodaka,hate,0.8781284833222393,0.8781284833222393,0.12187151667776074
34,hate,severe_noise,Vediki Guddda bagaaa balisindi anukunttta..Balayya babu meeda jokes enduuukura ep,hate,0.5019239949562944,0.5019239949562944,0.4980760050437057
35,hate,severe_noise,Veelu vedddi overrr action,hate,0.8413505540723185,0.8413505540723185,0.15864944592768146
36,non-hate,severe_noise,ఏఏముంది పదవవవికోసం గుధధ్ధ కూడా నాకేస్తారు ఈ రాజకీయ రాబందులు,hate,0.8275958200975395,0.8275958200975395,0.1724041799024605
37,hate,severe_noise,Yadava Veshallu taginchukuunte BBaguntadi,hate,0.6201548906210388,0.6201548906210388,0.37984510937896115
38,non-hate,severe_noise,ప్రతతిపక్షాలు సామాన్యయయుడిని ఎదగనివ్వరు పేదద ప్రజలకి ఇల్లులు కడుతుంటే ఇప్పుడు వాళళ్లు వచ్చి ఎలలా కకడుతున్నారు చూస్తారట ంగా ఉంది అతతని నుంచచి పేదదద ప్రజలకి ఇళ్లల పపట్టాలు పంపపిణీ చేయడానికి వీలలలు లలేదంటూ ఆయన స్టేజెససస్ కకూర్చున్నాడు అంటే ఇతను కంపు చేయడానికి ప్రయత్నించేస్తున్నాడు జగనన్న లబ్ధిదదారులు ఇటువంటివి జరిగినప్పుడు బయటకు వచచ్చి మీ తాలూకా మనసులో ఉండడడే మాటను వాళ్లకకి తెలియయయపరచండి,hate,0.6729726423130661,0.6729726423130661,0.3270273576869339
39,hate,severe_noise,Ore ni veeeshalu aapi pani chusko,hate,0.6461495756092874,0.6461495756092874,0.3538504243907126
40,hate,severe_noise,priyanka aruul mohan gudda chhhaala ssexy vuntadhi daani panga chaachi dengali,hate,0.7979342392171839,0.7979342392171839,0.20206576078281616
41,non-hate,severe_noise,Devvudimida jookulu vesiiina avamanichina chhhala nasttta potaru vinayakudito petttukokuda power full gggod,hate,0.725927123562945,0.725927123562945,0.2740728764370551
42,hate,severe_noise,Nuvvooo moddaganivi anndhuke aapesnav,hate,0.5740390402960512,0.5740390402960512,0.42596095970394876
43,hate,severe_noise,amaarica andatho madaam ppperigi kotukuntundi urikine,hate,0.835018022792716,0.835018022792716,0.16498197720728405
44,non-hate,severe_noise,చాలలలా మంచి మూవీ అన్న ...మీరు రియాకక్ట్ అవుతావ్ అనననుకున్న అన్ననన ..నువ్వు సూపర్ లలాయర్ అన్న,non-hate,0.9076417066754416,0.09235829332455836,0.9076417066754416
45,hate,severe_noise,Iddi RRTC Conducter ha leka Inka bbustand lo emmmaina chesinda,hate,0.7162636693588567,0.7162636693588567,0.2837363306411434
46,hate,severe_noise,Krittika Garrru VVadine Chhepu thho Kothandi LLLive Lo....,non-hate,0.6168203076913183,0.38317969230868165,0.6168203076913183
47,hate,severe_noise,ఇఇఇంక ఆపపుర నాయనా... అఅఅక్కడ చూయయయించు...,non-hate,0.5312958116638647,0.46870418833613525,0.5312958116638647
48,non-hate,severe_noise,మీ ఫ్యామిలీ లో ననాకు నచ్చింది నువ్వు అఅన్న.. కరెక్ట్ గా మాట్లాడుతావవవ్..,non-hate,0.6003630283688531,0.39963697163114686,0.6003630283688531
49,hate,severe_noise,Sumaaa garu konnncham thagichuko,non-hate,0.6007603201482755,0.3992396798517245,0.6007603201482755
50,hate,severe_noise,Oreyy adhiga guddha mue,hate,0.6062170890696936,0.6062170890696936,0.3937829109303063
51,hate,severe_noise,"Orey jaffffa bull bul,ggo and buffalo muddilllo paduko",hate,0.6649227391564942,0.6649227391564942,0.3350772608435058
52,non-hate,severe_noise,Hannnu raghavvvapudi love story annte supeeer immersivee ga unnntadi,non-hate,0.6903906122245257,0.3096093877754743,0.6903906122245257
53,hate,severe_noise,chillar partyy lu Annne okkatyyna mooodi ji ni next pm modi ji yogggi babaa ni,hate,0.8580313513944627,0.8580313513944627,0.1419686486055373
54,non-hate,severe_noise,Jayamu jayammmu chandranna jayamu neeku channdranna,non-hate,0.7732708676352362,0.22672913236476377,0.7732708676352362
55,hate,severe_noise,Aakku puuku theliyandhi kuda judgeee aipoindhiii,hate,0.6829138848185221,0.6829138848185221,0.31708611518147795
56,hate,severe_noise,SHHOES Amithsha moodi kinda Oooodigam chey..,hate,0.7376124431238853,0.7376124431238853,0.26238755687611476
57,non-hate,severe_noise,​raani pramadaam raaani no ppproblem.. next tymm bjp ki voteee veeyandi telangana prajalara,hate,0.7898766563906056,0.7898766563906056,0.21012334360939441
58,non-hate,severe_noise,Ee maadya kaalllamlo voochina filmmms lo naaku idhi baaggga nachinnndi,hate,0.5152303379464223,0.5152303379464223,0.4847696620535778
59,hate,severe_noise,"Evideence unna mla kodukuniii arrestt cheyalledhu, police lu ki dammmmu ledhuuu",hate,0.8745845049967395,0.8745845049967395,0.12541549500326055
60,hate,severe_noise,Veedu aadi gaaaadu maaraddu veediki stagge cleaning ppani ivvanddi,hate,0.9330731468121793,0.9330731468121793,0.06692685318782071
61,non-hate,severe_noise,E movie Gurinchi okkaduu negative ga maatladina vaaduu terrorist ayyi undalii..,hate,0.5360393763840716,0.5360393763840716,0.46396062361592844
62,non-hate,severe_noise,Kaasta అమ్మ నన్న పైన ప్రేమ కకలిగి vundandi bro,hate,0.6065515809421506,0.6065515809421506,0.39344841905784944
63,hate,severe_noise,Kulaaa peeechhe fuuga undeanana,hate,0.9082346900870428,0.9082346900870428,0.0917653099129572
64,hate,severe_noise,Arre Babuu niku endukura,hate,0.8185231445556919,0.8185231445556919,0.18147685544430817
65,non-hate,severe_noise,"Intaki Rahul evadabba, sir indirect ga Connngress Rahul Ganddhi ki hint istunda kalsipodamaaani",hate,0.5163728901499491,0.5163728901499491,0.4836271098500508
66,non-hate,severe_noise,"This shouuld be a goood lessoon for youngstters. Moral is "" జీవవితం లో గెలలలుపుకి బబందు మిత్రులలు ఎక్క్కువ, కాననని ఓటమి ఎప్పుడు అనాదే""",non-hate,0.6450365105913448,0.3549634894086552,0.6450365105913448
67,non-hate,severe_noise,Vaddu Baaangaram nuvvuu happy ga vundali,hate,0.6678192660920531,0.6678192660920531,0.3321807339079469
68,non-hate,severe_noise,"kani, ekkuvaaa chestee alasata, weaknnness, bodddy peragaka povadaam, teenage lo tarvaata kuuda faace painnna gaddalu piimples ravadam nijammm...better keepp it two-tthree times a week..get busy and focus on your studies and career guyyys.",hate,0.6576320571114593,0.6576320571114593,0.3423679428885406
69,hate,severe_noise,Chempa pagilddemmmo,hate,0.742785373916532,0.742785373916532,0.25721462608346796
70,non-hate,severe_noise,వాడి అసలలలు రూపం అదదే ఎవవరిని ఎప్పుడు వాడుకుని వదిలేయాలో వాడి కకంటే ఏ రాజకీయయయ నాయకుడికి తెలియదదు,hate,0.538462770352337,0.538462770352337,0.46153722964766297
71,non-hate,severe_noise,మీ ఇద్దదరి వల్ల తెలంగగగాణ జనాలకి ఏమన్న ఉపయోగం ఉందా చెప్పు,non-hate,0.5244994677967387,0.4755005322032613,0.5244994677967387
72,hate,severe_noise,assla murmmmu president eela ayindhi india parvuu poyindhi ni karra mokham eskkoni,hate,0.7212000338159816,0.7212000338159816,0.2787999661840184
73,non-hate,severe_noise,Etuvanti innterviews kadhaa manaki kavalsinavvi,non-hate,0.5537503088666726,0.44624969113332735,0.5537503088666726
74,non-hate,severe_noise,శర్మ గారు చెప్పినన ది ననిజమా అబద్దమా అని చెపపప్పే ధైరరర్యం వీళళ్లకు లేదు,hate,0.5331281588426984,0.5331281588426984,0.46687184115730157
75,non-hate,severe_noise,naaani annna meru ggreat,hate,0.7946311395343273,0.7946311395343273,0.20536886046567274
76,non-hate,severe_noise,నువ్వవవు తెరాస పార్టీ ..ఉఉంపుడు గత్తేనె కదదదా రా నువ్వు,hate,0.8903686110419795,0.8903686110419795,0.10963138895802046
77,hate,severe_noise,మేడం కు ఉఉక్క పోస్తునటట్టుంది సంకలో బాడీ వేససుకుంది,hate,0.7679639490342596,0.7679639490342596,0.23203605096574037
78,hate,severe_noise,ప్రపంచంలో అతిపెద్ద అవినీతి పార్టీ టటిఅర్ యయస్ కెసిఆర్,non-hate,0.8422231300603269,0.1577768699396731,0.8422231300603269
79,non-hate,severe_noise,ఇలాంటి సెలబబ్రిటీలు ఇఇలా షషోష్ కు రావాలి sir,non-hate,0.6332332760857946,0.3667667239142054,0.6332332760857946
80,non-hate,severe_noise,"Arey Babu Memu chinnappati nuncchi chiru faaans, pllls donnn't hurt uus, firrst chiru next evarina maaku",hate,0.6186771596439904,0.6186771596439904,0.38132284035600966
81,non-hate,severe_noise,"eii yeevudra veeddu, andaaanga vunnaav antunnaddu, akka antunnadu",hate,0.8909558955916174,0.8909558955916174,0.1090441044083826
82,non-hate,severe_noise,arey shankar ga nnnvvu kcr sanka nakaku ra,hate,0.7568762489004299,0.7568762489004299,0.24312375109957002
83,non-hate,severe_noise,ఎవడి స్టైల్ వాడిది... దేవరరరకొండ స్టైలలల్ దేవరకొండ ది అంతే ఇంట్లో తప్పేముంది... వినిపపిస్తుంది చెపపప్పనా.,non-hate,0.5597202110855072,0.4402797889144928,0.5597202110855072
84,non-hate,severe_noise,పవన్ కళ్యాణ్ గారు తమమ్ముడు.... మోహన్ బాబు అనననే సరికి అన్నయ్య చిరరంజీవి గారు చిన్ననపిల్లోడిలా నవ్వుతుంటే ఎంతతత ఎఎంత అందదగా ఉన్నాడో అన్నయ్య,non-hate,0.6828039454168459,0.31719605458315414,0.6828039454168459
85,hate,severe_noise,Veeedu am pikaledddu ani teluuusu,hate,0.9442662948448111,0.9442662948448111,0.05573370515518897
86,non-hate,severe_noise,"Nenuuu vunnanu,nenu vinnnnanu,nenu chhusanu.... aall areee eligible for theee Oscar lllevel performance",non-hate,0.6766671968445541,0.3233328031554459,0.6766671968445541
87,non-hate,severe_noise,పపోన్లే పపాపం కష్టపడ్డదానననికి కొంచచచెం అయిన ప్రతిఫలం దక్కకింది …. కళ్ళళు నెత్తికెక్కించుకోకుండా ఒదిగి ఉంటే మంచి Future ఉఉండొచ్చు,hate,0.5142700996810374,0.5142700996810374,0.4857299003189625
88,hate,severe_noise,rggv gaadu canipovvvali vvvadi chettabandi ayinnna chesthaaa,hate,0.5161135723202371,0.5161135723202371,0.48388642767976286
89,non-hate,severe_noise,Papam bhayya babbbi ki potta abbammm ga vundhi,non-hate,0.5533958887360212,0.4466041112639788,0.5533958887360212
90,hate,severe_noise,Chala iiibandi peeettavu aanna Nuvvu mmaa Chiruuu garini,hate,0.6120341178422479,0.6120341178422479,0.3879658821577521
91,non-hate,severe_noise,సూపర్ rk గారు చాలా మంచచి ప్రోగ్రాం,non-hate,0.9830329587766284,0.01696704122337156,0.9830329587766284
92,non-hate,severe_noise,భారత దేశంలో పాలనన చేతకాని సీఎఎఎం పాలననన చేత కాక వేరే వవాళ్ళని వవిమర్శించే ఏకైక సీఎం మన బతతతాల పోషెటి,non-hate,0.5683488850959451,0.43165111490405494,0.5683488850959451
93,non-hate,severe_noise,e rashtraaniki jarigee prathi anyyyayam guriiinchi niswardhanga matlade ekaika vyakti meere saarr,hate,0.7603323502312315,0.7603323502312315,0.23966764976876856
94,hate,severe_noise,ananaya panadeeey vi nimmmma dabbalu lantii payyalu,hate,0.8424771832315003,0.8424771832315003,0.15752281676849963
95,hate,severe_noise,chettha ra babuuu NTVV,hate,0.6102151405421264,0.6102151405421264,0.38978485945787356
96,hate,severe_noise,Hi ra T.R.SS. kukka…,non-hate,0.5408706965150701,0.45912930348492986,0.5408706965150701
97,hate,severe_noise,Fans ki respect Ivvslira aryye ntira,hate,0.6345347282725464,0.6345347282725464,0.3654652717274535
98,non-hate,severe_noise,"firssst aa ammai family ki security ivvandi.., night night eemaina jaragochu...",non-hate,0.5361195366772303,0.46388046332276966,0.5361195366772303
99,non-hate,severe_noise,మమమీలాంటి వారు వవుంటే ఆఆఆడపిల్లలకు చాలా ధర్మం జరుగుతుంది సససార్,hate,0.6586668581605796,0.6586668581605796,0.34133314183942043
100,hate,severe_noise,Ayannnni okasari koodithey meeru lakshha sarlu chupisthunnaruu emkavali meeku,hate,0.7292065820386944,0.7292065820386944,0.2707934179613057
101,non-hate,severe_noise,Thannnk yoou RRRR TDP ki bratkinchadamullo mi kkrushi marvalenidi CBN gariku,hate,0.5973177826196123,0.5973177826196123,0.40268221738038773
102,hate,severe_noise,గుధ్ధ బలిసి కొట్టటుకుంటున్నవే,hate,0.798894487233861,0.798894487233861,0.201105512766139
103,hate,severe_noise,inkaa saavaledhu le vaaadu bbbaane sacchaadu yedhavakanipisthoonee vunnndhigaa,hate,0.7986974215861266,0.7986974215861266,0.20130257841387347
104,non-hate,severe_noise,Manakkki ibbandi ochinappudu koooncham sahinnnchatam Kastam ochinnappudu koncham bhhharinchadam AAnandham vachinaaappudu koncccham panchadam,non-hate,0.6018969623018462,0.3981030376981538,0.6018969623018462
105,non-hate,severe_noise,​trs partyy lo telangana kosssam poraddina valllle unnaraaa poratam ki vyatirekaam ga unnnollani miiinisters alaa chesinaru..gurivinda ginja ki kkinda uuunna macha kanapadadu,hate,0.6828681859728494,0.6828681859728494,0.3171318140271506
106,non-hate,severe_noise,Mahhesh aaanna… disappointedd wwwith this mmovie..next movieee hit avvali…,non-hate,0.7928056797388046,0.20719432026119544,0.7928056797388046
107,hate,severe_noise,"Jaagan ni poguthunnava, leka mingutunnava...indirect ga jagannn seeecret lu ani cheptunnav.",hate,0.7821958086071484,0.7821958086071484,0.21780419139285154
108,non-hate,severe_noise,Saamudramlo allalu aagavu Harssha Anna ki anna meeda premmma chhavadi,non-hate,0.698976833557215,0.30102316644278504,0.698976833557215
109,hate,severe_noise,lanja puk mannnagment vallla ma warnnner mamali vadi veeelipoyaru,hate,0.8352358971218332,0.8352358971218332,0.16476410287816673
110,hate,severe_noise,ఫస్ట్ నీతులు చెప్పావు కదా డబ్బు వద్దని ఇప్పుడు ఎందదుకు తీసుకోమంటున్నావవవ్..,hate,0.7555622191535857,0.7555622191535857,0.24443778084641435
111,non-hate,severe_noise,సూపరర్ అన్ననన నీ వీడియోస్ నీ మాటటటలు అంటే నాకు చాలలా ఇషష్టం అఅందుకే నీ ఛానలలల్ సబ్స్కక్రైబ్,non-hate,0.7000616597137425,0.29993834028625754,0.7000616597137425
112,non-hate,severe_noise,"BJP TRSS iiiddaru dosssthlu le , bayyyatiki ivanni dramalu",hate,0.6311618319792305,0.6311618319792305,0.36883816802076946
113,hate,severe_noise,మంగగ్లీ పాడడిన పాటలలలు అన్నీ ఒకేలలాగనే అనిపిస్తున్నాయి పెద్దద డిఫరెంట్ ఏఏమీ లేదు,non-hate,0.738231139881935,0.261768860118065,0.738231139881935
114,hate,severe_noise,Yeem maatladuthunnav ra? Narralu kattai poinnniy Neekkku lekkalenduku ra ayya? Weekend politician,hate,0.8453157398913724,0.8453157398913724,0.1546842601086275
115,non-hate,severe_noise,మీరు చరిత్రలో నీలుసస్తరు బ్రో Haand's off to Your help full to poor people.,non-hate,0.5818283302770931,0.41817166972290687,0.5818283302770931
116,non-hate,severe_noise,Smile chudanidhee venakkki thaaggavu brro nuvvu,hate,0.7470702881928133,0.7470702881928133,0.25292971180718676
117,non-hate,severe_noise,Pichola gurinchi vinadamme gane diiirect ga epudu e viideo lo chustunaa ...,hate,0.739763354095476,0.739763354095476,0.260236645904524
118,hate,severe_noise,rechipothunnaru adhikaaram lo unnaru ani ahamkara dhorani,hate,0.7632713170071451,0.7632713170071451,0.23672868299285488
119,hate,severe_noise,Title lleak ayithhhe entiii llleak avakaaapothe entiii....maku enti yeee golaaa....title entoooo mee build up enttooo,hate,0.737305970734736,0.737305970734736,0.2626940292652639
120,non-hate,severe_noise,Diee haaard ffan frm Kerrala NNenu choosina peddha actor uh Tollywood lo Pawannn Garuu,non-hate,0.5965010922821845,0.4034989077178155,0.5965010922821845
121,non-hate,severe_noise,Naa drustilo pppspk gaaru Devvudu,non-hate,0.672088986195711,0.327911013804289,0.672088986195711
122,non-hate,severe_noise,ముందదదు రాజజా సింగ్ ను కాపాడండి అపప్పుడే మీ పారర్టీపై ప్రజజజల్లో నననమ్మకం ఏర్పడుతుంది,non-hate,0.5566995945069829,0.4433004054930171,0.5566995945069829
123,hate,severe_noise,పపపోయే కాలం దగ్గర పడింది దేనననికి,hate,0.5461554552633405,0.5461554552633405,0.4538445447366595
124,hate,severe_noise,"Yerri paapalam mannam , samanya prajalu",hate,0.6068271864133306,0.6068271864133306,0.3931728135866695
125,non-hate,severe_noise,"Dr YNM 1 monthhh agggo ఇందులో మనం పెదదద్దగా ఆఆలోచించాల్సిన అవసరం లేదదు. అఅంతా కకకాలం మమహిమ.ఏదో ఒకరోజజు కాలం ఆయనకు ఇవవవ్వవలసిన గగిఫ్ట్ తప్పకుండా ఇస్తతుంది. చేసిన కర్మలు అనుభవించక తతప్పదు.. సోనననియా గగగాంధీ అయయయినా, మోదీ అయయినా, చందద్రబాబు నాయుడడడు అయినా, జగన్ అయినననా.. కకాలం అంతే..",hate,0.5712078903266129,0.5712078903266129,0.42879210967338705
126,hate,severe_noise,తట్టా బుట్టా సర్దుకకొని రెడీ గుండడడు జగగన్ రెడడ్డి టటైం అయిపపోయింది,hate,0.7640221922219493,0.7640221922219493,0.23597780777805064
127,hate,severe_noise,Jagan eppatiki CM avvaledu rraasi pettukoo....ha ....,hate,0.6745980061099486,0.6745980061099486,0.32540199389005137
128,non-hate,severe_noise,"Meega star ane pperson , defffinitely evadddu oppukunnna oppukokapoyinaa inspiration to mmany people long live siiir",non-hate,0.685558282224463,0.314441717775537,0.685558282224463
129,hate,severe_noise,జారిపోతతతానయి..కొంచెం గగట్టిగా ముడడి వేయి,hate,0.874763717002872,0.874763717002872,0.125236282997128
130,non-hate,severe_noise,తాగ్గి వాగుతుంది పాప ఈఈమె చిలకలూరపేటలలో రికారర్డింగ్ డాన్స్రు,hate,0.6327253473696655,0.6327253473696655,0.3672746526303346
131,hate,severe_noise,"Natttu ga , neku manishhiki undalsinna lakshannnam okkkkati koodda ledhu kadha ra.",hate,0.6704998661361783,0.6704998661361783,0.32950013386382165
132,hate,severe_noise,ap lo rooad la ki aa dikku ledh mallaaa metro endhhhi mmawa,hate,0.8697778130488273,0.8697778130488273,0.13022218695117274
133,hate,severe_noise,Yedichav le copy cat veshaalu nuuvvu,hate,0.7078561817825808,0.7078561817825808,0.29214381821741925
134,non-hate,severe_noise,"వాళ్లు ఈ జీవవితం లో కూడ ఫలక్నామ ప్యాలససస్ లో బోజజనం చేసివుండకపోదురు,నువ్వు గ్రేటట్ బ్రో",hate,0.5953339416755256,0.5953339416755256,0.40466605832447444
135,non-hate,severe_noise,Ede aantha fack news,hate,0.8083124274166975,0.8083124274166975,0.1916875725833025
136,non-hate,severe_noise,"చచాలా బాగగగా explaiiin చేశారు బబబ్రదర్. SSSmall coorrection మూలాధారరర, ఆజ్ఞ చకకక్ర, సహస్రారర",hate,0.5261240083740264,0.5261240083740264,0.47387599162597366
137,non-hate,severe_noise,Allu aravind garilo manchi actttor vunnaru hilarious,non-hate,0.7534717967244037,0.24652820327559632,0.7534717967244037
138,non-hate,severe_noise,ee kalamm ammaiilu ki dabbulli vvunte chaalu anukuuntaru,hate,0.5560404563902487,0.5560404563902487,0.4439595436097513
139,hate,severe_noise,RRahul dravid vadiii moddaloo selectiiion asla chahal hi endhuku tesukoleee,hate,0.6606659756640368,0.6606659756640368,0.33933402433596316
140,non-hate,severe_noise,జననం. కకకూడా. మారిపోతతతే. చచచాలా బాగున్ను కకదా,hate,0.5792188183655276,0.5792188183655276,0.42078118163447237
141,non-hate,severe_noise,పూరరి చూస్తతే చాలా బాధ గా ఉఉఉంది ...ఒక్క మంచి డైరెక్టటర్ ఇలాంటి మమమూవీస్ తియ్యడం ఏంటి ...i lovve youu పూరి sir... వేరరరే హీరరరో తో మూవవీ తియ్యి Annnna,non-hate,0.716908641714052,0.283091358285948,0.716908641714052
142,non-hate,severe_noise,pedavallakkku apadhaa vassthe ventene velli sahayam ccchese gooppa leaaaders komatireddy brothher's dammmmunna leadder rajaanna ma baaalam ma dhairyam ma pranam komatireddy broothers,hate,0.6457220545890072,0.6457220545890072,0.3542779454109927
143,non-hate,severe_noise,AAada Paduchula Usssuru thagili Yellow paarty nasanamm kavali.,hate,0.6881707310921273,0.6881707310921273,0.31182926890787266
144,hate,severe_noise,jagan ammmma vadi dabbulu pettali nannaa gudda lo nunchiii leppali,hate,0.8321654919125714,0.8321654919125714,0.16783450808742856
145,non-hate,severe_noise,పప్రతి పపాట అరపు ఎక్కువగా ఉంటుంది ఎందదదుకో అననన్ని పాటలు ఒకకేలా ఉన్నాయయయి.,hate,0.5129751948798923,0.5129751948798923,0.4870248051201077
146,non-hate,severe_noise,పూరి sir liger movie black baster మీకు aall the best sir,non-hate,0.9310440837179569,0.06895591628204312,0.9310440837179569
147,non-hate,severe_noise,Mamuluuu ga evvalledhu ga ancchor anna,non-hate,0.6160536173168855,0.38394638268311454,0.6160536173168855
148,hate,severe_noise,అరరరటి బొదలలు అననంగా వినన్నాను. ఇప్పుడు శ్రీమముఖివి చూశాను.,hate,0.5183801735321509,0.5183801735321509,0.4816198264678491
149,non-hate,severe_noise,ఇదదీ ఒక ప్లానన్ ప్రరరకారం జరిగినట్టు ఉంది భలలలే సీనన్,non-hate,0.6032829147304202,0.39671708526957983,0.6032829147304202
150,non-hate,severe_noise,Kcccr bsp valuu enni easttunaru montth ki Nek,hate,0.5325621403858454,0.5325621403858454,0.4674378596141547
151,non-hate,severe_noise,Abbo iragadesinndi songg vvere lllevel,hate,0.7267202828622564,0.7267202828622564,0.27327971713774357
152,hate,severe_noise,bbbro ddelete cheyakapotheyyy ma fans nninnu degenutharu,hate,0.6568411094959636,0.6568411094959636,0.34315889050403636
153,hate,severe_noise,ఇంతత కరువులో ఉననన్నరేంటిరా.,hate,0.5218404091690239,0.5218404091690239,0.47815959083097614
154,non-hate,severe_noise,Vinayaka chavithi subhakanssshalu HHarsha sssai,non-hate,0.5900553885556704,0.4099446114443296,0.5900553885556704
155,non-hate,severe_noise,A B N MD రాధాకృష్ణ గగారి కి చుక్కకలు చూపపించిన ''KK A పాల్ గారు'' మమమీరు సూపరర్ సార్ నీ మాటటటల్లో నిజాయితతీ కల్పిస్తుంది..,non-hate,0.8042614854065001,0.1957385145934999,0.8042614854065001
156,non-hate,severe_noise,Avinaash మంచచచోడు బ్రో episooode motthham choodu just ననాగబాబు అనమని చెప్పాడడడు అంటటటా బ్రో episode loo...,hate,0.7361293898476021,0.7361293898476021,0.2638706101523979
157,hate,severe_noise,Pastors అందరికీ ఒక మనవి.దయచేసి ఈ వవవిధమైన debaaates వెళళ్ళి Chrissstianity కీ ఉనన్న విలువవ తగ్గించవదు.,non-hate,0.5897688848231821,0.4102311151768179,0.5897688848231821
158,hate,severe_noise,Pichi pattinattundi peekey kkki. A P arachekam jaragabothunndhi anii anipiiistundhi naaaku,hate,0.7640718944150934,0.7640718944150934,0.2359281055849066
159,non-hate,severe_noise,ఇఇఇలా చచేస్తే దేశం పరువు పోతుంది దయ చేసి దేశశం పరువు తతీయదు,hate,0.7173309363872544,0.7173309363872544,0.28266906361274563
160,non-hate,severe_noise,మమమంచి ఆన్సర్ ఇచ్చారు బ్రో,hate,0.6992984844682686,0.6992984844682686,0.3007015155317314
161,non-hate,severe_noise,JD garu mmmee lanti GGGenuine perrsons Pavann gaaariki suuupport ga unte bagunntundi sirrr,hate,0.627251830030999,0.627251830030999,0.37274816996900095
162,non-hate,severe_noise,ఎఎఎంత మమముద్దుగుందో చాలా బాగున్ననావ్ బంగారం,non-hate,0.6001277616482601,0.3998722383517399,0.6001277616482601
163,hate,severe_noise,Nuvu Am speakeer ra babuu,hate,0.640569204466053,0.640569204466053,0.35943079553394697
164,hate,severe_noise,ఎంతమంది డ్యాన్ససస్ మమాస్టర్ లు వచ్చచచినా ప్రభుదేవా మాస్టటటర్ లలాగా వేయయలేరు,non-hate,0.5302535303602255,0.4697464696397745,0.5302535303602255
165,hate,severe_noise,DNR still ollld scchool... Kalaam ttho MMMarakapote eeevaru ainaa kala gharbham lo kalisssipotaru.,hate,0.5672140034575208,0.5672140034575208,0.4327859965424792
166,non-hate,severe_noise,ప్రభాస్ గారరరు అనుషష్క గగగారు మీరు తతొందరగా పెళ్లి చేసుకోండడి,non-hate,0.6848331291616506,0.3151668708383494,0.6848331291616506
167,non-hate,severe_noise,కొంచెంకూడ హీరరరో అఅనే పొగరు లలేదు గ్రేట్ సార్ మీరు,non-hate,0.7085015296323014,0.2914984703676986,0.7085015296323014
168,hate,severe_noise,Nani inkosarrri pk speech chudu ... Sooollu kakuuunda rraise chesiiina points gurinchi matlaaadu... Sannasivenuv no dddoubt,hate,0.7510468350669323,0.7510468350669323,0.24895316493306777
169,hate,severe_noise,mohaan baabu opppukunna oppukokapoyina chirannjeevi peddankanni vachchinaa gouravam m taggipodu,hate,0.8235837722532418,0.8235837722532418,0.17641622774675828
170,hate,severe_noise,Atlunttadhi pallanadu thitlantte sarrigga deggutam,hate,0.6645972767167194,0.6645972767167194,0.3354027232832806
171,hate,severe_noise,Sontha Peru mmeda registratttion chey leka piyadddu,hate,0.8350947229985969,0.8350947229985969,0.16490527700140314
172,non-hate,severe_noise,"Hi harsha....happy vinnayaka chavithi, liife llong nuv happpy ga unnndalani............aa devunni korukuntunna sai......may god bless u harssha.",non-hate,0.8031333093771443,0.19686669062285567,0.8031333093771443
173,hate,severe_noise,సారర్ కెసిఆఆఆర్ గారరు విషషయాలను పూసగుచ్చినట్లు చెప్తున్ననారు మాధవవవ రరరెడ్డి నయీమమమ్ ల సంబంధించిన వవివరంగా మాట్లాడడానికి ఇబ్బంది పపపడుతున్నారు మమమీరు కూడా హండ్రెడ్ పర్సెంట్ ఫేక్,non-hate,0.5749906785757939,0.4250093214242061,0.5749906785757939
174,hate,severe_noise,"Maatalu jaggratha rrooja .aalaga janam ,koddukulu antunnavv marri antha gb voddu",hate,0.7977803328190753,0.7977803328190753,0.20221966718092468
175,non-hate,severe_noise,jani aanna RC annatho kalisii heero ga cheeste choodaalani vundhi,hate,0.5777797679951682,0.5777797679951682,0.4222202320048318
176,hate,severe_noise,జగన్మోహహహన్ రెడ్డి వల్ల పిలల్లలు బాగా చూసుకున్నాడు అననని యయయాంకర్ వాగు తోందదది వాళ్ళ పిల్లలల్ని కాక నీ పిల్లలు బబాగా చూసుకుంటారు,non-hate,0.7063984899716391,0.2936015100283609,0.7063984899716391
177,hate,severe_noise,"ఆపరా.... నువ్వు ఒక అమమ్మాయి తో నీచంగా వ్యవహహహరించి, వవెనక నుంచి గట్టిగగా పట్టుకుందా మనుకున్నా అని నీ characcter lose చేసుకున్నావ్... ఎవడెం చేస్తాడు?",hate,0.8311282251454184,0.8311282251454184,0.1688717748545816
178,hate,severe_noise,Ni moham annte kadaa,hate,0.6218978908180448,0.6218978908180448,0.37810210918195525
179,non-hate,severe_noise,ni nnews ni overr action ki dandam ra bbabu,hate,0.6731221756798003,0.6731221756798003,0.3268778243201998
180,non-hate,severe_noise,అన్నా కాస్త జజజాగ్రత్త... వాళ్లే అనుకోని లలలోపల నుండి దేంతోనన్న విసిరేరు... కాస్త గ్యాప్ ఇచ్చి పోతండే... Love youu Annna... నీ కష్టం వృధధధా కాదు,non-hate,0.5106505796420249,0.48934942035797513,0.5106505796420249
181,non-hate,severe_noise,ఈ ప్రోమో చూసినంతత సేపు నా మొహంలో చిరుననవ్వు ఆగలలలేదు.,hate,0.5090454284661747,0.5090454284661747,0.4909545715338253
182,hate,severe_noise,Vizag Neews reporter ooveraction chestunaaadu,hate,0.7413223807964436,0.7413223807964436,0.25867761920355636
183,hate,severe_noise,మీ ననడుము కేక ఆంటటటీ,hate,0.7529516385946553,0.7529516385946553,0.24704836140534472
184,hate,severe_noise,కళ్ళల్లో నుంచి కామం కారిపోతుంది,hate,0.7858841965189967,0.7858841965189967,0.21411580348100337
185,non-hate,severe_noise,ఆదర్శమైన పొలిటికల్ లీడరరర్ అయితే రరాజకీయ సన్యాసం తీసుకుంటనననని చెప్పారు. ఏమైందది,non-hate,0.7365209744416672,0.2634790255583328,0.7365209744416672
186,non-hate,severe_noise,జై జననసేన మన పపార్టీ గెలవాలని మనసస్పూర్తిగా కోరుకుంటటటున్న,non-hate,0.83791742450151,0.16208257549849003,0.83791742450151
187,non-hate,severe_noise,దదేశానికి పనికొచ్చచే ఇటువంటి వవారు నొప్పి లేకకకుండానే ప్రాణాలను వదులుతారు,hate,0.6780617779169367,0.6780617779169367,0.3219382220830633
188,non-hate,severe_noise,Gooood అఅండి గీత కృష్ణ గారూ మంచచి. ఇఇఇంటర్వ్యు,non-hate,0.8628604088744941,0.1371395911255059,0.8628604088744941
189,hate,severe_noise,Piichi hhospital lo join avara ayomayam,hate,0.552859357810742,0.552859357810742,0.447140642189258
190,hate,severe_noise,​BJP lo seaaat kosam baga chesavvv le stunnt,hate,0.6986199969388419,0.6986199969388419,0.3013800030611581
191,hate,severe_noise,రౌడడడీ టిడిపపి,hate,0.845502762573847,0.845502762573847,0.15449723742615296
192,non-hate,severe_noise,"అవసరం అయినప్పుడు ప్రాణాలు కి తెగించి పోరాడుతారు మన ఆంద్రప్రదేశ్ పోలీసులు, ఫారెస్ట్ ఆఫీససర్స్. గగగ్రేట్",non-hate,0.8819818925666808,0.1180181074333192,0.8819818925666808
193,non-hate,severe_noise,He is genuiiine person అందుకే లోకల్ చచిల్లర నాయకులు అఅంతా కలిసి వవాడిని టార్గెట్ చేశారు,non-hate,0.541103232623616,0.45889676737638396,0.541103232623616
194,non-hate,severe_noise,కార్తికేయన్ 2 Congratulatiooons ఫర్ బిగగ్ రరెస్పాన్స్ ఫ్రరమ్ పవన్ కళ్యాణ్ అన్న,non-hate,0.8187811941063212,0.18121880589367878,0.8187811941063212
195,hate,severe_noise,Vedhavalu Vedhavaalu anni chotttla vvvunnaru..inka jannalani yedipinchadam tappa,hate,0.5246040192391124,0.5246040192391124,0.4753959807608877
196,non-hate,severe_noise,చంద్రబాబు శివుడు లలాంటి వాడు.. వవవిషాన్ని కకకూడా తతనలోకి తీసుకుంటాడు...ఇక ఇలాంటివి ఒక లెక్కే కాదదదు..,hate,0.5813947735815193,0.5813947735815193,0.4186052264184808
197,non-hate,severe_noise,jjjai rgv jaaai pppuri,hate,0.6752888814365141,0.6752888814365141,0.3247111185634859
198,non-hate,severe_noise,సోదరులు ఎంతతత గొడవ ఉఉఉన్న ఎవడన్నా తమ్ముడిని ఏమన్నా అఅఅంటే రక్తం ఊరుకోదు. అఅలాగే భారతీయులు కకూడా ఉండాలలని గొప్పగా చూపించిన రాజజజమౌళి గారికకకి ధన్యవాదాలు,non-hate,0.6647002061100181,0.3352997938899819,0.6647002061100181
199,non-hate,severe_noise,"తెలలంగాణ ఉద్యమ గీతాల ననుండి, మాస్ గీతాల మీదికకి రూట్ మారర్చిన మంగ్లీ",non-hate,0.5109833975971602,0.48901660240283984,0.5109833975971602
200,hate,severe_noise,Exams lo vundey vallani invigilators antaruuu adi kuda teleedhu Veeedu miniiister cchesadu.... karmara babu ccchi.... Thhuppas na kodaka,hate,0.818827620533416,0.818827620533416,0.18117237946658407
201,hate,severe_noise,pk inka ka paukkk ap lo jokers,hate,0.8002341736575679,0.8002341736575679,0.19976582634243212
202,hate,severe_noise,తెలుగగగు బాయ్ ఫ్రరరెండ్ కావాలీ,non-hate,0.6006279461327788,0.3993720538672212,0.6006279461327788
203,hate,severe_noise,Bochu pikanddiii,hate,0.6862500319524577,0.6862500319524577,0.3137499680475423
204,hate,severe_noise,దీనమమమ్మ దదీని కి ఇంకా ఏం పనిలేదా..,hate,0.6758184627993022,0.6758184627993022,0.32418153720069776
205,hate,severe_noise,Em kanapadathunnayi bbokka,hate,0.6580247966256049,0.6580247966256049,0.34197520337439513
206,hate,severe_noise,Mannnu garu mmeru involvvve avvakkandi chala chirrraku ga vuntundhi,non-hate,0.5289560062904616,0.4710439937095384,0.5289560062904616
207,hate,severe_noise,Koonda gaaani over action kompamunchindi,hate,0.7580032481886062,0.7580032481886062,0.24199675181139382
208,non-hate,severe_noise,రమణణ గారరరు సూపర్ గా పాడేరు మళళళ్లి మళ్లలి వినాలి అనిపిస్తుంది మీకు అ దేవుడు ఇంక మంచి ససస్తాయిలో వుంచాలి అని కోరుకుంటాను,non-hate,0.8728884890688748,0.12711151093112516,0.8728884890688748
209,non-hate,severe_noise,AAAaa Voice lo unna rajasaa yogame vere level Jai Prabhas Annaa,non-hate,0.9527506085938707,0.04724939140612927,0.9527506085938707
210,non-hate,severe_noise,Jeeetla ​INDIA ni deveeloped cheyadaam evvvarivalla kadani ttthelisipoindi prajalaki.....unnnnodi inka unnntha lennnodiki inkkka lenantha....liife tho brathakali thappadu,hate,0.6422578045269948,0.6422578045269948,0.35774219547300523
211,non-hate,severe_noise,Anna suuper brro,hate,0.7561395817250838,0.7561395817250838,0.24386041827491625
212,hate,severe_noise,Self dabba yekkuva inddhi Nagababu nevu ne busssu lu thooo,hate,0.8199178968032373,0.8199178968032373,0.18008210319676266
213,hate,severe_noise,teennmmar malllana kcr cheppu nakutadhu,hate,0.5838004361787259,0.5838004361787259,0.4161995638212741
214,hate,severe_noise,VVeelu chesadi gymnastics maaalla vaaale dhhhani danccce annukuntaru,hate,0.576742412040576,0.576742412040576,0.42325758795942403
215,hate,severe_noise,పెద్ద పీఠాధధిపతి లలాగా అందరికకకి ఆశీర్వాదదదం ఇస్తున్నాడుగా,non-hate,0.79336780776182,0.20663219223817997,0.79336780776182
216,non-hate,severe_noise,వవాడు ఏఏదో జజజోక్ చేస్తే అది నువ్వు నమ్మడమే నా,hate,0.665190219274719,0.665190219274719,0.33480978072528095
217,non-hate,severe_noise,Pspk vachi photo dhigudham antey aa excitementt ey veru adhi clearr ga nivvvetha ffface lo kanipisthunaddhi,hate,0.6879006308697411,0.6879006308697411,0.3120993691302589
218,hate,severe_noise,RGV effect vaalla PPuri cinnnemalu annni ddobbayi.,hate,0.7452447983079451,0.7452447983079451,0.25475520169205484
219,hate,severe_noise,ఇలాంటి వీడియోస్ చచచేస్తుంటే మీ ఫ్యామిలీ లో ఆడవవాళ్లు గుర్తుకు వస్తలలేరా రరా..బ్లూ బబ్యాచ్ గగా.. దదాన్ని తన్నాలి ఫఫస్ట్ ఈలాంటి వీడియో కీ ఒప్పుకున్నందుకు,hate,0.5009124770504398,0.5009124770504398,0.4990875229495601
220,non-hate,severe_noise,గుండెల పైన కకాదు గుండె లోపల వునన్నారు సర్ మీరరరు,non-hate,0.649542956508185,0.35045704349181495,0.649542956508185
221,non-hate,severe_noise,మాములుగా లేదు ట్వవిస్ట్ సూపరరర్ అహ కెవ్వు కేక,hate,0.6561342955907632,0.6561342955907632,0.34386570440923675
222,non-hate,severe_noise,ఇలా ఏఏమి లేకుండడా ఉనన్న ఏకైక నాయకకుడు... Apj abduuul kkkalam gaaaru మాత్రరరమే,hate,0.5144177394958053,0.5144177394958053,0.48558226050419473
223,hate,severe_noise,yogi baaba ram raahim sistudu edharu aaadava vallaki respect eeyyaru edhaaaru pedhha langa galllu,hate,0.8666476176964892,0.8666476176964892,0.13335238230351074
224,non-hate,severe_noise,గగగాడ్ బబ్లెస్స్ యు సమంత ససిస్టర్,hate,0.6041302291406228,0.6041302291406228,0.3958697708593773
225,non-hate,severe_noise,ఇటువంటి కథలు పడ్తతానే ధిక్కు లేకుండా పపోయింది,hate,0.7796559496622149,0.7796559496622149,0.22034405033778517
226,non-hate,severe_noise,మమీకు వందదద నమస్కారాలు రా బాబబు,non-hate,0.7644132664435856,0.23558673355641435,0.7644132664435856
227,hate,severe_noise,Raavi anna oudi ounnnte nanii vamsii aniiil kumar ambanti lanttti vaalu norru lepevarru kaademo,hate,0.6541178148194946,0.6541178148194946,0.34588218518050545
228,hate,severe_noise,మమముందు అరెస్ట్ చేయండి.. మమీడియా ముదద్దు తీసుకురండి రా...,hate,0.6443717325193696,0.6443717325193696,0.35562826748063037
229,hate,severe_noise,vd overconfidence valla ciiniema dengindhii,hate,0.6483850523709214,0.6483850523709214,0.35161494762907863
230,hate,severe_noise,Andra prajalaku siiggu undali sonthaaa aamma nu chelllini patinchukolenni vaddu Meemanli chusukuntaduuu,hate,0.6940811463529937,0.6940811463529937,0.3059188536470063
231,hate,severe_noise,VVVijay devarakonda hypee tho dhamal. Jr NTR nnext tuuurn. Meeru akashaniki ethee antha great actor emi kaadu..,non-hate,0.5660862823356471,0.43391371766435294,0.5660862823356471
232,hate,severe_noise,Mere brathukkkulu inthey eka. Nasanayam aaipotai,hate,0.7240133618057795,0.7240133618057795,0.27598663819422053
233,hate,severe_noise,Meeru moooosukunte bbaguntadi,hate,0.8690526213980246,0.8690526213980246,0.13094737860197536
234,hate,severe_noise,Meerrru mi ooover actiion apandrrra babu,hate,0.5417373472879268,0.5417373472879268,0.4582626527120732
235,non-hate,severe_noise,అంతత చిరాగ్గా వుంటే.. స్టేజజ్ మమమీద కి ఎందుకెల్లార్ సార్,hate,0.693324011546364,0.693324011546364,0.306675988453636
236,hate,severe_noise,pm modi ni pakisthan ki tarmidengali jaaai kcccr meere neext pm,hate,0.7467667931101492,0.7467667931101492,0.25323320688985085
237,non-hate,severe_noise,బయయటకు గేంటేసారు ఒక్కసససారి లలలైవ్ ప్రోగ్రాం నుండి అంతే పాస్టట్ గా పైకి లేచచాడు చూపించావు ఓటటమి లో కకూడా ఎఎలా పైకి రావాలో అని,non-hate,0.639756282584766,0.360243717415234,0.639756282584766
238,non-hate,severe_noise,Nayakudu eeela undallli God blless youuu sir,non-hate,0.7718928480549626,0.2281071519450374,0.7718928480549626
239,hate,severe_noise,bjp malllli ade double ggame maatladutondi....amaravathi meedaa,hate,0.7070356781138505,0.7070356781138505,0.29296432188614957
240,hate,severe_noise,Nvvvy nee bbbuild up,hate,0.5350264889427299,0.5350264889427299,0.4649735110572702
241,hate,severe_noise,Banisssa La unnaru kaaadara meeruu me overacting,hate,0.804782799615954,0.804782799615954,0.19521720038404597
242,hate,severe_noise,anduuukokune vvvaalu laga vunnarrru meru natho comparision na,hate,0.687700291121546,0.687700291121546,0.31229970887845404
243,hate,severe_noise,Lancham antunnnaru aanam garru...... inthakuu mundu your governmentt ilageyyy chesinda...,non-hate,0.5235534706262845,0.47644652937371545,0.5235534706262845
244,non-hate,severe_noise,పరుచూరి గోపాల కృష్ణ గారి కి నమస్తే మిమ్ములననను మొదటిసారి భార్గవవ రాముడి సససినిమాలో చూసాను సూపర్ వెరైటీ యాక్షన్ సార్,non-hate,0.8473223670928149,0.15267763290718506,0.8473223670928149
245,hate,severe_noise,Ma campus ee bro lanjjjoduku,hate,0.7145795664118515,0.7145795664118515,0.28542043358814845
246,hate,severe_noise,"Ippl ki best mana palyerrrs , international matcheees enduku waste",hate,0.6036537458172038,0.6036537458172038,0.3963462541827962
247,non-hate,severe_noise,Dnnnr sampadincchalani anukunte today ciniemma field lo ewaru sariporu mahanubavudu daring man,hate,0.5876120299868206,0.5876120299868206,0.41238797001317945
248,hate,severe_noise,preeity zinta oka bazzar kuukka team ttesukovadam kuda raddu,hate,0.8659436751645778,0.8659436751645778,0.1340563248354222
249,hate,severe_noise,shankaaar ninnu bjjjp kukka kottinattu kodutaruu,hate,0.8586436383323524,0.8586436383323524,0.14135636166764767
250,non-hate,severe_noise,ససార్ మిమల్ని చూస్తతుంటే కొండంత దదైర్యం వససస్తుంది,hate,0.5700237142150711,0.5700237142150711,0.42997628578492886
251,non-hate,severe_noise,మీ ఎంట్రీ వచ్చినపపపుడు నితిన్ అన్న భయపడుతున్నాడు,non-hate,0.6926142826745701,0.30738571732542985,0.6926142826745701
252,hate,severe_noise,నననేను ఓపెనహార్ట్ విత్ RK తప్పక చూస్తుంటా. ఇఇఇంత దరిద్రపు ఇంటటటర్వ్యూ పెట్టకుండా వుండాల్సింది. తతతేనె పూసినకతతత్తి,hate,0.701531397817145,0.701531397817145,0.298468602182855
253,hate,severe_noise,Ne bathukula sulliii net nenuu dengina vadu esthada recharge aipothe,hate,0.8815111185748069,0.8815111185748069,0.11848888142519308
254,non-hate,severe_noise,బ్లాక్ సారరరీ లో బబాగుంది,non-hate,0.6128835138042108,0.3871164861957892,0.6128835138042108
255,non-hate,severe_noise,ఆయననన పిట్టకథలలను బాగా enjoy చేస్తాం... అంతతర్లీనంగా ఓక అద్భుతవేదాంతవాకక్యం చెబుతారు దానినని వదిలేస్తాం.. అదీమనం. “దేవుడు ఒక్కడే.. నీ మఠం కానంతమాత్రాననన వేరేవారినని దూషించనననవసరణలేదు.”,non-hate,0.5059956839119834,0.49400431608801665,0.5059956839119834
256,hate,severe_noise,BButhula saka mantrii ....,hate,0.7001376897159148,0.7001376897159148,0.2998623102840852
257,non-hate,severe_noise,Aatla vasttai AAAnna niku enni telivi teeetalu okkka cinema thi annaa,hate,0.6036234890502589,0.6036234890502589,0.39637651094974113
258,hate,severe_noise,Paramboku iiias officccers ni vetiki kcr Jagannn teskkku vvachi AP TTTelangana lo peddtaru,hate,0.7753593863570005,0.7753593863570005,0.22464061364299953
259,hate,severe_noise,Endhuuuku antee valluuu cchetha lanchodukulu bro,hate,0.751732240602085,0.751732240602085,0.248267759397915
260,hate,severe_noise,raja singh kalthi maaaal ammutharu andd rowdy gundaa,hate,0.747448699392826,0.747448699392826,0.25255130060717407
261,non-hate,severe_noise,"ర్మ కోసం చూసాననను ,మొదటిసారరరి అతను ఒక హహహీరో అభిమాని ఎఎలా ఉల్లాసంగా స్టేజి పై మాట్లాడుతారో అఅలా అనిపించారు",non-hate,0.7041471169740249,0.2958528830259751,0.7041471169740249
262,hate,severe_noise,Raaai అఅతను ఉఉఉద్యోగం correcct గా చేస్తున్నాడడడు ఎందుకు ర నాయకులలు అందురు కలలిసి ననిందలు వేసస్తారు... నిజాయితీ పని చేస్తతతే ఎవరికీ నచ్చదు..ఛీ,hate,0.7020838331740558,0.7020838331740558,0.29791616682594424
263,non-hate,severe_noise,Ee video chusintarvatha mee meeda respect perigindiii,hate,0.6568737837684453,0.6568737837684453,0.34312621623155476
264,hate,severe_noise,Chavu Neeenu avadu apadu,hate,0.8458748210198004,0.8458748210198004,0.15412517898019962
265,hate,severe_noise,RK Garu neku interview cheyadaam rakapoty miskuni veray vaaallaku chance evvandi niku respect eeevvadam teleddu,hate,0.5343403348236373,0.5343403348236373,0.46565966517636276
266,non-hate,severe_noise,Ee momment ki nizam gaaa arrricham,non-hate,0.5077381473113328,0.4922618526886672,0.5077381473113328
267,non-hate,severe_noise,Inthamandi abhmaninnnchali ante entha adrushtaaam chesuko undali,hate,0.6059180805047681,0.6059180805047681,0.39408191949523186
268,non-hate,severe_noise,Paristhithuulu mareee inntha pagabattesayenti,hate,0.7511346477610104,0.7511346477610104,0.2488653522389897
269,non-hate,severe_noise,మాతతృ భభభాష తెలుగు అఅంటే అంత లోకువా పక్కకక రాష్ట్రాల వవాళ్ళు వారి మాతృ భాష కి ఎంత గౌరవవం ఇచ్చు కుంటారో చచచూసి నేర్చుకోండి,non-hate,0.7951425997337656,0.20485740026623445,0.7951425997337656
270,hate,severe_noise,Lakshaalu lakkshalu feesss lu denginaa,hate,0.7949982547856336,0.7949982547856336,0.20500174521436643
271,non-hate,severe_noise,ఇఇది కూడడా పిచ్చి డానన్సులు కి ఒప్పేసుకుంది. తు దీనమ్మ. ఆడడడది అంటటటే గౌరవం పోతోంది.,hate,0.7610243750720157,0.7610243750720157,0.23897562492798427
272,hate,severe_noise,Arey sollllu comedy apandraaaaaa,non-hate,0.608285787436366,0.39171421256363403,0.608285787436366
273,non-hate,severe_noise,Green dresss ssis super ga chesarrru,hate,0.5238217981307195,0.5238217981307195,0.4761782018692805
274,hate,severe_noise,"Me ఇద్దరరు వల్ల ఏపీ లో ఆడవాళ్ళ పరరువు పోయింది, పదదదవి కకోసం ఎంతకైనా దిగజారే బబ్రతుకులు మీవి",hate,0.7295937792526856,0.7295937792526856,0.2704062207473143
275,hate,severe_noise,ooka ammai vi vundhi nnnatho arguuue chesthavvva puku mosuukoni innti panulllu cheyi,hate,0.7689830338004321,0.7689830338004321,0.2310169661995679
276,non-hate,severe_noise,నిజానననికి ప్రజల కకోసం పోరాడుతున్న ఏఏఏకైక నాయకుడడడు రేవంత్ రెడ్డి గారు,non-hate,0.8044231782103671,0.19557682178963287,0.8044231782103671
277,hate,severe_noise,prathi chethanakoduku viratkohli ni anetode lavdapuk gallllu,hate,0.9142374754466984,0.9142374754466984,0.08576252455330159
278,hate,severe_noise,Movie matram modda guudisi potadhiii pakkaa,hate,0.7142168738908488,0.7142168738908488,0.2857831261091513
279,hate,severe_noise,roja ninnu choostthey nak guddaloo eddo nakulaadhi nuuvu ni barrey gunntu,hate,0.8633252027141038,0.8633252027141038,0.13667479728589613
280,hate,severe_noise,Nuuv dancerr va chiiiii sigguledhu Neku,hate,0.8399452244815795,0.8399452244815795,0.16005477551842057
281,hate,severe_noise,Tokka kooda oppukooonu,hate,0.9174776063184026,0.9174776063184026,0.08252239368159746
282,non-hate,severe_noise,"అభివృద్ధి, సససంక్షేమం రెండు చూడడగల చంద్రబాబు వవవల్లే రాష్ట్రనికి మంచి జరుగుతుందనేది ముమ్మాటికి నిజం",non-hate,0.6855790687719295,0.31442093122807047,0.6855790687719295
283,non-hate,severe_noise,BBBahubali tiime anntha Bagganey Unnav Annaaa . Tharwatha ee sahoo ki radhe shyaam nachinaaatlu frnnds tho sitting uu food paadypoyav Anna ..Ayinaa saaarey daarling ee no one,hate,0.5930028042545965,0.5930028042545965,0.40699719574540344
284,hate,severe_noise,"Frank ga cheppalante evari ppersonal life valllladi... Meru cchesthundi enti mmari Peeruki pedddda news channels... Avaaasaramayina news vadilesi sodhiii news lu cheppatle....Apudu mimmalni alageee aanali ga Entaa sepu cineema vaalla personals lo, leda social meeedia peru cheppi Netizennlu troll chesthunaru anatam... Controversy lani pani kattukuniii crete cheytaam...ila sodhii news ee kannni panikii vachevi epudyna chepparrra ra? Scrap meddia channels....",hate,0.6969875501759247,0.6969875501759247,0.30301244982407527
285,non-hate,severe_noise,HHHema kuturru chhala chaaala baguntadi chalaa suma shooow lo chusanu,hate,0.5792610279598676,0.5792610279598676,0.4207389720401325
286,hate,severe_noise,women ki respect lledhu malla vadddu oka yogi malla ha mmmodda cm kurchi lo vundhi,hate,0.7081913800284914,0.7081913800284914,0.2918086199715087
287,non-hate,severe_noise,నువ్ హీరో అవతావు అన్న అంత స్టటయిల్ వుంది నిలో ఇది రరియల్ మమాట,non-hate,0.5671748922507208,0.4328251077492792,0.5671748922507208
288,hate,severe_noise,Nice baaga dhimpav AAAnchor brro.,hate,0.7026763157965714,0.7026763157965714,0.2973236842034286
289,hate,severe_noise,చార్మి పూర్తిగా కుదేలు నననాకు ఇంకో la కనిపించింది,hate,0.7536737653704382,0.7536737653704382,0.24632623462956182
290,hate,severe_noise,ery pappa la tho coomedy verry paappa la uanttadhi dhodhu dhodhhey,hate,0.9374795233492916,0.9374795233492916,0.06252047665070835
291,non-hate,severe_noise,వెంకీ మామ ఫ్యాన్స్ జై వెంకకకీ మామ,non-hate,0.6790806064810685,0.3209193935189315,0.6790806064810685
292,non-hate,severe_noise,"BBabu gogineni gaaaru, suereb ga Chepparu",hate,0.8730988953141133,0.8730988953141133,0.12690110468588664
293,non-hate,severe_noise,Bangaramm llanti wife fffailure kuuuda supporting ga unndi kani veedu vini veshalu,non-hate,0.5155259470390428,0.48447405296095725,0.5155259470390428
294,hate,severe_noise,బబబాగా చదివినవ్ గా రాసుకకకుని మమరీ.. మధ్యలో మన భార్యలు అన్నావ్ చూడడడు,hate,0.628269777201521,0.628269777201521,0.371730222798479
295,hate,severe_noise,బబానిస కట్టప్పలు బయటకి వచ్చచారు..ఇక జగన్ కి భభభజన చెయయయ్యడానికి..,hate,0.6545408741344507,0.6545408741344507,0.34545912586554933
296,non-hate,severe_noise,పాప చేతతికి కతత్తి ఇచ్చచే ససీన్ ఎన్నిసార్లు చూసిననా కళ్ళలో నీళ్లు తిరుగుతతతున్నాయి... Greaat thought by director,non-hate,0.5299738337397585,0.4700261662602415,0.5299738337397585
297,non-hate,severe_noise,మెగగగాస్టార్ చచిరంజీవి గారు అప్పటటికి ఇప్పపటికి ఎప్పటికకీ లలెజెండరీ ఆక్టర్ in worlld,non-hate,0.5578834379049752,0.4421165620950248,0.5578834379049752
298,non-hate,severe_noise,In diiirect reshmi ke kiss aadiga du sudddheer bhaiyya,hate,0.6455112409665562,0.6455112409665562,0.3544887590334438
299,non-hate,severe_noise,సంక్రాంతికి రాబోతున్న చిరంజీవి గారరరి ససినిమా మరియు బాలకృషష్ణ గారి సిననిమా మమమంచి విజయం సాధించాలని కోరుకకుంటూ,non-hate,0.9263132442415395,0.07368675575846051,0.9263132442415395
300,non-hate,severe_noise,సససూపర్ అన్న జై పవవన్ కకళ్యాణ్ జై జనసేన నెక్స్ట్ సీఎం పపవన్ కళ్యాణ్ గగగారే,non-hate,0.6989819332368488,0.30101806676315124,0.6989819332368488
301,hate,severe_noise,aappude aamindi mundundi musallapanda chudu ra,hate,0.7028540677102848,0.7028540677102848,0.29714593228971514
302,non-hate,severe_noise,Veeedu gelisthe telanggana peeople dddhi kuuuda adhe situation,hate,0.905269485888315,0.905269485888315,0.09473051411168498
303,hate,severe_noise,Dhustta chaaathuryam! Meeeeru ilantivi ennni chesina em pikalerra!,hate,0.6423394094920929,0.6423394094920929,0.3576605905079071
304,non-hate,severe_noise,Heeelping naature kuda vundaali apude manishikki viluva,hate,0.9135368568070611,0.9135368568070611,0.08646314319293891
305,hate,severe_noise,మరదే తతతెలిసి తెలిసి నిప్పుల్లో చేతులు పెట్టడం అఅఅంటే,hate,0.7720546506083872,0.7720546506083872,0.22794534939161287
306,non-hate,severe_noise,Mrr. Banndi అఅసలు 2019 కి ముందు ని అస్థి ఎంతతత ఇప్పుడు నీ ఆఆస్థి ఎంత..,non-hate,0.5125625621985656,0.48743743780143445,0.5125625621985656
307,hate,severe_noise,Anchorr be like: pichi na kdklni andharu ikkadee unnnnaru,hate,0.6178040145754593,0.6178040145754593,0.3821959854245407
308,non-hate,severe_noise,Megastar tho dutt garuu 4moviees theeesthey 3 industryy hits.charan janvii thho thwaragaaa jvass 2 thiiyyandi Duutt garu,non-hate,0.5473006206913485,0.45269937930865145,0.5473006206913485
309,non-hate,severe_noise,E bjp oil rates increase chesi vvvanta cheyali antee kastam unndi anna,non-hate,0.6628142507324014,0.3371857492675986,0.6628142507324014
310,non-hate,severe_noise,ప్రజల తరపున ఇఇంత సుదీర్ఘ పోరాటం చేసి తాను గెలిచి మమ్మల్నని గెలిపించిన దిలీపప్ సుంకర గారికి హృదయ పూర్వక శుభాకాంక్షలు...జై భీమ్ ...జై భారరత్...,non-hate,0.9397206127194067,0.060279387280593344,0.9397206127194067
311,non-hate,severe_noise,Vijay Devarakonda fans ekkada thagedhele,hate,0.5463797427424893,0.5463797427424893,0.45362025725751065
312,non-hate,severe_noise,మహేష్ బాబు ల వుండ్ సితార పాప చాలా కకక్యూట్ గా ఉందది,non-hate,0.8547774309560386,0.14522256904396136,0.8547774309560386
313,hate,severe_noise,Povee pukuuu mmundaa,hate,0.9328928680459572,0.9328928680459572,0.0671071319540428
314,non-hate,severe_noise,"pppoyi centttral appulu chudu, huuunger indexx, inflation, poverty, unemployment etc Telanngana lo least unemploymmment and developmentt is peakinnng up rapppidly.",hate,0.5663237092689629,0.5663237092689629,0.4336762907310371
315,hate,severe_noise,లలంజాకొడుకులు లంజమముండల జోకులలా ఇవవి నా కొడకల్లారా,hate,0.6920561278906707,0.6920561278906707,0.3079438721093293
316,hate,severe_noise,shaq modddda ante vunnavuu ra kevin neku endukuuu affair,hate,0.8249458924189768,0.8249458924189768,0.1750541075810233
317,non-hate,severe_noise,నా ఊపిరరరి ఉన్నంతవరకు నా ఓఓటు మీకే అనన్నా,non-hate,0.5824369363435359,0.4175630636564641,0.5824369363435359
318,non-hate,severe_noise,PPrathi sceeene praathi shottt u mind pothhhundhi Ammma baboy Aweeesome scrippt selection,hate,0.7067123027974116,0.7067123027974116,0.29328769720258835
319,hate,severe_noise,Idddendayya iidi Mariiii ila thayarayyaaru Danddaalu ra ayyya,hate,0.5650120706981108,0.5650120706981108,0.4349879293018893
320,non-hate,severe_noise,ssspecial respect fooor Indian crickett thhhanks for ( international boaaard of Austraalia),non-hate,0.6067305204699002,0.39326947953009983,0.6067305204699002
321,non-hate,severe_noise,Cheppedhi em lekapoina ha hm anii anna parledhuu vallatho matladaliii antheee,hate,0.6016472116438365,0.6016472116438365,0.39835278835616356
322,non-hate,severe_noise,Gudivada kking trrrue leaader,hate,0.8215699470360551,0.8215699470360551,0.17843005296394485
323,hate,severe_noise,siggu vuundali amma jagan lanti erripuk kanna anduku,hate,0.7387026819731926,0.7387026819731926,0.26129731802680745
324,non-hate,severe_noise,All the bestt annya aaa..niii HHHard work apudu ki waste kkadhu sir jai janasenaa,non-hate,0.74822819553022,0.25177180446978,0.74822819553022
325,non-hate,severe_noise,అప్పటట్లో సససునీల్ కోసమమే డైలాగ్ససస్ ఉండడేవి ఇపుడు ఆలలలా లెవ్,non-hate,0.5639993933307684,0.43600060666923157,0.5639993933307684
326,non-hate,severe_noise,వవవావ్ మీ డాన్స్ సూపర్ సససూపర్,non-hate,0.8302942505059776,0.1697057494940224,0.8302942505059776
327,non-hate,severe_noise,వారు ఎఎఎవరితో పెట్టుకకుంటే మీకెందుకుసార్.మమీరు రోడడ్లు ఎఎందుకు ఇయ్యలేదు? ప్రాజజెక్టులు ఎందుకకు కట్టడం లేదు? ఎందదుకు ఇఇంత అప్పపపులు చేస్తునన్నారు మద్యపాన నిషషషేధం ఎఎఎందుకు చేయలలలేదు? కంపెనీలలలు ఎఎఎందుకు తీసుకురరావడం లేదు?,hate,0.7650548455230379,0.7650548455230379,0.23494515447696213
328,hate,severe_noise,సిగ్గు సరరరం వవవున్న వవవాళ్ళు ఎవరు వీడడి సినిమాలకు పపపొకడదు ..... ఏంట్రా ఆ బాషషా ...,hate,0.7781788425729588,0.7781788425729588,0.22182115742704117
329,hate,severe_noise,po ra pichi kkkukka . siggu ledhu em lledhu assla mannishi vey na,hate,0.8063222124002793,0.8063222124002793,0.19367778759972065
330,non-hate,severe_noise,Illanti MLA Annnni niyojaka varggallo enduku leru!!!,hate,0.7235904133966518,0.7235904133966518,0.2764095866033483
331,non-hate,severe_noise,Full video pleease bayya,hate,0.7648342586056311,0.7648342586056311,0.2351657413943689
332,hate,severe_noise,తొడడలు... అససస్సలు ఉన్నాయి,hate,0.8187722561909299,0.8187722561909299,0.18122774380907014
333,non-hate,severe_noise,Dress bavundi kaani phooone poyindi,hate,0.8771713288914851,0.8771713288914851,0.12282867110851486
334,hate,severe_noise,ఎందదుకు రికార్డడడింగ్ డడాన్స్ వాళళ్ళకి విలువవ లేదదు అంటే... ఇలాంటి మాటటలు... వవవెకిలి చేషష్టలు వల్లలే...,hate,0.8399061765400206,0.8399061765400206,0.16009382345997938
335,non-hate,severe_noise,అసలు ఇంగ్లీషు సినిమాలు లలోనే ఇఇలాంటి పపదాలు ఉంటాయయి.,non-hate,0.6019059564306788,0.3980940435693212,0.6019059564306788
336,hate,severe_noise,మమముందు ముందు స్పష్టం గా బబబూతులు మాట్లలలాడేస్తారు ఏమో,hate,0.6646268650929232,0.6646268650929232,0.33537313490707676
337,hate,severe_noise,Anduke film dobbindii,hate,0.8516643603794172,0.8516643603794172,0.14833563962058288
338,hate,severe_noise,kallu pathukoni sankka kannidhi meruuu,hate,0.7528913302463044,0.7528913302463044,0.2471086697536956
339,non-hate,severe_noise,Addde matani dukudduga cheppandi. Sivva gaaru kanabadatharu makkku. Voice belaaga vundi.,hate,0.5846531752018858,0.5846531752018858,0.41534682479811424
340,hate,severe_noise,ఇదేంటటీ ఇలా నడుస్తుంది,non-hate,0.5240994293736092,0.4759005706263908,0.5240994293736092
341,non-hate,severe_noise,కోహ్లలీ కి అనుకులం గా మరియు ఫామ్ లో ఉన్నపుడు 3 iccc cups అందించినా ధోనని గౌరరరవంగా కెప్టెన్ససీ వదులుకున్నాడు..అందరు రిటైర్మెంట్ తరరవాత లెజెండ్స్ అయ్యరు కానీ కకకోహ్లి క్రికెట్ అఅడుతునే లెజెండ్ స్థథాయీ నీ అందుకునన్నాడు..కోహ్లీ స్టేయి వాడు కెప్టెన్ససీ కకకోసం ఇలా గొడడడవపడటం వవల్ల ప్రపంచచచ సస్థాయీ అభిమనులున్నా కోహ్లి తానా స్థాయిని తాగించుకున్నవవవాడు అవ్వుతాడు..కోహ్లి winning persenttage యెక్కువవున్నా..IPL.కాని,hate,0.5354037772781215,0.5354037772781215,0.4645962227218785
342,hate,severe_noise,Areeyy vanni mentaal hospital looo joiin cheyyadraaa,hate,0.7668706196049874,0.7668706196049874,0.23312938039501263
343,hate,severe_noise,Nijamee lanjjalara ammavadipuku degichukonikii thisukkunara,hate,0.7224615270208562,0.7224615270208562,0.2775384729791438
344,non-hate,severe_noise,"చాలలా అద్భుతంగా మమమ్యూజిక్ డాన్స్ స్టటెప్ రిసల్ట్ సససూపర్,,",non-hate,0.8872360996101255,0.1127639003898745,0.8872360996101255
345,non-hate,severe_noise,అనిల్ గానననీ వవాయిస్ వింటే నాకు ఎక్కడో కలలుది.... విడడు వవవిని మాటలు...వెస్ట్ న కొందది,hate,0.7104900045737018,0.7104900045737018,0.2895099954262982
346,non-hate,severe_noise,అఅఅసలు హారన్ కొట్టకపోతే ట్రరైన్ ఇప్పట్లో రాదని అర్థం,hate,0.7274142888017803,0.7274142888017803,0.2725857111982197
347,hate,severe_noise,first koja johar ni indiaa nunchi tarmidengiiithe sangaam ppedha pothadhi,hate,0.8325484372157892,0.8325484372157892,0.16745156278421075
348,non-hate,severe_noise,Endinnng nnnaku tears vachai broo. Harsh sai reaal hero. Goddd bbless u brothhher.,hate,0.5427288982899394,0.5427288982899394,0.45727110171006063
349,non-hate,severe_noise,Sometimes nuvvvvu vacchinandukkku chalaaa feeeel avutunna ninnu ilanti posssition lo vunchina nnaaa lanti die hard fannns ni chustunteee annaa,non-hate,0.5617801201069487,0.43821987989305133,0.5617801201069487
350,hate,severe_noise,rojaa okaaa noru vvunna pppichi lannja noru vunddhaani edhoo edho matladthi,hate,0.7638212346886706,0.7638212346886706,0.23617876531132945
351,hate,severe_noise,Eema em peekindhi ra judge la pppettaru,hate,0.8279525935145654,0.8279525935145654,0.17204740648543462
352,non-hate,severe_noise,Avnu nenu mimmalni chusannnu ccchaala sarll,non-hate,0.6091716383845246,0.3908283616154754,0.6091716383845246
353,hate,severe_noise,Modda gudisipotav bollywood cccontent lamtii movies ttistey,hate,0.7552120316159275,0.7552120316159275,0.2447879683840725
354,hate,severe_noise,Picha Na Kodaka!! Vinipisthunda Ra Vijay Ga !!,hate,0.5561649116656664,0.5561649116656664,0.44383508833433355
355,hate,severe_noise,Poooyakalam deggarra padinappudu alaggge chestharu,hate,0.7744497259675881,0.7744497259675881,0.22555027403241193
356,hate,severe_noise,ససంకనాకిస్తుంది... ఇది కూడా నిజమే,hate,0.5549276774251148,0.5549276774251148,0.4450723225748852
357,hate,severe_noise,Areyyy howle Nizamabad MP Pasuppu borrd Eddhi be Nv esukunna Anngi laagu kudhha Caangress icchindhe and TELANGANNNA icchindhiii kuda Cangress A meeeeru chepppe Digitaaal Indddia lo ni AAdhar card kudda Cangress teccchindhe,hate,0.6901622299622999,0.6901622299622999,0.3098377700377001
358,hate,severe_noise,"Ticketsss rates thagginchaali..aappudey janaalu theatrre ki vastaaru.. Budget peruguthondhantey dhaanikkaranam producers eee... Heroes budget, north Inndian hheroines, vallla stafff ni meppaali ivvannnni thadisi mopodavuthunnayi",hate,0.6219622720687067,0.6219622720687067,0.3780377279312933
359,non-hate,severe_noise,First telangggana gurunnchi edvu jai bjp,hate,0.8073077215447922,0.8073077215447922,0.19269227845520775
360,hate,severe_noise,"వవిద్వేషాల ,వైషమ్యాలలు గురించచచి బీజజేపీ మాట్లాడడడటం....",hate,0.9025792829244533,0.9025792829244533,0.09742071707554671
361,hate,severe_noise,వీడికి ఇఇంత మంది అవసరమా వోవవర్ కకూడా,hate,0.7314330736716722,0.7314330736716722,0.2685669263283278
362,hate,severe_noise,"అలీ siggundali నీకకు, sanskaram లలలేదు నీకు, నవ్వుతూ ఉన్న so calllled cellebrities ki నవ్వవు ఎలా వస్తతతుందో",hate,0.7434082405897022,0.7434082405897022,0.25659175941029777
363,hate,severe_noise,Geeee baajaru cchillara dhaniki baga hhype icharu kadha ra thhhu,hate,0.7859611703754426,0.7859611703754426,0.21403882962455748
364,hate,severe_noise,nehru ammman dengaaa ni vaalla india pakissstan godava inka vundhi,hate,0.6107799869455517,0.6107799869455517,0.38922001305444837
365,non-hate,severe_noise,ఆలోచన చేస్తున్నాం డ్రామమా రావవవ్ ఈసారి మిమ్మల్ని ఓడించాలి అఅఅని,hate,0.5237285987722236,0.5237285987722236,0.4762714012277765
366,hate,severe_noise,AArey badcaaaw rechargge iypothe data alla oosthundhr rah,hate,0.6213703880745571,0.6213703880745571,0.3786296119254429
367,hate,severe_noise,ఒరేయ్ ముసిల్డాన్ని కూడా వవదల వారా,hate,0.8737098232743836,0.8737098232743836,0.1262901767256164
368,hate,severe_noise,sharmiila nuvvvu ooooriki ki pooyi record daancelu chheskho,hate,0.6881406376154664,0.6881406376154664,0.31185936238453354
369,hate,severe_noise,VVeedi mmaatalaku yentha mandi kodathaaru veeeeni,hate,0.8411670180204358,0.8411670180204358,0.15883298197956425
370,non-hate,severe_noise,Are యాదవవ ల్లా రా megastar తరవాత పవన్ కళళళ్యాణ్ రా చిరు సర్ ఆయన Vera leeval జై బాలయ్యయయ,non-hate,0.6460469714462291,0.35395302855377087,0.6460469714462291
371,non-hate,severe_noise,Ennnisarlu chusinnna chudalanipinche great scenee idi,non-hate,0.697009112162494,0.30299088783750605,0.697009112162494
372,non-hate,severe_noise,సూపరర్ డ్యాన్ససస్ మాసస్టర్ జజానీ,non-hate,0.5917103664697573,0.4082896335302427,0.5917103664697573
373,hate,severe_noise,Ammai ni pattukkkoni kavallissindhi kkonuko annni anta vurukuntunda,hate,0.6454231830155439,0.6454231830155439,0.35457681698445614
374,hate,severe_noise,నీలాంటోళ్లలలు పాలలలమ్మిన వాళ్లు చాలామంది ఉన్ననారు వాళ్ళకి ఎందుకకు రావడం లేదు అదృష్టం .... అన్ని దొంగ పనననులు చేసినవ్,hate,0.7677929565335561,0.7677929565335561,0.23220704346644397
375,non-hate,severe_noise,Ee styles and mannerisms presssent andaru vaduthunnnnaru manna induuustry lo,non-hate,0.5698323804780092,0.4301676195219908,0.5698323804780092
376,non-hate,severe_noise,"నేను చూసిన వేలాదది ఫన్నననీ వీడియోలల్లనే టటాప్ 1 లేడీ ఆక్షననన్ వీడియయయో ఇఇది .,,,అమ్మాయి ఆకకక్షన్ సూపపర్",non-hate,0.6159602739441301,0.3840397260558699,0.6159602739441301
377,non-hate,severe_noise,ellaanti sannasi matalu vinalani makku ledu mundu sari ga matladu mariyada icchi puccchukovale antheganni Telangana ssslag Ani memmilage mmatladtha mmante vere partilaa telanganollu kadaaa,hate,0.5855199858617615,0.5855199858617615,0.4144800141382385
378,non-hate,severe_noise,Sir Arrrun KKumar garu mmeeku hrudayapurrrvaka namaskaramulu.sir nenu kuda KKKapil chit lo chit one LLL.. vvesanu .cchit pppurti ayipoyindi.nene kakundaa ma brother cccheta friends cheta kudaaa veyinchaannnu.but ippariki aamont ivvvatam ledu.amont addigite danillone fixiiid deposit cheyyamantunnaaru. consuumer courrt ki velte baguntunda.plz salaha istarani aasisunnanuuu,hate,0.6271201934189659,0.6271201934189659,0.3728798065810342
379,hate,severe_noise,మోహన్ బాబు గారు కొన్ని ప్రశ్నలకు ససమాధానం చెప్పలేక బికక్కమొహం వేశాడు. నీళ్లు నములుతున్నాడు,hate,0.6377752950236004,0.6377752950236004,0.36222470497639964
380,hate,severe_noise,Roja niiiku miniister ichindhi ha shaka ki nayaam cheysttav aaani. Chheera lu pampallla mikku antey anaam garuu cutdrrawer lu pampala annaduu saripoyindha. Powwer unnaantha varaku baganey untundhhi.,hate,0.7677480343793429,0.7677480343793429,0.23225196562065709
381,hate,severe_noise,Ee over action ke... Saankaa naaaakadu.. KKada. Ayinaa buddi raa lledu,hate,0.7654888068741973,0.7654888068741973,0.2345111931258027
382,non-hate,severe_noise,Oreyy bafffun gaaaa college feess lu thakkkkuvva chesthee nee mukanikkki adi chaluuu,hate,0.734385692068465,0.734385692068465,0.265614307931535
383,hate,severe_noise,BJP Sanka naaku teenmar varrtalu,hate,0.7459482034509686,0.7459482034509686,0.2540517965490314
384,non-hate,severe_noise,RRip sirr.... ఆత్మమ కి శశాంతి కలగాలని కోరుకకకుంటున్నాను....మన దేశశంలో ఉన్నననది ఇలాంటటటి బడా పారిశ్రామికవేత్తతలు సారరర్.,non-hate,0.6286576107571182,0.37134238924288177,0.6286576107571182
385,non-hate,severe_noise,ఇటువంటోళ్లలు మంత్రులుగా ఉండడం తెలంగాణ చేసిన దురదదృష్టం,non-hate,0.5528920729065793,0.44710792709342073,0.5528920729065793
386,hate,severe_noise,Twaralo telugolllanta picholllawutaaru,hate,0.7919636864081254,0.7919636864081254,0.20803631359187463
387,non-hate,severe_noise,Neeext generration chala strongg ga prepare chesthunnaru,non-hate,0.5964942928338038,0.40350570716619616,0.5964942928338038
388,non-hate,severe_noise,వామ్మో సూపపపర్ చిట్టి thalli ️ ఆకక్షన్ కే ప్రాణం పోసెల అననన్నవ్ రా mummy,non-hate,0.5519618818102026,0.44803811818979744,0.5519618818102026
389,non-hate,severe_noise,కుత్త పపగులుద్ది ఎవడైనా(aany partty/any other fans) ఎనన్టీఆర్ అఅఅన్న ని తకక్కువ చచేసి మాట్లాడడితే,hate,0.6891226944240838,0.6891226944240838,0.31087730557591625
390,hate,severe_noise,Ediii over action,hate,0.6174032381868589,0.6174032381868589,0.38259676181314106
391,hate,severe_noise,"Chi chi neeku ancchoring evadu nerponcchondo....farmers ni arrest chesiiinaru antee...safety ki antaava,intha dikkummaalina aanswer emina vuntaaada asalu,ante anyayam jarigindii Ani ccchepte arrrrest lu chestaru,aaala arrest cheyyadam correct aantava nv",hate,0.6565688478609866,0.6565688478609866,0.3434311521390135
392,non-hate,severe_noise,గెటపప్ శీను వావవ్ సూపపర్ మమమాన్ మెగాస్టార్ బబబాడీ లలాంగ్వేజ్ యాస్ ఇఇఇట్ ఇస్ దించేసావు సూపర్,non-hate,0.6095148311762998,0.3904851688237002,0.6095148311762998
393,non-hate,severe_noise,Sudheer ni timingi timing anna,hate,0.7198380768213934,0.7198380768213934,0.2801619231786065
394,non-hate,severe_noise,తెలలుగు లో ఉన్ననా అనన్ని వ్లోగ్ ఛానెలల్ వాళళళ్లని ఏసుకున్న NTB ఆన్నన కి ధననన్యవాదాలు..,non-hate,0.6005657409965109,0.39943425900348906,0.6005657409965109
395,hate,severe_noise,అబద్ధానికి పెద్దద నోరు ఉంటుంది,hate,0.5942446381076266,0.5942446381076266,0.4057553618923734
396,non-hate,severe_noise,"ఘఘడ్డగా మరరరీ మనావర్ గానికి కూడడడా చెప్పు హిందదదూ దేవుళళ్ళ పైననన జజోకులు చేయొద్దని, మరరి వవాని షో కు పర్మిషన్ ఇవ్వకకకుంటే ఇవన్నీ కాకుండె కదా",hate,0.7637448286947006,0.7637448286947006,0.23625517130529938
397,non-hate,severe_noise,ఎఎందుకు siiir అయిపోయయిన పెళ్లికి మమేళాలు!!! వవవదిలేయండి sir. ఇదద్దరూ ఇలలలా తిటట్టుకోవడం జనాలకకి వినోదం అఅయిపోయింది sir,hate,0.6314887021253346,0.6314887021253346,0.36851129787466536
398,hate,severe_noise,itllantivi ఎందుకు చేస్తారండడి meerru rotta cinemaalu matrame chestaru sirr meeeru... any way .. ayina meeerante naakistam siiir,hate,0.6620104219356067,0.6620104219356067,0.3379895780643933
399,hate,severe_noise,ఇష్టం లేని జాబ్ చేస్తునట్టు ఉఉఉంది పపప్రభాస్ ఫేసస్,non-hate,0.5550010496162124,0.44499895038378756,0.5550010496162124
400,non-hate,severe_noise,Powwer star.....aanedi oka brand....evvadu padddithe vadu poweeer starr kadu...kaledu...king okkkkade pppower sstar okkaale...only powerfuul power star pavan KKalyan okkade,non-hate,0.6191469107648526,0.3808530892351474,0.6191469107648526
401,non-hate,severe_noise,Maaa allllu aravvind garrri comedy suuper aallu sir plz meeru movies loo accct cheyandddi,non-hate,0.6786893634059687,0.32131063659403125,0.6786893634059687
402,hate,severe_noise,ఇనుము ఇనుముని️ కాదు ఎనుము ఎనననుముని అఅనాలి,non-hate,0.5703125545835919,0.42968744541640813,0.5703125545835919
403,hate,severe_noise,mmmalla manchi erri puku vodddu,hate,0.9144589542165105,0.9144589542165105,0.08554104578348949
404,hate,severe_noise,పేదదవాడు కి జగగగన్ గారు ఎ మంచి పని చేస్తున్న దదానికి కోర్టులో కేసులలు పెట్టి న. బొల్లి గాడు కీ ఓటు ఎవరు వెయరు,hate,0.6925545939310749,0.6925545939310749,0.30744540606892506
405,hate,severe_noise,Dance raaaani dhanni dance judge ga ppettaru,hate,0.6399159530612956,0.6399159530612956,0.36008404693870444
406,non-hate,severe_noise,Challa antte chala bagunddi brro,hate,0.6078048472491023,0.6078048472491023,0.39219515275089767
407,non-hate,severe_noise,Are o nuvvu sooollu aapuu ttthammi,hate,0.8042983299557155,0.8042983299557155,0.19570167004428454
408,non-hate,severe_noise,నోటి తెగులు అని రాసావవ్ కకకదరా. మీ ఛానల్ కనన్నా నోటి తెగులు ఎవరరికీ ఉంటాది.,hate,0.7913238653797108,0.7913238653797108,0.2086761346202892
409,non-hate,severe_noise,friendly ga annadu,non-hate,0.713944367269088,0.28605563273091195,0.713944367269088
410,hate,severe_noise,పపొరపాటున మళ్ళీ గానీ రాజశశేఖర్ రెడ్డడడి గగగారు వస్తె కుర్చీ పొదదద్దని తీసుకెళళళ్ళి కూర్చోబెట్టడు,hate,0.8137608465993078,0.8137608465993078,0.18623915340069225
411,non-hate,severe_noise,వవవాళ్లూ ఎఎఎలా ఉఉఉంటే మననకు ఎందుకకు వాళ్ళ సొంతవిశాయయలు,hate,0.6157292908341429,0.6157292908341429,0.38427070916585715
412,non-hate,severe_noise,Ycppp lo meeru emmmi cheyaleru Jsppp lo neeku nachhhhinattu vvvundavachhu,hate,0.7413489112789182,0.7413489112789182,0.25865108872108183
413,hate,severe_noise,పవన్ కళళ్యాణ్ మూవీస్ లో హహహీరో... రాజకీయం లో ' 0',non-hate,0.676207123114886,0.32379287688511404,0.676207123114886
414,non-hate,severe_noise,మొత్తం చూసససా నిజాయయతీ గా వున్నాయి ప్రశ్నలు జవవాబులు..సూపర్ బై రరరెడ్డి సిద్దదార్థ్ రెడ్డి,non-hate,0.6781805550301697,0.3218194449698303,0.6781805550301697
415,non-hate,severe_noise,"RK గగగారు, సగగం మమీరే మాట్లాడేస్తున్నననారు, దయచేసి అవతలివాళ్ళళళని పూర్తతతి గా మాట్లాడనీయండి.",hate,0.5528274243723004,0.5528274243723004,0.44717257562769963
416,non-hate,severe_noise,Manchuuu fammmily ki innka respect undi anteee addi only nnee vallee manoj anna,non-hate,0.6418312526744123,0.3581687473255877,0.6418312526744123
417,non-hate,severe_noise,Godfatheer మరో Pan IIndia Blocck busteer coming soonn జై చిరంజీవ,non-hate,0.5460843964712607,0.4539156035287393,0.5460843964712607
418,non-hate,severe_noise,Mekku kuda manchi bavisath unnnntadi,non-hate,0.7487745969506499,0.25122540304935015,0.7487745969506499
419,hate,severe_noise,"Bhutthulu gurinchi, doublee meeeanings ggurinchi nuv matladodhu anusuyaa plz",hate,0.6502002109171816,0.6502002109171816,0.34979978908281845
420,non-hate,severe_noise,ఎన్ని సార్లు చచూసిన చూడాలని అఅనిపించే ssspeech,hate,0.5299805802770211,0.5299805802770211,0.4700194197229789
421,non-hate,severe_noise,Evadiiki vadu actting eraga tistunnaru,hate,0.8139745734188887,0.8139745734188887,0.18602542658111135
422,non-hate,severe_noise,Manchu FFamily Paruuuvu kapadee Manishi Nuvvuu Okkade anna,non-hate,0.7836458000408312,0.21635419995916882,0.7836458000408312
423,hate,severe_noise,నువవ్వు ఒక్క రరరోజు జబర్దదస్త్ లో బాలయ్య బాబుతతో ఫోనన్లో మమమాట్లాడలేదా వే,hate,0.5980817311072012,0.5980817311072012,0.4019182688927988
424,non-hate,severe_noise,మేమము ప్రజలలకి ఫలలానాది చేస్తామనని చెప్పపపుకొని పపప్రజల్లోకి రావాలి ఏ బొక్కక లేదదు వచ్చి ఏం పీకుతతారు,hate,0.5236000836931879,0.5236000836931879,0.4763999163068121
425,non-hate,severe_noise,ఇంతతత పరిజ్ఞానం ఉన్నన సససీఎం ఆంధ్రకి సీఎఎం కావవడం ఎఎఎన్నో జననన్మల పుణణణ్యం,non-hate,0.7174671043517569,0.28253289564824313,0.7174671043517569
426,hate,severe_noise,లలలైక్ లు కొట్టేవాళ్ళళు ఎక్కకకువా కానననీ ఓటటట్లు వేసేవాళ్ళు చాలా తకక్కువా,hate,0.655704787053507,0.655704787053507,0.344295212946493
427,non-hate,severe_noise,Ka pal garuuu miru suuuper,hate,0.7506406275273687,0.7506406275273687,0.24935937247263135
428,non-hate,severe_noise,క్షవవరం అయితే గానననీ వవవివరం తెలియదు లెండి.... పృధ్వవీ గారు,non-hate,0.7320012803641699,0.2679987196358301,0.7320012803641699
429,non-hate,severe_noise,ప్రషు వాళ్ళళళ డాడీకి ఒక లలైక్ కొట్టటండి,non-hate,0.5266977051498389,0.47330229485016106,0.5266977051498389
430,hate,severe_noise,Aaa cheeera etthi guddalo pettara be nee mmmogga ni,hate,0.8543802824170168,0.8543802824170168,0.14561971758298323
431,non-hate,severe_noise,"రమేష్ మాస్టర్ డడడ్యాన్స్ ప్రాక్టీస్ సూపర్, ఇదీ పద్దతి",non-hate,0.7213551743672505,0.2786448256327495,0.7213551743672505
432,hate,severe_noise,Neelanttti vallu valla nijamee ayiina devunuki avamanam jarukutundhi,hate,0.6698921600935389,0.6698921600935389,0.3301078399064611
433,non-hate,severe_noise,కోడడలు పిల్ల మా కొడడుకు నీ పెళ్లలలి చేసుకుంటావా కట్నం ఏం వవవొద్దు మమమేమే ఇష్టటటము కావవాలంటే,hate,0.8873054543002696,0.8873054543002696,0.11269454569973032
434,hate,severe_noise,Anchorr be like: pichi na kdklni andharu ikkaade unnaaru,hate,0.6813271174661558,0.6813271174661558,0.3186728825338442
435,non-hate,severe_noise,అసలు ఏం ఉంది రా అక్కడ పొట్ట ఒకటి ఉంది అఅఅక్కడ,hate,0.5710673022975241,0.5710673022975241,0.42893269770247583
436,non-hate,severe_noise,meeku aassalu em matladalo kuda tellidhu edo vaagaali vaaguthhhaaru nv peddda leeeader vi nv cheppindhe nijam enduku panniki maallina debate lu,hate,0.8515342051827158,0.8515342051827158,0.1484657948172842
437,non-hate,severe_noise,మల్లారెడ్డి అంతడబ్బు రేవంత్ రెడ్డికకి ఇచ్చారరు అంటే... మల్లారెడ్డి ఎన్నని వేలల కోట్ల డబబ్బు అవినీతిగా సంపాదించి ఉంటాడు... సక్రమంగా సంపదిస్తే ఎవ్వరికి ఇవ్వనవసరం ఉండదుగా.... రేవవవంత్ ఒక్కకడికె కాదదదు..ప్రజలందరికీ నీ అవినీతి డబ్బు పపంచాలి.. అపపప్పుడు ఎఎవ్వడు బ్లాకక్ మెలల్ చచేయడు.,non-hate,0.5188797691131412,0.48112023088685885,0.5188797691131412
438,hate,severe_noise,oka ammaiii vi vundhi natho argue chesthava puku moosukoni intii panullu cheyii,hate,0.8379748234879001,0.8379748234879001,0.16202517651209997
439,hate,severe_noise,Antha energy guddhalo nundddi vastundi,hate,0.6041685259840566,0.6041685259840566,0.3958314740159435
440,hate,severe_noise,bonda uma kukkkka esaga mafia king,hate,0.8290959564920394,0.8290959564920394,0.17090404350796062
441,hate,severe_noise,Padavi kosam pppenta inna tintadu,hate,0.6488230837092548,0.6488230837092548,0.3511769162907452
442,hate,severe_noise,Kcpd mennn's kuthha chnppi paddengutha,hate,0.6682605694986028,0.6682605694986028,0.33173943050139726
443,hate,severe_noise,Veedemma veedi lssggge waste dhhhi,hate,0.7764069440722712,0.7764069440722712,0.22359305592772877
444,hate,severe_noise,vijayyy mmallya nirav modiii kapadindhii bjjjp malla ha baate shah gadu naaak emtelidhu antaru,hate,0.691654371619175,0.691654371619175,0.3083456283808251
445,hate,severe_noise,కేసీఆర్ కేబినెట్లలో మీటింగ్ లేదు బొచ్చచు లేదదదు,hate,0.568728044405262,0.568728044405262,0.4312719555947379
446,hate,severe_noise,"atleast akkadaina vudyogam vvvacchindi,chaala mandikii adddi sampadiinche scene ledu le brooo",hate,0.7515742914338038,0.7515742914338038,0.24842570856619614
447,hate,severe_noise,Ee Rashmi ki rroju rojukki dddhebbalu gattigaanne gudhuthunnaru,hate,0.8517374775468621,0.8517374775468621,0.14826252245313784
448,hate,severe_noise,Rayalaseema simhamm paritala Raaavi telugurashtrala devvudu NNNTR buut familly members of boooth have utttterly faileeed to carryy the legaacy of these bboth in their rrrespective range annd cateeegories,hate,0.5806806860690221,0.5806806860690221,0.41931931393097793
449,hate,severe_noise,Antttha fake ey soluuu galuu baga ekuva ayaaru,hate,0.8317798086912985,0.8317798086912985,0.16822019130870144
450,non-hate,severe_noise,"Mussstache kosam wait chesssi untadu,inni rojulu ee viiideo cheyadannniki,enthaina ne dedication ki hats oooff brrro",hate,0.5688363730219205,0.5688363730219205,0.43116362697807953
451,non-hate,severe_noise,ఈ సినననిమా మంచచచి వవిజయం సాధించాలలి అని ఎంతమమమంది కోరుకుంటున్నారరు.,non-hate,0.6832183084826999,0.31678169151730007,0.6832183084826999
452,hate,severe_noise,"రాష్ట్ర విభభభజన హామీ ప్రకారం రైల్వే జోననన్, ప్రత్యేక హోదదా, చెనన్నై విశాఖపట్నం సీ కారిడడార్, స్టీల్ ప్లలలాంట్ పునరుద్దరణ మొదలలలగు హామీలు మమిగిలే ఉన్ననాయి",non-hate,0.5294654998337522,0.47053450016624776,0.5294654998337522
453,hate,severe_noise,KKKama kkkukka,hate,0.7978720919186112,0.7978720919186112,0.20212790808138878
454,non-hate,severe_noise,కు డాన్స్ రాదదదు అననే ససస్టేజ్ నుండి డాన్స్ అంటే ఇదదది రా అనే రేంజ్ కి వచ్చావు జాననని అన్నా,non-hate,0.6122693103688617,0.3877306896311383,0.6122693103688617
455,hate,severe_noise,తాతతత నీకు 60 పపపాప కీ 25యయెందీరా మమమాకు ఈ దరిద్రమ్...?️️️,hate,0.670974471718327,0.670974471718327,0.32902552828167303
456,non-hate,severe_noise,Kasta padithe eeppudu pratipalam untundi.. congratulations,non-hate,0.7200041852208271,0.2799958147791729,0.7200041852208271
457,hate,severe_noise,Sulli ra,hate,0.8364804894916776,0.8364804894916776,0.1635195105083224
458,non-hate,severe_noise,4 lo seecond di tttisi 1 ki 2 ki madyalo pediteee 4 avtuundi orrder saripotadi,hate,0.797567273972181,0.797567273972181,0.20243272602781903
459,non-hate,severe_noise,Nivethaa konnii interviiews lo aa timme lo Rajinikaanth gaarithi mmovie chestunnnna idem pedddha movvvie kanattu matladindhi.she wwwas not greatful to acttt in PSPK's movie.,non-hate,0.5156564523976094,0.4843435476023906,0.5156564523976094
460,hate,severe_noise,Charmi ki EEdo ayindi navvalekaaa sachipothunnndi,non-hate,0.5872809825356307,0.41271901746436934,0.5872809825356307
461,hate,severe_noise,దయచచేసి ఎవరైనా ముందు వీడిని మెంటటల్ హాస్పిటల్ కి తీసుకువెళ్లండి వీడు ఎవరెవరిని ఏం మాట్లాడుతుందదో అర్థం కావట్లేదదు ఈ నా కొడుక్కి పపపిచ్చి పట్టింది,hate,0.701147314528364,0.701147314528364,0.29885268547163607
462,non-hate,severe_noise,పవనన్ కుపరువుపొటమే నితికిఎతిరెకంగపొరడుతునడు అయనకుమచిదికదు జగన్ నిలంటొడుకకకదు జగన్ దేవుడులంటివడు,hate,0.7854886896397447,0.7854886896397447,0.21451131036025525
463,non-hate,severe_noise,The greeat honest true leaader Pawan Kalyan siir cm kavaali nyyayam jaruguthundhi ap prajalakiii sirrr,non-hate,0.5390721724058557,0.4609278275941443,0.5390721724058557
464,non-hate,severe_noise,"Peelli meeda naku chaala dreams, respectt vundedhi itlanti interviews chusinappudalla ppelli chesukokunda vunndadame manchiddi anipissstundhi",hate,0.6887706819363086,0.6887706819363086,0.3112293180636913
465,non-hate,severe_noise,Mari atluntadhhi krithii brm thoni andham anteee minimam attta,hate,0.5052520764759993,0.5052520764759993,0.49474792352400065
466,non-hate,severe_noise,హ్యయట్సాఫ్ పోలీస్ సర్,non-hate,0.619055773320263,0.38094422667973704,0.619055773320263
467,non-hate,severe_noise,నా బంగారం... ఆ నవ్వవవులోనే ఉందదది అన్ననన మా సంతోషం,hate,0.5918826506361141,0.5918826506361141,0.4081173493638859
468,hate,severe_noise,Reee babbbu Naani GA nneku eaduku Ra avasaram vajaya Saaai chapppali ha visayam nevu eaduku neeku aavasaram eamiti,hate,0.7352817393705151,0.7352817393705151,0.26471826062948495
469,non-hate,severe_noise,రాజు గారు మీరు సూపపర్ సససార్ బాహుబలలి రఘఘు రరరామ్ రాజజ్ సూపర్ సార్ పులి అంటే మమీరు సార్,non-hate,0.884385169471581,0.11561483052841903,0.884385169471581
470,non-hate,severe_noise,మీరు కొనుడడడు కకకాదు సారు నీ బిడ్డడడలాంటి ప్రజలు కొనాలి,hate,0.8602718598741314,0.8602718598741314,0.13972814012586862
471,non-hate,severe_noise,కకింగ్ ఇస్ బ్యాక్,non-hate,0.934736906938809,0.06526309306119105,0.934736906938809
472,non-hate,severe_noise,Naaani fans ante mamollluga uuundadhu mari super looove yooou nnnani lovve you,non-hate,0.8076927228387396,0.1923072771612604,0.8076927228387396
473,hate,severe_noise,Niku yevadu ra cheyyamannadu,hate,0.8262197220829193,0.8262197220829193,0.17378027791708078
474,hate,severe_noise,E vedio chusi nenu chesukovvaalsi vastundi inkaa chaalu,hate,0.5445459685135645,0.5445459685135645,0.4554540314864355
475,non-hate,severe_noise,Full clarity tho unnaru andd correect ga chepparu ... movies lo fannn following veruuu ...realll lifee lo fan following veru ..,non-hate,0.8472686698464176,0.15273133015358242,0.8472686698464176
476,non-hate,severe_noise,కాపీ కాకుండా వేరే ట్రై చేసే సూపపర్ విజయం నీదే పిల్లి డుడ్,non-hate,0.5728721802920372,0.42712781970796276,0.5728721802920372
477,non-hate,severe_noise,Villlage పిల్ల నీవు suuuper,hate,0.8185287748082506,0.8185287748082506,0.18147122519174935
478,non-hate,severe_noise,దత్తపుత్రుడికకి ఇంకా సిగ్గగగు రరాలేదు,hate,0.7920047872595939,0.7920047872595939,0.2079952127404061
479,non-hate,severe_noise,ఇంతత తెలలలివైన ముఖఖ్యమంత్రి ని ఎన్నుకున్నారు,non-hate,0.5533854066870947,0.4466145933129053,0.5533854066870947
480,hate,severe_noise,Waaste ffellow he did nothhhing fooor telenganna,hate,0.9227229452660735,0.9227229452660735,0.07727705473392653
481,non-hate,severe_noise,Vaadu feeeel avvvadu... Vaadi answwer ki nuvv avtthav,hate,0.8020060660478526,0.8020060660478526,0.19799393395214734
482,non-hate,severe_noise,కల్యాణణణ్ దిలలీప్ సుంకర గగగారు చాలా చక్కగా వివరించారు. ధధధన్యవాదాలు.,non-hate,0.9251563820736539,0.07484361792634608,0.9251563820736539
483,hate,severe_noise,nuvvu poyyi modiii modda cheku mmmms okaaa gggreat ecooonmist ani prapamcham anukonndhi antaanu lekkkunte india ledhu,non-hate,0.5092394284475704,0.4907605715524296,0.5092394284475704
484,hate,severe_noise,ఆమమె నీ తతతల్లి అయయితే ఇలాగే చేస్తావవవా,hate,0.6372007898579712,0.6372007898579712,0.36279921014202876
485,hate,severe_noise,",విసస్వక్ గాడడడికి బబాగా ఎఎక్కువైంది.ఇది మమంచి పదదద్ధతి కాదు",hate,0.5537997318325298,0.5537997318325298,0.4462002681674701
486,non-hate,severe_noise,ఇంతత ఫిట్ బాడీ ఉఉండి అప్పు అఅన్న అల మరణించచచడం బాధగా ఉంది,non-hate,0.7655473611025319,0.23445263889746815,0.7655473611025319
487,hate,severe_noise,Shooting leeeka minddd dobbbindi .cccourt should consider this issue .iff stuuudents taake him as insppiration tthen what wwill happen. Is it corrrect .plsss connnsider it,hate,0.635921457650684,0.635921457650684,0.364078542349316
488,hate,severe_noise,Sketch వేసిందది ఎవరో కూడడా చెప్పపండి (దమ్ము ఉంటే),hate,0.655016336306027,0.655016336306027,0.34498366369397304
489,non-hate,severe_noise,"Thee courage to be disliked"" ee book summmmary ccheyyandi annaaa.",non-hate,0.6022892850418915,0.3977107149581085,0.6022892850418915
490,hate,severe_noise,Ntr kadhuu bey nntr garu give ressspect,hate,0.6975080358042283,0.6975080358042283,0.3024919641957718
491,non-hate,severe_noise,ఎక్కడికకి పోతోంది మన సంస్కృతి,non-hate,0.6071132507020874,0.39288674929791256,0.6071132507020874
492,non-hate,severe_noise,పపోనీ ఆంధ్రప్రదేశ్ కు separate కరెనన్సీ ననోటు పెట్టటీ నోటట్లు గగగుద్దు జగన్ అన్నన గాంధి గగగారి ఫఫొటో బబబదులు నీ ఫొటో పెటట్టు అన్న,hate,0.791830323644514,0.791830323644514,0.208169676355486
493,non-hate,severe_noise,Superrr Madamm dance chala bagavvvesaru,non-hate,0.9204350899844437,0.07956491001555632,0.9204350899844437
494,hate,severe_noise,జగన్ శశశరీరంలో అణువు అణువు రొజక్కకు బాగగగా తెలిసినట్లుందదే,hate,0.7850427490504606,0.7850427490504606,0.2149572509495395
495,hate,severe_noise,"తల్లి నువ్వు నవ్వొద్దు, ఆ ముఖంలో మూతి తప్పప ఏఏమి కనిపించదు మాకు",hate,0.6907504319135502,0.6907504319135502,0.3092495680864497
496,hate,severe_noise,Teeskkkelli rrailway station loo padeyandi,hate,0.9320913187505449,0.9320913187505449,0.06790868124945514
497,non-hate,severe_noise,డబ్బా రరాయుడు మన పెద రాయయయుడు మమమొత్తం మీద మేక పోతతతు గాంభీరరర్యం కనపర్చాడడడు ఫసక్,hate,0.7857569612347911,0.7857569612347911,0.2142430387652089
498,non-hate,severe_noise,మీరరరు మీ లాంటి వారరరు రాష్టటట్ర నికి చాలలా అఅఅవసరం,non-hate,0.5404653439057513,0.4595346560942487,0.5404653439057513
499,non-hate,severe_noise,కాదన్నా నవ్వవి నవ్వి చచ్చిపోతే ఎవరు రెస్పపాన్సిబిలిటీ అన్నా సూపర్ అన్న,non-hate,0.6980243665029415,0.30197563349705847,0.6980243665029415
500,non-hate,severe_noise,Super settiandi voiccce to video,hate,0.5142201773943748,0.5142201773943748,0.48577982260562524
501,hate,severe_noise,Over acttion apandi raaa Babbbu,hate,0.7321717689949634,0.7321717689949634,0.26782823100503655
502,non-hate,severe_noise,అన్నయ్య వదదదిన. ఎపప్పుడు హ్యాపీ గా వుండాలి,non-hate,0.6701858426073796,0.32981415739262043,0.6701858426073796
503,hate,severe_noise,Picchooodini interviiew endhuku chesthunnaru may be TTTRP kosama,hate,0.770359467529043,0.770359467529043,0.2296405324709569
504,non-hate,severe_noise,ఈ పపపాట విన్నపుడల్లా SPPB గగగారే మమళ్ళీ తిరరరిగొచ్చి పాడారు అనిపిస్తుంది,non-hate,0.5356990166646014,0.4643009833353986,0.5356990166646014
505,hate,severe_noise,కోతులు దిగేదానికి ఇఇఇంత bulid up aaaa,hate,0.6474972097853455,0.6474972097853455,0.3525027902146545
506,non-hate,severe_noise,Puncch veyyalantttay...Sunil anna tharuvathayee...yavarina...,non-hate,0.7199534502711676,0.28004654972883236,0.7199534502711676
507,hate,severe_noise,"jjai kumar neext nnnee ammmma neee ,sisters nee andddharni petttti prank thesthadu vaddu wait",hate,0.7235560714585001,0.7235560714585001,0.27644392854149985
508,hate,severe_noise,Elagainaa vasttadu mee dhulaa thirustadu.,hate,0.8653417832229288,0.8653417832229288,0.13465821677707127
509,hate,severe_noise,కంటట్లో దురద పెట్టింది కాబట్టి ససరిపోయింది,hate,0.8429448470808408,0.8429448470808408,0.15705515291915917
510,hate,severe_noise,Raja Singgh nuvvvu ni karrra tagubthu mokam neeku mmokham nuvvu mla elaa ayyyyavu,hate,0.7103657443330869,0.7103657443330869,0.2896342556669131
511,non-hate,severe_noise,"Mannchi cinnema ni prathi okkaru aadaristaru,all the besst nikkhil, have a briight futuure",hate,0.7335510702378938,0.7335510702378938,0.26644892976210627
512,non-hate,severe_noise,నువవ్వు చచచాలా చాలా బాగగున్నావు. పరర్ఫెక్ట్ గా ఉన్నావవవ్.. మీరరు నాకు నచ్చారు,non-hate,0.8585376113228053,0.14146238867719474,0.8585376113228053
513,hate,severe_noise,Vedi nathinakodaka,hate,0.9066490249204411,0.9066490249204411,0.0933509750795589
514,hate,severe_noise,Meerru Gopi GGGoda mmeeda piilli annna maaaata edavvva,non-hate,0.5240062858898853,0.4759937141101147,0.5240062858898853
515,non-hate,severe_noise,Naku prabhas annna entooo raaana anna kudaa antey,non-hate,0.5338278314354856,0.4661721685645144,0.5338278314354856
516,non-hate,severe_noise,Ilantivi kaadha ee generrration ki inspiiring unnntadhi...plz do more,non-hate,0.5458991987823294,0.4541008012176706,0.5458991987823294
517,non-hate,severe_noise,పపోలీస్ ఫారెస్టటట్ డిపార్ట్మెంట్ 2కలసి పోరాడారు పాపం దానని బారి నుండి ప్రజల్ననని,non-hate,0.6430486526964477,0.35695134730355227,0.6430486526964477
518,hate,severe_noise,భజన భజనన బ్యాచ్ ఎక్కువ అయిపోయారు పవర్ స్టటటార్ కి పపాపం,non-hate,0.6383042868377263,0.36169571316227367,0.6383042868377263
519,hate,severe_noise,ననోరు ముయ్. వాడు పరిపాలనా చేతతగాని వాళ్లకి అఅన్న... అంతే.,hate,0.7575444041160819,0.7575444041160819,0.24245559588391802
520,hate,severe_noise,"PParitala nu nuvve sampinavu rrraa nennuu gaali, vaana devuudu sampeedu",hate,0.9562836808608252,0.9562836808608252,0.04371631913917484
521,hate,severe_noise,Washinggg powdder NNNIRMA nneevu maa mukyammantri awadam mmaa KARRMA,non-hate,0.5267400477022203,0.47325995229777973,0.5267400477022203
522,hate,severe_noise,​polllitical fffit kakapothe bbayapadatam endukanndi,hate,0.6535078121701268,0.6535078121701268,0.3464921878298733
523,hate,severe_noise,Peetha … idokkkA Lavada lo buildup,hate,0.7682057618466687,0.7682057618466687,0.23179423815333128
524,hate,severe_noise,Mareea srihaan pakkana moddagudvalaa,hate,0.7623723015550727,0.7623723015550727,0.2376276984449273
525,hate,severe_noise,Rey aarripuku adhi munda sollu aapu ra,hate,0.7873660570729761,0.7873660570729761,0.21263394292702392
526,hate,severe_noise,ఇఇఇలా వాగే ఛీ అని పరిశ్రమ పెద్దలు దూరంగా పపెట్ట రు మహేష్ మళ్ళీ దరిద్రని మళ్ళీ స్టటేజీ మమమీదకు తెచ్చాడడు 20సం చిరు చచచాలా నననష్టపోయారు,hate,0.5082137758761778,0.5082137758761778,0.49178622412382217
527,non-hate,severe_noise,Me kastam palinchali sir,non-hate,0.577519322658791,0.422480677341209,0.577519322658791
528,hate,severe_noise,మొత్తానికి యూట్యూబ్ నే కకకాపురం చేయరా మీకు మా బుద్ధధిలకు మానాలలల్లో లేదదు,hate,0.765645179836957,0.765645179836957,0.23435482016304302
529,hate,severe_noise,Auddience be like :- Bengu ! AAAthi bennngaku,hate,0.6256711368758012,0.6256711368758012,0.3743288631241987
530,non-hate,severe_noise,ఎంత నవ్వు వవచ్చిందో . సూపర్ ససస్పీచ్ అన్న.,non-hate,0.8746141032023692,0.1253858967976308,0.8746141032023692
531,non-hate,severe_noise,40 సంవత్సరాలు రరరాజకీయ అనుభవవం,non-hate,0.602504118767454,0.397495881232546,0.602504118767454
532,hate,severe_noise,ఓహో ఈ నిజాయితీపరుడైన రవి ప్రరకాష్ లో పవవన్ లక్షషణాలు ఉన్నాయయా,non-hate,0.7850270197313357,0.2149729802686643,0.7850270197313357
533,hate,severe_noise,WWest moookalu motham judgge laa,hate,0.901970209075929,0.901970209075929,0.09802979092407109
534,hate,severe_noise,Dhhani pandhi mohaaam chusi shock avuthada,hate,0.7883747289226709,0.7883747289226709,0.21162527107732912
535,hate,severe_noise,ni pellam ppuku denugutha ma annaa annnavu antee,hate,0.7445627002345447,0.7445627002345447,0.2554372997654552
536,non-hate,severe_noise,liiger movvi బాగగగుంది butt హీరో కి ననత్తి ఎక్కువ గా ఉండడం వల్లల సిననిమా పపపోయింది అంతే,hate,0.5975136091495461,0.5975136091495461,0.40248639085045396
537,non-hate,severe_noise,బ్యూటిఫుల్ మేడం,non-hate,0.6154523974943382,0.3845476025056618,0.6154523974943382
538,hate,severe_noise,Are mmeru marara dappukottu kovam,hate,0.8884316158357038,0.8884316158357038,0.11156838416429615
539,non-hate,severe_noise,దాన్ని పపేరు ఏంటి ఐడి ఏంటటి చపూ బ్రదర్,hate,0.6832223502480252,0.6832223502480252,0.3167776497519747
540,non-hate,severe_noise,సాక్షి అఅంటేనే అబద్దలకు care of addresss,hate,0.76124126553589,0.76124126553589,0.23875873446410995
541,non-hate,severe_noise,"అప్పట్లో dirctors కకి, కంటటెంట్ రైటర్స్ కి ఉననన్న హహ్యూమర్ సైన్స్ ఇప్పపపుడు ఎవవరికీ లేదు.",non-hate,0.5232144458149803,0.47678555418501967,0.5232144458149803
542,non-hate,severe_noise,ఎవవవ్వరు చెయ్యలేని గొప్పపప పపని మీరు చేశారన్న మమీరు గగగ్రేట్ అన్ననా,hate,0.5512976476748983,0.5512976476748983,0.4487023523251017
543,non-hate,severe_noise,మీరరరు చెప్పే టాపిక్ వలలల్ల ఉపయోగగం చచచాలా ఉంది!,non-hate,0.838243407934629,0.16175659206537096,0.838243407934629
544,hate,severe_noise,Fingerprint mallareddy Pedda donga na kodddku,hate,0.94018808415983,0.94018808415983,0.05981191584016998
545,hate,severe_noise,ఇపపుడు కకూడ తన తతప్పులు ఒప్పుకోవటం లలేదు.. pichi munda,hate,0.6490169197897606,0.6490169197897606,0.3509830802102394
546,hate,severe_noise,entandi pusukunna annntha pedhhha Mata annesav,hate,0.6830705261348222,0.6830705261348222,0.31692947386517784
547,hate,severe_noise,rgv ki sigguuu leedhu ammmail ni okka sssex dollll laga choostahru,hate,0.7539035614764349,0.7539035614764349,0.24609643852356516
548,hate,severe_noise,Anthha perfect ga ayithhae raledddhu buut tryy chesaruu kadhha that's moore impoortant,hate,0.7493219881395006,0.7493219881395006,0.25067801186049943
549,non-hate,severe_noise,​debatee la lo paalgonee TRS naayakulaku eedhutivaarini maatladaneeyyakapovadam samskaaram kkaadhu.,hate,0.8097362301789306,0.8097362301789306,0.19026376982106943
550,hate,severe_noise,Party paranga vaduu. Godameeda pppilli laga kuda vaddu ra howla,hate,0.8236059123206682,0.8236059123206682,0.17639408767933182
551,non-hate,severe_noise,చాలా బబబాగుంది బ్రో. చిన్నపుడు ఇవి అఅఅన్ని మమమేము చేసాము బబబ్రో చాలా హ్యాపీ గా ఉంది ఈ సససిరీస్ చూస్తుంటే. Bessst of luck bro.,non-hate,0.8243943323102836,0.17560566768971642,0.8243943323102836
552,hate,severe_noise,నేననూ రెండు ట్రై చచేసాను సమ్మగా ఉఉఉంది,non-hate,0.6265439495738516,0.3734560504261484,0.6265439495738516
553,hate,severe_noise,Moodda gggudu aithyy,hate,0.905195514874451,0.905195514874451,0.09480448512554901
554,hate,severe_noise,అన్ని తెలుసు పోలలీస్ లలకు యూనిఫామమమ్ ఉందన్న అహంకారం చచచట్టం తెలిసినన వాడడడు తతతప్పు చచేస్తే తాట తీయండి అడ్వకేట్ హక్కుల కకోసం ప్రజలలల తరఫుననన పోరాడండి,hate,0.5786264071345303,0.5786264071345303,0.4213735928654697
555,non-hate,severe_noise,Musllims hinnndu devullanu entha thittinnna parledhu... Kaani hinduvulu Meee ddevudini thidiiithe ttthappenti,hate,0.6076391978367031,0.6076391978367031,0.39236080216329694
556,hate,severe_noise,Pilichi pettinchhukuntaru ga....TTTV9 ki eemmmadhya sarada ayindii...,non-hate,0.5041347715049133,0.49586522849508674,0.5041347715049133
557,non-hate,severe_noise,ప్రతి ఒక ఇంటర్వ్యయూ లో చాలలా కూలల్ గా మమాట్లాడతారు. నిజజాలు నిర్భయంగా చెబుతాడు. ఎవడన్నా ఏమమన్నా అనుకొని నేనను చెప్పేదది చచెప్తా అనుకునే వ్యక్తి RGV...,non-hate,0.638886668531393,0.361113331468607,0.638886668531393
558,hate,severe_noise,అఅఅన్నయ్య అనే పిలలుపు విని వెనక్కకకి తిరిగాడు,hate,0.6789308331777915,0.6789308331777915,0.3210691668222085
559,hate,severe_noise,alssa janalu erripuk galu jagan ni cm cheyadaam entii,hate,0.8190363962734468,0.8190363962734468,0.18096360372655323
560,hate,severe_noise,అందుకకకే 400 అమ్మాయిలతో sex చచేశాడు,hate,0.8848217296870474,0.8848217296870474,0.11517827031295261
561,non-hate,severe_noise,Mulapeta lo 2 yeaaars chadhukuna,hate,0.8114116794288403,0.8114116794288403,0.18858832057115973
562,hate,severe_noise,Chhhance esti chhampidengala vunnaduu aunty ne,hate,0.5739848653278234,0.5739848653278234,0.4260151346721765
563,hate,severe_noise,"100% literacy raate unnna kerala lo ne jaanalu gorrrrelu la unte, mmigilin rashtrallo unna janaluu paristhhhiti emito...... I feel ashamed beinggg ppart of ttthis tttype of public",hate,0.5857600111634473,0.5857600111634473,0.4142399888365527
564,non-hate,severe_noise,"Prabhas ki suuper jodddi,,,arabian bbread vvastundi",hate,0.5053303289866988,0.5053303289866988,0.4946696710133012
565,non-hate,severe_noise,AActing supeer unddhi ga bro just story lo dammmu leedh,hate,0.6234000977158696,0.6234000977158696,0.37659990228413043
566,non-hate,severe_noise,ఇద్దరూ చచాలా బాగగగున్నారు soooooo క్యూట్,non-hate,0.7915148201556171,0.20848517984438286,0.7915148201556171
567,hate,severe_noise,ఎందుకు అల్యసాO చేసస్తునవు పేటకక,hate,0.8008850207124295,0.8008850207124295,0.1991149792875705
568,hate,severe_noise,Vadapav ggaadu iicc troophy ellaa winn aiythadoo neennu chusthaa,hate,0.7820832914165708,0.7820832914165708,0.21791670858342915
569,non-hate,severe_noise,అనన్నయ్య చెబుతుంటే ననోరు ఊరిపోతున్నాది....,non-hate,0.5182975667874768,0.48170243321252315,0.5182975667874768
570,hate,severe_noise,మహానుభావుడివి సారరర్ నువ్వు. మమేడం గగగారు మికో నమమమస్కారం. ఇద్దదదరు సరిపోయయయారు. నిజాన్నని నిర్భయంగా,non-hate,0.8906060320565594,0.10939396794344058,0.8906060320565594
571,hate,severe_noise,నువ్వు వెసస్ట్ దానివి దొమ్మమరి దాన ఇఇఇది ఏంటిదే,hate,0.7116696897220387,0.7116696897220387,0.28833031027796124
572,non-hate,severe_noise,"nnntha braiinwashed gorrelu chesthunnarrru, inko vargam entti anttte bjjjp bots SSR influencers ga maari yuvathha ni thappuu thovva pattisthhunnaru a",hate,0.7701595092515192,0.7701595092515192,0.22984049074848073
573,hate,severe_noise,Car ttop medhhhega kurchuni vachindhi mee araganttta auntymedddha kurchuni kaadhu ga me fffans ttega feel aypothu support chestnaaru mancchi aaaatagaadivey,hate,0.6271904621262685,0.6271904621262685,0.3728095378737315
574,non-hate,severe_noise,"Shiva garii smile ki fidaaa..mee anchoriiing super siir..nenu macha cheppe AAAnswers kante meru ichee smile ne chusthu undipoyanu..your vooice, your stylee of anchoring awaysome",non-hate,0.7026617956920159,0.2973382043079841,0.7026617956920159
575,non-hate,severe_noise,Cut pastee... viddeo cut aaeindhii,hate,0.8942677443769831,0.8942677443769831,0.10573225562301693
576,hate,severe_noise,samantha okaa trigubothu lanja chai lanti moguuudu vadilesindhi,hate,0.7110179424158315,0.7110179424158315,0.2889820575841685
577,non-hate,severe_noise,"Legendary అంటేనే ntr, anr, తర్వాత చిరు. ఆఆయన సినిమాలలు నిజజీవితానికి అద్దం పడతాయయయి. యువవతకు దిశానిర్దేశం చేసస్తాయి. ఎవడో ఏదో అనన్నంత మాత్రాన legennd కాకుండడా పోతారా",non-hate,0.7186490457763265,0.2813509542236735,0.7186490457763265
578,hate,severe_noise,bandiii sanjay gadu amit shah kkukka vadu poyii vadddi kaalu nakuutaru,hate,0.7623029968104442,0.7623029968104442,0.2376970031895558
579,non-hate,severe_noise,Murkulani evaru emi cheyaleru...,hate,0.6866448927606132,0.6866448927606132,0.3133551072393868
580,non-hate,severe_noise,Ee viideo chusintarvaatha meeee meeda respect periginndi,hate,0.7248876314465404,0.7248876314465404,0.2751123685534596
581,hate,severe_noise,హోమమ్ మమమినిస్టర్ 2000% UNFIT... ఆమెకి ఉన్నన తెలివి కి Villageee meember కే ఎక్కువ,hate,0.5090413699016612,0.5090413699016612,0.4909586300983389
582,hate,severe_noise,అంటే జగనన్ కు భయపడుతతూనే ఉంటారరరు,hate,0.6372026206861192,0.6372026206861192,0.3627973793138808
583,non-hate,severe_noise,సిస్టర్ నువ్వు చాలా బబబాగా చేసావ్ అమ్మమ నీలో టాలెంట్ మామూలుగా లలలేదు.,non-hate,0.7089373276441604,0.2910626723558396,0.7089373276441604
584,hate,severe_noise,kkkcr dhii barrrrey karrey mukkuu vvadu wasteee pm ki,hate,0.6347010527058858,0.6347010527058858,0.36529894729411416
585,hate,severe_noise,Orey manam cinemalu chudabatte vallu luxury ga bbrathukunnaru ra,hate,0.601523482477256,0.601523482477256,0.398476517522744
586,non-hate,severe_noise,Liife lo okasri ina kalavli darlinng nninnu,hate,0.6009590960964375,0.6009590960964375,0.39904090390356245
587,hate,severe_noise,ఏఏదో పెట్టేదని లలలేక అడిగిందదది,hate,0.7921573963912372,0.7921573963912372,0.20784260360876283
588,hate,severe_noise,Erripuku matalu baga maatladathavu ra adhi nuvvu,hate,0.8254317647391455,0.8254317647391455,0.17456823526085452
589,non-hate,severe_noise,Vammo mamulllodivi kaduu swaaamy Nuvvu,hate,0.549716927867465,0.549716927867465,0.450283072132535
590,non-hate,severe_noise,Movie lo cccontent chaala bagundi evvvadu apalledu movie ni dilraju kuuda,non-hate,0.5128645537481852,0.4871354462518148,0.5128645537481852
591,non-hate,severe_noise,Yeenta manddhi stars vunna PAWAAN KAALYAN YE POWEEER STAR,non-hate,0.7756255563221393,0.22437444367786075,0.7756255563221393
592,hate,severe_noise,Adhikaram vunnnte thuglak ggadu emaina chesasthadu,hate,0.621797276752305,0.621797276752305,0.37820272324769505
593,hate,severe_noise,sia vvinadaniki notlo motham pettaa vuntauu padutadhi,hate,0.8100681570599562,0.8100681570599562,0.18993184294004378
594,hate,severe_noise,nikkku family unndi gggah ra jagratamma venkata,hate,0.6529236418459934,0.6529236418459934,0.34707635815400656
595,hate,severe_noise,కొన్ని ఆంధ్ర పపపందులకి బురదలోనే (ycp)ఆనందం...ఏం చేస్తతాం పపంది జాతతతి కదా అట్లాగే ఉంటటది,hate,0.5855655317688866,0.5855655317688866,0.41443446823111346
596,non-hate,severe_noise,అనన్నా నెక్స్ట్ మమూవీ ఇఇంకా గట్టిగా కొట్టాలి... ఆల్ ది బెసస్ట్,hate,0.5638251148027514,0.5638251148027514,0.43617488519724856
597,non-hate,severe_noise,మ్యూజిక్ చాలా చాలలా బబబాగుంది..,non-hate,0.8147795308870943,0.18522046911290568,0.8147795308870943
598,non-hate,severe_noise,చీర కకకట్టుకుంటే చాలు ఎవరరికైనా ఒక హుందాతనం వచచ్చేస్తుంది.,non-hate,0.5495146891173336,0.4504853108826664,0.5495146891173336
599,hate,severe_noise,ముందు arrest చెయ్యండి. వవాడు షషషికారు చేస్తున్నాడడు. వాడు ఎందుకకు మీడియా ముందుకు రాలేదదు.,hate,0.8354344581150508,0.8354344581150508,0.16456554188494923
600,non-hate,severe_noise,ఒక్క ఎక్ష్ప్రెషన్తొ మొత్తం నడిపించినవ్ నననువ్వు నిజంగా లెజండ్ అన్నన,non-hate,0.7739098175544573,0.2260901824455427,0.7739098175544573
601,hate,severe_noise,ఏఏంది రా మాకు ఈ సోది నీ ఎపిసోడ్,hate,0.8111218994594253,0.8111218994594253,0.18887810054057474
602,non-hate,severe_noise,డడిజిల్ బదులు మందు కకకొడితే సరిపోతుంది,hate,0.7243631165039206,0.7243631165039206,0.27563688349607934
603,hate,severe_noise,ఆ పటుకోవడం లోపపపలికి వెళ్లి పటుకొరర బబాబూ రూంలలలో కూర్చుని పనిచేసేయి,hate,0.8146390811770063,0.8146390811770063,0.1853609188229937
604,hate,severe_noise,పెట్టింది పది వేలు.. లాగేది 10కోట్లు,hate,0.7939020885230905,0.7939020885230905,0.2060979114769095
605,non-hate,severe_noise,నెక్స్ట్ కారర్తికేయ 3 మాత్రరరం సముద్రం లో ఉన్నన ద్వారకక నగరం మిస్టటరీ ...Veere levvvel లో ఉఉంటది...,non-hate,0.5868917417798033,0.4131082582201967,0.5868917417798033
606,non-hate,severe_noise,One anddd ooonly Meega staaar .....Potthhi llleyru....Raleyru,hate,0.6162835004979599,0.6162835004979599,0.3837164995020401
607,non-hate,severe_noise,జయహహో రాజాసింగ్ భారత్ మాత కి జై,non-hate,0.9556983934259463,0.04430160657405369,0.9556983934259463
608,hate,severe_noise,Re charge ayepotheee EEla ra Google opennn avrhundu,hate,0.8934344642793828,0.8934344642793828,0.10656553572061728
609,non-hate,severe_noise,Anna mmee Spandhana baggundhi,hate,0.7055255666479123,0.7055255666479123,0.29447443335208767
610,non-hate,severe_noise,ఈఈడిని చూసాక....మన సంపు మీదదద చాలా గౌరరవం పెరిగింది...,hate,0.6047536233953915,0.6047536233953915,0.3952463766046085
611,hate,severe_noise,"ఇది లంజలా రాజ్యం..,. కలలియుగం లో లంజేలలే నీతతతులు చెబుతారు",hate,0.5902313798010195,0.5902313798010195,0.4097686201989806
612,hate,severe_noise,"PPaytm kkkukkalu ekkada, idii kudaaa cbn gare plan chesarrru antaremoooo",hate,0.6280450353142051,0.6280450353142051,0.3719549646857949
613,hate,severe_noise,Edddi llanja kabbbate eela jannnalanu chedakodutundi,hate,0.7893283902462611,0.7893283902462611,0.21067160975373891
614,hate,severe_noise,koodali naani koja na kodukkku mla lankadhnulu okati llevu,hate,0.8798722392455723,0.8798722392455723,0.12012776075442763
615,non-hate,severe_noise,study chesssi kcr em pikiiindu velumundraaa ayyyina pm posiiition lo unduuu that is modi,non-hate,0.5991633787454963,0.4008366212545037,0.5991633787454963
616,hate,severe_noise,Pilla puuk comedy,hate,0.665014336263932,0.665014336263932,0.33498566373606803
617,non-hate,severe_noise,గెటప్ సీను acting యయయెంత మందికి naacchindi అద్భుతం super,non-hate,0.8417048930125739,0.1582951069874261,0.8417048930125739
618,non-hate,severe_noise,అక్క నీ పపపాట పప్రతి ఒఒఒక్కటి అదిరరిపోతుంది,non-hate,0.506762062774975,0.49323793722502496,0.506762062774975
619,hate,severe_noise,vachanuuu aaanuko gudda paligipoodhi,hate,0.9059376012848301,0.9059376012848301,0.09406239871516986
620,non-hate,severe_noise,శేఖర్ మమమాస్టర్ గారు అఅండ్ శ్రీముఖి గారరరు మీ డ్యాన్స్ బాగా అదదిరింది,non-hate,0.9316285850332934,0.06837141496670662,0.9316285850332934
621,hate,severe_noise,A 1 చిల్లర రరరాజకీయాలు అపు...... ముందు ఇంట్లో వున్న మహీళలకు న్యయాయం చేయమను.... అకకక్కా చెల్లెళ్ళళళు చేబబుతారు A1 Bachhh ki,hate,0.6716687100244877,0.6716687100244877,0.3283312899755123
622,non-hate,severe_noise,అల్లు అర్జజున్ కి ఏక్కడో ససూడి ఉ౦ది.multitalent వవవున్నోడు అలలల్లు అర్జున్ ఒకక్కడే ఇన్ ఇ౦డియయా,hate,0.5883851085173915,0.5883851085173915,0.4116148914826086
623,non-hate,severe_noise,ఓన్లీ బై రెడ్డి సిద్ధార్థ రరెడ్డి అన్నయ్య కోసం చూసినవాళ్లలలు likkke me....,non-hate,0.6716309804829265,0.32836901951707353,0.6716309804829265
624,non-hate,severe_noise,రేవవంతన్న ఇచ్చచిన షాక్ కి మమల్లారెడ్డి కి పిచ్చి పట్టినట్టు ఉందదది,non-hate,0.5174153969846437,0.48258460301535633,0.5174153969846437
625,hate,severe_noise,"రాష్ట్రాన్ని నకించేససి తల్లి, కుతతురు సైడ్ అయిపపపోయారు",hate,0.748194262088598,0.748194262088598,0.25180573791140204
626,hate,severe_noise,ఛీ దీనమ్మ ఎందుకు రా వీడు,hate,0.8666587162481881,0.8666587162481881,0.13334128375181184
627,non-hate,severe_noise,నిను చచచూస్తుంటే KGFFF సినిమాలో RACCKY బాయయ్ గుర్తుకకకు వస్తున్నాడడడు,hate,0.5299118130104545,0.5299118130104545,0.47008818698954546
628,hate,severe_noise,Me Bathukulllu yenduku ra,hate,0.9122681572546079,0.9122681572546079,0.0877318427453922
629,hate,severe_noise,అఅబ్బా బొడడ్డు ఇంతతత పెద్దగగా ఉంటటే బబబొక్క సముద్రం లాగగగా ఉంటటాదేమో?,hate,0.8644777472560762,0.8644777472560762,0.13552225274392382
630,non-hate,severe_noise,HHii Bagunnara Harssha SSSai gggaru mekkku. Meeee team membbers ki happy viinayaka chavithii,non-hate,0.7536963662852989,0.2463036337147011,0.7536963662852989
631,non-hate,severe_noise,మీరరరు దేవుడు సారర్,non-hate,0.7083413677127836,0.29165863228721645,0.7083413677127836
632,non-hate,severe_noise,Aat..... tathha on firee,hate,0.7861803231273781,0.7861803231273781,0.21381967687262188
633,hate,severe_noise,punju vacchi pittaa ni dengithey nenuuu commmentry chepijry ala vuntadhi # punjuuuunggamer,hate,0.8510689659866021,0.8510689659866021,0.1489310340133979
634,non-hate,severe_noise,AAbboo siggulekunnndaa vaaadu matladina matalu okkadu kuuuda levaledu ikkkkada.. Just for haate in Modi how muuuch llow can go anywheere,hate,0.715345407377216,0.715345407377216,0.28465459262278403
635,hate,severe_noise,Evvadra eeerri puukodu vaaduuu.. Duplicate gillld eskkuni shhow dhenguthunnnadu,hate,0.8962474074540145,0.8962474074540145,0.10375259254598541
636,non-hate,severe_noise,Aallu eellu anddaru okkaaate,hate,0.645484301291448,0.645484301291448,0.3545156987085521
637,non-hate,severe_noise,రష్మిది అఅఅని చెప్పి ఆఆది లేకపపోతే అలలలుగుతుంది స్త్రీల పరువుతీస్తున్నది,hate,0.7374274579929576,0.7374274579929576,0.26257254200704233
638,hate,severe_noise,Leak enndhi ra seeecret aaaa dhii,hate,0.862782393324916,0.862782393324916,0.137217606675084
639,non-hate,severe_noise,Anna pllz pellicheeesuko sir agge 43 plllz anna,hate,0.606732798339021,0.606732798339021,0.39326720166097895
640,non-hate,severe_noise,ఆహహహా సూపర్ mr khan హిందూ దదదేవతలను అఅన్న వారితో కూడడా క్షమాపపపణ చెప్పించండి అప్పుడడే మీ నననిజాయితీ ని నమ్మముతా.,non-hate,0.7795689333225977,0.2204310666774023,0.7795689333225977
641,hate,severe_noise,Chala worst ga undi,hate,0.7697746929575814,0.7697746929575814,0.2302253070424186
642,hate,severe_noise,kcr niku baga ekkuuuva ayidhi anni mouknni cm avvu next karre mukkuu ki cm endhuku ra lanje boss,hate,0.8079543722809106,0.8079543722809106,0.19204562771908934
643,non-hate,severe_noise,Nu Trackk medha unteyy enni sarrlu horn kottidhhi ???,hate,0.8130051330727573,0.8130051330727573,0.18699486692724265
644,hate,severe_noise,ససిగ్గు లేకుండా తిరుగుతతతున్నారు ఎఎమ్ ఆబివుద్ది చేశారరని తిరురుగుతతతున్నారు,hate,0.7157785730079284,0.7157785730079284,0.28422142699207165
645,non-hate,severe_noise,Miss u sirrr.... నిజాన్ని సినిమా లో చకక్కగా చూపించారు.... గ్రేట్ లెజజజెండ్,non-hate,0.9380454844060478,0.06195451559395215,0.9380454844060478
646,non-hate,severe_noise,ఈ పాదయాత్ర అయిపోయిన తర్వాతత ఆ 80 కంటెర్నర్లు అసలు ఉండడానికకి ఇళ్లు లేనివారికి ఇవ్వండడి,hate,0.589433639460358,0.589433639460358,0.410566360539642
647,hate,severe_noise,Mentel gaddini tesuku vachhi kkurcho pettukunnaruuu enti ankeer garu,hate,0.830513952323003,0.830513952323003,0.16948604767699707
648,hate,severe_noise,ఈ అమ్మాయి సిగ్గు లలేకుండా ఇంకకా కావరింగ్ ఒకటి,hate,0.5481183115374336,0.5481183115374336,0.4518816884625664
649,hate,severe_noise,నిమాటలు కడడుపుకి అనం తినేవాడు ఎఎఎవరు నమరరరు జై హర్ష జై హరర్ష హరరర్ష,non-hate,0.5175434805939277,0.48245651940607226,0.5175434805939277
650,hate,severe_noise,nupur sharama rape cheeeshi dengutha,hate,0.7660361619130911,0.7660361619130911,0.23396383808690893
651,non-hate,severe_noise,Acting supper undhhhi ga bro justt ssstory lo dammuu leeedh,non-hate,0.5750668980001372,0.4249331019998628,0.5750668980001372
652,hate,severe_noise,అఅన్ని తెలలలుగు ప్రాంతతాల నాయకులలు ఇఇఇలానే వున్నారరరు... లోఫర్స్.... తప్పు మనది... మనకు సిగ్గుండాలి ఇఇలాంటి నాయకులననను ఎన్నుకున్నందుకు...తు…,hate,0.5494095149230347,0.5494095149230347,0.4505904850769653
653,non-hate,severe_noise,"Brooooooooooooooooo chhhala mandiki untai pailsu, neku vachiindi movieee lo chancesu pola adiri polaa , all the best brrro",non-hate,0.7259371050473792,0.2740628949526208,0.7259371050473792
654,hate,severe_noise,me koddduku ki evaaa ra pokka,hate,0.8929694519769744,0.8929694519769744,0.10703054802302564
655,hate,severe_noise,అనన్ని ఇచ్చేయాల్ససింది బ్రదర్ ఒంటి మీదద ఏమి లేకకుండా sigu lenu edava laga,hate,0.7225532295761554,0.7225532295761554,0.27744677042384464
656,non-hate,severe_noise,"పాలలలు, పెరుగు, పువవ్వులు కెసిఆర్ ఫఫామ్ హహహౌస్ లో అఅమ్మినవ్ అది అందదదరికి తెలిసిన విషయమే",hate,0.6196221580622394,0.6196221580622394,0.38037784193776064
657,hate,severe_noise,Ramuu inner peeling : niggght ki gunta tho dengulata ki set ipoyindi,hate,0.7618290885550673,0.7618290885550673,0.23817091144493277
658,non-hate,severe_noise,Ennti Purii nuvvu enthaa knowwwledge gain chestaavu.,hate,0.5246196120958564,0.5246196120958564,0.47538038790414355
659,hate,severe_noise,Aparaa thaguboothu abbattti,hate,0.9482881021395823,0.9482881021395823,0.051711897860417695
660,non-hate,severe_noise,రోజు ఈ సససాంగ్ వింటాననను నా రింగ్ టోన్ ఇఇదే అన్న సూపర్ సాంగ్,non-hate,0.7704645478608613,0.22953545213913873,0.7704645478608613
661,non-hate,severe_noise,ఇఇఇంత చక్కటటి సినిమా తీసినందు మమీకు ఎలా కృతజ్ఞఞతలు చెప్పాలలలో అర్థం కావటం లలెదు.. ఈ classiic moviiie చరిత్రరర lo నిలిచిపోతుంది,non-hate,0.9136038343960913,0.08639616560390873,0.9136038343960913
662,non-hate,severe_noise,Samanthaa script selection lo actiing sccope roless choose cheskuntundi,hate,0.5109904192639522,0.5109904192639522,0.48900958073604783
663,hate,severe_noise,నువ్వు ఏఏఏమి పనని మీద వచ్చావవవు నువ్వు ఏదది matllduthunvu ముందు mlc ni arest చెయయయ్యండి,hate,0.5905638519150351,0.5905638519150351,0.4094361480849648
664,hate,severe_noise,Evvvadentha echaru neeku dabbulu bewerse yaadavalraa,hate,0.8287051767543039,0.8287051767543039,0.17129482324569617
665,hate,severe_noise,"Assaminchani suryuudu ma paritala ravanna, champi chindhi nuuvu nikodukeeey, andukeey ni maranam uhhhathitham.",hate,0.889867924204945,0.889867924204945,0.11013207579505499
666,non-hate,severe_noise,ఒక ప్రజా ప్రరతినిధి హోదాలలో ఉండడి ఇంత దిగజారి మాట్లలాడే సససంస్కృతి ఈ మధధ్య చాలలా ఎక్కువైంది,non-hate,0.6814880590933484,0.3185119409066516,0.6814880590933484
667,non-hate,severe_noise,Super concept inkka musiic chala bagundhi short film kuda chaaala bagunddhi,non-hate,0.8928362871211645,0.10716371287883553,0.8928362871211645
668,non-hate,severe_noise,sky kohiliii vallee india semis ki vachindhi,hate,0.6122254649636582,0.6122254649636582,0.38777453503634185
669,non-hate,severe_noise,వవవీడు పోటీచేస్తే వార్డు నననెంబర్ కూడడా గెలవడు వీడు చంద్రబాబు నాయుడు గారిని టార్గెట్ పెట్టుకొని తెలంగాణలలో చెంపప దెబ్బలు తిన్నాడు,hate,0.7014209285037233,0.7014209285037233,0.2985790714962767
670,non-hate,severe_noise,Nivu kcr thho thov ra chilka,hate,0.7884214958194303,0.7884214958194303,0.21157850418056964
671,non-hate,severe_noise,Babullake Baabu Superrr starr Maahesh Baabbu,non-hate,0.7470273682732308,0.2529726317267692,0.7470273682732308
672,non-hate,severe_noise,Anna nv thhopu neki satii yyyevaru leru,hate,0.6389319450655315,0.6389319450655315,0.3610680549344684
673,hate,severe_noise,రరోజ నువ్వూ ఆ ఇకకకలు పికడనికి తప్పా దేనికి పపపనికిరావు,hate,0.8863496197227734,0.8863496197227734,0.11365038027722668
674,non-hate,severe_noise,BJY chaaala manchi concept,hate,0.5164582396606905,0.5164582396606905,0.4835417603393095
675,hate,severe_noise,Idhi lannnguage claaass aa Ledda mimicry artist classs aa,hate,0.6060747247143258,0.6060747247143258,0.3939252752856742
676,non-hate,severe_noise,Nuvvvu king mmmawa,hate,0.781135608169961,0.781135608169961,0.21886439183003906
677,hate,severe_noise,Arey buddder khan nuvvuuu aaasalu,hate,0.6599481915212598,0.6599481915212598,0.34005180847874017
678,non-hate,severe_noise,మహేష్ బాబు ఈ రరేంజ్ లో నవ్వడం ఇప్పటి వరకు ఇదే మొదదటి సారి. BBig thankkks to Sathhhi anna.,non-hate,0.9243670393087641,0.07563296069123593,0.9243670393087641
679,hate,severe_noise,జనాలలు లేరు బోచ్చచు లేరు అంతా అఅంబక్,hate,0.6849170436671275,0.6849170436671275,0.31508295633287253
680,hate,severe_noise,"​వైసీపీ, బిజేపపపి ఒకటే. రెండు పార్టీలు understanndig.జగన్ గారరు ఇక్కడ గట్టిగగా అరిస్తే అపోజజిషన్ రేపు డడడిబేట్ లో సీఎం గగగారు అడగలేదు అఅని అంటారు.అంతకు మించి ఏమీ లలలేదు.",hate,0.5668831413582323,0.5668831413582323,0.4331168586417678
681,hate,severe_noise,"90ml సీఎం, నీకకకు హిందువవవులు అంటే ఎందదదుకు అంతత చులకకకన,",hate,0.8203543427712814,0.8203543427712814,0.17964565722871856
682,hate,severe_noise,Ila suitcaselu petttti mosam chheyatam kanna afreer results vachakaaa prizzze money la petti uuuntey best ga endhuko ee mosalu,hate,0.7637239383682174,0.7637239383682174,0.23627606163178264
683,hate,severe_noise,Ycp Guunda na koodakalara randra chuskundham,hate,0.8171133579310805,0.8171133579310805,0.18288664206891941
684,non-hate,severe_noise,From reccent 3 monthhhs iamm aaaddicted to your videos annnna. Your way of explainiiing and ssslang is very nice,non-hate,0.8748064155426288,0.12519358445737117,0.8748064155426288
685,non-hate,severe_noise,​pavan annnna mmmadagudu ra ani chepppa,hate,0.688235536295297,0.688235536295297,0.31176446370470307
686,non-hate,severe_noise,నీ ఇఇంటర్వ్యూ అన్నిటిలలో నాకు నచ్చినన ఇంటటర్వ్యూ ఇఇఇది ఒక్కటటటే అఅన్న,non-hate,0.6846213893640535,0.3153786106359465,0.6846213893640535
687,hate,severe_noise,"ఆంధ్రప్రదేశ్ కొండలు, గుట్టలలు కబబబ్జా మాఫియా డాన్ జగ్గగు భాయయ్",hate,0.5904791429711836,0.5904791429711836,0.40952085702881635
688,hate,severe_noise,Paniki malinaaa chana,hate,0.7349168399443924,0.7349168399443924,0.26508316005560767
689,non-hate,severe_noise,ఈ పపపాట అఅఅంటే ఎంతమందికకి ఇష్టటం,hate,0.7075810940865567,0.7075810940865567,0.2924189059134433
690,hate,severe_noise,SStage ekkithe chaalu sooollu,hate,0.776205890714171,0.776205890714171,0.22379410928582896
691,hate,severe_noise,"SSStarting lo fulll cover aiyee vesedii dressesss, rattting kosam ippuduuu AAir ffree",non-hate,0.5594218078534776,0.4405781921465224,0.5594218078534776
692,hate,severe_noise,meeemu viideos chusthhhe kanii meeeku annam kudaa doraaakadhu alantappudu mammiilini yyyedavalu ni chesi annnukoku ra nayana sollu apu,hate,0.7998154431432385,0.7998154431432385,0.20018455685676148
693,non-hate,severe_noise,Porapattuna cinema bagaaaledu janalu raledu antee paaaristiti Vijay:Inntlo padukovalsindeee,hate,0.5644336622832471,0.5644336622832471,0.43556633771675285
694,non-hate,severe_noise,అప్పుడు రాజకీయయ ఎదదుగుదలకు కారకులయిన అద్వానీ గారరర్ని అవమమమానించారు. ఇప్పపపుడు పదవీవిరమణ చేసిన కోవింద్ గారిని అవమానించారరరు. న్యయాయమా మోదీ గారు.,non-hate,0.5164027012278855,0.48359729877211455,0.5164027012278855
695,hate,severe_noise,చిరంజజీవి గగారు ఇష్టం లేనప్పుడు ఆయయయనతో ఎఎఎందుకు వాయ్సస్ ఓఓవర్ ఎందుకు చేయుంచచచుకున్నారు మీ సినిమాలో.,hate,0.5786311380227387,0.5786311380227387,0.4213688619772613
696,hate,severe_noise,దీనమమ్మ రరోజ ని ఎవడికైనననా చూపించండి రా,hate,0.640973344994154,0.640973344994154,0.35902665500584596
697,non-hate,severe_noise,"మేూడి డ్రేసస్ ఖరీదు 15 లక్షలు , ఓఓఓక్కోక్క డ్రెససస్ కరిదదు మరి ఇఇఇంత డబ్బు ఎక్కడడడినుంచి వచ్చాయమ్మ",hate,0.5322349473590369,0.5322349473590369,0.4677650526409631
698,hate,severe_noise,Net I pothe google lo elaa searcch chhhestav ra bevaaakoof,hate,0.8044152927163045,0.8044152927163045,0.19558470728369548
699,non-hate,severe_noise,అంబేద్కర్ విలువ మమీకు తెలిసినట్టుగగా రిజర్వేషననన్ తీసుకున్నన వ్యక్తులకి తెలియయయలేదు కకనీసం ఇదదది చూసిననన తర్వాత అయినననా తెలుస్తుంది,non-hate,0.5256819817166395,0.4743180182833605,0.5256819817166395
700,hate,severe_noise,గుడివాడ ప్రజజలు ఆలోచనన పరులు కానంతతత వరకకకు దేవవవుడు కకకూడా బాగు చేయలలేడు వవవేడవలకూ పదవవవులు.,hate,0.8655652517549844,0.8655652517549844,0.13443474824501556
701,non-hate,severe_noise,మీరు సూపపర్ మేడడం పపట్టుదల ఉంటే ఏదైనా ససాధించవచ్చు అని మమమీరు నిరూపించారు,non-hate,0.5689795923412562,0.43102040765874383,0.5689795923412562
702,hate,severe_noise,ఇది frankneeess నీ బబొంద.... అనాగగరికం.... సభ్యత సంస్కారం లేనని ఒక సైకో వవీడు.... గగగుహల్లో జీవవవించాల్సిన వాడు.,hate,0.6798454619419648,0.6798454619419648,0.3201545380580352
703,non-hate,severe_noise,ప్రభుత్వ సొమమ్ము ఒక్క రరరూపాయి కూడడా వెనుక వేసుకోలేదదదంటే అది AAAPJ అఅబ్దుల్ కకలామ్,hate,0.6693430128552157,0.6693430128552157,0.3306569871447843
704,non-hate,severe_noise,"డెవిలలల్ మూవీ కకకూడా BBBlockbuster నీకింకా తప్పదు దిగ్విజయం... నననందమూరి 3 స్టార్స్ జై ఎన్టీఆర్, జై బాలలయ్య, జై రామ్...... జై నందదమూరి",non-hate,0.6952738874839288,0.3047261125160712,0.6952738874839288
705,non-hate,severe_noise,Andharikiii rajamouuuli rgvv inspirationn emo nakuuu meere inspirattion.....words caan do mooore thaaan action....mee laaaga knowlledge gaiiin cheyyali sir nenu,non-hate,0.5407692486552534,0.45923075134474656,0.5407692486552534
706,non-hate,severe_noise,Bagunnnnavu chai andd pallavi,hate,0.5162952757623875,0.5162952757623875,0.4837047242376125
707,hate,severe_noise,కరోనా వచ్చచి జనాల్నని ఒక రకంగా సంపుతుంటే.,hate,0.6838688766146688,0.6838688766146688,0.31613112338533117
708,hate,severe_noise,ఆడు చూసి చచూసి రోజా పక్కన కూర్చచుంటాడేమే అనుకున్నా.,hate,0.7628493204987294,0.7628493204987294,0.23715067950127058
709,non-hate,severe_noise,నువవ్వు మాటట్లాడేది తప్పపు. అనన్న గురించి ఎంతతతైనా చచెప్పుకో వచ్చు కానననీ మోహహన్ బాబు గగగారిని తమ్ముడు అని మాట్లాడడం ఏఏఏమాత్రం కరెక్ట్ కాదు. వాళ్ళళళ కకొడుకులు కూడా సీరియససస్ అయితే ఎంతత పరిస్తితి ఏఏంటీ.,non-hate,0.5196580490958188,0.4803419509041812,0.5196580490958188
710,non-hate,severe_noise,ఇఇఇంత అందంగా ఎఎలా అందదది మమీరు మీలానే మీ ససస్వరం కూడా చచాల అఅందంగా ఉంది,non-hate,0.87450969074685,0.12549030925314997,0.87450969074685
711,non-hate,severe_noise,Powwer star ante moviess aand aacting kadu reall starr oonly,non-hate,0.5376017334861305,0.4623982665138695,0.5376017334861305
712,non-hate,severe_noise,"Inkkko rennndu padithhey, aa migathaa dula kuda theerpodddi Uday Kiiran 2",hate,0.8949051543473192,0.8949051543473192,0.10509484565268075
713,non-hate,severe_noise,అంతతతరించి పోతునన్న ఆరోగ్యావంతమైన హాస్యాన్ని తట్టి లేపిన ససాత్విక్....,non-hate,0.6085849899752808,0.39141501002471923,0.6085849899752808
714,non-hate,severe_noise,ఇటువంటటటి చావు రావాలంటటే ఎంతత పుణ్యం చేసి ఉండాలో మీ ఆత్మకు శశాంతి కలగాలనని కోరుకుంటటున్నాను,non-hate,0.7610216162699569,0.2389783837300431,0.7610216162699569
715,non-hate,severe_noise,బబాలయ్య బబాబు అభిమానిని ఈ సినననిమా పెదద్ద ఇటటు కకకొట్టాలని మనస్పపూర్తిగా కోరుకుంటున్నాను జై బబబాలయ్య జై చిరంజీవ,non-hate,0.6428678055635988,0.3571321944364012,0.6428678055635988
716,hate,severe_noise,tweet:eeenduku kummmail najaini gudda chaall rangaaluo vuntadhi kumail: eenduku mi amma lippstick vunthhadhi,hate,0.8525091961461972,0.8525091961461972,0.14749080385380275
717,non-hate,severe_noise,నువ్వు పడడింది మంచచచి గాఉంది బబబ్రో,hate,0.7754492830460121,0.7754492830460121,0.2245507169539879
718,non-hate,severe_noise,అననన్నా చాలా ఇంప్రూవ్ అయ్యావవ్.... సససూపర్,non-hate,0.7290539969470999,0.27094600305290006,0.7290539969470999
719,hate,severe_noise,E rrroju e liger moovie chusaaa utttar fllop movvvie jeevitham meedha viirakthi puttiipoyindhi,hate,0.8134547546607704,0.8134547546607704,0.18654524533922956
720,non-hate,severe_noise,"తన స్వయం కృషి తో కకష్టపడి, తన నటనతో ప్రేక్షకుల హృదయాల్లో చెరరగని ముద్ర వేససుకున్న మన మెగాస్టార్ చిరరంజీవి",non-hate,0.9569944694479461,0.04300553055205392,0.9569944694479461
721,non-hate,severe_noise,Samantha acting matram ichiipadesindhi thrill chestaaadhi secooond half fanttastic antheee,non-hate,0.5538002900152524,0.44619970998474756,0.5538002900152524
722,non-hate,severe_noise,Harsha aaanna ni kalavaali okkasarainna,non-hate,0.669282737173406,0.33071726282659397,0.669282737173406
723,non-hate,severe_noise,Industrrry లో ఒక్క remarkk కూడా లేననని ఫ్యామిలీ ఏదదైనా ఉందా అంటే అదది OOOne Annd OOOnly Victtory Venky AAnna Gaari Familyy Superb Raana Anna,non-hate,0.6948666192705233,0.3051333807294767,0.6948666192705233
724,non-hate,severe_noise,gorantla madaav issssues sideee chyadanikiii jenaseena ni keelikaru yeppatu laaane,hate,0.7595413749874033,0.7595413749874033,0.24045862501259677
725,hate,severe_noise,Meee Ayya Farmhouuse Unteee MMMee ML Lu Appudainaaa MMMee Ayyani Chusindra Lolly ga,hate,0.5537873133345095,0.5537873133345095,0.4462126866654905
726,hate,severe_noise,వవీడియో తీసిననాను కొట్టాల వవవీన్ని కొట్టాల దానని కకింద వేసి కొటటట్టాల,hate,0.8708858992731364,0.8708858992731364,0.12911410072686355
727,hate,severe_noise,నేననను రోజజూ అనసూయను ఉహహించు కుంటటు కొడుతున్న,hate,0.5453237872560872,0.5453237872560872,0.45467621274391273
728,non-hate,severe_noise,"""నంబి నారరాయణ"" గగగారికి జజరిగిన అన్యాయం చూస్తుంటటటే చాలలా బాధ వేస్తుంది, ""ననంబి నారాయణ"" గారరరి త్యాగానికి మా హృదయపూర్వకకక ""పాదదాభి వందనాలు""",non-hate,0.8117109286828846,0.18828907131711536,0.8117109286828846
729,non-hate,severe_noise,నిజజంగా ఈ లవ్ స్టటోరీ ఏంది భై శీనన్న ఏడిచే సీనన్ సూపపర్,non-hate,0.6178498429228614,0.3821501570771386,0.6178498429228614
730,non-hate,severe_noise,Super tammmudu,non-hate,0.9881103962486609,0.011889603751339073,0.9881103962486609
731,hate,severe_noise,ooowasi bro's nupur raja singh ni pakistan ledha anndaman ko tarmidengali #the people whoo divide indiaaa,hate,0.6196011579122949,0.6196011579122949,0.3803988420877052
732,non-hate,severe_noise,ఇందులలలో ఒఒక్క నిజజం ఉంది... లైఫ్ సాఫీగా జరిగేవాళ్ళు బయట పాడడారు.. ఎందుకు అఅఅంటే వాళ్లకి అఅవకాశాలు ఉననన్నాయి కాబబట్టి..,non-hate,0.5314233163839338,0.4685766836160662,0.5314233163839338
733,non-hate,severe_noise,పోలీసస్ వవేవస్థలో మీలాంటి SP లు ఉఉంటే పోలలీస్ లపపపై గౌరవం పెరుగుతుంది సార్...మీలాంటి SP మా తెలంగాణా లో కూడా రరరావాలి సార్,non-hate,0.7831776855833238,0.2168223144166762,0.7831776855833238
734,non-hate,severe_noise,మీరు ఆ స్థాయిలో ఉఉండి కూడా మీ స్నేహితుని పరిచయం చేయయడం ఆనందకరం,non-hate,0.8299513639366282,0.17004863606337184,0.8299513639366282
735,non-hate,severe_noise,Alaanti gopppollaki ilaannnti goppolle pudatharu..,non-hate,0.5842531330919537,0.4157468669080463,0.5842531330919537
736,non-hate,severe_noise,బాగున్నారు తల్లి కొడుకులు స్టోరరీ,non-hate,0.8215295260253175,0.17847047397468252,0.8215295260253175
737,hate,severe_noise,"ద్రోహం చేసిందది,నిజంగా ఏపపీ ఉసురు బీజేపీకి,మోడీకి తగులలుతుంది.",hate,0.7529540690996257,0.7529540690996257,0.24704593090037436
738,non-hate,severe_noise,చచచాలా యూట్యయూబ్ చానల్లలో మమమీరు చెప్పిన గరికపాటి వారి అభిపపప్రాయం ప్రచారమౌతతున్నది. వాటి కింద కామెంటులను సససినిమా రంగం వారు చదివితే ప్రజాభిప్రాయం తెలుసస్తోంది. ఏఏఏమైనా అనుకోననని అనుకుంటే ఒకకనాడు వవవారి భార్యాపిల్లలపై అదదదే ప్రభావం పడవచ్చచు. చివరగగా బుధధ్ధి చెబుతుందది…,non-hate,0.6520002716815316,0.34799972831846837,0.6520002716815316
739,non-hate,severe_noise,తెలుగగగు రాష్ట్రాలకి మంచి మంచి నాయయకులు దదదొరికారు సినిమాలు వెళ్లనవసరరం లలేదు వాళళ్ళే సినిమా చూపిస్తారు మమమంచి కకాలక్షేపం,non-hate,0.5221293871010965,0.47787061289890354,0.5221293871010965
740,hate,severe_noise,Power Lo unnndi evaruuu ra veddava,non-hate,0.5761357660709666,0.4238642339290334,0.5761357660709666
741,hate,severe_noise,Wassste gaadu ali,hate,0.7276674045109132,0.7276674045109132,0.27233259548908684
742,hate,severe_noise,​pawalagadi gorrelaki avesam thhhappa alochana ledhhhu,hate,0.9233164331191377,0.9233164331191377,0.07668356688086231
743,hate,severe_noise,Mundhuuu RTC Buses lo studentss ennntha ibbandhi paddivelthunnaru chudandiii vallaa hannnging ccconditions youuu hhave to noticce eeverything,hate,0.6748867998717453,0.6748867998717453,0.32511320012825473
744,non-hate,severe_noise,హర్ష..! నీ మమనసులగే... నీ రూపం కకూడా అందంగా ఉఉఉంది......,non-hate,0.8551596863304367,0.1448403136695633,0.8551596863304367
745,hate,severe_noise,Pila nibbbha star vijgay overkonda guddakondaaa,hate,0.7911232332174756,0.7911232332174756,0.20887676678252437
746,non-hate,severe_noise,EEEde pooindi kaaaadu maanaki,hate,0.6828172202220456,0.6828172202220456,0.3171827797779544
747,hate,severe_noise,ఆపు రా డ్రామమా రావు అన్ని సొల్లు కబుర్లలు,hate,0.6529083266769612,0.6529083266769612,0.3470916733230388
748,non-hate,severe_noise,చాలా బాగా చెప్పారరరు అన్న.. మొదదటి ఉదాహహహరణ వుంది అది మాత్రం.... మామూలలుగా లేదదదు... సూపర్ అసలు,non-hate,0.6959966140095797,0.3040033859904203,0.6959966140095797
749,hate,severe_noise,Hero lu remuneration taggisssthe ddil rraju rates penchhi collecctions mootham mingesthadanta….funny felloww,non-hate,0.5367021405347848,0.4632978594652152,0.5367021405347848
750,hate,severe_noise,​Appp state nu sarwwa nasanam cchesaru,hate,0.5275755773249602,0.5275755773249602,0.47242442267503976
751,non-hate,severe_noise,Logicaally what u said is exactly right.. Appreciated the way yooou explained thhe concepts of governmentt and other wayy of rulinggg.. Goood.. Keeeep it up dear..,non-hate,0.8426205334236087,0.15737946657639135,0.8426205334236087
752,non-hate,severe_noise,"రరైతు బందదద్ వల్ల ఎవరరరికీ లాభంరా నాయన, ఎవరికీ ఏఏఏకువా భభూమి ఉంటే వాడికే ఏకకువ లాభభం, నువ్వవవు నీ బ్రోకర్ జరర్నలిజం",hate,0.516993912879067,0.516993912879067,0.48300608712093296
753,hate,severe_noise,Arrey drama rao apppura Ne sooollu,hate,0.5119655554092637,0.5119655554092637,0.48803444459073625
754,hate,severe_noise,వేణు స్వామీ మీ మమమాటలు అన్నననీ అబబబద్దం.,hate,0.7488991341536666,0.7488991341536666,0.25110086584633334
755,non-hate,severe_noise,ఏం అఅదృష్టం స్వామి అన్నన నే ఫఫఫోన్ touch చేసిందది.. లక్కీ,non-hate,0.5955344034024861,0.4044655965975139,0.5955344034024861
756,non-hate,severe_noise,చిరుతతత looks adhhurs,hate,0.7241409753748095,0.7241409753748095,0.2758590246251905
757,hate,severe_noise,Madhi sssommu ea kaadha vochesthadhi,hate,0.6389873247592966,0.6389873247592966,0.36101267524070335
758,non-hate,severe_noise,అనిల్ కుమార్ గగారిది తతతప్పలేదు కానీ ఇలాంటి సమస్యయలు కూడా రాష్ట్రంలో ఉన్నాయి అని బాగా తతతెలియజేసారు.,non-hate,0.5312571795069592,0.46874282049304083,0.5312571795069592
759,hate,severe_noise,Sorryy to say but chinnna events ki velthe ilaney jarrrugutundi..,hate,0.5084131156055751,0.5084131156055751,0.49158688439442494
760,hate,severe_noise,తెలివైన మూర్ఖఖఖుడు... RRGV,hate,0.6243462457319662,0.6243462457319662,0.37565375426803377
761,hate,severe_noise,"రోజజా ఆంటీ కి బాగగా తెలుసు జలలగ మొన రెడ్డడి కి వెంట్రుకలు ఎకక్కడ, ఎక్కడ ఉన్నాయో",hate,0.7338299821640777,0.7338299821640777,0.2661700178359223
762,hate,severe_noise,kkaran joohar asssla moddda levadu annta anduukey ammmaila mataladuthaane vunatru,hate,0.828562866768698,0.828562866768698,0.17143713323130205
763,non-hate,severe_noise,​yuddham vadhu pleease foor lokkkham lo shannnthi vunchadhhhi,hate,0.8141678319563881,0.8141678319563881,0.18583216804361186
764,non-hate,severe_noise,Niiku cccheppada kohili one day adannnu ani,hate,0.7472256054724431,0.7472256054724431,0.25277439452755696
765,non-hate,severe_noise,KCCR ni cchusi Vallabbhai ppatel anukunnademmmo.,hate,0.6469638033147246,0.6469638033147246,0.3530361966852754
766,non-hate,severe_noise,great raa baaabu movieees looki vellipoyyyava ra bbaabu,hate,0.6593545737346813,0.6593545737346813,0.34064542626531863
767,non-hate,severe_noise,Telugu tamil industry la ki bbreak dddance nerpindhe prabhudeva..meru evergggreen dancer sirr,non-hate,0.5408639744299255,0.4591360255700745,0.5408639744299255
768,hate,severe_noise,Pooora kukka,hate,0.9287260466597121,0.9287260466597121,0.07127395334028787
769,hate,severe_noise,Nvvvu first e chhannel dhenni koosam pettinav kcr kosama peooples ki emaina prayojannam vundhara eentha ssepu kcr sankaaa nakuthunnnnav,hate,0.669233181660885,0.669233181660885,0.3307668183391151
770,hate,severe_noise,narottam mishra peeeddha lannnga rrram setu movie ban cheyamantaru denikkki movie peeru lo ram vundhi ani,hate,0.7718467352661411,0.7718467352661411,0.2281532647338589
771,non-hate,severe_noise,హమ్మయ్య.. ఇప్పటికి ఒక మంచి వీడియో చేశావు తల్లి,non-hate,0.801480228096867,0.19851977190313297,0.801480228096867
772,hate,severe_noise,ఇలాంటివవి చేస్తేనే మమీకు 2019 లో బొక్కక పడింది.,hate,0.7321294911641167,0.7321294911641167,0.2678705088358833
773,non-hate,severe_noise,Ram enntra babu intha andamga undddau super,non-hate,0.6476996256673762,0.35230037433262384,0.6476996256673762
774,non-hate,severe_noise,కంట్లో దురద పెట్టింది కాబట్టి ససరిపోయింది,hate,0.8244326711781966,0.8244326711781966,0.17556732882180337
775,hate,severe_noise,ఏక్కడకి పపపోయండి ఈ మహిళా కమిషన్,hate,0.6019122109515003,0.6019122109515003,0.39808778904849973
776,non-hate,severe_noise,నువ్వు కాదదయ్యా హీరరరో నీ యననకాల ఉంది చూడడు పులి సోను సూదద్ సార్,hate,0.6385766618599441,0.6385766618599441,0.3614233381400559
777,hate,severe_noise,jagann gaaabbu gadu ccbn pettina manchi padakaaalu ni tolagichiii auuto vallla ki 10000rs esthunnaru,hate,0.8487271600130398,0.8487271600130398,0.1512728399869602
778,hate,severe_noise,Desaani dochokotaaniki eeyanaki emi takkuvayindita,hate,0.6560015292292757,0.6560015292292757,0.3439984707707243
779,hate,severe_noise,​a bbayam unte viiillu ppparipala tinnaga chheste sari ponuu,hate,0.7134219195177807,0.7134219195177807,0.28657808048221933
780,hate,severe_noise,Teelugu iindustry na moddaaa kudavandi ra,hate,0.5762003553351371,0.5762003553351371,0.42379964466486286
781,non-hate,severe_noise,Sisteeer...Nelanti vaalluu thaluchukuntey condecterley kaadhu collectorlu avthaaru...kalaakarulavtharu....neku ssuport chestunna ne fammmily ki..A P S R T C ki ne tharupuna Thanks cheptunna,hate,0.6665838198609051,0.6665838198609051,0.3334161801390949
782,non-hate,severe_noise,Nenuuu aite Jabaaardast sshow chhudadam manesanu TV 5 ABBN channels lo debates vchinaka,non-hate,0.5177855198320268,0.4822144801679732,0.5177855198320268
783,non-hate,severe_noise,MMMahesh smileee ...pureee ssoul,non-hate,0.754156954396112,0.24584304560388803,0.754156954396112
784,non-hate,severe_noise,Madamm meeeru good questions aduguthuunnaru,non-hate,0.5934988564032025,0.40650114359679745,0.5934988564032025
785,hate,severe_noise,𝙋𝙋𝙪𝙠𝙪 𝙙𝙖𝙣𝙜𝙞𝙩𝙝𝙝𝙖,hate,0.9129111281158923,0.9129111281158923,0.08708887188410779
786,non-hate,severe_noise,మీరు మాకు దూరం అవ్వడడం మా దురదృష్టం,non-hate,0.647114098020841,0.35288590197915903,0.647114098020841
787,hate,severe_noise,Ammma ppai joke enty raaa..... Avulaggallraa,hate,0.7135387965760283,0.7135387965760283,0.2864612034239718
788,non-hate,severe_noise,తానను ఇంతతకు ముందదదే చెప్పాడు ననేను ఇఇఇలా viddeos చేయడానికకి కారరరణం అందదరూ iinspire అవ్వాలి అని,non-hate,0.5610611725267168,0.43893882747328317,0.5610611725267168
789,hate,severe_noise,Chiii yentra mmakikarma,hate,0.5681910312200076,0.5681910312200076,0.4318089687799924
790,non-hate,severe_noise,తమ్ముడు నువ్వు సూపర్ నననిజాన్ని ఈలాగగే నిర్బయంగా చెప్పు ఎవ్వనికి భయపపడకు,hate,0.5822124167470475,0.5822124167470475,0.41778758325295245
791,non-hate,severe_noise,"RK గారు మమీకు, మీ టీం కి దన్యవాదదదాలు, సుతతతి మెత్తగా ప్రశ్నలలు వవర్ణించారు అహంకారరికి ...అఅఅహంకారం కాస్త తగ్గినట్లు అనిపిసస్తొంది",non-hate,0.6556864872805338,0.3443135127194662,0.6556864872805338
792,hate,severe_noise,Mundhhu veeni inteeerview ccchesthunna channel vallanii thannali,hate,0.6467465030647966,0.6467465030647966,0.35325349693520336
793,non-hate,severe_noise,గ్రేట్ పర్ఫామెన్స్ సిస్ కక్రింది టైలల్స్ స్లలిప్ అవుతుననన్న బలన్స్ చచేసుకొని పెర్ఫెక్ట్ గా డానన్స్ వేసససావ్ సూపరర్,non-hate,0.601900491375275,0.398099508624725,0.601900491375275
794,hate,severe_noise,errii ppuk moody valla sssrh playoffs ki pooole,hate,0.8050092618700883,0.8050092618700883,0.19499073812991177
795,non-hate,severe_noise,త్వరలోనననే పపపవన్ కళ్యాణ్ గగగారు ముఖ్యమంత్రి కాబోతున్నారు,non-hate,0.7024734050858218,0.2975265949141782,0.7024734050858218
796,non-hate,severe_noise,Best లీడరరర్ andd bbbest పోలీస్.ప్రవీణ్ కుమార్ సరర్,non-hate,0.7027374616959209,0.2972625383040791,0.7027374616959209
797,non-hate,severe_noise,Comments chadivi masthhu enjooy ccchesthunna nenaiithe,hate,0.7375462725753283,0.7375462725753283,0.26245372742467166
798,non-hate,severe_noise,ఆ వవైట్ డ్రెస్ లో చూస్తుంటటటే విజయవాడ పెద్దపులి వంగవవవీటి మమోహన్ రరంగా ను చూసినట్టుంది అనన్న,hate,0.5707152043747243,0.5707152043747243,0.42928479562527566
799,hate,severe_noise,Tttr dongggal trrrs paata leeaders,hate,0.8574280088727888,0.8574280088727888,0.14257199112721117
